{"type":"FeatureCollection","features":[{"type":"Feature","id":"341a1b0b-5616-4d0f-aadd-a64a9d7f9f87","geometry":{"type":"MultiPolygon","coordinates":[[[[4736, 10688],[4800, 10688],[4800, 10752],[4864, 10752],[4864, 10816],[4992, 10816],[4992, 10880],[5056, 10880],[5056, 10944],[5120, 10944],[5120, 11008],[5184, 11008],[5184, 11072],[5248, 11072],[5248, 11136],[5312, 11136],[5312, 11200],[5440, 11200],[5440, 11264],[5504, 11264],[5504, 11328],[5632, 11328],[5632, 11392],[5760, 11392],[5760, 11456],[5824, 11456],[5824, 11520],[5888, 11520],[5888, 11584],[5952, 11584],[5952, 11648],[6016, 11648],[6016, 11712],[6208, 11712],[6208, 11776],[6336, 11776],[6336, 11840],[6400, 11840],[6400, 11904],[6336, 11904],[6336, 12032],[6528, 12032],[6528, 12096],[6720, 12096],[6720, 12160],[6848, 12160],[6848, 12224],[7104, 12224],[7104, 12288],[7296, 12288],[7296, 12352],[7360, 12352],[7360, 12416],[7488, 12416],[7488, 12480],[7616, 12480],[7616, 12544],[7680, 12544],[7680, 12608],[7744, 12608],[7744, 12672],[7872, 12672],[7872, 12736],[8192, 12736],[8192, 12800],[8320, 12800],[8320, 12864],[8384, 12864],[8384, 12928],[8512, 12928],[8512, 12992],[8576, 12992],[8576, 13056],[8640, 13056],[8640, 13120],[8704, 13120],[8704, 13184],[8768, 13184],[8768, 13248],[8832, 13248],[8832, 13312],[8896, 13312],[8896, 13376],[8960, 13376],[8960, 13440],[9024, 13440],[9024, 13504],[9088, 13504],[9088, 13568],[9152, 13568],[9152, 13632],[9216, 13632],[9216, 13696],[9344, 13696],[9344, 13760],[9408, 13760],[9408, 13824],[9472, 13824],[9472, 13888],[9600, 13888],[9600, 13952],[9664, 13952],[9664, 14016],[9728, 14016],[9728, 14080],[9792, 14080],[9792, 14144],[9920, 14144],[9920, 14208],[10048, 14208],[10048, 14272],[10112, 14272],[10112, 14400],[10176, 14400],[10176, 14464],[10240, 14464],[10240, 14592],[10368, 14592],[10368, 14656],[10496, 14656],[10496, 14720],[10688, 14720],[10688, 14848],[10880, 14848],[10880, 14912],[11008, 14912],[11008, 14976],[11072, 14976],[11072, 15040],[11136, 15040],[11136, 15104],[11264, 15104],[11264, 15168],[11328, 15168],[11328, 15232],[11456, 15232],[11456, 15296],[11520, 15296],[11520, 15360],[11648, 15360],[11648, 15424],[11776, 15424],[11776, 15488],[11904, 15488],[11904, 15552],[12160, 15552],[12160, 15616],[12416, 15616],[12416, 15552],[13248, 15552],[13248, 15488],[14272, 15488],[14272, 15552],[15104, 15552],[15104, 15616],[15424, 15616],[15424, 15680],[15744, 15680],[15744, 15616],[15872, 15616],[15872, 15552],[16000, 15552],[16000, 15488],[16128, 15488],[16128, 15424],[16320, 15424],[16320, 15360],[16384, 15360],[16384, 15296],[16512, 15296],[16512, 15232],[16576, 15232],[16576, 15168],[16704, 15168],[16704, 15104],[16832, 15104],[16832, 14976],[16896, 14976],[16896, 14912],[17024, 14912],[17024, 14848],[17152, 14848],[17152, 14784],[17216, 14784],[17216, 14720],[17344, 14720],[17344, 14656],[17408, 14656],[17408, 14592],[17472, 14592],[17472, 14528],[17600, 14528],[17600, 14464],[17728, 14464],[17728, 14400],[17856, 14400],[17856, 14336],[17984, 14336],[17984, 14272],[18176, 14272],[18176, 14208],[18304, 14208],[18304, 14144],[18368, 14144],[18368, 14080],[18560, 14080],[18560, 14016],[18816, 14016],[18816, 13952],[18944, 13952],[18944, 14016],[19072, 14016],[19072, 14080],[19136, 14080],[19136, 14144],[19200, 14144],[19200, 14208],[19264, 14208],[19264, 14272],[19392, 14272],[19392, 14336],[19456, 14336],[19456, 14464],[19520, 14464],[19520, 14528],[19584, 14528],[19584, 14656],[19648, 14656],[19648, 14720],[19684, 14720],[19684, 14719],[19667, 14677],[19663, 14667],[19655, 14650],[19644, 14623],[19632, 14589],[19624, 14567],[19624, 14566],[19610, 14537],[19601, 14517],[19592, 14496],[19589, 14489],[19580, 14469],[19563, 14424],[19559, 14413],[19551, 14397],[19544, 14383],[19533, 14356],[19530, 14348],[19499, 14285],[19491, 14265],[19490, 14264],[19472, 14234],[19460, 14213],[19450, 14193],[19444, 14181],[19429, 14146],[19413, 14112],[19409, 14102],[19401, 14082],[19390, 14056],[19386, 14043],[19374, 14007],[19367, 13980],[19364, 13966],[19362, 13956],[19361, 13952],[19356, 13924],[19353, 13895],[19352, 13874],[19352, 13748],[19353, 13727],[19356, 13698],[19361, 13670],[19366, 13653],[19367, 13648],[19372, 13625],[19377, 13610],[19386, 13582],[19391, 13568],[19403, 13538],[19410, 13523],[19435, 13473],[19459, 13435],[19478, 13412],[19491, 13398],[19509, 13380],[19509, 13379],[19512, 13360],[19516, 13343],[19520, 13326],[19525, 13309],[19523, 13293],[19520, 13265],[19519, 13244],[19519, 13203],[19522, 13170],[19525, 13152],[19528, 13138],[19533, 13115],[19536, 13107],[19540, 13088],[19545, 13072],[19557, 13032],[19560, 13022],[19578, 12971],[19584, 12956],[19595, 12929],[19608, 12903],[19610, 12898],[19604, 12893],[19599, 12888],[19593, 12883],[19581, 12873],[19571, 12864],[19563, 12857],[19551, 12845],[19541, 12834],[19529, 12820],[19518, 12806],[19515, 12803],[19497, 12785],[19484, 12771],[19465, 12748],[19441, 12710],[19428, 12684],[19417, 12657],[19410, 12637],[19401, 12609],[19394, 12581],[19388, 12545],[19386, 12533],[19383, 12504],[19383, 12491],[19381, 12475],[19377, 12455],[19374, 12437],[19373, 12420],[19365, 12415],[19347, 12403],[19340, 12398],[19314, 12385],[19293, 12373],[19285, 12368],[19284, 12367],[19260, 12353],[19256, 12350],[19242, 12343],[19229, 12336],[19199, 12318],[19155, 12289],[19149, 12285],[19143, 12282],[19116, 12265],[19106, 12257],[19102, 12255],[19077, 12238],[19070, 12233],[19059, 12225],[19053, 12222],[19018, 12199],[18995, 12180],[18984, 12169],[18972, 12163],[18934, 12139],[18920, 12127],[18920, 12213],[18919, 12234],[18916, 12263],[18907, 12303],[18898, 12331],[18886, 12360],[18867, 12398],[18855, 12419],[18843, 12437],[18831, 12454],[18812, 12477],[18799, 12491],[18793, 12497],[18779, 12510],[18765, 12521],[18761, 12526],[18749, 12540],[18739, 12551],[18733, 12557],[18722, 12567],[18714, 12573],[18706, 12583],[18697, 12593],[18679, 12611],[18676, 12613],[18673, 12618],[18665, 12627],[18649, 12646],[18638, 12659],[18620, 12677],[18607, 12689],[18573, 12717],[18572, 12718],[18552, 12737],[18530, 12755],[18527, 12764],[18521, 12781],[18520, 12785],[18519, 12788],[18512, 12819],[18503, 12847],[18498, 12861],[18495, 12868],[18492, 12885],[18487, 12902],[18486, 12907],[18481, 12930],[18476, 12945],[18467, 12973],[18455, 13002],[18450, 13013],[18448, 13019],[18437, 13044],[18403, 13112],[18418, 13129],[18430, 13146],[18447, 13172],[18465, 13202],[18469, 13209],[18478, 13219],[18502, 13257],[18527, 13307],[18535, 13324],[18542, 13343],[18563, 13385],[18575, 13414],[18584, 13442],[18588, 13454],[18592, 13473],[18595, 13481],[18599, 13495],[18607, 13530],[18611, 13554],[18614, 13583],[18615, 13604],[18615, 13622],[18614, 13643],[18611, 13672],[18602, 13712],[18593, 13740],[18586, 13760],[18575, 13787],[18544, 13849],[18520, 13887],[18501, 13910],[18474, 13937],[18451, 13956],[18434, 13968],[18390, 13997],[18360, 14015],[18347, 14022],[18309, 14041],[18282, 14052],[18262, 14059],[18234, 14068],[18212, 14074],[18187, 14079],[18168, 14084],[18142, 14088],[18137, 14089],[18118, 14095],[18090, 14104],[18078, 14108],[18054, 14114],[18027, 14118],[17973, 14124],[17943, 14128],[17922, 14129],[17877, 14129],[17876, 14129],[17840, 14135],[17828, 14137],[17799, 14140],[17778, 14141],[17688, 14141],[17677, 14140],[17658, 14139],[17630, 14136],[17617, 14133],[17602, 14132],[17584, 14129],[17570, 14126],[17536, 14117],[17504, 14105],[17490, 14100],[17478, 14096],[17450, 14085],[17435, 14079],[17388, 14060],[17358, 14048],[17346, 14043],[17267, 14005],[17253, 13998],[17234, 13987],[17224, 13980],[17206, 13968],[17200, 13964],[17197, 13963],[17173, 13950],[17149, 13936],[17146, 13934],[17105, 13914],[17104, 13916],[17098, 13923],[17095, 13926],[17083, 13941],[17070, 13956],[17061, 13966],[17011, 14015],[17010, 14017],[17007, 14022],[17001, 14050],[16995, 14072],[16986, 14100],[16973, 14138],[16962, 14165],[16949, 14191],[16925, 14229],[16906, 14252],[16893, 14266],[16875, 14284],[16864, 14294],[16859, 14298],[16855, 14303],[16835, 14323],[16820, 14336],[16805, 14348],[16797, 14354],[16790, 14360],[16773, 14373],[16771, 14375],[16765, 14381],[16742, 14400],[16721, 14415],[16702, 14427],[16698, 14430],[16674, 14448],[16665, 14454],[16664, 14455],[16655, 14462],[16654, 14462],[16635, 14482],[16621, 14495],[16598, 14514],[16595, 14516],[16557, 14554],[16543, 14567],[16520, 14586],[16517, 14588],[16509, 14596],[16495, 14608],[16447, 14648],[16430, 14661],[16406, 14677],[16380, 14692],[16373, 14695],[16368, 14699],[16359, 14705],[16328, 14726],[16308, 14741],[16299, 14747],[16281, 14759],[16260, 14771],[16234, 14784],[16219, 14791],[16173, 14810],[16171, 14810],[16170, 14811],[16146, 14825],[16120, 14838],[16104, 14845],[16086, 14855],[16060, 14868],[16045, 14875],[15975, 14903],[15963, 14907],[15945, 14913],[15936, 14916],[15925, 14919],[15917, 14922],[15889, 14931],[15860, 14940],[15847, 14943],[15839, 14946],[15811, 14955],[15798, 14959],[15782, 14965],[15758, 14980],[15728, 14998],[15715, 15005],[15665, 15030],[15650, 15037],[15635, 15043],[15609, 15056],[15599, 15060],[15570, 15072],[15542, 15081],[15523, 15086],[15520, 15087],[15510, 15090],[15482, 15099],[15470, 15103],[15451, 15107],[15437, 15111],[15408, 15119],[15405, 15120],[15392, 15125],[15372, 15132],[15344, 15141],[15332, 15145],[15308, 15151],[15298, 15153],[15285, 15158],[15259, 15167],[15237, 15172],[15227, 15175],[15205, 15184],[15177, 15193],[15155, 15199],[15151, 15200],[15147, 15202],[15128, 15209],[15108, 15216],[15080, 15225],[15058, 15231],[15028, 15237],[15010, 15240],[14981, 15243],[14960, 15244],[14953, 15244],[14944, 15246],[14915, 15249],[14894, 15250],[14893, 15250],[14884, 15252],[14855, 15255],[14834, 15256],[14636, 15256],[14615, 15255],[14612, 15254],[14609, 15255],[14588, 15256],[14431, 15256],[14422, 15258],[14393, 15261],[14380, 15262],[14368, 15262],[14350, 15265],[14317, 15268],[14240, 15268],[14219, 15267],[14190, 15264],[14181, 15262],[14175, 15262],[14154, 15261],[14125, 15258],[14097, 15253],[14076, 15247],[14059, 15246],[14047, 15244],[14011, 15238],[13995, 15235],[13991, 15234],[13981, 15232],[13976, 15231],[13951, 15229],[13933, 15226],[13921, 15224],[13898, 15220],[13881, 15217],[13862, 15212],[13837, 15207],[13815, 15201],[13787, 15192],[13767, 15185],[13756, 15182],[13733, 15174],[13695, 15161],[13679, 15155],[13640, 15139],[13632, 15136],[13609, 15127],[13599, 15122],[13593, 15121],[13563, 15111],[13535, 15102],[13522, 15098],[13499, 15090],[13491, 15087],[13470, 15081],[13453, 15076],[13421, 15064],[13407, 15059],[13391, 15053],[13349, 15035],[13338, 15030],[13312, 15017],[13299, 15010],[13275, 14996],[13270, 14993],[13232, 14969],[13209, 14950],[13195, 14937],[13171, 14913],[13158, 14899],[13139, 14876],[13137, 14873],[13102, 14855],[13064, 14831],[13061, 14828],[13028, 14807],[13005, 14788],[12991, 14775],[12961, 14745],[12948, 14731],[12929, 14708],[12913, 14683],[12898, 14675],[12860, 14651],[12837, 14632],[12810, 14605],[12791, 14582],[12777, 14562],[12776, 14560],[12759, 14535],[12754, 14526],[12741, 14511],[12731, 14499],[12727, 14494],[12717, 14483],[12705, 14469],[12692, 14452],[12683, 14440],[12647, 14386],[12640, 14375],[12631, 14360],[12625, 14355],[12608, 14342],[12594, 14330],[12583, 14320],[12559, 14296],[12546, 14282],[12521, 14251],[12503, 14227],[12485, 14197],[12472, 14171],[12468, 14162],[12452, 14146],[12450, 14144],[12431, 14130],[12411, 14114],[12397, 14102],[12386, 14092],[12374, 14080],[12361, 14066],[12342, 14043],[12325, 14018],[12307, 13988],[12303, 13981],[12284, 13958],[12264, 13935],[12250, 13913],[12239, 13900],[12225, 13890],[12202, 13871],[12188, 13858],[12183, 13853],[12176, 13848],[12167, 13842],[12143, 13824],[12137, 13819],[12117, 13806],[12094, 13787],[12080, 13774],[12068, 13762],[12055, 13748],[12036, 13725],[12012, 13687],[11995, 13655],[11993, 13649],[11986, 13637],[11978, 13620],[11974, 13610],[11969, 13598],[11967, 13593],[11965, 13589],[11952, 13564],[11952, 13563],[11943, 13550],[11928, 13525],[11909, 13487],[11902, 13472],[11881, 13419],[11879, 13417],[11874, 13414],[11854, 13415],[11848, 13415],[11827, 13414],[11798, 13411],[11770, 13406],[11753, 13401],[11750, 13401],[11727, 13397],[11698, 13390],[11670, 13381],[11641, 13369],[11615, 13356],[11577, 13332],[11554, 13313],[11540, 13300],[11516, 13276],[11503, 13262],[11484, 13239],[11460, 13201],[11447, 13175],[11436, 13149],[11426, 13139],[11413, 13125],[11394, 13102],[11377, 13077],[11361, 13051],[11352, 13037],[11340, 13016],[11327, 12990],[11320, 12975],[11314, 12960],[11298, 12973],[11265, 12995],[11237, 13010],[11213, 13022],[11198, 13031],[11185, 13039],[11172, 13047],[11167, 13050],[11161, 13054],[11136, 13071],[11135, 13071],[11121, 13083],[11118, 13085],[11108, 13096],[11104, 13100],[11093, 13114],[11081, 13128],[11071, 13139],[11059, 13151],[11045, 13164],[11022, 13183],[11011, 13191],[11004, 13197],[10987, 13210],[10962, 13227],[10946, 13236],[10919, 13250],[10900, 13258],[10880, 13268],[10851, 13280],[10823, 13289],[10801, 13295],[10771, 13301],[10753, 13304],[10724, 13307],[10703, 13308],[10535, 13308],[10514, 13307],[10485, 13304],[10473, 13302],[10437, 13296],[10418, 13292],[10404, 13289],[10399, 13289],[10387, 13288],[10366, 13285],[10350, 13283],[10337, 13282],[10309, 13279],[10299, 13277],[10284, 13273],[10276, 13271],[10265, 13272],[10259, 13272],[10238, 13271],[10209, 13268],[10169, 13259],[10141, 13250],[10112, 13238],[10086, 13225],[10061, 13210],[10034, 13191],[10021, 13181],[10015, 13176],[10001, 13164],[9986, 13149],[9983, 13145],[9966, 13135],[9942, 13117],[9933, 13110],[9930, 13108],[9894, 13091],[9869, 13078],[9857, 13071],[9845, 13065],[9836, 13059],[9831, 13056],[9810, 13045],[9783, 13029],[9782, 13028],[9780, 13027],[9753, 13016],[9727, 13003],[9689, 12979],[9666, 12960],[9652, 12947],[9634, 12929],[9621, 12915],[9602, 12892],[9578, 12854],[9551, 12800],[9545, 12788],[9533, 12759],[9526, 12745],[9522, 12735],[9521, 12734],[9515, 12725],[9498, 12700],[9492, 12690],[9486, 12681],[9476, 12662],[9463, 12636],[9456, 12621],[9447, 12598],[9445, 12594],[9438, 12579],[9430, 12559],[9419, 12532],[9407, 12502],[9405, 12496],[9397, 12480],[9388, 12459],[9377, 12429],[9366, 12407],[9343, 12360],[9333, 12338],[9323, 12310],[9322, 12309],[9308, 12284],[9295, 12258],[9288, 12243],[9283, 12230],[9281, 12226],[9274, 12212],[9263, 12185],[9256, 12162],[9248, 12133],[9241, 12101],[9238, 12072],[9237, 12051],[9237, 12041],[9236, 12020],[9233, 12005],[9231, 11993],[9228, 11975],[9226, 11955],[9225, 11952],[9209, 11921],[9207, 11919],[9188, 11896],[9174, 11876],[9170, 11871],[9162, 11862],[9150, 11848],[9137, 11831],[9131, 11825],[9124, 11818],[9123, 11817],[9118, 11813],[9100, 11799],[9081, 11783],[9077, 11779],[9070, 11774],[9053, 11762],[9030, 11743],[9018, 11733],[9013, 11729],[9012, 11729],[8999, 11722],[8990, 11718],[8973, 11710],[8958, 11702],[8956, 11701],[8935, 11690],[8897, 11666],[8874, 11647],[8860, 11634],[8836, 11610],[8823, 11596],[8804, 11573],[8796, 11562],[8790, 11555],[8777, 11538],[8760, 11513],[8757, 11508],[8753, 11502],[8740, 11483],[8728, 11469],[8710, 11445],[8703, 11435],[8690, 11415],[8665, 11402],[8627, 11378],[8604, 11359],[8577, 11332],[8558, 11309],[8556, 11306],[8554, 11304],[8541, 11290],[8522, 11267],[8500, 11234],[8485, 11206],[8477, 11189],[8470, 11175],[8459, 11148],[8448, 11108],[8445, 11094],[8442, 11076],[8439, 11043],[8439, 11008],[8440, 10987],[8443, 10958],[8446, 10940],[8452, 10910],[8458, 10888],[8467, 10860],[8479, 10831],[8492, 10805],[8516, 10767],[8535, 10744],[8562, 10717],[8585, 10698],[8623, 10674],[8655, 10658],[8667, 10651],[8687, 10641],[8701, 10634],[8728, 10623],[8768, 10612],[8780, 10607],[8808, 10598],[8847, 10590],[8875, 10587],[8884, 10583],[8900, 10577],[8928, 10568],[8968, 10559],[8997, 10556],[9018, 10555],[9072, 10555],[9093, 10556],[9122, 10559],[9162, 10568],[9190, 10577],[9212, 10585],[9234, 10595],[9261, 10609],[9273, 10616],[9281, 10620],[9319, 10644],[9342, 10663],[9356, 10676],[9368, 10688],[9381, 10702],[9400, 10725],[9412, 10742],[9424, 10760],[9436, 10781],[9452, 10813],[9459, 10825],[9469, 10845],[9476, 10859],[9487, 10886],[9491, 10899],[9497, 10917],[9501, 10927],[9505, 10939],[9513, 10940],[9536, 10942],[9554, 10945],[9566, 10947],[9573, 10946],[9594, 10945],[9684, 10945],[9695, 10946],[9714, 10947],[9742, 10950],[9752, 10952],[9760, 10954],[9778, 10956],[9794, 10959],[9795, 10960],[9812, 10961],[9824, 10963],[9852, 10963],[9863, 10964],[9882, 10965],[9910, 10968],[9921, 10971],[9924, 10971],[9952, 10974],[9959, 10976],[9992, 10981],[10020, 10988],[10048, 10997],[10070, 11005],[10087, 11013],[10095, 11015],[10123, 11023],[10131, 11026],[10140, 11027],[10151, 11029],[10169, 11033],[10197, 11039],[10207, 11041],[10214, 11043],[10239, 11046],[10255, 11049],[10256, 11050],[10273, 11051],[10282, 11053],[10289, 11053],[10310, 11054],[10339, 11057],[10351, 11059],[10379, 11064],[10407, 11066],[10441, 11069],[10450, 11071],[10463, 11059],[10486, 11040],[10524, 11016],[10562, 10997],[10591, 10985],[10619, 10976],[10652, 10968],[10694, 10962],[10730, 10958],[10751, 10957],[10769, 10957],[10790, 10958],[10819, 10961],[10828, 10963],[10853, 10963],[10874, 10964],[10903, 10967],[10943, 10976],[10960, 10981],[10969, 10981],[10988, 10982],[11017, 10985],[11057, 10994],[11085, 11003],[11105, 11010],[11129, 11019],[11175, 11041],[11216, 11062],[11234, 11072],[11259, 11088],[11276, 11100],[11306, 11124],[11317, 11133],[11328, 11143],[11343, 11157],[11363, 11173],[11363, 11168],[11372, 11128],[11380, 11103],[11385, 11084],[11386, 11082],[11397, 11043],[11407, 11019],[11410, 11009],[11411, 10994],[11420, 10954],[11429, 10926],[11438, 10900],[11449, 10870],[11455, 10855],[11480, 10801],[11496, 10769],[11509, 10748],[11509, 10683],[11506, 10668],[11503, 10635],[11503, 10481],[11506, 10448],[11509, 10430],[11509, 10428],[11509, 10409],[11512, 10376],[11515, 10358],[11516, 10353],[11518, 10328],[11521, 10310],[11522, 10306],[11522, 10304],[11524, 10286],[11527, 10268],[11529, 10256],[11534, 10227],[11537, 10210],[11540, 10182],[11541, 10164],[11544, 10142],[11545, 10134],[11545, 10013],[11546, 9992],[11549, 9963],[11551, 9950],[11551, 9948],[11548, 9931],[11545, 9898],[11545, 9896],[11545, 9894],[11544, 9890],[11540, 9877],[11537, 9868],[11532, 9850],[11528, 9835],[11526, 9825],[11521, 9811],[11512, 9780],[11506, 9750],[11503, 9733],[11501, 9723],[11500, 9719],[11496, 9695],[11490, 9650],[11487, 9631],[11485, 9619],[11480, 9586],[11478, 9579],[11475, 9551],[11474, 9538],[11473, 9528],[11467, 9499],[11461, 9463],[11457, 9435],[11455, 9408],[11452, 9357],[11450, 9333],[11449, 9317],[11449, 9294],[11452, 9261],[11455, 9243],[11457, 9235],[11457, 9234],[11459, 9207],[11468, 9167],[11477, 9139],[11480, 9129],[11482, 9121],[11487, 9098],[11488, 9097],[11491, 9076],[11494, 9059],[11495, 9055],[11497, 9045],[11501, 9026],[11505, 9007],[11509, 8989],[11520, 8953],[11528, 8931],[11532, 8919],[11534, 8913],[11544, 8879],[11550, 8859],[11548, 8845],[11546, 8822],[11546, 8819],[11543, 8808],[11539, 8786],[11536, 8768],[11534, 8738],[11533, 8731],[11532, 8728],[11529, 8700],[11528, 8681],[11527, 8670],[11527, 8622],[11528, 8601],[11531, 8572],[11535, 8548],[11536, 8547],[11537, 8530],[11546, 8490],[11555, 8462],[11562, 8442],[11568, 8426],[11586, 8384],[11591, 8373],[11594, 8366],[11586, 8346],[11574, 8310],[11564, 8280],[11557, 8252],[11552, 8224],[11548, 8208],[11544, 8187],[11540, 8160],[11539, 8157],[11531, 8128],[11531, 8127],[11520, 8100],[11513, 8080],[11512, 8078],[11510, 8074],[11501, 8058],[11489, 8033],[11482, 8015],[11474, 7988],[11470, 7971],[11466, 7954],[11463, 7935],[11462, 7925],[11461, 7905],[11461, 7887],[11462, 7867],[11463, 7857],[11466, 7838],[11470, 7821],[11474, 7804],[11482, 7777],[11489, 7759],[11501, 7734],[11509, 7719],[11509, 7692],[11510, 7671],[11513, 7642],[11522, 7602],[11530, 7577],[11530, 7576],[11533, 7558],[11535, 7546],[11539, 7523],[11542, 7506],[11547, 7489],[11548, 7484],[11555, 7457],[11566, 7423],[11568, 7417],[11571, 7405],[11572, 7400],[11581, 7366],[11594, 7331],[11603, 7311],[11612, 7292],[11631, 7246],[11642, 7219],[11649, 7205],[11659, 7185],[11668, 7169],[11685, 7144],[11698, 7127],[11710, 7113],[11717, 7105],[11728, 7089],[11740, 7074],[11746, 7067],[11754, 7056],[11773, 7033],[11800, 7006],[11823, 6987],[11826, 6983],[11842, 6943],[11846, 6933],[11862, 6899],[11895, 6834],[11900, 6824],[11904, 6817],[11911, 6806],[11923, 6788],[11936, 6771],[11940, 6766],[11952, 6750],[11971, 6727],[11984, 6713],[12074, 6623],[12088, 6610],[12111, 6591],[12128, 6579],[12164, 6555],[12182, 6545],[12183, 6543],[12208, 6526],[12229, 6513],[12245, 6501],[12254, 6495],[12279, 6478],[12308, 6449],[12310, 6447],[12324, 6428],[12349, 6397],[12376, 6370],[12399, 6351],[12424, 6334],[12438, 6320],[12453, 6307],[12468, 6295],[12471, 6293],[12475, 6289],[12489, 6277],[12503, 6266],[12511, 6259],[12520, 6249],[12540, 6229],[12554, 6217],[12570, 6204],[12619, 6155],[12633, 6142],[12656, 6123],[12659, 6121],[12661, 6119],[12675, 6106],[12698, 6087],[12723, 6070],[12753, 6052],[12787, 6033],[12824, 6018],[12861, 6007],[12875, 6001],[12901, 5975],[12915, 5963],[12944, 5938],[12957, 5926],[12980, 5907],[12986, 5903],[12993, 5896],[13016, 5877],[13033, 5865],[13051, 5853],[13072, 5841],[13112, 5821],[13125, 5812],[13146, 5799],[13162, 5787],[13192, 5769],[13242, 5744],[13271, 5732],[13299, 5723],[13311, 5719],[13332, 5714],[13352, 5697],[13390, 5673],[13397, 5669],[13434, 5648],[13444, 5643],[13489, 5620],[13508, 5612],[13530, 5601],[13559, 5589],[13587, 5580],[13621, 5572],[13665, 5558],[13691, 5552],[13694, 5551],[13708, 5546],[13737, 5534],[13751, 5529],[13779, 5520],[13791, 5516],[13815, 5510],[13843, 5505],[13872, 5502],[13893, 5501],[14030, 5501],[14063, 5504],[14081, 5507],[14093, 5507],[14106, 5508],[14135, 5511],[14159, 5515],[14160, 5516],[14177, 5517],[14189, 5519],[14225, 5525],[14238, 5528],[14254, 5529],[14294, 5538],[14322, 5547],[14342, 5554],[14358, 5560],[14407, 5581],[14458, 5605],[14469, 5608],[14493, 5616],[14540, 5635],[14558, 5642],[14569, 5645],[14611, 5657],[14626, 5662],[14633, 5665],[14656, 5669],[14678, 5675],[14706, 5684],[14726, 5691],[14734, 5693],[14768, 5703],[14802, 5714],[14812, 5717],[14859, 5731],[14887, 5740],[14898, 5744],[14925, 5754],[14938, 5759],[14950, 5763],[14990, 5779],[15000, 5783],[15029, 5797],[15044, 5803],[15059, 5810],[15145, 5853],[15164, 5863],[15168, 5866],[15175, 5870],[15188, 5875],[15203, 5882],[15229, 5895],[15235, 5898],[15240, 5900],[15269, 5912],[15295, 5925],[15314, 5935],[15323, 5941],[15329, 5945],[15337, 5949],[15356, 5959],[15365, 5965],[15368, 5967],[15379, 5974],[15397, 5986],[15401, 5989],[15407, 5992],[15423, 6001],[15439, 6011],[15448, 6016],[15466, 6027],[15474, 6032],[15475, 6033],[15513, 6057],[15536, 6076],[15550, 6089],[15556, 6095],[15558, 6098],[15561, 6099],[15584, 6118],[15598, 6131],[15612, 6145],[15615, 6147],[15638, 6166],[15652, 6179],[15658, 6185],[15671, 6199],[15690, 6222],[15694, 6228],[15701, 6235],[15720, 6258],[15744, 6296],[15757, 6322],[15764, 6337],[15779, 6374],[15797, 6425],[15801, 6436],[15805, 6447],[15814, 6475],[15823, 6514],[15825, 6540],[15831, 6563],[15835, 6587],[15838, 6616],[15839, 6637],[15839, 6667],[15838, 6688],[15835, 6717],[15826, 6757],[15817, 6785],[15812, 6798],[15836, 6813],[15852, 6826],[15853, 6826],[15874, 6827],[15903, 6830],[15943, 6839],[15971, 6848],[16000, 6860],[16026, 6873],[16064, 6897],[16087, 6916],[16114, 6943],[16133, 6955],[16142, 6961],[16162, 6974],[16170, 6977],[16184, 6984],[16232, 7008],[16249, 7017],[16270, 7030],[16284, 7040],[16298, 7051],[16299, 7052],[16316, 7064],[16329, 7075],[16337, 7068],[16355, 7053],[16368, 7043],[16382, 7033],[16393, 7026],[16425, 7009],[16452, 6998],[16479, 6989],[16495, 6985],[16513, 6982],[16526, 6980],[16544, 6978],[16560, 6977],[16573, 6976],[16591, 6976],[16612, 6977],[16641, 6980],[16681, 6989],[16709, 6998],[16738, 7010],[16764, 7023],[16802, 7047],[16825, 7066],[16852, 7093],[16864, 7108],[16885, 7125],[16912, 7152],[16931, 7175],[16938, 7184],[16947, 7197],[16950, 7201],[16953, 7204],[16959, 7210],[16972, 7224],[16991, 7247],[16993, 7250],[16996, 7253],[17004, 7259],[17019, 7268],[17037, 7280],[17043, 7284],[17046, 7286],[17067, 7298],[17079, 7306],[17086, 7309],[17112, 7322],[17150, 7346],[17173, 7365],[17187, 7378],[17199, 7390],[17212, 7404],[17231, 7427],[17255, 7465],[17268, 7491],[17280, 7520],[17289, 7548],[17298, 7588],[17301, 7617],[17302, 7638],[17302, 7697],[17299, 7730],[17296, 7748],[17294, 7757],[17291, 7783],[17283, 7818],[17274, 7846],[17267, 7866],[17263, 7878],[17257, 7893],[17253, 7908],[17244, 7936],[17241, 7943],[17236, 7976],[17229, 8012],[17209, 8094],[17205, 8106],[17196, 8134],[17189, 8156],[17188, 8159],[17183, 8182],[17183, 8183],[17189, 8189],[17208, 8217],[17232, 8259],[17237, 8269],[17280, 8355],[17287, 8370],[17301, 8404],[17315, 8441],[17318, 8451],[17321, 8457],[17328, 8472],[17340, 8502],[17345, 8516],[17354, 8544],[17363, 8584],[17366, 8613],[17367, 8634],[17367, 8652],[17366, 8673],[17363, 8702],[17359, 8726],[17358, 8727],[17357, 8744],[17355, 8756],[17349, 8792],[17345, 8810],[17339, 8832],[17336, 8847],[17331, 8861],[17322, 8889],[17312, 8923],[17301, 8951],[17293, 8968],[17283, 8994],[17274, 9014],[17249, 9064],[17234, 9089],[17221, 9109],[17203, 9135],[17199, 9139],[17194, 9149],[17176, 9179],[17165, 9196],[17150, 9216],[17141, 9229],[17134, 9238],[17129, 9247],[17105, 9283],[17099, 9292],[17091, 9302],[17087, 9310],[17080, 9323],[17062, 9353],[17059, 9358],[17058, 9373],[17052, 9401],[17057, 9399],[17093, 9387],[17108, 9364],[17127, 9341],[17154, 9314],[17177, 9295],[17215, 9271],[17241, 9258],[17270, 9246],[17298, 9237],[17338, 9228],[17367, 9225],[17388, 9224],[17394, 9224],[17415, 9225],[17444, 9228],[17484, 9237],[17496, 9241],[17509, 9228],[17510, 9227],[17513, 9221],[17515, 9212],[17520, 9185],[17531, 9144],[17533, 9117],[17540, 9083],[17552, 9041],[17563, 9007],[17568, 8993],[17580, 8963],[17587, 8948],[17606, 8910],[17630, 8872],[17649, 8849],[17662, 8835],[17680, 8817],[17694, 8804],[17717, 8785],[17734, 8773],[17752, 8761],[17773, 8749],[17847, 8712],[17876, 8700],[17904, 8691],[17944, 8682],[17973, 8679],[17989, 8678],[18012, 8678],[18028, 8675],[18061, 8672],[18076, 8672],[18079, 8671],[18080, 8670],[18102, 8655],[18111, 8648],[18121, 8631],[18133, 8613],[18142, 8601],[18155, 8584],[18167, 8570],[18177, 8559],[18182, 8553],[18200, 8531],[18213, 8517],[18231, 8499],[18245, 8486],[18268, 8467],[18280, 8458],[18302, 8443],[18348, 8408],[18368, 8395],[18404, 8374],[18437, 8352],[18452, 8328],[18469, 8303],[18488, 8280],[18501, 8266],[18543, 8224],[18553, 8215],[18568, 8202],[18583, 8190],[18601, 8178],[18603, 8177],[18623, 8163],[18653, 8145],[18666, 8138],[18728, 8107],[18755, 8096],[18793, 8083],[18821, 8074],[18841, 8069],[18858, 8065],[18891, 8057],[18914, 8054],[18944, 8050],[18951, 8049],[18969, 8046],[18985, 8045],[18988, 8044],[19002, 8036],[19028, 8023],[19043, 8016],[19103, 7992],[19115, 7988],[19135, 7981],[19163, 7972],[19203, 7963],[19232, 7960],[19253, 7959],[19260, 7959],[19269, 7957],[19298, 7954],[19319, 7953],[19444, 7953],[19477, 7956],[19495, 7959],[19504, 7961],[19530, 7964],[19565, 7972],[19593, 7981],[19613, 7988],[19640, 7999],[19666, 8012],[19687, 8024],[19713, 8041],[19714, 8042],[19749, 8064],[19778, 8087],[19783, 8091],[19792, 8096],[19829, 8120],[19835, 8125],[19893, 8150],[19904, 8155],[19930, 8168],[19951, 8180],[19969, 8192],[19977, 8198],[20027, 8223],[20047, 8231],[20064, 8232],[20082, 8235],[20094, 8237],[20117, 8241],[20135, 8245],[20161, 8232],[20175, 8225],[20189, 8218],[20216, 8207],[20247, 8197],[20282, 8189],[20295, 8187],[20318, 8183],[20330, 8181],[20348, 8178],[20371, 8176],[20380, 8175],[20390, 8173],[20419, 8170],[20440, 8169],[20447, 8169],[20456, 8167],[20485, 8164],[20506, 8163],[20538, 8163],[20544, 8161],[20572, 8152],[20591, 8147],[20594, 8146],[20604, 8143],[20632, 8134],[20654, 8128],[20684, 8122],[20702, 8119],[20731, 8116],[20752, 8115],[20759, 8115],[20768, 8113],[20797, 8110],[20815, 8110],[20816, 8106],[20818, 8099],[20825, 8076],[20831, 8057],[20825, 8025],[20823, 8001],[20822, 7984],[20822, 7954],[20823, 7937],[20825, 7913],[20833, 7872],[20840, 7849],[20858, 7807],[20870, 7786],[20887, 7762],[20902, 7743],[20935, 7710],[20954, 7695],[20978, 7678],[20999, 7666],[21041, 7648],[21064, 7641],[21081, 7637],[21105, 7632],[21129, 7628],[21153, 7626],[21170, 7625],[21184, 7625],[21193, 7624],[21211, 7622],[21218, 7621],[21234, 7619],[21241, 7617],[21252, 7615],[21264, 7614],[21278, 7604],[21299, 7592],[21341, 7574],[21364, 7567],[21405, 7559],[21429, 7557],[21446, 7556],[21456, 7556],[21473, 7557],[21497, 7559],[21538, 7567],[21561, 7574],[21576, 7579],[21591, 7584],[21623, 7597],[21635, 7603],[21667, 7617],[21688, 7629],[21712, 7646],[21731, 7661],[21739, 7669],[21741, 7669],[21758, 7671],[21775, 7672],[21791, 7674],[21818, 7679],[21825, 7681],[21839, 7682],[21850, 7683],[21863, 7684],[21864, 7684],[21891, 7686],[21906, 7688],[21923, 7691],[21932, 7693],[21948, 7698],[21950, 7698],[21967, 7701],[21976, 7703],[21995, 7709],[22010, 7714],[22026, 7719],[22039, 7724],[22066, 7735],[22076, 7740],[22086, 7745],[22107, 7757],[22131, 7774],[22150, 7789],[22183, 7822],[22198, 7841],[22215, 7865],[22227, 7886],[22245, 7928],[22252, 7951],[22256, 7966],[22263, 7988],[22270, 8024],[22272, 8043],[22272, 8046],[22275, 8059],[22276, 8064],[22279, 8081],[22280, 8089],[22281, 8095],[22284, 8109],[22291, 8164],[22293, 8170],[22306, 8197],[22310, 8203],[22317, 8213],[22331, 8237],[22364, 8260],[22378, 8271],[22390, 8282],[22401, 8293],[22409, 8302],[22411, 8304],[22425, 8318],[22444, 8339],[22459, 8358],[22469, 8371],[22479, 8386],[22486, 8397],[22498, 8418],[22514, 8455],[22521, 8475],[22528, 8498],[22534, 8523],[22539, 8553],[22541, 8569],[22543, 8593],[22544, 8610],[22544, 8732],[22542, 8759],[22540, 8774],[22537, 8791],[22536, 8793],[22534, 8806],[22529, 8832],[22528, 8844],[22527, 8859],[22525, 8877],[22520, 8907],[22516, 8922],[22512, 8933],[22508, 8947],[22505, 8960],[22502, 8970],[22498, 8983],[22491, 9005],[22481, 9030],[22479, 9035],[22468, 9062],[22468, 9063],[22466, 9068],[22465, 9069],[22454, 9096],[22446, 9112],[22437, 9129],[22430, 9140],[22422, 9154],[22414, 9167],[22408, 9176],[22396, 9194],[22380, 9214],[22372, 9228],[22366, 9237],[22356, 9252],[22346, 9265],[22331, 9284],[22316, 9302],[22304, 9314],[22296, 9323],[22292, 9328],[22292, 9444],[22293, 9460],[22298, 9490],[22301, 9502],[22304, 9521],[22305, 9537],[22306, 9551],[22307, 9565],[22307, 9591],[22308, 9612],[22313, 9642],[22314, 9653],[22316, 9677],[22317, 9694],[22317, 9723],[22316, 9740],[22314, 9764],[22306, 9805],[22299, 9828],[22281, 9870],[22267, 9894],[22252, 9919],[22237, 9940],[22222, 9959],[22207, 9977],[22197, 9987],[22179, 10002],[22160, 10017],[22136, 10034],[22115, 10046],[22080, 10061],[22080, 10112],[22144, 10112],[22144, 10176],[22208, 10176],[22208, 10112],[22400, 10112],[22400, 10048],[22528, 10048],[22528, 9984],[22592, 9984],[22592, 9920],[22656, 9920],[22656, 9856],[22848, 9856],[22848, 9792],[23360, 9792],[23360, 9856],[23488, 9856],[23488, 9792],[23616, 9792],[23616, 9856],[23872, 9856],[23872, 9984],[23936, 9984],[23936, 10048],[24128, 10048],[24128, 9664],[24192, 9664],[24192, 9152],[24128, 9152],[24128, 9024],[24064, 9024],[24064, 8896],[24000, 8896],[24000, 8832],[23936, 8832],[23936, 8704],[23872, 8704],[23872, 8640],[23808, 8640],[23808, 8576],[23744, 8576],[23744, 8512],[23680, 8512],[23680, 8384],[23616, 8384],[23616, 8320],[23552, 8320],[23552, 8256],[23488, 8256],[23488, 8128],[23424, 8128],[23424, 7872],[23360, 7872],[23360, 7616],[23296, 7616],[23296, 7488],[23232, 7488],[23232, 7360],[23168, 7360],[23168, 7296],[23104, 7296],[23104, 7104],[23040, 7104],[23040, 6848],[23104, 6848],[23104, 6656],[23168, 6656],[23168, 6592],[23232, 6592],[23232, 6464],[23360, 6464],[23360, 6400],[23488, 6400],[23488, 6336],[23616, 6336],[23616, 6400],[23872, 6400],[23872, 6336],[24128, 6336],[24128, 6272],[24064, 6272],[24064, 6080],[23936, 6080],[23936, 6016],[23872, 6016],[23872, 6144],[23680, 6144],[23680, 6080],[22912, 6080],[22912, 6144],[22720, 6144],[22720, 6208],[22592, 6208],[22592, 6272],[22400, 6272],[22400, 6336],[22016, 6336],[22016, 6400],[21952, 6400],[21952, 6336],[21248, 6336],[21248, 6400],[20416, 6400],[20416, 6464],[20096, 6464],[20096, 6400],[19776, 6400],[19776, 6336],[19648, 6336],[19648, 6272],[19328, 6272],[19328, 6208],[18432, 6208],[18432, 6144],[18112, 6144],[18112, 6080],[17920, 6080],[17920, 6016],[17728, 6016],[17728, 5952],[17600, 5952],[17600, 5888],[17536, 5888],[17536, 5824],[17408, 5824],[17408, 5760],[17344, 5760],[17344, 5696],[17216, 5696],[17216, 5632],[17088, 5632],[17088, 5568],[17024, 5568],[17024, 5504],[16896, 5504],[16896, 5440],[16768, 5440],[16768, 5376],[16512, 5376],[16512, 5312],[16384, 5312],[16384, 5248],[16256, 5248],[16256, 5184],[16064, 5184],[16064, 5120],[16000, 5120],[16000, 5056],[15872, 5056],[15872, 4992],[15488, 4992],[15488, 4928],[15168, 4928],[15168, 4864],[14976, 4864],[14976, 4928],[14592, 4928],[14592, 4864],[14464, 4864],[14464, 4800],[14144, 4800],[14144, 4864],[13952, 4864],[13952, 4928],[13824, 4928],[13824, 4992],[13632, 4992],[13632, 5056],[13248, 5056],[13248, 5120],[13184, 5120],[13184, 5184],[13056, 5184],[13056, 5248],[12928, 5248],[12928, 5312],[12800, 5312],[12800, 5376],[12608, 5376],[12608, 5440],[12544, 5440],[12544, 5504],[12480, 5504],[12480, 5568],[12416, 5568],[12416, 5696],[12352, 5696],[12352, 5760],[12288, 5760],[12288, 5888],[12224, 5888],[12224, 6016],[12160, 6016],[12160, 6080],[12096, 6080],[12096, 6144],[12032, 6144],[12032, 6208],[11904, 6208],[11904, 6272],[11840, 6272],[11840, 6336],[11712, 6336],[11712, 6400],[11584, 6400],[11584, 6464],[11456, 6464],[11456, 6528],[11328, 6528],[11328, 6592],[11200, 6592],[11200, 6656],[11136, 6656],[11136, 6720],[11072, 6720],[11072, 6848],[11008, 6848],[11008, 6912],[10944, 6912],[10944, 6976],[10880, 6976],[10880, 7040],[10816, 7040],[10816, 7104],[10752, 7104],[10752, 7232],[10688, 7232],[10688, 7552],[10624, 7552],[10624, 7680],[10560, 7680],[10560, 7808],[10496, 7808],[10496, 8512],[10432, 8512],[10432, 8576],[10368, 8576],[10368, 8640],[10304, 8640],[10304, 8704],[10240, 8704],[10240, 8768],[9984, 8768],[9984, 8704],[9856, 8704],[9856, 8768],[9664, 8768],[9664, 8832],[9344, 8832],[9344, 8896],[9216, 8896],[9216, 8960],[9024, 8960],[9024, 9024],[8896, 9024],[8896, 9088],[8256, 9088],[8256, 9024],[8064, 9024],[8064, 8960],[7936, 8960],[7936, 8896],[7808, 8896],[7808, 8832],[7744, 8832],[7744, 8768],[7552, 8768],[7552, 8704],[7424, 8704],[7424, 8640],[7232, 8640],[7232, 8576],[7040, 8576],[7040, 8640],[6976, 8640],[6976, 8704],[6784, 8704],[6784, 8768],[6848, 8768],[6848, 8832],[6912, 8832],[6912, 8896],[6848, 8896],[6848, 8960],[6464, 8960],[6464, 9024],[6208, 9024],[6208, 9088],[6080, 9088],[6080, 9152],[6144, 9152],[6144, 9216],[6272, 9216],[6272, 9280],[6336, 9280],[6336, 9344],[6464, 9344],[6464, 9408],[5888, 9408],[5888, 9344],[5760, 9344],[5760, 9408],[5568, 9408],[5568, 9472],[5440, 9472],[5440, 9536],[5120, 9536],[5120, 9600],[5056, 9600],[5056, 9728],[5184, 9728],[5184, 9920],[5376, 9920],[5376, 9984],[5440, 9984],[5440, 10048],[5184, 10048],[5184, 10112],[5056, 10112],[5056, 10240],[4800, 10240],[4800, 10432],[4736, 10432],[4736, 10240],[4608, 10240],[4608, 10560],[4672, 10560],[4672, 10624],[4736, 10624],[4736, 10688]]],[[[22656, 13632],[22592, 13632],[22592, 13440],[22976, 13440],[22976, 13376],[23232, 13376],[23232, 13248],[23168, 13248],[23168, 13184],[23104, 13184],[23104, 13056],[23040, 13056],[23040, 12992],[22976, 12992],[22976, 12736],[23040, 12736],[23040, 12672],[22976, 12672],[22976, 12608],[22848, 12608],[22848, 12736],[22784, 12736],[22784, 12800],[22729, 12800],[22729, 12864],[22725, 12903],[22713, 12941],[22695, 12975],[22670, 13006],[22665, 13010],[22665, 13018],[22661, 13056],[22650, 13093],[22633, 13127],[22624, 13141],[22606, 13169],[22591, 13191],[22589, 13192],[22579, 13210],[22574, 13218],[22555, 13255],[22543, 13276],[22532, 13293],[22530, 13296],[22528, 13299],[22523, 13309],[22518, 13318],[22507, 13339],[22489, 13369],[22482, 13378],[22464, 13429],[22458, 13444],[22451, 13459],[22439, 13490],[22430, 13511],[22419, 13534],[22417, 13540],[22408, 13562],[22383, 13614],[22404, 13623],[22430, 13636],[22468, 13660],[22491, 13679],[22505, 13692],[22535, 13722],[22548, 13736],[22567, 13759],[22591, 13797],[22604, 13823],[22615, 13850],[22622, 13870],[22629, 13893],[22634, 13894],[22648, 13898],[22674, 13904],[22699, 13910],[22710, 13912],[22720, 13915],[22720, 13888],[22656, 13888],[22656, 13632]]],[[[23052, 14418],[23050.24, 14419.45],[23048, 14422],[23049, 14421],[23052, 14418]]],[[[23055, 14415],[23058, 14412],[23054.71, 14414.71],[23054.69, 14414.73],[23052, 14418],[23055, 14415]]],[[[22903.58, 14630.66],[22903.44, 14630.8],[22908, 14627],[22903.58, 14630.66]]],[[[22885, 14147],[22885.39, 14147.13],[22887.1, 14147.17],[22886, 14147],[22885, 14147]]],[[[22818.25, 14744.5],[22818.2, 14744.59],[22816, 14750],[22818.25, 14744.5]]],[[[22810.29, 14136.06],[22811.67, 14136.33],[22807, 14135],[22810.29, 14136.06]]],[[[22804, 14774],[22801.69, 14777.63],[22801, 14779],[22800.86, 14779.72],[22802, 14778],[22804, 14774]]],[[[22775.64, 14881.55],[22775.32, 14882.88],[22775, 14886],[22775.64, 14881.55]]],[[[22769, 14912],[22770, 14905],[22771, 14902],[22769.69, 14905.22],[22768.52, 14912],[22769, 14912]]],[[[22676, 14111],[22675.63, 14111],[22677.65, 14111.56],[22686, 14113],[22676, 14111]]],[[[22667.16, 14108.85],[22668.5, 14109.17],[22665, 14108],[22667.16, 14108.85]]],[[[22649.91, 14104.74],[22650.25, 14104.82],[22652, 14105],[22649.91, 14104.74]]],[[[22633.9, 14100.9],[22634.62, 14101.07],[22628, 14099],[22633.9, 14100.9]]],[[[22591.4, 14090.2],[22595, 14091.25],[22598, 14092],[22591.4, 14090.2]]],[[[22558, 12495],[22557.33, 12492.56],[22558.42, 12497.09],[22560, 12502],[22558, 12495]]],[[[22546, 12441],[22545.81, 12440.52],[22546.4, 12443.02],[22548, 12448],[22546, 12441]]],[[[22527, 12320],[22524, 12292],[22526.94, 12320.39],[22528, 12323],[22527, 12320]]],[[[22516.54, 12149.33],[22516.57, 12149.55],[22518, 12154],[22516.54, 12149.33]]],[[[22500.86, 12096],[22501.23, 12097.16],[22501, 12096],[22500.86, 12096]]],[[[22452.95, 13035.27],[22452.93, 13035.31],[22454, 13034],[22452.95, 13035.27]]],[[[22387, 13858],[22384, 13855],[22381, 13852],[22383.71, 13855.29],[22383.73, 13855.31],[22387, 13858]]],[[[22389.71, 13861.29],[22389.73, 13861.31],[22393, 13864],[22390, 13861],[22387, 13858],[22389.71, 13861.29]]],[[[22369, 13840],[22366, 13837],[22363, 13834],[22365.71, 13837.29],[22365.73, 13837.31],[22369, 13840]]],[[[22344, 15139],[22347, 15139],[22344.32, 15138.72],[22336, 15139],[22344, 15139]]],[[[22340, 8751],[22341, 8747],[22340.19, 8749.66],[22339.65, 8752.06],[22339, 8756],[22340, 8751]]],[[[22342, 8741],[22343, 8732],[22341.5, 8741],[22341, 8747],[22342, 8741]]],[[[22343, 8726],[22343, 8723],[22342.75, 8726],[22343, 8732],[22343, 8726]]],[[[22339.55, 8580.68],[22339.84, 8582.2],[22341, 8586],[22339.55, 8580.68]]],[[[22336.94, 8567.27],[22337.48, 8570.02],[22336, 8556],[22336.94, 8567.27]]],[[[22328.71, 8532.43],[22328.76, 8532.57],[22329, 8533],[22328.71, 8532.43]]],[[[22327.15, 8528.35],[22327.24, 8528.52],[22324, 8518],[22327.15, 8528.35]]],[[[22327, 8848],[22327, 8846],[22326.58, 8848],[22326, 8855],[22327, 8848]]],[[[22307.77, 8491.08],[22308.76, 8492.9],[22312, 8497],[22307.77, 8491.08]]],[[[22302.59, 8483.04],[22302.83, 8483.33],[22302, 8482],[22302.59, 8483.04]]],[[[22282, 8459],[22282.11, 8459.14],[22287, 8463],[22282, 8459]]],[[[22258, 8434],[22255, 8431],[22254, 8430],[22254.9, 8431.15],[22256.78, 8432.92],[22258, 8434]]],[[[22258.35, 8434.39],[22259, 8435],[22258, 8434],[22258.35, 8434.39]]],[[[22259.35, 8435.5],[22259.5, 8435.67],[22259, 8435],[22259.35, 8435.5]]],[[[22243, 9062],[22242.78, 9062.28],[22238, 9070],[22243, 9062]]],[[[22244, 9061],[22251, 9049],[22243.57, 9061],[22243, 9062],[22244, 9061]]],[[[22240.76, 8418.24],[22242, 8419],[22241, 8418],[22236, 8414],[22240.76, 8418.24]]],[[[22223, 8407],[22222, 8406.5],[22222.85, 8407.11],[22236, 8414],[22223, 8407]]],[[[22232, 13460],[22232.18, 13459.29],[22231.8, 13460.13],[22231.71, 13460.35],[22227, 13475],[22232, 13460]]],[[[22224, 11704],[22224, 11703],[22222.71, 11696.57],[22222.81, 11697.67],[22223.78, 11703.31],[22224, 11704]]],[[[22220.96, 11681.23],[22221, 11681.5],[22221, 11680],[22220.96, 11681.23]]],[[[22217.78, 11661.31],[22218, 11662],[22218, 11661],[22216, 11651],[22217.78, 11661.31]]],[[[22215.38, 11649.15],[22215.47, 11649.71],[22216, 11651],[22215.38, 11649.15]]],[[[22214.92, 11646.28],[22215, 11646.75],[22215, 11644],[22214.92, 11646.28]]],[[[22212, 11625],[22210, 11615],[22211.78, 11625.31],[22212, 11626],[22212, 11625]]],[[[22203, 11562],[22203, 11554],[22202.72, 11562.32],[22203, 11565],[22203, 11562]]],[[[22187.62, 11439.67],[22187.64, 11439.88],[22188, 11441],[22187.62, 11439.67]]],[[[22177.53, 11377.73],[22177.66, 11378.46],[22176, 11363],[22177.53, 11377.73]]],[[[22167, 11311],[22167, 11303],[22166.72, 11311.32],[22167, 11314],[22167, 11311]]],[[[22164, 11284],[22162.29, 11275.43],[22162.37, 11276.14],[22163.78, 11284.31],[22164, 11285],[22164, 11284]]],[[[22161, 11249],[22160.81, 11254.59],[22161, 11257.5],[22161, 11257],[22161, 11249]]],[[[22156, 11220],[22158, 11231],[22158, 11230],[22156, 11220]]],[[[22144.11, 11146.68],[22144.23, 11147.49],[22146, 11153],[22144.11, 11146.68]]],[[[22142.22, 8312.63],[22142.5, 8313.11],[22144, 8315],[22142.22, 8312.63]]],[[[22138, 11112],[22140, 11122.5],[22140, 11122],[22138, 11112]]],[[[22113.42, 9668.06],[22113.42, 9668.11],[22114, 9670],[22113.42, 9668.06]]],[[[22105, 9550],[22104, 9541],[22104.73, 9549.76],[22105, 9551],[22105, 9550]]],[[[22100, 9519],[22099, 9512],[22099.58, 9519],[22100, 9521],[22100, 9519]]],[[[22093.66, 9792.7],[22093.41, 9793.12],[22095, 9791],[22093.66, 9792.7]]],[[[22083.82, 8133.06],[22083.83, 8133.15],[22085, 8137],[22083.82, 8133.06]]],[[[22078.89, 8104.37],[22080, 8108],[22079, 8104],[22078, 8099],[22078.89, 8104.37]]],[[[22077.45, 8097.36],[22077.56, 8097.93],[22078, 8099],[22077.45, 8097.36]]],[[[22080.38, 8112.59],[22081.47, 8118.26],[22081, 8114],[22080, 8108],[22080.38, 8112.59]]],[[[22075.28, 8086.42],[22076.5, 8092.5],[22076, 8089],[22075, 8083],[22075.28, 8086.42]]],[[[22074, 8079],[22073, 8074],[22073.89, 8079.37],[22075, 8083],[22074, 8079]]],[[[22063, 10968],[22060, 10965],[22057, 10962],[22059.71, 10965.29],[22059.73, 10965.31],[22063, 10968]]],[[[22048.66, 15093.04],[22048.08, 15092.74],[22034, 15087],[22048.66, 15093.04]]],[[[21962.17, 7909.67],[21963, 7910],[21961, 7909],[21962.17, 7909.67]]],[[[21963.41, 7910.16],[21976, 7914],[21963, 7910],[21963.41, 7910.16]]],[[[21760, 10401],[21744, 10425],[21736, 10435],[21725, 10453],[21715, 10467],[21703, 10483],[21690, 10504],[21681, 10518],[21674, 10528],[21674, 10530],[21662, 10561],[21650, 10587],[21640, 10606],[21638, 10612],[21633, 10626],[21630, 10633],[21618, 10662],[21617, 10666],[21605, 10702],[21594, 10732],[21588, 10746],[21587, 10754],[21582, 10781],[21578, 10810],[21577, 10813],[21594, 10792],[21621, 10765],[21644, 10746],[21682, 10722],[21708, 10709],[21737, 10697],[21765, 10688],[21805, 10679],[21834, 10676],[21855, 10675],[21861, 10675],[21882, 10676],[21911, 10679],[21951, 10688],[21952, 10688],[21952, 10432],[21760, 10432],[21760, 10401]]],[[[21927.71, 7898.14],[21928.75, 7898.46],[21932, 7899],[21927.71, 7898.14]]],[[[21883, 7888],[21879, 7887],[21882.63, 7888.11],[21888, 7889],[21883, 7888]]],[[[21858, 7885],[21855, 7885],[21858, 7885.25],[21864, 7885],[21858, 7885]]],[[[21820.49, 7882.08],[21826.44, 7882.56],[21822, 7882],[21814, 7881],[21820.49, 7882.08]]],[[[21809, 7881],[21807, 7881],[21809.38, 7881.19],[21814, 7881],[21809, 7881]]],[[[21808.43, 10002.71],[21808.08, 10003.45],[21807, 10007],[21808.43, 10002.71]]],[[[21802.71, 10014.86],[21802.53, 10015.24],[21802, 10017],[21802.71, 10014.86]]],[[[21795.59, 10029.58],[21795, 10030.67],[21796, 10029],[21795.59, 10029.58]]],[[[21774.1, 10068.15],[21773.68, 10068.84],[21775, 10067],[21774.1, 10068.15]]],[[[21760, 10089],[21765, 10082],[21761.47, 10086.48],[21759.01, 10089.99],[21755, 10097],[21760, 10089]]],[[[21768.33, 10076.67],[21766.78, 10078.88],[21765, 10082],[21768.33, 10076.67]]],[[[21757.36, 7872.28],[21766, 7873],[21757, 7872],[21750, 7871],[21757.36, 7872.28]]],[[[21745, 7871],[21742, 7871],[21744.59, 7871.22],[21750, 7871],[21745, 7871]]],[[[21748, 15116],[21750, 15114],[21746.99, 15116.58],[21745, 15119],[21748, 15116]]],[[[21711.48, 7867.39],[21712.44, 7867.62],[21717, 7868],[21711.48, 7867.39]]],[[[21712.45, 10159.11],[21711.2, 10160.8],[21712, 10160],[21712.45, 10159.11]]],[[[21710.71, 10161.47],[21710.43, 10161.85],[21706, 10169],[21710.71, 10161.47]]],[[[21657, 15168],[21672, 15163],[21657.35, 15167.71],[21656.64, 15168],[21657, 15168]]],[[[21589.83, 10293.37],[21589.78, 10293.44],[21584.5, 10304],[21585, 10304],[21589.83, 10293.37]]],[[[21559.11, 7788.57],[21559.33, 7788.66],[21567, 7791],[21559.11, 7788.57]]],[[[21512.06, 10408.19],[21511.83, 10408.54],[21518, 10401],[21512.06, 10408.19]]],[[[21445, 10556.38],[21440.43, 10567.29],[21445, 10557],[21445, 10556.38]]],[[[21379.48, 10776.24],[21379.22, 10777.74],[21379, 10781],[21379.48, 10776.24]]],[[[21315, 15040],[21316, 15040],[21315.31, 15039.78],[21313.3, 15039.43],[21315, 15040]]],[[[21297.99, 7811.71],[21298.04, 7811.69],[21294, 7812],[21297.99, 7811.71]]],[[[21233.56, 7821.02],[21233.75, 7821],[21233, 7821],[21233.56, 7821.02]]],[[[21139, 7830],[21139.79, 7829.89],[21146, 7828],[21139, 7830]]],[[[21018, 8132],[21017, 8134],[21017.93, 8132.37],[21022, 8119],[21018, 8132]]],[[[21022.18, 8118.69],[21022.19, 8118.64],[21022, 8119],[21022.18, 8118.69]]],[[[20864, 15224.61],[20860.3, 15225.8],[20860, 15226],[20864, 15225],[20864, 15224.61]]],[[[20720.64, 8319.73],[20720.78, 8319.71],[20723, 8319],[20720.64, 8319.73]]],[[[20700.64, 8324.21],[20701.5, 8324],[20693, 8325],[20700.64, 8324.21]]],[[[20544, 15412.57],[20535, 15420],[20544, 15413],[20544, 15412.57]]],[[[20455, 15469],[20480, 15457],[20480, 15456.5],[20475, 15459],[20455, 15469]]],[[[20381, 8376],[20387.61, 8376.22],[20389.14, 8376],[20389, 8376],[20381, 8376]]],[[[20362.31, 8379.22],[20363, 8379],[20362, 8379],[20352, 8381],[20362.31, 8379.22]]],[[[20311.46, 8389.63],[20314, 8389],[20309.97, 8389.89],[20311.46, 8389.63]]],[[[20316.43, 8388.39],[20327, 8385],[20314, 8389],[20316.43, 8388.39]]],[[[20302, 8391],[20292, 8393],[20302.31, 8391.22],[20303, 8391],[20302, 8391]]],[[[20268, 15431],[20271, 15434],[20274, 15437],[20271.29, 15433.71],[20271.27, 15433.69],[20268, 15431]]],[[[20096, 15538],[20096, 15552],[20108, 15552],[20096, 15538]]],[[[20057.5, 8434.5],[20050, 8433],[20049, 8433],[20049.69, 8433.22],[20055.21, 8434.17],[20057.5, 8434.5]]],[[[20044, 15478],[20034, 15467],[20023, 15457],[20012, 15447],[20000, 15435],[19990, 15424],[19978, 15410],[19968, 15397],[19968, 15488],[20053, 15488],[20044, 15478]]],[[[20026, 8430],[20026.95, 8430.14],[20031, 8430],[20026, 8430]]],[[[19920, 15330],[19907, 15304],[19904, 15298],[19904, 15360],[19939, 15360],[19920, 15330]]],[[[19930, 14725],[19937, 14730],[19932.64, 14726.4],[19932, 14726],[19930.45, 14724.59],[19930.34, 14724.5],[19928, 14723],[19930, 14725]]],[[[19909, 14705],[19914, 14711],[19908.83, 14704.75],[19907, 14703],[19909, 14705]]],[[[19889, 14678],[19889.86, 14678.86],[19889.04, 14677.31],[19883, 14670],[19889, 14678]]],[[[19867.98, 14637.72],[19867.3, 14636.45],[19870, 14644],[19867.98, 14637.72]]],[[[19848, 14910],[19840, 14906],[19840, 14912],[19850, 14912],[19848, 14910]]],[[[19748.88, 13090.58],[19748.91, 13090.5],[19749, 13090],[19748.88, 13090.58]]],[[[19723, 13184],[19723, 13185],[19723.22, 13184.31],[19725, 13174],[19723, 13184]]],[[[19720, 13211],[19720, 13214],[19720.28, 13211.32],[19720, 13203],[19720, 13211]]],[[[19712, 14773],[19712, 14784],[19719, 14784],[19712, 14773]]],[[[19709, 12718.33],[19708.54, 12717.92],[19705, 12715],[19709, 12718.33]]],[[[19701.84, 14242.51],[19701.75, 14242.32],[19702, 14243],[19701.84, 14242.51]]],[[[19651, 13522],[19648, 13525],[19645, 13528],[19648.29, 13525.29],[19648.31, 13525.27],[19651, 13522]]],[[[19653.58, 13519.88],[19656.09, 13517.1],[19657, 13516],[19654, 13519],[19651, 13522],[19653.58, 13519.88]]],[[[19639, 12643],[19642, 12646],[19645, 12649],[19642.29, 12645.71],[19642.27, 12645.69],[19639, 12643]]],[[[19639, 13534],[19636, 13537],[19633, 13540],[19636.29, 13537.29],[19636.31, 13537.27],[19639, 13534]]],[[[19592.75, 14020],[19591.21, 14016.58],[19595, 14027],[19592.75, 14020]]],[[[19591.47, 12542.84],[19591.37, 12542.51],[19592, 12548],[19591.47, 12542.84]]],[[[19586.96, 12515.2],[19586.91, 12514.83],[19586, 12512],[19586.96, 12515.2]]],[[[19579.71, 12443.19],[19579.56, 12442.27],[19580, 12446],[19579.71, 12443.19]]],[[[19576.8, 12425.11],[19576.68, 12424.33],[19574, 12416],[19576.8, 12425.11]]],[[[19562, 13694],[19562, 13695],[19562.22, 13694.31],[19564, 13684],[19562, 13694]]],[[[19562.66, 13936.23],[19562, 13934],[19564, 13944],[19562.66, 13936.23]]],[[[19559, 13913],[19559, 13915],[19559.08, 13912.59],[19556, 13903],[19559, 13913]]],[[[19558.72, 13710.53],[19559.03, 13709.15],[19556, 13719],[19558.72, 13710.53]]],[[[19481.6, 8160.6],[19482.57, 8160.78],[19504, 8163],[19481.6, 8160.6]]],[[[19463, 8157],[19462, 8157],[19462.69, 8157.22],[19473, 8159],[19463, 8157]]],[[[19436, 8154],[19433, 8154],[19435.68, 8154.28],[19444, 8154],[19436, 8154]]],[[[19369.15, 12184],[19366.8, 12182.6],[19374, 12188],[19369.15, 12184]]],[[[19266, 12122],[19261.85, 12118.57],[19261, 12118],[19258.35, 12116.35],[19259, 12117],[19266, 12122]]],[[[19200, 12080],[19194.35, 12075.33],[19191.2, 12073.2],[19193, 12075],[19200, 12080]]],[[[19002, 8244],[19010, 8244.27],[19012, 8244],[19010, 8244],[19002, 8244]]],[[[18983, 8247],[18973, 8249],[18983.31, 8247.22],[18984, 8247],[18983, 8247]]],[[[18923, 8257],[18918.97, 8257.89],[18922.82, 8257.23],[18936, 8253],[18923, 8257]]],[[[18911, 8259],[18901, 8261],[18911.31, 8259.22],[18912, 8259],[18911, 8259]]],[[[18727.27, 11776.81],[18727.48, 11776.7],[18727.65, 11776.3],[18727.43, 11776.41],[18727.27, 11776.81]]],[[[18724, 8336.5],[18724.83, 8335.97],[18726, 8335],[18724, 8336.5]]],[[[18691, 8361],[18685, 8366],[18691.25, 8360.84],[18693, 8359],[18691, 8361]]],[[[18654, 12352],[18652.2, 12353.55],[18651, 12355],[18654, 12352]]],[[[18611, 12393],[18613.5, 12389.5],[18611.26, 12391.74],[18610.5, 12392.66],[18609, 12395],[18611, 12393]]],[[[18481, 12532],[18482, 12531],[18479.64, 12533.01],[18478, 12535],[18481, 12532]]],[[[18484, 12529],[18483.5, 12529.41],[18482, 12531],[18484, 12529]]],[[[18432, 12574],[18432.8, 12573.2],[18430.14, 12575.57],[18424, 12583],[18432, 12574]]],[[[18408.02, 13565.33],[18408.34, 13566.73],[18411, 13575],[18408.02, 13565.33]]],[[[18405, 13550],[18403, 13540],[18404.78, 13550.31],[18405, 13551],[18405, 13550]]],[[[18397.57, 13522.43],[18397.81, 13523.29],[18399, 13527],[18397.57, 13522.43]]],[[[18393.44, 13507.29],[18393.62, 13507.92],[18393, 13503],[18393.44, 13507.29]]],[[[18373, 8641],[18370, 8644],[18367, 8647],[18370.27, 8644.31],[18370.29, 8644.29],[18373, 8641]]],[[[18351.16, 13406.83],[18351.57, 13407.71],[18348, 13397],[18351.16, 13406.83]]],[[[18322.29, 12747.05],[18322.03, 12748.01],[18321, 12758],[18322.29, 12747.05]]],[[[18296.31, 12838.16],[18296.22, 12838.53],[18297, 12836],[18296.31, 12838.16]]],[[[18291, 12861],[18290.11, 12864.54],[18289, 12871],[18291, 12861]]],[[[18263, 12939],[18263.21, 12938.18],[18263.07, 12938.46],[18262.71, 12939.35],[18258, 12954],[18263, 12939]]],[[[18166.17, 13877.71],[18165.44, 13877.89],[18173, 13877],[18166.17, 13877.71]]],[[[18105.61, 13890.39],[18102.33, 13891],[18119, 13889],[18105.61, 13890.39]]],[[[18128, 13886.19],[18127.36, 13886.31],[18119, 13889],[18128, 13886.19]]],[[[18069, 8873],[18061, 8873],[18069.32, 8873.28],[18072, 8873],[18069, 8873]]],[[[18042, 8876],[18035.43, 8877.31],[18036.59, 8877.21],[18042.31, 8876.22],[18043, 8876],[18042, 8876]]],[[[18023.48, 13913.57],[18022.28, 13913.84],[18029, 13913],[18023.48, 13913.57]]],[[[18019.51, 13914.47],[18018.08, 13914.79],[18005, 13919],[18019.51, 13914.47]]],[[[17816, 8965],[17813, 8968],[17810, 8971],[17813.27, 8968.31],[17813.29, 8968.29],[17816, 8965]]],[[[17809.29, 13936.31],[17809.05, 13936.34],[17807, 13937],[17809.29, 13936.31]]],[[[17710.77, 9254.15],[17710.89, 9253.64],[17711, 9253],[17710.77, 9254.15]]],[[[17657.09, 13936.39],[17656.67, 13936.33],[17659, 13937],[17657.09, 13936.39]]],[[[17639.8, 13934],[17638.97, 13933.87],[17635, 13934],[17639.8, 13934]]],[[[17606, 13929],[17587.3, 13921.38],[17585, 13920.67],[17586, 13921],[17606, 13929]]],[[[17616, 13931],[17617, 13931],[17616.31, 13930.78],[17606, 13929],[17616, 13931]]],[[[17481.4, 13881.2],[17478.5, 13880],[17483, 13882],[17481.4, 13881.2]]],[[[17471.25, 13877],[17467.48, 13875.44],[17463, 13874],[17471.25, 13877]]],[[[17350.38, 13821.68],[17350.27, 13821.63],[17354, 13824],[17350.38, 13821.68]]],[[[17315.93, 13800.11],[17313, 13798],[17311.4, 13797],[17317, 13801],[17315.93, 13800.11]]],[[[17155.97, 8726.2],[17155.91, 8726.64],[17157, 8723],[17155.97, 8726.2]]],[[[17150.21, 8761.45],[17149.91, 8762.7],[17151, 8759],[17150.21, 8761.45]]],[[[17151.19, 8757.4],[17151.15, 8757.54],[17151, 8759],[17151.19, 8757.4]]],[[[17114.16, 8874.84],[17113.46, 8876.48],[17120, 8864],[17114.16, 8874.84]]],[[[17100, 8909],[17107, 8891.5],[17106.78, 8891.99],[17099.71, 8909.35],[17095, 8924],[17100, 8909]]],[[[17101, 7689],[17101, 7686],[17100.72, 7688.68],[17101, 7697],[17101, 7689]]],[[[17094.16, 7736.82],[17094, 7737.65],[17092, 7757],[17094.16, 7736.82]]],[[[17051, 7526],[17048, 7523],[17045, 7520],[17047.69, 7523.27],[17047.71, 7523.29],[17051, 7526]]],[[[17053.69, 7529.27],[17053.71, 7529.29],[17057, 7532],[17054, 7529],[17051, 7526],[17053.69, 7529.27]]],[[[17037.37, 7944.94],[17037.34, 7945.15],[17038, 7943],[17037.37, 7944.94]]],[[[17038.56, 7938.18],[17038.41, 7938.99],[17038, 7943],[17038.56, 7938.18]]],[[[17018.86, 8024.56],[17018.7, 8025.17],[17020, 8021],[17018.86, 8024.56]]],[[[17020.21, 8019.34],[17020.15, 8019.58],[17020, 8021],[17020.21, 8019.34]]],[[[17014.41, 8041.69],[17014.29, 8042.15],[17014, 8045],[17014.41, 8041.69]]],[[[16989.51, 7485.68],[16990.63, 7486.27],[16996, 7488],[16989.51, 7485.68]]],[[[16988.6, 8133.35],[16988.45, 8134.16],[16990, 8129],[16988.6, 8133.35]]],[[[16991.03, 8120.23],[16990.75, 8121.74],[16990, 8129],[16991.03, 8120.23]]],[[[16975.58, 7478.31],[16976.13, 7478.6],[16974, 7477],[16975.58, 7478.31]]],[[[16946, 13791],[16949, 13788],[16945.74, 13790.69],[16945.71, 13790.71],[16945.49, 13790.98],[16943, 13794],[16946, 13791]]],[[[16924.72, 13817.22],[16924.5, 13817.5],[16926, 13816],[16924.72, 13817.22]]],[[[16739.97, 14134.16],[16739.86, 14134.29],[16745, 14130],[16739.97, 14134.16]]],[[[16748, 14127],[16751, 14124],[16747.71, 14126.72],[16745, 14130],[16748, 14127]]],[[[16697, 14177],[16703, 14172],[16696.75, 14177.17],[16695, 14179],[16697, 14177]]],[[[16657, 14210],[16659, 14208],[16656.66, 14209.5],[16650, 14215],[16657, 14210]]],[[[16640, 14223],[16642, 14221],[16638.94, 14223.65],[16637, 14226],[16640, 14223]]],[[[16551, 7179],[16544, 7180],[16550.67, 7179.31],[16557, 7178],[16551, 7179]]],[[[16464, 7223.5],[16465.6, 7222.2],[16466.75, 7221.25],[16467, 7221],[16464, 7223.5]]],[[[16454, 14373],[16455, 14372],[16451.37, 14375.55],[16451, 14376],[16454, 14373]]],[[[16367, 14454],[16370, 14451],[16373, 14448],[16369.71, 14450.71],[16369.69, 14450.73],[16367, 14454]]],[[[16321.29, 14491.88],[16320.71, 14492.29],[16319, 14494],[16321.29, 14491.88]]],[[[16295, 14510],[16290.33, 14511.83],[16290, 14512],[16295, 14510]]],[[[16185.38, 7217.5],[16186, 7218],[16188, 7219],[16185.38, 7217.5]]],[[[16169.16, 7205.06],[16171.5, 7206.75],[16167, 7203],[16169.16, 7205.06]]],[[[16110.73, 14618.05],[16107.3, 14619.43],[16114, 14617],[16110.73, 14618.05]]],[[[16098.74, 14622.89],[16096, 14624],[16094, 14625],[16098.74, 14622.89]]],[[[16041.22, 7135.01],[16043.89, 7136.68],[16030, 7127],[16041.22, 7135.01]]],[[[16005, 7112],[16004.4, 7111.8],[16004.41, 7111.81],[16005, 7112]]],[[[15934.88, 14702.65],[15930.67, 14704.33],[15940, 14701],[15934.88, 14702.65]]],[[[15880.4, 14723.4],[15879.25, 14723.75],[15882, 14723],[15880.4, 14723.4]]],[[[15825.71, 14740.24],[15823.25, 14740.95],[15828, 14740],[15825.71, 14740.24]]],[[[15793, 14750],[15804, 14747],[15793, 14749.75],[15786, 14752],[15793, 14750]]],[[[15633.13, 6601.91],[15633.3, 6602.71],[15635, 6608],[15633.13, 6601.91]]],[[[15627, 6573],[15627.81, 6577.69],[15629, 6583.11],[15629, 6583],[15627, 6573]]],[[[15609.27, 6496.59],[15609.38, 6496.88],[15609, 6495],[15609.27, 6496.59]]],[[[15543, 6360],[15541, 6358],[15543.5, 6360.94],[15546, 6363],[15543, 6360]]],[[[15516, 6327],[15513, 6324],[15510, 6321],[15512.69, 6324.27],[15512.71, 6324.29],[15516, 6327]]],[[[15477.95, 14890.31],[15477.57, 14890.43],[15481, 14890],[15477.95, 14890.31]]],[[[15459.03, 6276.66],[15459.4, 6277.02],[15456, 6273],[15459.03, 6276.66]]],[[[15417.41, 14908.37],[15416.89, 14908.51],[15421, 14908],[15417.41, 14908.37]]],[[[15414, 6237],[15411, 6234],[15408, 6231],[15410.69, 6234.27],[15410.71, 6234.29],[15414, 6237]]],[[[15381.9, 14918.36],[15380.33, 14918.81],[15384, 14918],[15381.9, 14918.36]]],[[[15280.46, 14950.26],[15280.14, 14950.36],[15283, 14950],[15280.46, 14950.26]]],[[[15267, 6140.5],[15267.31, 6140.69],[15268, 6141],[15267, 6140.5]]],[[[15260.39, 14955.57],[15260.18, 14955.62],[15259, 14956],[15260.39, 14955.57]]],[[[15200, 14974],[15210, 14972],[15199.69, 14973.78],[15199, 14974],[15200, 14974]]],[[[15150.51, 14988.85],[15150.43, 14988.88],[15144, 14993],[15150.51, 14988.85]]],[[[15113, 15003],[15116, 15002],[15110.31, 15003.58],[15109, 15004],[15113, 15003]]],[[[15108.6, 6059.4],[15110.33, 6060.14],[15113, 6061],[15108.6, 6059.4]]],[[[15011.37, 15034.79],[15010.5, 15035],[15019, 15034],[15011.37, 15034.79]]],[[[15013.1, 6011.58],[15014.1, 6012.07],[15017, 6013],[15013.1, 6011.58]]],[[[14991.36, 15039.27],[14991.21, 15039.29],[14989, 15040],[14991.36, 15039.27]]],[[[14959.6, 5985.58],[14962.01, 5986.75],[14969, 5989],[14959.6, 5985.58]]],[[[14908.78, 5962.78],[14912, 5964],[14912.3, 5964.13],[14915, 5965],[14908.78, 5962.78]]],[[[14795, 5921],[14791, 5920],[14794.5, 5921.13],[14798, 5922],[14795, 5921]]],[[[14629.39, 15054.32],[14624, 15054],[14636, 15055],[14629.39, 15054.32]]],[[[14603.18, 5864.37],[14604.48, 5864.71],[14617, 5866],[14603.18, 5864.37]]],[[[14599.29, 15054.06],[14596.98, 15054.07],[14588, 15055],[14599.29, 15054.06]]],[[[14590.96, 5861.27],[14591.98, 5861.53],[14587, 5860],[14590.96, 5861.27]]],[[[14583.91, 5859.49],[14585.22, 5859.82],[14587, 5860],[14583.91, 5859.49]]],[[[14560.16, 5851.69],[14560.44, 5851.78],[14556, 5850],[14560.16, 5851.69]]],[[[14450.27, 5815.64],[14453.7, 5816.87],[14445, 5813],[14450.27, 5815.64]]],[[[14409, 5800],[14404.68, 5799.04],[14409.13, 5800.47],[14418, 5802],[14409, 5800]]],[[[14390, 5794],[14392.89, 5795.04],[14399, 5797],[14390, 5794]]],[[[14336.56, 15063.89],[14335.5, 15064],[14336, 15064],[14336.56, 15063.89]]],[[[14310.06, 5758.35],[14311.02, 5758.79],[14321, 5762],[14310.06, 5758.35]]],[[[14307, 15067],[14306.11, 15066.99],[14306, 15067],[14307, 15067]]],[[[14309, 15067],[14317, 15067],[14309.42, 15066.74],[14307, 15067],[14309, 15067]]],[[[14179, 5721.5],[14180.94, 5721.86],[14192, 5723],[14179, 5721.5]]],[[[14158.5, 5717.8],[14158.82, 5717.85],[14156, 5717],[14158.5, 5717.8]]],[[[14135.3, 15054.56],[14134.47, 15054.4],[14146, 15058],[14135.3, 15054.56]]],[[[14122.4, 15052.05],[14122.3, 15052.03],[14122, 15052],[14122.4, 15052.05]]],[[[14074.72, 15044.3],[14073.93, 15044.18],[14080, 15046],[14074.72, 15044.3]]],[[[14055.7, 15041.35],[14052.98, 15040.93],[14044, 15040],[14055.7, 15041.35]]],[[[14041.24, 15039.11],[14040.84, 15039.05],[14044, 15040],[14041.24, 15039.11]]],[[[14051.86, 5705.57],[14049, 5705],[14048, 5705],[14048.69, 5705.22],[14048.8, 5705.24],[14051.86, 5705.57]]],[[[14022, 5702],[14019, 5702],[14021.68, 5702.28],[14030, 5702],[14022, 5702]]],[[[13992, 15031],[13994, 15031],[13991.88, 15030.73],[13984, 15031],[13992, 15031]]],[[[13966, 15028],[13965.31, 15027.78],[13957.62, 15026.45],[13956.67, 15026.33],[13965, 15028],[13966, 15028]]],[[[13919.83, 15018.73],[13918.91, 15018.53],[13930, 15022],[13919.83, 15018.73]]],[[[13908.42, 15016.3],[13907.94, 15016.2],[13906, 15016],[13908.42, 15016.3]]],[[[13901.92, 15014.69],[13900.8, 15014.4],[13906, 15016],[13901.92, 15014.69]]],[[[13890.24, 15011.68],[13888.94, 15011.34],[13876, 15010],[13890.24, 15011.68]]],[[[13859.33, 5706.46],[13859.55, 5706.43],[13864, 5705],[13859.33, 5706.46]]],[[[13843.28, 5710.66],[13843.67, 5710.54],[13840, 5711],[13843.28, 5710.66]]],[[[13737, 5747],[13727, 5749],[13737.31, 5747.22],[13738, 5747],[13737, 5747]]],[[[13698.89, 5758.7],[13699.03, 5758.66],[13696, 5759],[13698.89, 5758.7]]],[[[13679, 14939],[13676.65, 14937.49],[13673, 14936],[13675, 14937],[13679, 14939]]],[[[13686.2, 14941.4],[13685.23, 14941],[13679, 14939],[13686.2, 14941.4]]],[[[13659.47, 5769.81],[13660.5, 5769.53],[13648, 5771],[13659.47, 5769.81]]],[[[13657.79, 14930.62],[13656.82, 14930.31],[13655, 14930],[13657.79, 14930.62]]],[[[13532, 14890],[13539.78, 14892.33],[13530.54, 14889.3],[13523, 14888],[13532, 14890]]],[[[13508.21, 14881.98],[13506.7, 14881.48],[13523, 14888],[13508.21, 14881.98]]],[[[13363.76, 5913.61],[13364.25, 5913.47],[13360, 5914],[13363.76, 5913.61]]],[[[13333, 14791],[13331.37, 14789.3],[13331, 14789],[13333, 14791]]],[[[13334, 14792],[13337, 14795],[13335.3, 14792.94],[13333, 14791],[13334, 14792]]],[[[13313, 14771],[13316, 14774],[13319, 14777],[13316.29, 14773.71],[13316.27, 14773.69],[13313, 14771]]],[[[13322, 14780],[13325, 14783],[13323.16, 14780.77],[13321.58, 14779.12],[13319, 14777],[13322, 14780]]],[[[13224.67, 5986.5],[13225.88, 5985.75],[13228, 5984],[13224.67, 5986.5]]],[[[13201.1, 6000.65],[13201.16, 6000.61],[13200, 6001],[13201.1, 6000.65]]],[[[13103, 14603],[13106, 14606],[13109, 14609],[13106.29, 14605.71],[13106.27, 14605.69],[13103, 14603]]],[[[13112, 14612],[13115, 14615],[13112.29, 14611.71],[13112.27, 14611.69],[13109, 14609],[13112, 14612]]],[[[13082.5, 6083.5],[13083.96, 6082.27],[13085, 6081],[13082.5, 6083.5]]],[[[12900, 14388],[12905, 14394],[12899.83, 14387.75],[12898, 14386],[12900, 14388]]],[[[12741, 14192],[12748, 14197],[12741.34, 14191.5],[12739, 14190],[12741, 14192]]],[[[12664, 6389],[12665.66, 6387.42],[12666, 6387],[12664, 6389]]],[[[12666.12, 6386.9],[12671, 6381],[12666, 6387],[12666.12, 6386.9]]],[[[12605.33, 6441.67],[12605.68, 6441.38],[12606, 6441],[12605.33, 6441.67]]],[[[12576, 6466],[12570, 6471],[12576.25, 6465.83],[12578, 6464],[12576, 6466]]],[[[12548.9, 13967.5],[12543.13, 13963.13],[12544, 13964],[12548.9, 13967.5]]],[[[12352, 6672],[12341.5, 6679.64],[12343.86, 6678.09],[12344, 6678],[12344.03, 6677.98],[12356.66, 6668.89],[12365, 6662],[12352, 6672]]],[[[12213, 13623],[12214, 13624],[12212, 13621.64],[12210, 13620],[12213, 13623]]],[[[12115.32, 13445.25],[12115.01, 13444.7],[12107, 13435],[12115.32, 13445.25]]],[[[12103.32, 6883.25],[12104.18, 6882.23],[12107, 6878],[12103.32, 6883.25]]],[[[12095.82, 6892.22],[12096, 6892],[12095, 6893],[12095.82, 6892.22]]],[[[12074.87, 6922.65],[12075, 6922.33],[12074, 6924],[12074.87, 6922.65]]],[[[11899, 7197],[11897, 7199],[11898.83, 7197.25],[11904, 7191],[11899, 7197]]],[[[11864.83, 7241.66],[11864.88, 7241.6],[11862, 7244],[11864.83, 7241.66]]],[[[11813.41, 13209.2],[11812.64, 13209.04],[11819, 13211],[11813.41, 13209.2]]],[[[11816.88, 7322.63],[11816.9, 7322.56],[11817, 7322],[11816.88, 7322.63]]],[[[11786.51, 13203.43],[11784, 13203],[11788.17, 13203.83],[11786.51, 13203.43]]],[[[11767, 7446],[11767, 7447],[11767.22, 7446.31],[11769, 7436],[11767, 7446]]],[[[11777.29, 7415.65],[11782, 7401],[11777, 7416],[11769, 7436],[11777.29, 7415.65]]],[[[11765, 7458],[11761, 7471],[11765.23, 7457.82],[11765.89, 7453.98],[11765, 7458]]],[[[11753.8, 8207.42],[11753.5, 8206],[11755, 8219],[11753.8, 8207.42]]],[[[11749, 8831],[11750, 8836],[11749.77, 8833.88],[11749.22, 8830.69],[11749, 8830],[11749, 8831]]],[[[11749.11, 9917.54],[11749, 9916.4],[11749, 9917],[11749.11, 9917.54]]],[[[11746, 8804],[11746, 8812],[11746.28, 8803.68],[11746, 8801],[11746, 8804]]],[[[11746, 9890],[11746, 9898],[11746.28, 9889.68],[11746, 9887],[11746, 9890]]],[[[11746.21, 8169.27],[11746.09, 8168.59],[11743, 8159],[11746.21, 8169.27]]],[[[11743, 7530],[11743, 7531],[11743.22, 7530.31],[11745, 7520],[11743, 7530]]],[[[11737, 7555],[11740.79, 7543.2],[11741.19, 7541.15],[11741, 7542],[11737, 7555]]],[[[11740, 10195],[11740, 10198],[11740.29, 10195.2],[11740, 10191],[11740, 10195]]],[[[11738.59, 8761.62],[11738.2, 8760],[11739, 8764],[11738.59, 8761.62]]],[[[11736.51, 8937.89],[11736.64, 8937.45],[11737, 8934],[11736.51, 8937.89]]],[[[11734, 8735],[11734.23, 8728.04],[11734, 8725.75],[11734, 8727],[11734, 8735]]],[[[11731, 7590],[11731, 7591],[11731.22, 7590.31],[11733, 7580],[11731, 7590]]],[[[11734.13, 7577.21],[11734.15, 7577.13],[11733, 7580],[11734.13, 7577.21]]],[[[11732, 10261.9],[11732.05, 10261.58],[11731, 10265],[11732, 10261.9]]],[[[11731.25, 8699.86],[11731.23, 8699.72],[11731, 8699],[11731.25, 8699.86]]],[[[11729.83, 8093.07],[11729.7, 8092.62],[11727, 8086],[11729.83, 8093.07]]],[[[11725.86, 8079.42],[11725.29, 8077.43],[11727, 8086],[11725.86, 8079.42]]],[[[11728, 7611],[11728.06, 7610.68],[11728, 7609],[11728, 7611]]],[[[11725, 10300],[11725, 10301],[11725.22, 10300.31],[11727, 10290],[11725, 10300]]],[[[11726.78, 9802.22],[11726.24, 9799.86],[11725, 9796],[11726.78, 9802.22]]],[[[11722, 10323],[11722.11, 10322.15],[11722, 10319],[11722, 10323]]],[[[11720.63, 10333.88],[11719, 10342],[11719, 10343],[11719.22, 10342.31],[11720.47, 10335.09],[11720.63, 10333.88]]],[[[11716, 10369],[11716, 10369.33],[11716.22, 10367.62],[11716, 10361],[11716, 10369]]],[[[11707, 9731],[11709, 9741],[11707.22, 9730.69],[11707, 9730],[11707, 9731]]],[[[11716.14, 9758.86],[11715.88, 9757.88],[11709, 9741],[11716.14, 9758.86]]],[[[11713, 10391],[11713.5, 10387.5],[11713, 10390],[11713, 10391]]],[[[11710, 10417],[11710, 10420],[11710.28, 10417.32],[11710, 10409],[11710, 10417]]],[[[11708.69, 10453.56],[11707, 10462],[11707, 10463],[11707.22, 10462.31],[11708.58, 10454.4],[11708.69, 10453.56]]],[[[11707, 10654],[11707.53, 10656.65],[11707.2, 10653.64],[11707, 10653],[11707, 10654]]],[[[11704, 9715],[11706.66, 9727.42],[11705.09, 9718.33],[11703.28, 9711.68],[11703, 9711],[11704, 9715]]],[[[11702.84, 9710.09],[11702.75, 9709.75],[11703, 9711],[11702.84, 9710.09]]],[[[11704, 10489],[11704, 10492],[11704.28, 10489.32],[11704, 10481],[11704, 10489]]],[[[11704, 10627],[11704, 10635],[11704.28, 10626.68],[11704, 10624],[11704, 10627]]],[[[11697.18, 9677.27],[11697.06, 9676.4],[11695, 9670],[11697.18, 9677.27]]],[[[11696.33, 9070.33],[11695, 9077],[11695, 9078],[11695.22, 9077.31],[11695.59, 9075.17],[11696.33, 9070.33]]],[[[11692, 9097.25],[11692.04, 9097.06],[11692, 9096],[11692, 9097.25]]],[[[11691.34, 9100.71],[11691.61, 9099.3],[11689, 9108],[11691.34, 9100.71]]],[[[11683.2, 9142],[11684.26, 9137.3],[11685, 9133],[11683.2, 9142]]],[[[11685.36, 9132.12],[11685.36, 9132.09],[11685, 9133],[11685.36, 9132.12]]],[[[11683, 9587],[11685, 9597],[11683.06, 9586.18],[11683, 9586],[11683, 9587]]],[[[11677, 9167],[11677, 9168],[11677.22, 9167.31],[11679, 9157],[11677, 9167]]],[[[11680.84, 9152.47],[11681.06, 9151.5],[11679, 9157],[11680.84, 9152.47]]],[[[11677.12, 9550.41],[11677.11, 9550.34],[11677, 9550],[11677.12, 9550.41]]],[[[11660, 13136],[11659.06, 13134.88],[11658, 13134],[11660, 13136]]],[[[11661, 13137],[11664, 13140],[11662.73, 13138.46],[11660, 13136],[11661, 13137]]],[[[11667, 13143],[11670, 13146],[11667.31, 13142.73],[11667.29, 13142.71],[11664, 13140],[11667, 13143]]],[[[11673, 13149],[11676, 13152],[11673.31, 13148.73],[11673.29, 13148.71],[11670, 13146],[11673, 13149]]],[[[11656, 9404],[11656, 9408],[11656.29, 9403.8],[11656, 9401],[11656, 9404]]],[[[11653, 9275.5],[11653.2, 9274],[11653, 9275],[11653, 9275.5]]],[[[11650, 9302],[11650, 9305],[11650.28, 9302.32],[11650, 9294],[11650, 9302]]],[[[11581, 11128],[11581, 11129],[11581.22, 11128.31],[11583, 11118],[11581, 11128]]],[[[11190, 11289],[11181, 11281],[11189.08, 11288.69],[11190.45, 11289.89],[11193, 11292],[11190, 11289]]],[[[11128.79, 12839.49],[11128.48, 12839.65],[11130, 12839],[11128.79, 12839.49]]],[[[11081, 12867],[11082.46, 12865.54],[11079.49, 12867.46],[11074, 12872],[11081, 12867]]],[[[11045, 12891],[11047, 12889],[11044.66, 12890.5],[11038, 12896],[11045, 12891]]],[[[10943, 12981],[10946.78, 12975.7],[10942.46, 12980.73],[10941, 12983],[10943, 12981]]],[[[10919.22, 13006.33],[10919.15, 13006.4],[10917, 13009],[10919.22, 13006.33]]],[[[10871, 13047],[10873, 13045],[10870.66, 13046.5],[10864, 13052],[10871, 13047]]],[[[10757.32, 13098.48],[10756.69, 13098.63],[10762, 13098],[10757.32, 13098.48]]],[[[10734.2, 13103.32],[10734.06, 13103.34],[10732, 13104],[10734.2, 13103.32]]],[[[10502.93, 13103.02],[10502.47, 13102.94],[10506, 13104],[10502.93, 13103.02]]],[[[10490.5, 13101],[10490.08, 13100.93],[10488, 13101],[10490.5, 13101]]],[[[10469, 13098],[10470, 13098],[10469.31, 13097.78],[10459, 13096],[10469, 13098]]],[[[10418, 13089],[10421, 13089],[10418.09, 13088.72],[10414, 13089],[10418, 13089]]],[[[10333.44, 13078.53],[10331.88, 13078.25],[10338, 13080],[10333.44, 13078.53]]],[[[10213.23, 11246.04],[10214.2, 11246.2],[10210, 11245],[10213.23, 11246.04]]],[[[10170.24, 13041.25],[10168, 13040],[10176, 13046],[10170.24, 13041.25]]],[[[10118, 11227],[10112, 11226],[10118, 11227.45],[10127, 11229],[10118, 11227]]],[[[10066.41, 11216.46],[10067.35, 11216.74],[10053, 11211],[10066.41, 11216.46]]],[[[9965, 12902],[9980, 12910],[9964.64, 12901.73],[9963, 12901],[9965, 12902]]],[[[9924.02, 11173.33],[9924.26, 11173.36],[9923, 11173],[9924.02, 11173.33]]],[[[9883.14, 11167.69],[9883.69, 11167.77],[9881, 11167],[9883.14, 11167.69]]],[[[9788, 12799],[9791, 12802],[9794, 12805],[9791.29, 12801.71],[9791.27, 12801.69],[9788, 12799]]],[[[9753, 11156.29],[9754.25, 11156.5],[9749, 11155],[9753, 11156.29]]],[[[9715.15, 11149.69],[9715.8, 11149.8],[9713, 11149],[9715.15, 11149.69]]],[[[9622.51, 12499.38],[9621.29, 12496.54],[9624, 12504],[9622.51, 12499.38]]],[[[9592.59, 12424.64],[9592.46, 12424.3],[9593, 12427],[9592.59, 12424.64]]],[[[9522, 11143],[9521, 11143],[9521.69, 11143.22],[9532, 11145],[9522, 11143]]],[[[9495, 11140],[9493.57, 11140],[9495.49, 11140.25],[9503, 11140],[9495, 11140]]],[[[9473.49, 12166.42],[9473.4, 12166.2],[9474, 12168],[9473.49, 12166.42]]],[[[9447, 12100],[9449, 12109],[9447.71, 12101.52],[9445.27, 12093.28],[9441, 12080],[9447, 12100]]],[[[9429, 11961],[9431, 11971],[9429.22, 11960.69],[9429, 11960],[9429, 11961]]],[[[9426.21, 11935.74],[9426, 11934.22],[9426, 11942],[9426.21, 11935.74]]],[[[9318.22, 11734.52],[9318.12, 11734.41],[9314, 11731],[9318.22, 11734.52]]],[[[9307.13, 10980.74],[9307.33, 10981.33],[9307, 10980],[9307.13, 10980.74]]],[[[9270.32, 10897.99],[9270.35, 10898.04],[9270, 10897],[9270.32, 10897.99]]],[[[9255.5, 11666.25],[9260, 11670],[9259.75, 11669.75],[9255.77, 11666.46],[9255.5, 11666.25]]],[[[9220, 11638],[9223, 11641],[9220.38, 11637.97],[9218, 11636],[9220, 11638]]],[[[9234, 11650],[9241, 11655],[9240.05, 11654.21],[9228, 11645],[9226.66, 11643.75],[9223, 11641],[9234, 11650]]],[[[9220, 10824],[9217, 10821],[9214, 10818],[9216.71, 10821.29],[9216.73, 10821.31],[9220, 10824]]],[[[8814, 10807],[8804, 10809],[8814.31, 10807.22],[8815, 10807],[8814, 10807]]],[[[8747.06, 10836.45],[8747.53, 10836.21],[8749, 10835],[8747.06, 10836.45]]],[[[8741.23, 10839.28],[8741.4, 10839.2],[8739, 10840],[8741.23, 10839.28]]],[[[8648.29, 10955.07],[8648.41, 10954.65],[8649, 10949],[8648.29, 10955.07]]],[[[8645.23, 10972.05],[8645.35, 10971.35],[8643, 10979],[8645.23, 10972.05]]],[[[8643, 11062],[8645, 11072],[8643.22, 11061.69],[8643, 11061],[8643, 11062]]],[[[8640, 11035],[8640, 11043],[8640.28, 11034.68],[8640, 11032],[8640, 11035]]]]},"properties":{"objectType":"annotation","name":"B15XO_D1 Other Tissue","classification":{"name":"Other Tissue","color":[209, 236, 2]}}},{"type":"Feature","id":"553e23b6-9bc8-4409-930c-2cca2d87e1a9","geometry":{"type":"Polygon","coordinates":[[[8640, 11008],[8640, 11014],[8640, 11020],[8640, 11026],[8640, 11032],[8640.28, 11034.68],[8640, 11043],[8642.84, 11059.5],[8643, 11061],[8643.22, 11061.69],[8645, 11072],[8656, 11099],[8662, 11111],[8666.57, 11118.14],[8671, 11127],[8677, 11139],[8696, 11162],[8702, 11168],[8708, 11174],[8711, 11177],[8713, 11181],[8732, 11204],[8755, 11223],[8781, 11236],[8797.8, 11241.4],[8799, 11242],[8814.6, 11249.8],[8820.56, 11254.72],[8824, 11258],[8826.34, 11259.5],[8832.22, 11264.36],[8832.84, 11265.4],[8834, 11268],[8836.62, 11271.69],[8844, 11284],[8856, 11300],[8871, 11325],[8889, 11349],[8899.56, 11358.12],[8902, 11363],[8906.57, 11370.14],[8911, 11379],[8916.5, 11385.66],[8918, 11388],[8921.28, 11391.44],[8923.67, 11394.33],[8926, 11399],[8930.57, 11406.14],[8935, 11415],[8940.5, 11421.66],[8942, 11424],[8945.28, 11427.44],[8954, 11438],[8957, 11441],[8959, 11445],[8978, 11468],[8990, 11480],[8996, 11486],[9002, 11492],[9025, 11511],[9037, 11517],[9049, 11523],[9051, 11524],[9055.6, 11526.3],[9058, 11528],[9067, 11532],[9075, 11536],[9078.61, 11537.16],[9085, 11540],[9091, 11542],[9095, 11544],[9102.85, 11547.92],[9102.87, 11547.93],[9109, 11553],[9116.9, 11556.95],[9118, 11558],[9120.33, 11559.49],[9127, 11565],[9135.86, 11569.43],[9136.74, 11570],[9153.01, 11583.01],[9158, 11588],[9181, 11607],[9205, 11623],[9218, 11636],[9220.38, 11637.97],[9223, 11641],[9234.43, 11649.57],[9241, 11655],[9243, 11656],[9247, 11659],[9251.05, 11661.43],[9254, 11665],[9259.75, 11669.75],[9266, 11676],[9268.8, 11677.86],[9268.81, 11677.87],[9278, 11689],[9290, 11701],[9293, 11704],[9295, 11708],[9300.5, 11714.66],[9302, 11717],[9305.28, 11720.44],[9314, 11731],[9320.09, 11736.03],[9320.47, 11736.4],[9322, 11738],[9322.59, 11738.42],[9326.66, 11742.3],[9334, 11750],[9337, 11756],[9343, 11768],[9362, 11791],[9365.27, 11793.69],[9365.29, 11793.71],[9368, 11797],[9374, 11803],[9375.31, 11804.31],[9376, 11806],[9388, 11830],[9395, 11844],[9400, 11854],[9402.42, 11857.79],[9409, 11870],[9417, 11882],[9418, 11884],[9419.39, 11886.17],[9422, 11894],[9423.8, 11898.06],[9425, 11905],[9426, 11907.46],[9426, 11913],[9426, 11931],[9426.28, 11933.68],[9426, 11942],[9428.84, 11958.5],[9429, 11960],[9429.22, 11960.69],[9431, 11971],[9432.89, 11975.65],[9435, 11996],[9438, 12005.32],[9438, 12009],[9438, 12021],[9438, 12033],[9438, 12039],[9438, 12045],[9438, 12051],[9441, 12080],[9447.47, 12100.13],[9449, 12109],[9460, 12136],[9461, 12138],[9466, 12148],[9468.42, 12151.79],[9469.33, 12153.47],[9469.34, 12153.49],[9474, 12168],[9487, 12194],[9499.67, 12209.34],[9502, 12214],[9502.74, 12215.47],[9503, 12217],[9512.94, 12241.38],[9512.94, 12241.39],[9513, 12242],[9522, 12270],[9528, 12282],[9534, 12294],[9535, 12296],[9541, 12308],[9547, 12320],[9550.96, 12324.79],[9551, 12325],[9562, 12352],[9567, 12362],[9576, 12390],[9588, 12414],[9589, 12416],[9592.21, 12422.42],[9593, 12427],[9604, 12454],[9604.74, 12455.47],[9605, 12457],[9616, 12484],[9620.4, 12492.8],[9624, 12504],[9630, 12516],[9636, 12528],[9636.6, 12529.2],[9642, 12546],[9655, 12572],[9660.06, 12578.12],[9664, 12586],[9668.57, 12593.14],[9673, 12602],[9678.5, 12608.66],[9680, 12611],[9683.28, 12614.44],[9692, 12625],[9696.33, 12629.33],[9701, 12641],[9704, 12650],[9706.84, 12656.39],[9708, 12660],[9712, 12668],[9716, 12677],[9717.7, 12679.4],[9721, 12686],[9730, 12710],[9732, 12714],[9743, 12736],[9744, 12738],[9745, 12740],[9757, 12764],[9776, 12787],[9782, 12793],[9788, 12799],[9791.27, 12801.69],[9791.29, 12801.71],[9794, 12805],[9817, 12824],[9843, 12837],[9859.8, 12842.4],[9861, 12843],[9864.61, 12844.16],[9871, 12847],[9875.16, 12848.38],[9876.6, 12849.31],[9879, 12851],[9883, 12853.4],[9890.76, 12858.37],[9900, 12866],[9924, 12878],[9926, 12879],[9932.86, 12882.43],[9940, 12887],[9942, 12888],[9954, 12896],[9962.09, 12900.36],[9963, 12901],[9964.64, 12901.73],[9980, 12910],[9987.88, 12912.25],[9990, 12914],[10016, 12927],[10032.8, 12932.4],[10036, 12934],[10039, 12937],[10062, 12956],[10067.6, 12958.8],[10086, 12974],[10098, 12980],[10106.86, 12984.43],[10114, 12989],[10115.93, 12989.97],[10115.94, 12989.97],[10115.97, 12990.02],[10123, 13001],[10125.93, 13004.07],[10128, 13007],[10135.68, 13014.32],[10143, 13022],[10145.93, 13024.07],[10149, 13027],[10159.98, 13034.02],[10167, 13039],[10168.14, 13039.51],[10176, 13046],[10202, 13059],[10230, 13068],[10259, 13071],[10265, 13071],[10291.88, 13068.22],[10305.48, 13070.56],[10309, 13072],[10313.14, 13072.71],[10320, 13075],[10331, 13077.75],[10338, 13080],[10341.41, 13080.35],[10348, 13082],[10361.77, 13082.46],[10367, 13083],[10381, 13083],[10385, 13084],[10386.68, 13084.29],[10392, 13086],[10403.5, 13087.19],[10414, 13089],[10418.2, 13088.71],[10421, 13089],[10429, 13089],[10433, 13090],[10434.68, 13090.29],[10440, 13092],[10451.5, 13093.19],[10452.55, 13093.37],[10459, 13096],[10469.31, 13097.78],[10470, 13098],[10471.5, 13098.16],[10488, 13101],[10495.84, 13100.74],[10506, 13104],[10535, 13107],[10703, 13107],[10732, 13104],[10745.29, 13099.73],[10762, 13098],[10790, 13089],[10802, 13083],[10814, 13077],[10816, 13076],[10825.2, 13071.4],[10836, 13067],[10848, 13061],[10855.14, 13056.43],[10864, 13052],[10870.66, 13046.5],[10873, 13045],[10876.44, 13041.72],[10887, 13033],[10890, 13030],[10894, 13028],[10917, 13009],[10922, 13002.95],[10922.74, 13002.17],[10929, 12997],[10937.72, 12986.44],[10941, 12983],[10942.5, 12980.66],[10948, 12974],[10950, 12970],[10953, 12967],[10959, 12961],[10975.29, 12941.29],[10983.72, 12934.33],[10987, 12932],[10988.74, 12930.18],[10990.42, 12928.79],[10996, 12926],[11007.67, 12916.36],[11011, 12914],[11012.75, 12912.17],[11019, 12907],[11019.7, 12906.15],[11022, 12905],[11029.14, 12900.43],[11038, 12896],[11044.66, 12890.5],[11047, 12889],[11050.44, 12885.72],[11053.33, 12883.33],[11058, 12881],[11065.14, 12876.43],[11074, 12872],[11080.66, 12866.5],[11083, 12865],[11084.1, 12863.95],[11092, 12860],[11098.13, 12854.93],[11106, 12851],[11118, 12845],[11122.77, 12841.94],[11130, 12839],[11142, 12833],[11149.14, 12828.43],[11158, 12824],[11170, 12818],[11193, 12799],[11195.69, 12795.73],[11195.71, 12795.71],[11199, 12793],[11205, 12787],[11211, 12781],[11217, 12775],[11223, 12769],[11225.69, 12765.73],[11225.71, 12765.71],[11229, 12763],[11235, 12757],[11243.12, 12747.16],[11243.14, 12747.14],[11253, 12739],[11272, 12716],[11276, 12710],[11277, 12709],[11283, 12703],[11291.72, 12692.44],[11295, 12689],[11296.5, 12686.66],[11302, 12680],[11306.4, 12671.2],[11314, 12662],[11318.4, 12653.2],[11326, 12644],[11339, 12618],[11348, 12590],[11348.81, 12582.15],[11348.81, 12582.14],[11354, 12566],[11355.73, 12549.29],[11360, 12536],[11360.44, 12531.74],[11364, 12523],[11365.78, 12512.69],[11366, 12512],[11366.16, 12510.5],[11369, 12494],[11368.82, 12488.54],[11373, 12476],[11375.75, 12465],[11378, 12458],[11378.35, 12454.59],[11380, 12448],[11380.4, 12435.79],[11383, 12428.01],[11387, 12420],[11396, 12392],[11396.89, 12383.36],[11406, 12361],[11407.52, 12352.2],[11408.74, 12349.15],[11412, 12372],[11412.3, 12373.25],[11413, 12380],[11416, 12395],[11416, 12399],[11419, 12428],[11422, 12443],[11422, 12453],[11422, 12459],[11422, 12465],[11422, 12483],[11422, 12489],[11422, 12501],[11422, 12513],[11422, 12519],[11422, 12525],[11422, 12531],[11422, 12537],[11422, 12543],[11422, 12549],[11422, 12555],[11422, 12561],[11422, 12567],[11422, 12573],[11422, 12579],[11422, 12585],[11422, 12591],[11422, 12597],[11425, 12626],[11429.27, 12639.28],[11431, 12656],[11437.47, 12676.13],[11439, 12685],[11444.02, 12697.33],[11445, 12703],[11446.89, 12707.63],[11446.9, 12707.65],[11449, 12728],[11458, 12756],[11458.6, 12757.2],[11460.19, 12762.12],[11460.19, 12762.14],[11461, 12770],[11466.19, 12786.12],[11466.19, 12786.14],[11467, 12794],[11476, 12822],[11482.6, 12835.2],[11488, 12852],[11488.6, 12853.2],[11494, 12870],[11500.6, 12883.2],[11506, 12900],[11519, 12926],[11526.6, 12935.2],[11531, 12944],[11538.6, 12953.21],[11549, 12974],[11568, 12997],[11574, 13003],[11580, 13009],[11586, 13015],[11598, 13027],[11604, 13033],[11607.27, 13035.69],[11607.29, 13035.71],[11610, 13039],[11613.27, 13041.69],[11613.29, 13041.71],[11615.72, 13044.66],[11617, 13057],[11626, 13085],[11639, 13111],[11658, 13134],[11661.29, 13136.71],[11661.31, 13136.73],[11664, 13140],[11667.29, 13142.71],[11667.31, 13142.73],[11670, 13146],[11673.29, 13148.71],[11673.31, 13148.73],[11676, 13152],[11682, 13158],[11705, 13177],[11731, 13190],[11759, 13199],[11779.35, 13201.11],[11784, 13203],[11794.31, 13204.78],[11795, 13205],[11796.49, 13205.15],[11805.82, 13206.76],[11819, 13211],[11848, 13214],[11854, 13214],[11883, 13211],[11892.74, 13207.87],[11893, 13208],[11921, 13217],[11931.1, 13218.05],[11935, 13220],[11947, 13226],[11953.46, 13228.08],[11957, 13231],[11983, 13244],[11997.65, 13248.71],[12018, 13257],[12022.58, 13257.79],[12036.58, 13264.8],[12038.31, 13268.01],[12039, 13272],[12045.1, 13286.97],[12048, 13296],[12048.93, 13297.45],[12052, 13307],[12052.6, 13308.2],[12058, 13325],[12064, 13337],[12070, 13349],[12070.6, 13350.2],[12076, 13367],[12082, 13379],[12082.6, 13380.2],[12088, 13397],[12094, 13409],[12101, 13423],[12107, 13435],[12120.26, 13451.05],[12125.27, 13460.36],[12126, 13462],[12126.64, 13462.91],[12129.94, 13469.03],[12134, 13479],[12140, 13491],[12144.57, 13498.14],[12149, 13507],[12150.67, 13509.02],[12156, 13525],[12158.84, 13531.39],[12160, 13535],[12164, 13543],[12168, 13552],[12169.7, 13554.4],[12173, 13561],[12175.92, 13564.54],[12178, 13571],[12191, 13597],[12210, 13620],[12213.27, 13622.69],[12213.29, 13622.71],[12216, 13626],[12219.27, 13628.69],[12219.29, 13628.71],[12222, 13632],[12245, 13651],[12252.9, 13654.95],[12254, 13656],[12256.33, 13657.49],[12263, 13663],[12268.6, 13665.8],[12287, 13681],[12305, 13693],[12309.34, 13695.34],[12312, 13698],[12321.84, 13706.12],[12321.86, 13706.14],[12330, 13716],[12353, 13735],[12365, 13741],[12369.88, 13743.44],[12369.89, 13743.44],[12372, 13746],[12378, 13752],[12381, 13755],[12383, 13759],[12388.5, 13765.66],[12390, 13768],[12393.28, 13771.44],[12402, 13782],[12411, 13791],[12419, 13807],[12438, 13830],[12444.57, 13835.43],[12446.2, 13837.4],[12449, 13843],[12468, 13866],[12471, 13869],[12473, 13873],[12479, 13885],[12486.6, 13894.2],[12491, 13903],[12497, 13915],[12516, 13938],[12528, 13950],[12538.56, 13958.72],[12542, 13962],[12544.34, 13963.5],[12551, 13969],[12556.6, 13971.8],[12575, 13987],[12583.72, 13992.82],[12588, 13998],[12591.29, 14000.71],[12594, 14004],[12604.56, 14012.72],[12608, 14016],[12608.18, 14016.12],[12618, 14028],[12621.27, 14030.69],[12621.29, 14030.71],[12624, 14034],[12630, 14040],[12636, 14046],[12641.88, 14051.88],[12642, 14053],[12651, 14081],[12664, 14107],[12679.2, 14125.4],[12682, 14131],[12701, 14154],[12707, 14160],[12710.27, 14162.69],[12710.29, 14162.71],[12713, 14166],[12719, 14172],[12722.29, 14174.71],[12725, 14178],[12735.56, 14186.72],[12739, 14190],[12741.34, 14191.5],[12748, 14197],[12756.86, 14201.43],[12764, 14206],[12766.3, 14207.15],[12767, 14208],[12777.56, 14216.72],[12781, 14220],[12783.34, 14221.5],[12784.89, 14222.78],[12790, 14233],[12797.6, 14242.2],[12801, 14249],[12802, 14251],[12808, 14263],[12814, 14275],[12821.6, 14284.2],[12826, 14293],[12833.6, 14302.2],[12838, 14311],[12845.59, 14320.18],[12850, 14329],[12855.51, 14335.67],[12857, 14338],[12860.28, 14341.44],[12869, 14352],[12872.3, 14354.73],[12875, 14358],[12878.27, 14360.69],[12878.29, 14360.71],[12881, 14364],[12881.74, 14364.61],[12886, 14371],[12895.65, 14382.68],[12898, 14386],[12899.83, 14387.75],[12905, 14394],[12911.56, 14399.42],[12919.5, 14409.99],[12925, 14421],[12929.57, 14428.14],[12934, 14437],[12939.5, 14443.66],[12941, 14446],[12943.1, 14448.21],[12946, 14454],[12965, 14477],[12988, 14496],[13000, 14502],[13014, 14509],[13026, 14515],[13054, 14524],[13058.26, 14524.44],[13062, 14525.97],[13062, 14526],[13071, 14554],[13084, 14580],[13103, 14603],[13106.27, 14605.69],[13106.29, 14605.71],[13109, 14609],[13112.27, 14611.69],[13112.29, 14611.71],[13115, 14615],[13124.84, 14623.12],[13124.86, 14623.14],[13133, 14633],[13156, 14652],[13173.6, 14660.8],[13192, 14676],[13204, 14682],[13218, 14689],[13228, 14694],[13230, 14695],[13240, 14700],[13254, 14707],[13260.8, 14710.4],[13270, 14718],[13275.6, 14720.8],[13278.66, 14723.33],[13282, 14730],[13289.6, 14739.2],[13294, 14748],[13313, 14771],[13316.27, 14773.69],[13316.29, 14773.71],[13319, 14777],[13322.27, 14779.69],[13322.29, 14779.71],[13325, 14783],[13331, 14789],[13334.27, 14791.69],[13334.29, 14791.71],[13337, 14795],[13360, 14814],[13372, 14820],[13386, 14827],[13392.8, 14830.4],[13402, 14838],[13428, 14851],[13444.8, 14856.4],[13446, 14857],[13458, 14863],[13470, 14869],[13486.8, 14874.4],[13488, 14875],[13502.65, 14879.71],[13523, 14888],[13531.86, 14889.53],[13531.88, 14889.53],[13552, 14896],[13554.52, 14896.26],[13560, 14899],[13588, 14908],[13590.52, 14908.26],[13596, 14911],[13624, 14920],[13632.64, 14920.89],[13655, 14930],[13663.86, 14931.53],[13663.88, 14931.53],[13667.2, 14932.6],[13675.43, 14936.71],[13679, 14939],[13688.05, 14941.91],[13703, 14948],[13707.58, 14948.79],[13716, 14953],[13732.8, 14958.4],[13734, 14959],[13758, 14971],[13774.8, 14976.4],[13776, 14977],[13792.8, 14982.4],[13794, 14983],[13822, 14992],[13824.52, 14992.26],[13830, 14995],[13846.8, 15000.4],[13848, 15001],[13876, 15010],[13892.71, 15011.73],[13906, 15016],[13913.85, 15016.81],[13913.86, 15016.81],[13930, 15022],[13950.35, 15024.11],[13955, 15026],[13965.31, 15027.78],[13966, 15028],[13967.5, 15028.16],[13984, 15031],[13992.32, 15030.72],[13995, 15031],[14000.55, 15031],[14003, 15032],[14013.31, 15033.78],[14014, 15034],[14015.5, 15034.16],[14032, 15037],[14034.41, 15036.92],[14044, 15040],[14069.54, 15042.64],[14069.56, 15042.64],[14080, 15046],[14109, 15049],[14112.67, 15049],[14122, 15052],[14129.85, 15052.81],[14129.86, 15052.81],[14146, 15058],[14175, 15061],[14201.67, 15061],[14211, 15064],[14240, 15067],[14306, 15067],[14308.68, 15066.72],[14317, 15067],[14333.5, 15064.16],[14335, 15064],[14335.69, 15063.78],[14346, 15062],[14348.45, 15061],[14372, 15061],[14401, 15058],[14410.31, 15055],[14588, 15055],[14612, 15052.52],[14636, 15055],[14834, 15055],[14863, 15052],[14872.32, 15049],[14894, 15049],[14923, 15046],[14932.32, 15043],[14960, 15043],[14989, 15040],[15002.28, 15035.73],[15019, 15034],[15047, 15025],[15048.2, 15024.4],[15065, 15019],[15082.48, 15010.26],[15085, 15010],[15090.32, 15008.29],[15092, 15008],[15107.29, 15004.18],[15109, 15004],[15112.5, 15002.88],[15116, 15002],[15144, 14993],[15154.53, 14986.26],[15157, 14986],[15177.13, 14979.53],[15186, 14978],[15193.93, 14974.77],[15197.5, 14974.15],[15199, 14974],[15199.69, 14973.78],[15210, 14972],[15237, 14961],[15238.47, 14960.26],[15240, 14960],[15246.69, 14957.27],[15246.7, 14957.27],[15259, 14956],[15275.12, 14950.81],[15275.14, 14950.81],[15283, 14950],[15311, 14941],[15312.2, 14940.4],[15329, 14935],[15344.9, 14927.04],[15344.91, 14927.04],[15355, 14926],[15375.13, 14919.53],[15384, 14918],[15392.74, 14914.44],[15397, 14914],[15413.12, 14908.81],[15413.14, 14908.81],[15421, 14908],[15449, 14899],[15450.2, 14898.4],[15467, 14893],[15468.2, 14892.4],[15473.12, 14890.81],[15473.14, 14890.81],[15481, 14890],[15509, 14881],[15521, 14875],[15535, 14868],[15544.2, 14863.4],[15555, 14859],[15563.8, 14854.6],[15575, 14851],[15587, 14845],[15599, 14839],[15601, 14838],[15613, 14832],[15625, 14826],[15634.2, 14818.4],[15643, 14814],[15655, 14808],[15664.2, 14800.4],[15673, 14796],[15683.72, 14787.14],[15683.73, 14787.13],[15690, 14784],[15696.42, 14780.79],[15701, 14780],[15713.33, 14774.98],[15719, 14774],[15731.33, 14768.98],[15737, 14768],[15745.74, 14764.44],[15750, 14764],[15778, 14755],[15783.48, 14752.26],[15786, 14752],[15793, 14749.75],[15804, 14747],[15822, 14741],[15823.11, 14740.51],[15828, 14740],[15856, 14731],[15861.48, 14728.26],[15864, 14728],[15871, 14725.75],[15882, 14723],[15900, 14717],[15906.39, 14714.16],[15910, 14713],[15918, 14709],[15925.55, 14705.65],[15940, 14701],[15952, 14695],[15953.2, 14694.4],[15970, 14689],[15996, 14676],[16005.18, 14668.41],[16013.2, 14664.4],[16030, 14659],[16056, 14646],[16065.2, 14638.4],[16072, 14635],[16074, 14634],[16083.2, 14629.4],[16094, 14625],[16102.8, 14620.6],[16114, 14617],[16126, 14611],[16127.2, 14610.4],[16144, 14605],[16170, 14592],[16179.2, 14584.4],[16188, 14580],[16206.41, 14564.79],[16212, 14562],[16218.66, 14556.5],[16221, 14555],[16222.1, 14553.95],[16230, 14550],[16239.2, 14542.4],[16248, 14538],[16263.34, 14525.33],[16268, 14523],[16272.77, 14519.94],[16280, 14517],[16290.33, 14511.83],[16295, 14510],[16319, 14494],[16331.5, 14481.5],[16338.4, 14475.8],[16344, 14473],[16367, 14454],[16369.69, 14450.73],[16369.71, 14450.71],[16373, 14448],[16379, 14442],[16385, 14436],[16388, 14433],[16392, 14431],[16415, 14412],[16421, 14406],[16427, 14400],[16433, 14394],[16439, 14388],[16451, 14376],[16453.69, 14372.73],[16453.71, 14372.71],[16457, 14370],[16463, 14364],[16465.1, 14361.45],[16470, 14359],[16493, 14340],[16505, 14328],[16510.43, 14321.43],[16517, 14316],[16523, 14310],[16526, 14307],[16530, 14305],[16541.68, 14295.35],[16545, 14293],[16546.75, 14291.17],[16548.42, 14289.79],[16554, 14287],[16572.41, 14271.79],[16578, 14269],[16584.66, 14263.5],[16587, 14262],[16590.44, 14258.72],[16596.38, 14253.81],[16596.39, 14253.8],[16602, 14251],[16614, 14245],[16637, 14226],[16639.69, 14222.73],[16639.71, 14222.71],[16643, 14220],[16645.1, 14217.45],[16650, 14215],[16656.66, 14209.5],[16659, 14208],[16662.44, 14204.72],[16673, 14196],[16675.12, 14193.44],[16680, 14191],[16691.68, 14181.35],[16695, 14179],[16696.75, 14177.17],[16703, 14172],[16711.72, 14161.44],[16715, 14158],[16716.5, 14155.66],[16716.58, 14155.56],[16716.66, 14155.5],[16719, 14154],[16722.44, 14150.72],[16733, 14142],[16738.17, 14135.75],[16739, 14134.96],[16745, 14130],[16747.71, 14126.72],[16751, 14124],[16770, 14101],[16783, 14075],[16788.4, 14058.2],[16789, 14057],[16794.4, 14040.2],[16795, 14039],[16804, 14011],[16805.41, 13997.35],[16807.74, 13988.02],[16810, 13981],[16810.35, 13977.58],[16812, 13971],[16812.15, 13966.54],[16814, 13962],[16814.71, 13957.86],[16817, 13951],[16819, 13943],[16822.43, 13936.14],[16827, 13929],[16833, 13917],[16833.83, 13914.97],[16835, 13914],[16854, 13891],[16856, 13887],[16859, 13884],[16861.69, 13880.73],[16861.71, 13880.71],[16865, 13878],[16870.43, 13871.43],[16877, 13866],[16883, 13860],[16888.43, 13853.43],[16895, 13848],[16897.69, 13844.73],[16897.71, 13844.71],[16901, 13842],[16903.69, 13838.73],[16903.71, 13838.71],[16907, 13836],[16912.44, 13829.42],[16919, 13824],[16924.16, 13817.75],[16926, 13816],[16928.35, 13812.68],[16938, 13801],[16940, 13797],[16943, 13794],[16945.69, 13790.73],[16945.71, 13790.71],[16949, 13788],[16968, 13765],[16974, 13753],[16981, 13739],[16986, 13729],[16987, 13727],[16992, 13717],[16998, 13705],[16999, 13703],[17005, 13691],[17011, 13679],[17016.4, 13662.2],[17017, 13661],[17022.4, 13644.2],[17023, 13643],[17026.8, 13631.18],[17029, 13633],[17037.8, 13637.4],[17047, 13645],[17052.6, 13647.8],[17071, 13663],[17083, 13669],[17091.8, 13673.4],[17101, 13681],[17118.6, 13689.8],[17137, 13705],[17161, 13717],[17187, 13731],[17191.67, 13732.33],[17197, 13735],[17199, 13736],[17209, 13741],[17221, 13747],[17223, 13748],[17235, 13754],[17245, 13759],[17247, 13760],[17253.8, 13763.4],[17263, 13771],[17287, 13783],[17289, 13784],[17299, 13789],[17306.89, 13792.95],[17308, 13794],[17310.34, 13795.5],[17317, 13801],[17325.8, 13805.4],[17335, 13813],[17343.29, 13817.14],[17354, 13824],[17367.96, 13828.49],[17371, 13831],[17383, 13837],[17395, 13843],[17397, 13844],[17407, 13849],[17409, 13850],[17421, 13856],[17433, 13862],[17449.8, 13867.4],[17451, 13868],[17463, 13874],[17474.2, 13877.6],[17483, 13882],[17510, 13893],[17514.58, 13893.79],[17523, 13898],[17539.8, 13903.4],[17553, 13910],[17569.8, 13915.4],[17571, 13916],[17585.65, 13920.71],[17606, 13929],[17616.31, 13930.78],[17617, 13931],[17618.5, 13931.16],[17635, 13934],[17643.32, 13933.72],[17646, 13934],[17649, 13934],[17652, 13934.75],[17659, 13937],[17662.41, 13937.35],[17669, 13939],[17682.77, 13939.46],[17688, 13940],[17778, 13940],[17807, 13937],[17817.43, 13933.64],[17817.45, 13933.64],[17843, 13931],[17852.32, 13928],[17922, 13928],[17951, 13925],[17960.32, 13922],[17976, 13922],[18005, 13919],[18021.12, 13913.81],[18021.14, 13913.81],[18029, 13913],[18057, 13904],[18058.2, 13903.4],[18075, 13898],[18076.2, 13897.4],[18093, 13892],[18093.78, 13891.61],[18119, 13889],[18135.12, 13883.81],[18135.14, 13883.81],[18143, 13883],[18156.28, 13878.73],[18173, 13877],[18201, 13868],[18202.2, 13867.4],[18219, 13862],[18231, 13856],[18245, 13849],[18257, 13843],[18266.2, 13835.4],[18287, 13825],[18296.2, 13817.4],[18305, 13813],[18314.2, 13805.4],[18323, 13801],[18346, 13782],[18365, 13759],[18371, 13747],[18378, 13733],[18383, 13723],[18384, 13721],[18396, 13697],[18401.4, 13680.2],[18402, 13679],[18411, 13651],[18414, 13622],[18414, 13616],[18414, 13610],[18414, 13604],[18411, 13575],[18406.76, 13561.82],[18405.15, 13552.49],[18405, 13551],[18404.78, 13550.31],[18403, 13540],[18399.44, 13531.26],[18399, 13527],[18393.81, 13510.87],[18393.81, 13510.86],[18393, 13503],[18384, 13475],[18378, 13463],[18372, 13451],[18371, 13449],[18365, 13437],[18359, 13425],[18355.73, 13421.05],[18348, 13397],[18342, 13385],[18336, 13373],[18335, 13371],[18329, 13359],[18323, 13347],[18304, 13324],[18301.45, 13321.9],[18299, 13317],[18293, 13305],[18285.4, 13295.8],[18281, 13287],[18275, 13275],[18267.4, 13265.8],[18263, 13257],[18244, 13234],[18232.12, 13224.18],[18232, 13224],[18230.95, 13222.9],[18227, 13215],[18208, 13192],[18201.95, 13187],[18201.17, 13186.26],[18196, 13180],[18189.96, 13175.01],[18189.18, 13174.27],[18184, 13168],[18173.44, 13159.28],[18170, 13156],[18169.82, 13155.88],[18163.8, 13148.59],[18162, 13145],[18161, 13143],[18156, 13133],[18155, 13131],[18150, 13121],[18149.56, 13120.11],[18153.17, 13115.74],[18155, 13114],[18157.35, 13110.68],[18167, 13099],[18169.45, 13094.11],[18172, 13092],[18180.72, 13081.44],[18184, 13078],[18185.5, 13075.66],[18191, 13069],[18195.4, 13060.2],[18203, 13051],[18204.53, 13047.94],[18221, 13028],[18227, 13016],[18233, 13004],[18234, 13002],[18239, 12992],[18240, 12990],[18245, 12980],[18246, 12978],[18252, 12966],[18258, 12954],[18262.71, 12939.35],[18264.41, 12935.19],[18270, 12924],[18276, 12912],[18285, 12884],[18285.44, 12879.74],[18289, 12871],[18290.78, 12860.69],[18291, 12860],[18291.16, 12858.5],[18292.77, 12849.18],[18297, 12836],[18298.27, 12823.69],[18301, 12817],[18301.71, 12812.86],[18304, 12806],[18305.88, 12798.47],[18306.39, 12797.22],[18312, 12786],[18321, 12758],[18322.73, 12741.29],[18323.41, 12739.19],[18324, 12738],[18329.4, 12721.2],[18330, 12720],[18339, 12692],[18339.26, 12689.48],[18342, 12684],[18348, 12672],[18353.4, 12655.2],[18355.45, 12651.11],[18358, 12649],[18377, 12626],[18379, 12622],[18382, 12619],[18388, 12613],[18394, 12607],[18395, 12606],[18401, 12602],[18424, 12583],[18431.81, 12573.55],[18434, 12572],[18441.28, 12564.35],[18445.5, 12560.34],[18455, 12554],[18478, 12535],[18480.69, 12531.73],[18480.71, 12531.71],[18484, 12529],[18493, 12520],[18496, 12517],[18505, 12506.11],[18512, 12498],[18513.83, 12495.42],[18515, 12494],[18515.4, 12493.2],[18526.2, 12477.95],[18526.42, 12477.74],[18537, 12469],[18543, 12463],[18549, 12457],[18555, 12451],[18560.43, 12444.43],[18569, 12435],[18572.59, 12430.21],[18574.68, 12428.49],[18577, 12427],[18580.44, 12423.72],[18591, 12415],[18597, 12409],[18605.72, 12398.44],[18609, 12395],[18610.5, 12392.66],[18616, 12386],[18618, 12382],[18621, 12379],[18624, 12376],[18628, 12374],[18651, 12355],[18653.69, 12351.73],[18653.71, 12351.71],[18657, 12349],[18676, 12326],[18680.4, 12317.2],[18688, 12308],[18694, 12296],[18701, 12282],[18707, 12270],[18716, 12242],[18719, 12213],[18719, 12207],[18719, 12201],[18719, 12195],[18719, 12189],[18719, 12183],[18719, 12171],[18719, 12165],[18719, 12159],[18719, 12153],[18719, 12147],[18719, 12141],[18719, 12135],[18719, 12123],[18719, 12117],[18719, 12111],[18719, 12105],[18719, 12093],[18719, 12087],[18719, 12075],[18719, 12069],[18719, 12063],[18719, 12057],[18716, 12028],[18711.76, 12014.82],[18710.15, 12005.49],[18710, 12004],[18709.78, 12003.31],[18708, 11993],[18700.54, 11974.68],[18698, 11962],[18691.25, 11940.25],[18690, 11933],[18689, 11930.54],[18689, 11925],[18689, 11919],[18689, 11913],[18689, 11901],[18689, 11895],[18689, 11889],[18689, 11886],[18695, 11874],[18700.4, 11857.2],[18701, 11856],[18705.71, 11841.35],[18714, 11821],[18715.78, 11810.69],[18716, 11810],[18716.16, 11808.5],[18717.69, 11799.62],[18720, 11795],[18729, 11772.5],[18732, 11774],[18740.8, 11778.4],[18750, 11786],[18758.8, 11790.4],[18768, 11798],[18776.8, 11802.4],[18786, 11810],[18794.8, 11814.4],[18804, 11822],[18812.8, 11826.4],[18822, 11834],[18834, 11840],[18846, 11846],[18848, 11847],[18853.89, 11849.95],[18855, 11851],[18857.34, 11852.5],[18864, 11858],[18872.86, 11862.43],[18880, 11867],[18887.85, 11870.92],[18887.87, 11870.93],[18894, 11876],[18902.8, 11880.4],[18912, 11888],[18936, 11900],[18938, 11901],[18953.6, 11908.8],[18959.56, 11913.72],[18963, 11917],[18965.34, 11918.5],[18972, 11924],[18980.86, 11928.43],[18988, 11933],[19000, 11939],[19012, 11945],[19018.13, 11947.5],[19026, 11954],[19030, 11956],[19033, 11959],[19036.27, 11961.69],[19036.29, 11961.71],[19039, 11965],[19062, 11984],[19074, 11990],[19088, 11997],[19098, 12002],[19100, 12003],[19102, 12004],[19105, 12007],[19108.27, 12009.69],[19108.29, 12009.71],[19111, 12013],[19117, 12019],[19123, 12025],[19146, 12044],[19158, 12050],[19165.89, 12053.95],[19167, 12055],[19169.34, 12056.5],[19176, 12062],[19181.6, 12064.8],[19187.56, 12069.72],[19191, 12073],[19193.34, 12074.5],[19200, 12080],[19208.86, 12084.43],[19216, 12089],[19220.65, 12091.32],[19220.67, 12091.33],[19236, 12104],[19248, 12110],[19255.89, 12113.95],[19257, 12115],[19259.34, 12116.5],[19266, 12122],[19274.8, 12126.4],[19284, 12134],[19292.8, 12138.4],[19302, 12146],[19322.8, 12156.4],[19332, 12164],[19344, 12170],[19356, 12176],[19358, 12177],[19362.6, 12179.3],[19365, 12181],[19366.14, 12181.51],[19374, 12188],[19386, 12194],[19394.8, 12198.4],[19404, 12206],[19416, 12212],[19430, 12219],[19440, 12224],[19442, 12225],[19448.8, 12228.4],[19458, 12236],[19466.8, 12240.4],[19476, 12248],[19500, 12260],[19502, 12261],[19512, 12266],[19526, 12273],[19538, 12279],[19543.5, 12280.77],[19543.81, 12282.16],[19544, 12284],[19544.71, 12286.21],[19548, 12301],[19552, 12310],[19555, 12319],[19560, 12327],[19564, 12335],[19565.5, 12337],[19566, 12338],[19568.71, 12341.29],[19571, 12344.34],[19571, 12345],[19571, 12351],[19571, 12357],[19571, 12363],[19571, 12369],[19571, 12375],[19571, 12381],[19571, 12387],[19574, 12416],[19578.27, 12429.28],[19580, 12446],[19583, 12455.32],[19583, 12459],[19583, 12465],[19583, 12471],[19583, 12477],[19583, 12483],[19586, 12512],[19589.35, 12522.42],[19589.36, 12522.44],[19592, 12548],[19601, 12576],[19601.6, 12577.2],[19607, 12594],[19620, 12620],[19639, 12643],[19642.27, 12645.69],[19642.29, 12645.71],[19645, 12649],[19651, 12655],[19657, 12661],[19663, 12667],[19672, 12676],[19674, 12680],[19679.51, 12686.66],[19681, 12689],[19684.28, 12692.44],[19693, 12703],[19699, 12709],[19705, 12715],[19710.75, 12719.75],[19715, 12724],[19721.28, 12728.45],[19728, 12734],[19729.99, 12734.99],[19734, 12739],[19740, 12745],[19763, 12764],[19771.8, 12768.4],[19781, 12776],[19805, 12788],[19807, 12789],[19817, 12794],[19829, 12800],[19831, 12801],[19833.88, 12802.44],[19833.89, 12802.44],[19836, 12805],[19839.27, 12807.69],[19839.29, 12807.71],[19842, 12811],[19845.27, 12813.69],[19845.29, 12813.71],[19848, 12817],[19871, 12836],[19876.6, 12838.8],[19895, 12854],[19899.42, 12856.21],[19899.43, 12856.21],[19900, 12858],[19901, 12860],[19900.54, 12873.77],[19900.53, 12873.9],[19900.13, 12875.5],[19899.65, 12876.67],[19895, 12879],[19885.8, 12886.6],[19877, 12891],[19865, 12897],[19842, 12916],[19823, 12939],[19818.6, 12947.8],[19811, 12957],[19806.6, 12965.8],[19799, 12975],[19794.6, 12983.8],[19787, 12993],[19774, 13019],[19768.6, 13035.8],[19768, 13037],[19759, 13065],[19758.94, 13065.61],[19749, 13090],[19747.27, 13100.01],[19746, 13102],[19737, 13130],[19736.13, 13133.5],[19735, 13137],[19734.82, 13138.71],[19731, 13154],[19730.71, 13155.68],[19729, 13161],[19728.56, 13165.26],[19725, 13174],[19723.22, 13184.31],[19723, 13185],[19722.84, 13186.5],[19720, 13203],[19720.28, 13211.32],[19720, 13214],[19720, 13220],[19720, 13226],[19720, 13232],[19720, 13238],[19720, 13244],[19723, 13273],[19726, 13282.33],[19726, 13286],[19726, 13292],[19726, 13304],[19726, 13310],[19726, 13328],[19727.71, 13344.57],[19727, 13346],[19722, 13354],[19719, 13363],[19715, 13372],[19711.72, 13386.76],[19711, 13389],[19710.81, 13390.87],[19709, 13399],[19708, 13409],[19708, 13418],[19708, 13427],[19709, 13437],[19710.81, 13445.13],[19710.83, 13445.34],[19709, 13449],[19708, 13451],[19703, 13461],[19698.68, 13469.65],[19698.67, 13469.67],[19686, 13485],[19683.55, 13489.89],[19681, 13492],[19675, 13498],[19669.57, 13504.57],[19663, 13510],[19657, 13516],[19654.31, 13519.27],[19654.29, 13519.29],[19651, 13522],[19648.31, 13525.27],[19648.29, 13525.29],[19645, 13528],[19639, 13534],[19636.31, 13537.27],[19636.29, 13537.29],[19633, 13540],[19614, 13563],[19608, 13575],[19602, 13587],[19601, 13589],[19595, 13601],[19589, 13613],[19583.6, 13629.8],[19577, 13643],[19568, 13671],[19567.56, 13675.26],[19564, 13684],[19562.22, 13694.31],[19562, 13695],[19561.84, 13696.5],[19560.23, 13705.82],[19556, 13719],[19553, 13748],[19553, 13754],[19553, 13766],[19553, 13772],[19553, 13778],[19553, 13784],[19553, 13796],[19553, 13802],[19553, 13808],[19553, 13814],[19553, 13820],[19553, 13826],[19553, 13832],[19553, 13838],[19553, 13844],[19553, 13850],[19553, 13856],[19553, 13862],[19553, 13874],[19556, 13903],[19559.08, 13912.59],[19559, 13915],[19561.84, 13931.5],[19562, 13933],[19562.22, 13933.69],[19564, 13944],[19573.94, 13968.39],[19574, 13969],[19574.22, 13969.69],[19576, 13980],[19587, 14007],[19591.4, 14015.8],[19595, 14027],[19606.6, 14050.2],[19611, 14061],[19612, 14063],[19617, 14073],[19617.66, 14074.04],[19618, 14076],[19629, 14103],[19635, 14115],[19639.57, 14122.14],[19644, 14131],[19649.5, 14137.66],[19651, 14140],[19652.05, 14141.1],[19662, 14161],[19669.6, 14170.2],[19670.8, 14172.59],[19670.8, 14172.6],[19678, 14195],[19691, 14221],[19696.07, 14227.13],[19698.39, 14231.77],[19698.4, 14231.79],[19702, 14243],[19715, 14269],[19717.66, 14272.22],[19719, 14280],[19730, 14307],[19736, 14319],[19742, 14331],[19745.15, 14335.92],[19745.16, 14335.93],[19750, 14351],[19756.6, 14364.2],[19762, 14381],[19762.6, 14382.2],[19768, 14399],[19774, 14411],[19779.5, 14422],[19785, 14436],[19788.58, 14441.37],[19788.59, 14441.38],[19792, 14452],[19798, 14464],[19803.6, 14475.2],[19808, 14486],[19810, 14490],[19812, 14496],[19814.84, 14502.39],[19816, 14506],[19816.6, 14507.2],[19822, 14524],[19824.74, 14529.48],[19825, 14532],[19834, 14560],[19847, 14586],[19848.68, 14588.03],[19854, 14604],[19856.84, 14610.39],[19858, 14614],[19862, 14622],[19865.35, 14629.55],[19870, 14644],[19883, 14670],[19889.49, 14677.86],[19890, 14679],[19891.7, 14681.4],[19895, 14688],[19904.65, 14699.68],[19907, 14703],[19908.83, 14704.75],[19914, 14711],[19924.56, 14719.72],[19928, 14723],[19930.34, 14724.5],[19937, 14730],[19945.86, 14734.43],[19953, 14739],[19960.85, 14742.92],[19960.87, 14742.93],[19967, 14748],[19971, 14750],[19974, 14753],[19980, 14759],[19991.88, 14768.82],[19992, 14769],[19994.93, 14772.07],[19997, 14775],[20004.68, 14782.32],[20012, 14790],[20014.93, 14792.07],[20018, 14795],[20028.98, 14802.02],[20036, 14807],[20038.45, 14808.09],[20040.74, 14809.55],[20052.57, 14818.43],[20058, 14825],[20064.25, 14830.16],[20066, 14832],[20069.32, 14834.35],[20074.64, 14838.74],[20079, 14854],[20093, 14880],[20101, 14892],[20108, 14906],[20112.3, 14912.72],[20112.18, 14913.88],[20107, 14930],[20106.73, 14932.64],[20099, 14942],[20086, 14968],[20080.6, 14984.8],[20080, 14986],[20074.6, 15002.8],[20074, 15004],[20065, 15032],[20062, 15061],[20062, 15067],[20062, 15073],[20062, 15079],[20062, 15085],[20062, 15091],[20062, 15097],[20062, 15103],[20062, 15109],[20062, 15115],[20062, 15127],[20065, 15156],[20074, 15184],[20080, 15196],[20080.6, 15197.2],[20086, 15214],[20099, 15240],[20118, 15263],[20120.55, 15265.1],[20123, 15270],[20128.5, 15276.66],[20130, 15279],[20133.28, 15282.44],[20142, 15293],[20148, 15299],[20154, 15305],[20164.56, 15313.72],[20168, 15317],[20170.34, 15318.5],[20177, 15324],[20182.5, 15330.66],[20184, 15333],[20187.28, 15336.44],[20196, 15347],[20208, 15359],[20220.78, 15369.56],[20225, 15378],[20244, 15401],[20246.55, 15403.1],[20249, 15408],[20268, 15431],[20271.27, 15433.69],[20271.29, 15433.71],[20274, 15437],[20297, 15456],[20323, 15469],[20351, 15478],[20380, 15481],[20398, 15481],[20427, 15478],[20455, 15469],[20480, 15456.5],[20480, 15424],[20527.41, 15424],[20528.4, 15423.3],[20535, 15420],[20544, 15412.57],[20544, 15232],[20845, 15232],[20851, 15229],[20852.2, 15228.4],[20864, 15224.61],[20864, 15168],[21056, 15168],[21056, 15104],[21120, 15104],[21120, 15040],[21184, 15040],[21184, 14976],[21312, 14976],[21312, 15039.21],[21315.31, 15039.78],[21316, 15040],[21504, 15040],[21504, 15168],[21656.64, 15168],[21657.35, 15167.71],[21672, 15163],[21684, 15157],[21696, 15151],[21698, 15150],[21710, 15144],[21722, 15138],[21745, 15119],[21747.69, 15115.73],[21747.71, 15115.71],[21751, 15113],[21757, 15107],[21760, 15104],[21760, 14976],[21824, 14976],[21824, 14912],[21888, 14912],[21888, 14955.74],[21898, 14964],[21904.6, 14967.3],[21907, 14969],[21916, 14973],[21922, 14976],[21952, 14976],[21952, 15024],[21961.65, 15035.68],[21964, 15039],[21965.05, 15040],[22016, 15040],[22016, 15078],[22022, 15081],[22034, 15087],[22050.71, 15093.81],[22054, 15096],[22068.86, 15104],[22208, 15104],[22208, 15127],[22254.67, 15127],[22264, 15130],[22293, 15133],[22304.55, 15133],[22307, 15134],[22317.31, 15135.78],[22318, 15136],[22319.5, 15136.16],[22336, 15139],[22344.32, 15138.72],[22347, 15139],[22452, 15139],[22455, 15139.75],[22462, 15142],[22465.41, 15142.35],[22472, 15144],[22485.77, 15144.46],[22491, 15145],[22510, 15145],[22528, 15147.25],[22528, 15104],[22656, 15104],[22656, 15040],[22720, 15040],[22720, 14912],[22768.52, 14912],[22769.69, 14905.22],[22771, 14902],[22773.06, 14892.02],[22775, 14886],[22775.69, 14879.33],[22777, 14873],[22777, 14866.67],[22777.52, 14861.6],[22779, 14857],[22779.88, 14853.48],[22781, 14850],[22781.18, 14848.29],[22784, 14837],[22784, 14784],[22798.22, 14784],[22801.55, 14777.84],[22804, 14774],[22809, 14764],[22816, 14750],[22825.1, 14727.67],[22832.72, 14718.44],[22836, 14715],[22837.49, 14712.66],[22843, 14706],[22845.8, 14700.4],[22850.73, 14694.44],[22854, 14691],[22855.49, 14688.67],[22861, 14682],[22864.67, 14674.67],[22868, 14671],[22880, 14655],[22884, 14651],[22892.72, 14640.44],[22896, 14637],[22896.12, 14636.82],[22908, 14627],[22927, 14604],[22940, 14579],[22940.63, 14576.98],[22944.38, 14570.02],[22944.38, 14570.01],[22951, 14562],[22957, 14550],[22961.43, 14541.14],[22966, 14534],[22969.92, 14526.15],[22969.93, 14526.13],[22975, 14520],[22979.4, 14511.2],[22987, 14502],[22989.8, 14496.4],[23005, 14478],[23007.8, 14472.4],[23023, 14454],[23024.52, 14450.95],[23024.53, 14450.93],[23041, 14431],[23043.44, 14426.12],[23043.44, 14426.11],[23046, 14424],[23048.69, 14420.73],[23048.71, 14420.71],[23052, 14418],[23054.69, 14414.73],[23054.71, 14414.71],[23058, 14412],[23064, 14406],[23083, 14383],[23096, 14357],[23105, 14329],[23108, 14300],[23108, 14294],[23105, 14265],[23096, 14237],[23083, 14211],[23064, 14188],[23041, 14169],[23015, 14156],[22987, 14147],[22958, 14144],[22929, 14147],[22919.67, 14150],[22905, 14150],[22885.8, 14147.26],[22885, 14147],[22881.38, 14146.63],[22877, 14146],[22872, 14145.66],[22856, 14144],[22854, 14144],[22850, 14143],[22848.32, 14142.71],[22843, 14141],[22831.5, 14139.81],[22821, 14138],[22817.87, 14138.22],[22814.03, 14137.26],[22807, 14135],[22803.58, 14134.65],[22797, 14133],[22783.23, 14132.54],[22778, 14132],[22772.45, 14132],[22770, 14131],[22759.75, 14129.23],[22759, 14129],[22729, 14123],[22708.65, 14120.89],[22704, 14119],[22698.32, 14118.02],[22686, 14113],[22675.69, 14111.22],[22675, 14111],[22673.5, 14110.84],[22671.24, 14110.45],[22665, 14108],[22656.75, 14106.53],[22652, 14105],[22644.15, 14104.19],[22628, 14099],[22614.94, 14097.65],[22598, 14092],[22587, 14089.25],[22580, 14087],[22576.59, 14086.65],[22570, 14085],[22559.01, 14084.63],[22555, 14083],[22550.86, 14082.29],[22544, 14080],[22533, 14077.25],[22526, 14075],[22522.59, 14074.65],[22516, 14073],[22510.23, 14072.81],[22503, 14071],[22501.32, 14070.71],[22496, 14069],[22484.5, 14067.81],[22474, 14066],[22470.28, 14066.26],[22454, 14063],[22442.92, 14060.78],[22443, 14060],[22443, 14054],[22443, 14042],[22443, 14036],[22443, 14030],[22443, 14024],[22443, 14018],[22443, 14000],[22443, 13994],[22443, 13988],[22440, 13959],[22431, 13931],[22430.4, 13929.8],[22425, 13913],[22412, 13887],[22393, 13864],[22389.73, 13861.31],[22389.71, 13861.29],[22387, 13858],[22383.73, 13855.31],[22383.71, 13855.29],[22381, 13852],[22375, 13846],[22369, 13840],[22365.73, 13837.31],[22365.71, 13837.29],[22363, 13834],[22340, 13815],[22314, 13802],[22286, 13793],[22273.69, 13791.73],[22267, 13789],[22256.69, 13787.22],[22256, 13787],[22254.5, 13786.84],[22250.91, 13786.22],[22243, 13783],[22238.51, 13782.22],[22238, 13782],[22230, 13778],[22226.39, 13776.84],[22220, 13774],[22202, 13768],[22191, 13765.25],[22184, 13763],[22180.59, 13762.65],[22174, 13761],[22168, 13758],[22156, 13752],[22129, 13741],[22118.69, 13739.22],[22118, 13739],[22108, 13734],[22081, 13723],[22076.86, 13722.29],[22074.71, 13721.57],[22075.03, 13720.93],[22081, 13716],[22086.16, 13709.75],[22088, 13708],[22090.35, 13704.68],[22100, 13693],[22102.45, 13688.11],[22105, 13686],[22124, 13663],[22130, 13651],[22133.95, 13643.1],[22135, 13642],[22136.49, 13639.67],[22142, 13633],[22146.4, 13624.2],[22154, 13615],[22160, 13603],[22163.95, 13595.1],[22165, 13594],[22166.49, 13591.67],[22172, 13585],[22176.43, 13576.14],[22181, 13569],[22187, 13557],[22193, 13545],[22199, 13533],[22203.4, 13522.2],[22208, 13513],[22209, 13511],[22214, 13501],[22215, 13499],[22221, 13487],[22227, 13475],[22231.71, 13460.35],[22233.41, 13456.19],[22238, 13447],[22245, 13433],[22251, 13421],[22260, 13393],[22265, 13383],[22269.4, 13372.2],[22275, 13361],[22284, 13333],[22284.06, 13332.39],[22294, 13308],[22295.53, 13299.14],[22295.53, 13299.12],[22298.25, 13290.63],[22310, 13273],[22313.42, 13266.65],[22328, 13249],[22334, 13237],[22340, 13225],[22341, 13223],[22344.43, 13216.14],[22349, 13209],[22355, 13197],[22357.5, 13190.87],[22364, 13183],[22368.4, 13174.2],[22376, 13165],[22389, 13139],[22393.36, 13125.44],[22394.5, 13123.65],[22400, 13117],[22404.4, 13108.2],[22412, 13099],[22418, 13087],[22420.8, 13081.4],[22436, 13063],[22445.12, 13044.75],[22445.13, 13044.73],[22454, 13034],[22458.4, 13025.2],[22464, 13018.42],[22464, 12864],[22528, 12864],[22528, 12672],[22546.7, 12672],[22550, 12668],[22563, 12642],[22572, 12614],[22575, 12585],[22575, 12579],[22575, 12573],[22572, 12544],[22563, 12516],[22562.07, 12514.15],[22562, 12512],[22560.35, 12505.4],[22560, 12502],[22557.75, 12495],[22555, 12484],[22550.41, 12470.22],[22550, 12458],[22548.35, 12451.41],[22548, 12448],[22545.75, 12441],[22544.47, 12435.88],[22542.41, 12416],[22528, 12416],[22528, 12323],[22526.94, 12320.39],[22524, 12292],[22521, 12282.67],[22521, 12279],[22521, 12273],[22521, 12267],[22521, 12261],[22521, 12255],[22521, 12249],[22521, 12243],[22521, 12237],[22521, 12231],[22521, 12225],[22521, 12219],[22521, 12207],[22521, 12201],[22521, 12195],[22521, 12189],[22521, 12183],[22518, 12154],[22512.81, 12137.87],[22512.81, 12137.86],[22512, 12130],[22503, 12102],[22502.4, 12100.8],[22500.86, 12096],[22464, 12096],[22464, 12032],[22336, 12032],[22336, 12096],[22208, 12096],[22208, 12160],[22144, 12160],[22144, 12288],[21888, 12288],[21888, 12352],[21824, 12352],[21824, 12480],[21760, 12480],[21760, 12544],[21696, 12544],[21696, 12608],[21632, 12608],[21632, 12672],[21568, 12672],[21568, 12544],[21632, 12544],[21632, 12416],[21696, 12416],[21696, 12160],[21824, 12160],[21824, 12096],[22016, 12096],[22016, 11968],[22080, 11968],[22080, 11904],[22144, 11904],[22144, 11776],[22208, 11776],[22208, 11712],[22225.28, 11712],[22224.16, 11705.5],[22224, 11704],[22223.78, 11703.31],[22222, 11693],[22220.94, 11690.4],[22220.72, 11688.31],[22221, 11680],[22218.16, 11663.5],[22218, 11662],[22217.78, 11661.31],[22216, 11651],[22214.86, 11648.21],[22215, 11644],[22212.15, 11627.49],[22212, 11626],[22211.78, 11625.31],[22210, 11615],[22207.37, 11608.56],[22207.18, 11607.45],[22206, 11596],[22204.29, 11590.68],[22204, 11589],[22203, 11585.01],[22203, 11577],[22203, 11565],[22202.72, 11562.32],[22203, 11554],[22200.16, 11537.5],[22200, 11536],[22199.78, 11535.31],[22198, 11525],[22195.14, 11517.97],[22194, 11507],[22191, 11492],[22191, 11481],[22191, 11476],[22191, 11470],[22190.46, 11464.77],[22190, 11451],[22188.35, 11444.41],[22188, 11441],[22185.75, 11434],[22184.76, 11430.06],[22185, 11423],[22182.16, 11406.5],[22182, 11405],[22181.78, 11404.31],[22180, 11394],[22178.94, 11391.39],[22176, 11363],[22167, 11335],[22167, 11332],[22167, 11326],[22167, 11314],[22166.72, 11311.32],[22167, 11303],[22164.16, 11286.5],[22164, 11285],[22163.78, 11284.31],[22162, 11274],[22161, 11271.54],[22161, 11266],[22161, 11260],[22160.72, 11257.32],[22161, 11249],[22158.16, 11232.5],[22158, 11231],[22157.78, 11230.31],[22156, 11220],[22153.27, 11213.32],[22153.27, 11213.31],[22152, 11201],[22149, 11191.68],[22149, 11182],[22146, 11153],[22142.92, 11143.42],[22143, 11141],[22140.16, 11124.5],[22140, 11123],[22139.78, 11122.31],[22138, 11112],[22135.27, 11105.32],[22135.27, 11105.31],[22134, 11093],[22125, 11065],[22119, 11053],[22112, 11039],[22106, 11027],[22098.41, 11017.82],[22094, 11009],[22093.17, 11008],[22080, 11008],[22080, 10988.58],[22063, 10968],[22059.73, 10965.31],[22059.71, 10965.29],[22057, 10962],[22050.43, 10956.57],[22045, 10950],[22022, 10931],[21996, 10918],[21979.2, 10912.6],[21978, 10912],[21961.2, 10906.6],[21960, 10906],[21948, 10900],[21936, 10894],[21919.2, 10888.6],[21918, 10888],[21890, 10879],[21861, 10876],[21855, 10876],[21826, 10879],[21798, 10888],[21772, 10901],[21749, 10920],[21730, 10943],[21717, 10969],[21708, 10997],[21705, 11026],[21705, 11032],[21708, 11061],[21711, 11070.32],[21711, 11074],[21711, 11077.67],[21708, 11087],[21706.65, 11100.06],[21701, 11117],[21699.12, 11124.53],[21692, 11142],[21690.47, 11150.86],[21690.47, 11150.88],[21687.76, 11159.32],[21687.31, 11159.27],[21667, 11151],[21656.69, 11149.22],[21656, 11149],[21654.5, 11148.84],[21638, 11146],[21633.8, 11146.14],[21631, 11145],[21620.69, 11143.22],[21620, 11143],[21618.5, 11142.84],[21609.18, 11141.23],[21596, 11137],[21567, 11134],[21558, 11134],[21530, 11125],[21504.46, 11122.36],[21504.44, 11122.36],[21494, 11119],[21465, 11116],[21455.33, 11116],[21446, 11113],[21443.48, 11112.74],[21443.14, 11112.57],[21436, 11108],[21416.13, 11098.07],[21410, 11093],[21401.14, 11088.57],[21394, 11084],[21334, 11054],[21329.86, 11051.93],[21329.85, 11051.93],[21323.43, 11044.15],[21327, 11037],[21331.4, 11028.2],[21339, 11019],[21352, 10993],[21360.31, 10967.15],[21362, 10963],[21363.67, 10954.92],[21372, 10929],[21375, 10900],[21375, 10888],[21375, 10882],[21375, 10876],[21375, 10870],[21375, 10864],[21375, 10846],[21375, 10840],[21375, 10828],[21375, 10822],[21375, 10816],[21375, 10810],[21375, 10805],[21379, 10781],[21379.7, 10770.51],[21384, 10749],[21386.64, 10723.46],[21386.64, 10723.44],[21390, 10713],[21390.81, 10705.15],[21390.81, 10705.14],[21396, 10689],[21396.44, 10684.74],[21400, 10676],[21400.47, 10673.27],[21406, 10663],[21411.34, 10644.32],[21417, 10633],[21426, 10605],[21426.5, 10600.12],[21427, 10599],[21429, 10593],[21444.57, 10556.68],[21445, 10556],[21445.43, 10554.67],[21447, 10551],[21456, 10523],[21468, 10503],[21480, 10477],[21483.23, 10463.62],[21486, 10455],[21498, 10429],[21498.92, 10425.17],[21499, 10425],[21499.56, 10423.32],[21518, 10401],[21524, 10389],[21528.4, 10380.2],[21536, 10371],[21538.8, 10365.4],[21554, 10347],[21562, 10331],[21565, 10328],[21568, 10324.37],[21568, 10304],[21584.5, 10304],[21590, 10293],[21592.8, 10287.4],[21608, 10269],[21610, 10265],[21615, 10260],[21619, 10256],[21619.25, 10255.75],[21625, 10251],[21631, 10245],[21632, 10244],[21632, 10240],[21636, 10240],[21637, 10239],[21639.71, 10235.71],[21639.73, 10235.69],[21643, 10233],[21652.38, 10221.64],[21652.39, 10221.63],[21657, 10219],[21676, 10204],[21678.21, 10201.21],[21681, 10199],[21683.21, 10196.21],[21686, 10194],[21701, 10175],[21702, 10173.25],[21706, 10169],[21710.78, 10161.28],[21711, 10161],[21711.57, 10160],[21713.91, 10156.22],[21716, 10154],[21720.78, 10146.28],[21721, 10146],[21721.57, 10145],[21729, 10133],[21730.2, 10130.6],[21732, 10127.69],[21737, 10120],[21737.14, 10119.62],[21737.15, 10119.6],[21740, 10116],[21755, 10097],[21759.83, 10088.55],[21765, 10082],[21769.83, 10073.55],[21775, 10067],[21787, 10046],[21787.81, 10043.33],[21792, 10036],[21792.69, 10033.72],[21796, 10029],[21798.16, 10023.72],[21802, 10017],[21802.81, 10014.33],[21807, 10007],[21809.77, 9997.91],[21816, 9987],[21816.81, 9984.33],[21821, 9977],[21828, 9954],[21830, 9930],[21830, 9925],[21830, 9920],[21830, 9915],[21830, 9910],[21830, 9905],[21830, 9901],[21830, 9896],[21830, 9891],[21830, 9881],[21830, 9876],[21830, 9871],[21830, 9866],[21830, 9860.86],[21833, 9851],[21833.72, 9842.33],[21834, 9841],[21834.17, 9837],[21835, 9827],[21835, 9826],[21837.37, 9814.14],[21842, 9820],[21845.66, 9822.89],[21850.17, 9827.68],[21852, 9830],[21853.37, 9831.08],[21858, 9836],[21859.88, 9837.32],[21862, 9840],[21881, 9855],[21902, 9867],[21904.66, 9867.81],[21904.67, 9867.81],[21912, 9872],[21935, 9879],[21959, 9881],[21968, 9881],[21992, 9879],[22015, 9872],[22036, 9860],[22055, 9845],[22060, 9840],[22062.21, 9837.21],[22065, 9835],[22080, 9816],[22092, 9795],[22092.1, 9794.68],[22095, 9791],[22107, 9770],[22114, 9747],[22116, 9723],[22116, 9718],[22116, 9713],[22116, 9708],[22116, 9703],[22116, 9699],[22116, 9694],[22114, 9670],[22111, 9660.14],[22111, 9659],[22109, 9635],[22106, 9625.15],[22106, 9625],[22106, 9605],[22106, 9600],[22106, 9595],[22106, 9585],[22106, 9576],[22106, 9570],[22106, 9565],[22105.15, 9554.85],[22105, 9551],[22104.73, 9549.76],[22104, 9541],[22100.44, 9529.29],[22100.25, 9527.03],[22100, 9521],[22099.58, 9519],[22099, 9512],[22096.23, 9502.89],[22095, 9497],[22094.22, 9494.68],[22094.22, 9494.67],[22094, 9492],[22091, 9482.15],[22091, 9482],[22091, 9472],[22091, 9452],[22091, 9447],[22091, 9442],[22091, 9432],[22091, 9428],[22091, 9423],[22091, 9418],[22091, 9413],[22091, 9408],[22091, 9403],[22091, 9398],[22091, 9393],[22091, 9388],[22091, 9383],[22091, 9378],[22091, 9373],[22091, 9368],[22091, 9363],[22091, 9359],[22091, 9354],[22091, 9349],[22091, 9344],[22091, 9339],[22091, 9334],[22091, 9329],[22091, 9324],[22091, 9319],[22091, 9314],[22091, 9309],[22091, 9304],[22091, 9299],[22091, 9294],[22091, 9290],[22091, 9285],[22091, 9280],[22091, 9275],[22091, 9270],[22091, 9265],[22091, 9259.75],[22092, 9258],[22096.07, 9244.63],[22097, 9243],[22097.23, 9242.25],[22098, 9241],[22100, 9239],[22115, 9220],[22116.57, 9217.26],[22118.98, 9214.59],[22118.98, 9214.58],[22120, 9214],[22139, 9199],[22154, 9180],[22155.1, 9178.08],[22159, 9175],[22164, 9170],[22169, 9165],[22174, 9160],[22189, 9141],[22197, 9129],[22199, 9126],[22203, 9119],[22209, 9109],[22210.06, 9106.65],[22211, 9105],[22211.42, 9103.63],[22211.73, 9102.94],[22217.43, 9095.72],[22220, 9093],[22234.31, 9073.92],[22238, 9070],[22242.78, 9062.28],[22243, 9062],[22243.57, 9061],[22251, 9049],[22255, 9041],[22259.49, 9032.02],[22267, 9022],[22271.44, 9012.22],[22275, 9006],[22276.47, 9001.16],[22277, 9000],[22282, 8986],[22282.67, 8984.33],[22284, 8982],[22284.81, 8979.33],[22289, 8972],[22293.08, 8958.61],[22294, 8957],[22294.81, 8954.33],[22299, 8947],[22306, 8924],[22306.27, 8920.79],[22307, 8919],[22307.15, 8918.29],[22310, 8911],[22315, 8891],[22315.28, 8888.79],[22317, 8885],[22319, 8879],[22322, 8870],[22323.23, 8864.11],[22326, 8855],[22326.58, 8848],[22327, 8846],[22327.25, 8840],[22328, 8831],[22328, 8826],[22328, 8822],[22328, 8817],[22328, 8812],[22328, 8807],[22328, 8802.44],[22329, 8800],[22329.35, 8797.84],[22329.36, 8797.8],[22336, 8776],[22337.33, 8760.09],[22339, 8756],[22339.89, 8750.63],[22341, 8747],[22341.5, 8741],[22343, 8732],[22342.75, 8726],[22343, 8723],[22343, 8718],[22343, 8713],[22343, 8708],[22343, 8703],[22343, 8698],[22343, 8693],[22343, 8688],[22343, 8683],[22343, 8669],[22343, 8664],[22343, 8654],[22343, 8649],[22343, 8644],[22343, 8639],[22343, 8634],[22343, 8629],[22343, 8624],[22343, 8619],[22343, 8615],[22343, 8610],[22341, 8586],[22337.56, 8574.69],[22336, 8556],[22329, 8533],[22328.07, 8531.37],[22324, 8518],[22312, 8497],[22306.83, 8490.45],[22302, 8482],[22287, 8463],[22282.11, 8459.14],[22282, 8459],[22277, 8454],[22272, 8449],[22267, 8444],[22264.21, 8441.79],[22262, 8439],[22261.55, 8438.65],[22259, 8435],[22254.9, 8431.15],[22254, 8430],[22248.38, 8425],[22242, 8419],[22240.76, 8418.24],[22236, 8414],[22222.5, 8406.93],[22221, 8406],[22217, 8404],[22209.28, 8399.22],[22209, 8399],[22208, 8398.43],[22206.04, 8397.22],[22203, 8394],[22193, 8385],[22181.88, 8376.81],[22174.58, 8365.01],[22174, 8364],[22173.33, 8362.99],[22169, 8356],[22167.86, 8354.79],[22164, 8349],[22157.42, 8340.65],[22156, 8336],[22144, 8315],[22141.15, 8311.4],[22141, 8311],[22135.09, 8301.91],[22134, 8300],[22133.15, 8298.92],[22132.09, 8297.28],[22132, 8297],[22129.44, 8292.52],[22128, 8289],[22127, 8287],[22123, 8279],[22122.23, 8277.76],[22122, 8277],[22119.44, 8272.52],[22118, 8269],[22112, 8257],[22108, 8249],[22106.38, 8246.38],[22105.03, 8241.93],[22104, 8238],[22102.83, 8234.72],[22102, 8232],[22101.62, 8231.33],[22100.4, 8227.92],[22100, 8226],[22095, 8211],[22094.78, 8210.33],[22094, 8201],[22092.81, 8197.08],[22089, 8175],[22088.54, 8173.23],[22087, 8164],[22087, 8161],[22085, 8137],[22081.85, 8126.63],[22082, 8123],[22080.5, 8114],[22080, 8108],[22078.89, 8104.37],[22078, 8099],[22076.6, 8095.57],[22075.5, 8089.01],[22075, 8083],[22073.89, 8079.37],[22073, 8074],[22072, 8071.55],[22072, 8068],[22070, 8044],[22063.37, 8022.21],[22063, 8020],[22060.38, 8013.61],[22060.38, 8013.6],[22060, 8009],[22053, 7986],[22041, 7965],[22026, 7946],[22007, 7931],[21986, 7919],[21983.34, 7918.19],[21983.33, 7918.19],[21976, 7914],[21962.61, 7909.92],[21961, 7909],[21954.09, 7906.9],[21947, 7904],[21944.82, 7903.64],[21939.03, 7901.88],[21932, 7899],[21926.63, 7898.11],[21923, 7897],[21917, 7896.5],[21908, 7895],[21904.57, 7895.14],[21903.55, 7894.88],[21902, 7894],[21895.07, 7891.89],[21888, 7889],[21882.63, 7888.11],[21879, 7887],[21873, 7886.5],[21864, 7885],[21858, 7885.25],[21855, 7885],[21838, 7885],[21834.84, 7884.47],[21830, 7883],[21822, 7882.33],[21814, 7881],[21808.67, 7881.22],[21806, 7881],[21795.2, 7881],[21794.39, 7880.83],[21792, 7880],[21773, 7875],[21772, 7874.83],[21766, 7873],[21757.36, 7872.28],[21750, 7871],[21744.59, 7871.22],[21742, 7871],[21727.8, 7871],[21724, 7870],[21723, 7869.83],[21717, 7868],[21708.36, 7867.28],[21701, 7866],[21695.59, 7866.22],[21693, 7866],[21687.2, 7866],[21686.11, 7865.77],[21677, 7863],[21670, 7862.42],[21668, 7862],[21662, 7861.75],[21660, 7861.58],[21659.25, 7861.42],[21648, 7858],[21639.33, 7857.28],[21638, 7857],[21634, 7856.83],[21633.3, 7856.77],[21622, 7837],[21607, 7818],[21588, 7803],[21567, 7791],[21553.63, 7786.93],[21552, 7786],[21549.71, 7785.3],[21545, 7782],[21539.72, 7779.84],[21533, 7776],[21510, 7769],[21507.95, 7768.83],[21503, 7766],[21480, 7759],[21456, 7757],[21446, 7757],[21422, 7759],[21399, 7766],[21378, 7778],[21359, 7793],[21347.03, 7808.16],[21294, 7812],[21283.85, 7813.69],[21280, 7814],[21277.58, 7814.74],[21270, 7816],[21263.39, 7818.71],[21247.81, 7821],[21239, 7821],[21237, 7821.17],[21233, 7821],[21227, 7822],[21215, 7823],[21205.8, 7825.8],[21205, 7826],[21170, 7826],[21146, 7828],[21132.41, 7832.13],[21122, 7833],[21099, 7840],[21078, 7852],[21059, 7867],[21044, 7886],[21032, 7907],[21025, 7930],[21023, 7954],[21023, 7959],[21023, 7964],[21023, 7969],[21023, 7974],[21023, 7979],[21023, 7984],[21025, 8008],[21032, 8031],[21036.19, 8038.33],[21037, 8041],[21038.76, 8044.06],[21038.76, 8044.07],[21039, 8047],[21042, 8056.85],[21042, 8068],[21042, 8068.14],[21039, 8078],[21038.39, 8085.3],[21038, 8086],[21034.4, 8094.8],[21032, 8099],[21030.37, 8104.35],[21022, 8119],[21017.93, 8132.37],[21017, 8134],[21010, 8157],[21009.62, 8161.6],[21007, 8168],[21006.64, 8170.2],[21004, 8176],[20999, 8191],[20998.78, 8192.04],[20992, 8209],[20991.63, 8210.21],[20989, 8216],[20988, 8219],[20988, 8219.01],[20975, 8240],[20972.19, 8247.73],[20971, 8250],[20970.2, 8253.2],[20968.2, 8258.7],[20964.67, 8264],[20962, 8267],[20957.17, 8273.76],[20948, 8279],[20936.79, 8289.58],[20935, 8291],[20934.73, 8291.21],[20927, 8296],[20918.33, 8304.16],[20916, 8306],[20911, 8311],[20910, 8312],[20906, 8316],[20904, 8318],[20897.37, 8324.18],[20893, 8322],[20865, 8313],[20836, 8310],[20818, 8310],[20789, 8313],[20779.67, 8316],[20752, 8316],[20723, 8319],[20709.71, 8323.27],[20693, 8325],[20665, 8334],[20663.8, 8334.6],[20647, 8340],[20645.79, 8340.6],[20640.86, 8342.19],[20640.85, 8342.19],[20633, 8343],[20605, 8352],[20593, 8358],[20589.09, 8359.96],[20589.08, 8359.96],[20579, 8361],[20569.67, 8364],[20506, 8364],[20477, 8367],[20467.67, 8370],[20440, 8370],[20411, 8373],[20401.67, 8376],[20392, 8376],[20389.32, 8376.28],[20381, 8376],[20364.5, 8378.84],[20363, 8379],[20362.31, 8379.22],[20352, 8381],[20347.35, 8382.89],[20327, 8385],[20313.82, 8389.23],[20304.5, 8390.84],[20303, 8391],[20302.31, 8391.22],[20292, 8393],[20265, 8404],[20253, 8410],[20245.86, 8414.57],[20239, 8418],[20237, 8419],[20227, 8424],[20225, 8425],[20213, 8431],[20201, 8437],[20178, 8456],[20177.48, 8456.64],[20177.47, 8456.64],[20152, 8454],[20148.31, 8454],[20139, 8451],[20113.78, 8448.39],[20113, 8448],[20085, 8439],[20064.65, 8436.9],[20064.63, 8436.89],[20060, 8435],[20049.69, 8433.22],[20049, 8433],[20047.5, 8432.84],[20031, 8430],[20022.68, 8430.28],[20020, 8430],[20004.31, 8430],[19995, 8427],[19992.48, 8426.74],[19975, 8418],[19958.2, 8412.6],[19957, 8412],[19945, 8406],[19938.53, 8403.92],[19935, 8401],[19911, 8389],[19909, 8388],[19899, 8383],[19885, 8376],[19873, 8370],[19870.25, 8369.11],[19858, 8359],[19849.2, 8354.6],[19840, 8347],[19814, 8334],[19797.2, 8328.6],[19796, 8328],[19784, 8322],[19772, 8316],[19755.2, 8310.6],[19754, 8310],[19744, 8305],[19732, 8299],[19730, 8298],[19728, 8297],[19725, 8294],[19702, 8275],[19678, 8263],[19676, 8262],[19672.4, 8260.2],[19654, 8245],[19649.1, 8242.55],[19647, 8240],[19624, 8221],[19612, 8215],[19603.2, 8210.6],[19594, 8203],[19585.2, 8198.6],[19576, 8191],[19550, 8178],[19533.2, 8172.6],[19532, 8172],[19504, 8163],[19475.62, 8160.06],[19473, 8159],[19462.69, 8157.22],[19462, 8157],[19460.5, 8156.84],[19444, 8154],[19435.68, 8154.28],[19433, 8154],[19319, 8154],[19290, 8157],[19280.67, 8160],[19253, 8160],[19224, 8163],[19196, 8172],[19194.8, 8172.6],[19178, 8178],[19166, 8184],[19164.8, 8184.6],[19148, 8190],[19136, 8196],[19134.8, 8196.6],[19118, 8202],[19092, 8215],[19082.8, 8222.6],[19076, 8226],[19074.8, 8226.6],[19058, 8232],[19056.8, 8232.6],[19040, 8238],[19038.79, 8238.6],[19029.88, 8241.47],[19029.86, 8241.47],[19021, 8243],[19018.55, 8244],[19013, 8244],[19010.32, 8244.28],[19002, 8244],[18985.5, 8246.84],[18984, 8247],[18983.31, 8247.22],[18973, 8249],[18970.55, 8250],[18965, 8250],[18936, 8253],[18922.82, 8257.23],[18913.5, 8258.84],[18912, 8259],[18911.31, 8259.22],[18901, 8261],[18894.31, 8263.73],[18882, 8265],[18854, 8274],[18852.8, 8274.6],[18836, 8280],[18834.8, 8280.6],[18818, 8286],[18794, 8298],[18792, 8299],[18782, 8304],[18768, 8311],[18756, 8317],[18746.8, 8324.6],[18738, 8329],[18726, 8335],[18718.14, 8341.49],[18717, 8342],[18714.6, 8343.7],[18708, 8347],[18696.32, 8356.65],[18693, 8359],[18691.25, 8360.84],[18685, 8366],[18679.58, 8372.56],[18673, 8378],[18667, 8384],[18661, 8390],[18655, 8396],[18649, 8402],[18643, 8408],[18624, 8431],[18618, 8443],[18613.6, 8451.8],[18606, 8461],[18600, 8473],[18598, 8477],[18595, 8480],[18589, 8486],[18583, 8492],[18577, 8498],[18571, 8504],[18568.89, 8506.56],[18568.88, 8506.56],[18564, 8509],[18554.8, 8516.6],[18546, 8521],[18536.8, 8528.6],[18528, 8533],[18518.8, 8540.6],[18510, 8545],[18503.34, 8550.5],[18501, 8552],[18499.89, 8553.05],[18494, 8556],[18492, 8557],[18480, 8563],[18468, 8569],[18449.6, 8584.2],[18444, 8587],[18425.6, 8602.2],[18420, 8605],[18404.67, 8617.67],[18404.65, 8617.68],[18396, 8622],[18373, 8641],[18370.29, 8644.29],[18370.27, 8644.31],[18367, 8647],[18361.57, 8653.57],[18355, 8659],[18336, 8682],[18333.55, 8686.9],[18331, 8689],[18325, 8695],[18322.3, 8698.27],[18319, 8701],[18310.28, 8711.56],[18307, 8715],[18305.51, 8717.33],[18300, 8724],[18295.59, 8732.82],[18288, 8742],[18282, 8754],[18277.67, 8762.67],[18277.66, 8762.68],[18265, 8778],[18262.55, 8782.9],[18260, 8785],[18254, 8791],[18251, 8794],[18247, 8796],[18224, 8815],[18221.89, 8817.56],[18221.88, 8817.56],[18217, 8820],[18198.6, 8835.2],[18195, 8837],[18193, 8838],[18181, 8844],[18169, 8850],[18161.22, 8856.43],[18161.21, 8856.43],[18147, 8861],[18133.8, 8867.6],[18117, 8873],[18072, 8873],[18069.32, 8873.28],[18061, 8873],[18044.5, 8875.84],[18043, 8876],[18042.31, 8876.22],[18032, 8878],[18029.55, 8879],[17994, 8879],[17965, 8882],[17937, 8891],[17925, 8897],[17913, 8903],[17911, 8904],[17901, 8909],[17899, 8910],[17889, 8915],[17887, 8916],[17875, 8922],[17863, 8928],[17853.8, 8935.6],[17845, 8940],[17822, 8959],[17816, 8965],[17813.29, 8968.29],[17813.27, 8968.31],[17810, 8971],[17804, 8977],[17785, 9000],[17779, 9012],[17772, 9026],[17766, 9038],[17760.6, 9054.8],[17760, 9056],[17754, 9068],[17745, 9096],[17743.96, 9106.09],[17743.95, 9106.1],[17742, 9110],[17733, 9138],[17730, 9167],[17730, 9173],[17730, 9176.68],[17727, 9186],[17725.27, 9202.71],[17724.6, 9204.8],[17724, 9206],[17715, 9234],[17713.73, 9246.31],[17713.73, 9246.32],[17711, 9253],[17709.22, 9263.31],[17709, 9264],[17708.85, 9265.49],[17707.24, 9274.82],[17703, 9288],[17702.74, 9290.52],[17701, 9294],[17700, 9296],[17694, 9308],[17688, 9320],[17683.43, 9334.21],[17677, 9342],[17675, 9346],[17666, 9355],[17660, 9361],[17654, 9367],[17651.29, 9370.29],[17651.27, 9370.31],[17648, 9373],[17642, 9379],[17633.87, 9388.84],[17624, 9397],[17613.44, 9409.78],[17605, 9414],[17582, 9433],[17580.98, 9434.02],[17580.29, 9434.48],[17579, 9435],[17567, 9441],[17561.33, 9444.63],[17551, 9450],[17544.34, 9455.5],[17542, 9457],[17538.56, 9460.28],[17528, 9469],[17522.82, 9475.26],[17521, 9477],[17519.45, 9479.19],[17513.51, 9484.1],[17506, 9475],[17502.71, 9472.29],[17502.69, 9472.27],[17500, 9469],[17477, 9450],[17451, 9437],[17423, 9428],[17394, 9425],[17388, 9425],[17359, 9428],[17331, 9437],[17305, 9450],[17282, 9469],[17263, 9492],[17250, 9518],[17241, 9546],[17238, 9575],[17238, 9576.87],[17220, 9575],[17184, 9575],[17155, 9578],[17127, 9587],[17113.8, 9593.6],[17097, 9599],[17095.8, 9599.6],[17079, 9605],[17055, 9617],[17053, 9618],[17043, 9623],[17007.33, 9623],[16998, 9620],[16969, 9617],[16939, 9617],[16910, 9620],[16896.71, 9624.27],[16880, 9626],[16859.88, 9632.47],[16859.86, 9632.47],[16851, 9634],[16824, 9645],[16812, 9651],[16810.53, 9651.74],[16809, 9652],[16803.37, 9654.29],[16799, 9649],[16795.71, 9646.29],[16795.69, 9646.27],[16793, 9643],[16789.71, 9640.29],[16789.69, 9640.27],[16787, 9637],[16764, 9618],[16738, 9605],[16714.67, 9597.5],[16715.38, 9590.62],[16721, 9585],[16733, 9573],[16739, 9567],[16758, 9544],[16766, 9528],[16769, 9525],[16775, 9519],[16777.71, 9515.71],[16777.73, 9515.69],[16781, 9513],[16800, 9490],[16806, 9478],[16812, 9466],[16813, 9464],[16818, 9454],[16819, 9452],[16825, 9440],[16831, 9428],[16840, 9400],[16840.26, 9397.48],[16843, 9392],[16849, 9380],[16858, 9352],[16861, 9323],[16861, 9317],[16861, 9311],[16860.27, 9303.98],[16860.27, 9303.97],[16861.4, 9301.2],[16864.43, 9295.14],[16869, 9288],[16875, 9276],[16877.94, 9268.77],[16881, 9264],[16884.93, 9256.13],[16890, 9250],[16896, 9238],[16900.4, 9229.2],[16908, 9220],[16914, 9208],[16920, 9196],[16921, 9194],[16922.8, 9190.4],[16938, 9172],[16942.4, 9163.2],[16950, 9154],[16954.4, 9145.2],[16962, 9136],[16965.95, 9128.1],[16967, 9127],[16968.49, 9124.67],[16974, 9118],[16978.41, 9109.18],[16986, 9100],[16988.8, 9094.4],[17004, 9076],[17010, 9064],[17014.4, 9055.2],[17022, 9046],[17028, 9034],[17030.79, 9028.42],[17032.17, 9026.75],[17034, 9025],[17036.35, 9021.68],[17046, 9010],[17049.3, 9003.4],[17051, 9001],[17054.85, 8992.34],[17070, 8974],[17076, 8962],[17082, 8950],[17083, 8948],[17089, 8936],[17095, 8924],[17099.71, 8909.35],[17108, 8889],[17108.69, 8884.99],[17120, 8864],[17126.28, 8842],[17130.4, 8829.2],[17131, 8828],[17139.31, 8802.15],[17141, 8798],[17143.06, 8788.02],[17145, 8782],[17145.66, 8775.61],[17151, 8759],[17153.64, 8733.44],[17153.65, 8733.42],[17157, 8723],[17160, 8694],[17160, 8690.34],[17163, 8681],[17166, 8652],[17166, 8646],[17166, 8640],[17166, 8634],[17163, 8605],[17154, 8577],[17148, 8565],[17147.4, 8563.8],[17142, 8547],[17133.24, 8529.49],[17133.23, 8529.46],[17131.64, 8525],[17131, 8523],[17130.75, 8522.5],[17127, 8512],[17123.35, 8506.52],[17119, 8493],[17118.4, 8491.8],[17113, 8475],[17107, 8463],[17106.4, 8461.8],[17101, 8445],[17095, 8433],[17089, 8421],[17088, 8419],[17083, 8409],[17082, 8407],[17077, 8397],[17076, 8395],[17071, 8385],[17070, 8383],[17064, 8371],[17058, 8359],[17050.4, 8349.8],[17047, 8343],[17046, 8341],[17040, 8329],[17034, 8317],[17015, 8294],[17011.71, 8291.29],[17011.69, 8291.27],[17009, 8288],[17005.71, 8285.29],[17005.69, 8285.27],[17003, 8282],[16999.71, 8279.29],[16999.69, 8279.27],[16997, 8276],[16994.44, 8273.89],[16994.44, 8273.88],[16992, 8269],[16985.5, 8261.13],[16983, 8255],[16978.78, 8246.56],[16978, 8239],[16975, 8229.67],[16975, 8226],[16975, 8220],[16975, 8214],[16975, 8208],[16975, 8202],[16975, 8196],[16975, 8184],[16975, 8180.32],[16978, 8171],[16978.44, 8166.74],[16982, 8158],[16983.53, 8149.13],[16990, 8129],[16991.73, 8112.29],[16992.4, 8110.2],[16993, 8109],[16998.4, 8092.2],[16999, 8091],[17004.4, 8074.2],[17005, 8073],[17014, 8045],[17014.81, 8037.14],[17014.81, 8037.13],[17020, 8021],[17020.81, 8013.14],[17020.81, 8013.13],[17026, 7997],[17026.81, 7989.14],[17026.81, 7989.13],[17032, 7973],[17033.73, 7956.28],[17038, 7943],[17040.64, 7917.44],[17040.65, 7917.42],[17044, 7907],[17045.83, 7889.34],[17047, 7887],[17053, 7875],[17062, 7847],[17063.04, 7836.91],[17063.05, 7836.9],[17065, 7833],[17070.4, 7816.2],[17071, 7815],[17077, 7803],[17082.4, 7786.2],[17083, 7785],[17092, 7757],[17094.94, 7728.61],[17096, 7726],[17097.78, 7715.69],[17098, 7715],[17098.16, 7713.5],[17101, 7697],[17100.72, 7688.68],[17101, 7686],[17101, 7680],[17101, 7674],[17101, 7668],[17101, 7662],[17101, 7656],[17101, 7650],[17101, 7644],[17101, 7638],[17098, 7609],[17089, 7581],[17076, 7555],[17057, 7532],[17053.71, 7529.29],[17053.69, 7529.27],[17051, 7526],[17047.71, 7523.29],[17047.69, 7523.27],[17045, 7520],[17022, 7501],[16996, 7488],[16981.78, 7483.43],[16974, 7477],[16965.2, 7472.6],[16956, 7465],[16944, 7459],[16936.1, 7455.05],[16935, 7454],[16932.67, 7452.51],[16926, 7447],[16917.18, 7442.59],[16908, 7435],[16896, 7429],[16890.4, 7426.2],[16872, 7411],[16867.11, 7408.56],[16867.1, 7408.55],[16865, 7406],[16861.71, 7403.29],[16861.69, 7403.27],[16859, 7400],[16855.71, 7397.29],[16855.69, 7397.27],[16853, 7394],[16849.71, 7391.29],[16849.69, 7391.27],[16847, 7388],[16843.71, 7385.29],[16843.69, 7385.27],[16841, 7382],[16838.45, 7379.89],[16836, 7375],[16817, 7352],[16811, 7346],[16805, 7340],[16797.33, 7333.67],[16797.33, 7333.66],[16794, 7327],[16788.49, 7320.34],[16787, 7318],[16783.72, 7314.56],[16778.8, 7308.6],[16776, 7303],[16757, 7280],[16734, 7261],[16730, 7259],[16727, 7256],[16721, 7250],[16716.99, 7245.99],[16716, 7244],[16697, 7221],[16674, 7202],[16648, 7189],[16620, 7180],[16591, 7177],[16573, 7177],[16563.33, 7178],[16557, 7178],[16550.67, 7179.31],[16544, 7180],[16537.98, 7181.94],[16528, 7184],[16501, 7195],[16493.8, 7200.1],[16490, 7202],[16483.27, 7207.56],[16477, 7212],[16471, 7217],[16467, 7221],[16466.75, 7221.25],[16461, 7226],[16452, 7235],[16448, 7237],[16428.33, 7253.25],[16426, 7254],[16414, 7260],[16400, 7267],[16388, 7273],[16378.8, 7280.6],[16370, 7285],[16363.34, 7290.5],[16361, 7292],[16357.56, 7295.28],[16347, 7304],[16344.29, 7307.29],[16341, 7310],[16338.29, 7313.29],[16338.27, 7313.31],[16335, 7316],[16329, 7322],[16326.29, 7325.29],[16326.27, 7325.31],[16323, 7328],[16317, 7334],[16298, 7357],[16296, 7361],[16293, 7364],[16274, 7387],[16273, 7389],[16273, 7386],[16273, 7380],[16270, 7351],[16261, 7323],[16255, 7311],[16249, 7299],[16248, 7297],[16243, 7287],[16242, 7285],[16236, 7273],[16230, 7261],[16211, 7238],[16188, 7219],[16180.8, 7215.4],[16176, 7211],[16172.63, 7208.37],[16167, 7203],[16160.29, 7198.71],[16153, 7193],[16146.44, 7189.84],[16142, 7187],[16094, 7163],[16067, 7152],[16065.48, 7151.74],[16062.67, 7150.33],[16030, 7127],[16010, 7115],[16005, 7112],[16002.18, 7111.09],[15998.39, 7109.2],[15976.46, 7092.14],[15959, 7071],[15936, 7052],[15910, 7039],[15882, 7030],[15853, 7027],[15847, 7027],[15818, 7030],[15790, 7039],[15771.08, 7048.46],[15769, 7042],[15756, 7016],[15737, 6993],[15733.71, 6990.29],[15733.69, 6990.27],[15731, 6987],[15708, 6968],[15682, 6955],[15654, 6946],[15625, 6943],[15595, 6943],[15585.33, 6944],[15581, 6944],[15575.04, 6945.06],[15566, 6946],[15561.24, 6947.53],[15559, 6947.93],[15553, 6946],[15524, 6943],[15489.5, 6943],[15491.4, 6939.2],[15499, 6930],[15503.4, 6921.2],[15511, 6912],[15513.8, 6906.4],[15529, 6888],[15533.4, 6879.2],[15541, 6870],[15547, 6858],[15551.43, 6849.14],[15556, 6842],[15558.33, 6837.33],[15571, 6822],[15583, 6798],[15584, 6796],[15584, 6795.99],[15584.01, 6795.97],[15585.79, 6792.41],[15601, 6774],[15607, 6762],[15613, 6750],[15614, 6748],[15620, 6736],[15626, 6724],[15635, 6696],[15638, 6667],[15638, 6661],[15638, 6655],[15638, 6649],[15638, 6643],[15638, 6637],[15635, 6608],[15630.77, 6594.82],[15629.16, 6585.5],[15629, 6584],[15628.78, 6583.31],[15627, 6573],[15626, 6570.55],[15626, 6565],[15623, 6536],[15614, 6508],[15609.79, 6499.58],[15609, 6495],[15599.06, 6470.61],[15599, 6470],[15590, 6442],[15584, 6430],[15583.4, 6428.8],[15578, 6412],[15565, 6386],[15546, 6363],[15542.71, 6360.29],[15542.69, 6360.27],[15540, 6357],[15537.44, 6354.89],[15537.44, 6354.88],[15535, 6350],[15516, 6327],[15512.71, 6324.29],[15512.69, 6324.27],[15510, 6321],[15487, 6302],[15483, 6300],[15480, 6297],[15466.86, 6286.14],[15456, 6273],[15433, 6254],[15424.56, 6249.78],[15414, 6237],[15410.71, 6234.29],[15410.69, 6234.27],[15408, 6231],[15385, 6212],[15373, 6206],[15364.2, 6201.6],[15355, 6194],[15335.1, 6184.05],[15334, 6183],[15331.66, 6181.5],[15325, 6176],[15316.14, 6171.57],[15309, 6167],[15297, 6161],[15293.51, 6159.58],[15292, 6158],[15289.07, 6155.93],[15286, 6153],[15275.02, 6145.98],[15268, 6141],[15265.55, 6139.91],[15261, 6137],[15253.13, 6133.07],[15247, 6128],[15235, 6122],[15226.14, 6117.57],[15219, 6113],[15211.13, 6109.07],[15205, 6104],[15179, 6091],[15151, 6082],[15148.48, 6081.74],[15148.2, 6081.6],[15139, 6074],[15113, 6061],[15101.8, 6057.4],[15093, 6053],[15082.2, 6048.6],[15076.14, 6045.57],[15069, 6041],[15061.12, 6037.06],[15055, 6032],[15043, 6026],[15029, 6019],[15017, 6013],[15005.8, 6009.4],[15001.12, 6007.06],[14995, 6002],[14969, 5989],[14957.8, 5985.4],[14949, 5981],[14938.2, 5976.6],[14927, 5971],[14915, 5965],[14900.55, 5960.35],[14893, 5957],[14885, 5953],[14881.39, 5951.84],[14875, 5949],[14857, 5943],[14849.47, 5941.12],[14832, 5934],[14830.2, 5933.69],[14826, 5931],[14798, 5922],[14794.5, 5921.13],[14791, 5920],[14789.29, 5919.82],[14774, 5916],[14773.76, 5915.96],[14749, 5908],[14746.48, 5907.74],[14741, 5905],[14713, 5896],[14702.91, 5894.96],[14702.9, 5894.96],[14699, 5893],[14671, 5884],[14668.48, 5883.74],[14663, 5881],[14646.2, 5875.6],[14645, 5875],[14617, 5866],[14600.28, 5864.27],[14587, 5860],[14580.51, 5859.33],[14580, 5859],[14570.95, 5856.09],[14556, 5850],[14543.12, 5847.78],[14529.89, 5844.47],[14514, 5838],[14505.13, 5836.47],[14496.2, 5833.6],[14495, 5833],[14478.2, 5827.6],[14465, 5821],[14453.8, 5817.4],[14445, 5813],[14418, 5802],[14409.13, 5800.47],[14400.2, 5797.6],[14399, 5797],[14384.46, 5792.33],[14384.45, 5792.32],[14384, 5792],[14367.8, 5785.4],[14357, 5780],[14347, 5775],[14345, 5774],[14321, 5762],[14306.35, 5757.29],[14302.2, 5755.6],[14291, 5750],[14279, 5744],[14262.2, 5738.6],[14261, 5738],[14233, 5729],[14204, 5726],[14201.34, 5726],[14192, 5723],[14166.44, 5720.36],[14166.42, 5720.35],[14156, 5717],[14127, 5714],[14123.31, 5714],[14114, 5711],[14085, 5708],[14061.45, 5708],[14059, 5707],[14048.69, 5705.22],[14048, 5705],[14046.5, 5704.84],[14030, 5702],[14021.68, 5702.28],[14019, 5702],[13893, 5702],[13864, 5705],[13847.86, 5710.19],[13847.85, 5710.19],[13840, 5711],[13812, 5720],[13800, 5726],[13798.8, 5726.6],[13782, 5732],[13768.8, 5738.6],[13752, 5744],[13750.83, 5744.58],[13748.82, 5745.23],[13739.5, 5746.84],[13738, 5747],[13737.31, 5747.22],[13727, 5749],[13704.65, 5758.11],[13696, 5759],[13668, 5768],[13666.81, 5768.6],[13666.78, 5768.61],[13664.71, 5769.27],[13648, 5771],[13620, 5780],[13594, 5793],[13588.2, 5797.79],[13572, 5803],[13560, 5809],[13546, 5816],[13534, 5822],[13524.8, 5829.6],[13518, 5833],[13516, 5834],[13506, 5839],[13504, 5840],[13492, 5846],[13480, 5852],[13457, 5871],[13451, 5877],[13445, 5883],[13442, 5886],[13438, 5888],[13427.18, 5896.93],[13421, 5898],[13412.26, 5901.56],[13408, 5902],[13391.87, 5907.19],[13391.86, 5907.19],[13384, 5908],[13367.87, 5913.19],[13367.86, 5913.19],[13360, 5914],[13332, 5923],[13320, 5929],[13308, 5935],[13306, 5936],[13294, 5942],[13282, 5948],[13263.6, 5963.2],[13258, 5966],[13248.82, 5973.59],[13240, 5978],[13228, 5984],[13220.14, 5990.49],[13219, 5991],[13216.6, 5992.7],[13210, 5996],[13206.46, 5998.92],[13200, 6001],[13188, 6007],[13174, 6014],[13162, 6020],[13152.8, 6027.6],[13144, 6032],[13121, 6051],[13115, 6057],[13112, 6060],[13108, 6062],[13085, 6081],[13082.31, 6084.27],[13082.29, 6084.29],[13079, 6087],[13072, 6094],[13066, 6098],[13043, 6117],[13037, 6123],[13031, 6129],[13019, 6141],[13013, 6147],[13007.57, 6153.57],[13001, 6159],[12995.57, 6165.57],[12993.59, 6167.2],[12988, 6170],[12984.46, 6172.92],[12978, 6175],[12966, 6181],[12958, 6185],[12957.14, 6185.29],[12953, 6186],[12928.62, 6195.94],[12928.61, 6195.94],[12928, 6196],[12904, 6203.71],[12882, 6210],[12856, 6224],[12838, 6236],[12826, 6242],[12803, 6261],[12797, 6267],[12791, 6273],[12788, 6276],[12784, 6278],[12761, 6297],[12755, 6303],[12746.87, 6312.84],[12746.86, 6312.86],[12737, 6321],[12728.84, 6330.87],[12719, 6339],[12713, 6345],[12701, 6357],[12698, 6360],[12694, 6362],[12687.34, 6367.51],[12685, 6369],[12681.56, 6372.28],[12671, 6381],[12666.12, 6386.9],[12666, 6387],[12665.66, 6387.42],[12664, 6389],[12661.92, 6391.94],[12657.28, 6397.55],[12654, 6401],[12652.5, 6403.34],[12649.72, 6406.71],[12649.71, 6406.72],[12634.59, 6419.2],[12629, 6422],[12622.34, 6427.5],[12620, 6429],[12616.56, 6432.28],[12606, 6441],[12603.27, 6444.3],[12600, 6447],[12597.9, 6449.55],[12593, 6452],[12581.32, 6461.65],[12578, 6464],[12576.25, 6465.83],[12570, 6471],[12561.28, 6481.56],[12558, 6485],[12556.5, 6487.34],[12554.67, 6489.55],[12539, 6500],[12527, 6506],[12504, 6525],[12485, 6548],[12482.2, 6553.6],[12467, 6572],[12465, 6576],[12462, 6579],[12456, 6585],[12447.87, 6594.84],[12438, 6603],[12432, 6609],[12420, 6621],[12408, 6633],[12405, 6636],[12401, 6638],[12382.6, 6653.2],[12377, 6656],[12365, 6662],[12352.45, 6672.36],[12341, 6680],[12331.8, 6687.6],[12311, 6698],[12292.6, 6713.2],[12275, 6722],[12265.82, 6729.59],[12257, 6734],[12250.33, 6739.51],[12248, 6741],[12246.9, 6742.05],[12239, 6746],[12216, 6765],[12210, 6771],[12204, 6777],[12192, 6789],[12186, 6795],[12180, 6801],[12174, 6807],[12168, 6813],[12162, 6819],[12156, 6825],[12150, 6831],[12144, 6837],[12138, 6843],[12132, 6849],[12126, 6855],[12107, 6878],[12100.48, 6887.78],[12095, 6893],[12092.93, 6895.93],[12090, 6899],[12082.98, 6909.98],[12078, 6917],[12076.91, 6919.45],[12074, 6924],[12068, 6936],[12056, 6960],[12050, 6972],[12044, 6984],[12039.6, 6994.8],[12028, 7018],[12022.6, 7034.8],[12022, 7036],[12016, 7048],[12010.6, 7064.8],[12004, 7078],[12002.58, 7082.4],[11993, 7094],[11985, 7110],[11982, 7113],[11979.31, 7116.27],[11979.29, 7116.29],[11976, 7119],[11973.31, 7122.27],[11973.29, 7122.29],[11970, 7125],[11967.31, 7128.27],[11967.29, 7128.29],[11964, 7131],[11958, 7137],[11955, 7140],[11951, 7142],[11928, 7161],[11909, 7184],[11907, 7188],[11904, 7191],[11898.83, 7197.25],[11897, 7199],[11894.65, 7202.32],[11885, 7214],[11881.7, 7220.6],[11880, 7223],[11877.6, 7228.4],[11874, 7232],[11869.25, 7237.75],[11869, 7238],[11868.89, 7238.17],[11868.26, 7238.82],[11862, 7244],[11853.28, 7254.56],[11850, 7258],[11848.5, 7260.34],[11843, 7267],[11838.57, 7275.86],[11834, 7283],[11828, 7295],[11817, 7322],[11815.22, 7332.31],[11815, 7333],[11810, 7343],[11799, 7370],[11798.97, 7370.19],[11798.97, 7370.2],[11795, 7375],[11782, 7401],[11777.29, 7415.65],[11769, 7436],[11767.22, 7446.31],[11767, 7447],[11766.84, 7448.5],[11765.23, 7457.82],[11761, 7471],[11760.56, 7475.26],[11757, 7484],[11755.22, 7494.31],[11755, 7495],[11754.93, 7495.62],[11745, 7520],[11743.22, 7530.31],[11743, 7531],[11742.84, 7532.5],[11741.23, 7541.82],[11737, 7555],[11734.89, 7575.35],[11733, 7580],[11731.22, 7590.31],[11731, 7591],[11730.84, 7592.5],[11728, 7609],[11728.28, 7617.32],[11728, 7620],[11728, 7621],[11726, 7627],[11722, 7635],[11713, 7663],[11710, 7692],[11710, 7704],[11710, 7710],[11710, 7716],[11710, 7722],[11710, 7728],[11710, 7740],[11710, 7746],[11713, 7775],[11715.16, 7781.72],[11709, 7787],[11706, 7790],[11703, 7793],[11697, 7800],[11689.71, 7809.71],[11687, 7813],[11686.5, 7814],[11685, 7816],[11681, 7824],[11676, 7832],[11673, 7841],[11669, 7850],[11665.72, 7864.76],[11665, 7867],[11664.81, 7868.87],[11663, 7877],[11662, 7887],[11662, 7896],[11662, 7905],[11663, 7915],[11664.81, 7923.13],[11665, 7925],[11665.72, 7927.24],[11669, 7942],[11673, 7951],[11676, 7960],[11681, 7968],[11685, 7976],[11686.5, 7978],[11687, 7979],[11689.71, 7982.29],[11694.8, 7989.07],[11695, 7991],[11704, 8019],[11704.6, 8020.2],[11710, 8037],[11716, 8049],[11722, 8061],[11722.6, 8062.2],[11723.24, 8064.19],[11724.85, 8073.51],[11725, 8075],[11725.22, 8075.69],[11727, 8086],[11734.95, 8105.52],[11735, 8107],[11736.65, 8113.6],[11737, 8117],[11739.25, 8124],[11740, 8127],[11740, 8130],[11743, 8159],[11748.19, 8175.12],[11748.19, 8175.14],[11749, 8183],[11752.35, 8193.42],[11752.36, 8193.44],[11755, 8219],[11764, 8247],[11766.74, 8252.48],[11767, 8255],[11776, 8283],[11782, 8295],[11789, 8309],[11795, 8321],[11802.6, 8330.2],[11804.21, 8333.42],[11805, 8338],[11813.29, 8358.35],[11818, 8373],[11828.2, 8393.4],[11825, 8395],[11802, 8414],[11783, 8437],[11770, 8463],[11764.6, 8479.8],[11764, 8481],[11758, 8493],[11752, 8505],[11746.6, 8521.8],[11746, 8523],[11737, 8551],[11734, 8580],[11734, 8583.67],[11731, 8593],[11728, 8622],[11728, 8628],[11728, 8640],[11728, 8652],[11728, 8658],[11728, 8659],[11728, 8670],[11728.54, 8675.23],[11729, 8689],[11730.65, 8695.59],[11731, 8699],[11733.25, 8706],[11734, 8708.99],[11734, 8712],[11734, 8718],[11734, 8724],[11734.28, 8726.68],[11734, 8735],[11736.84, 8751.5],[11737, 8753],[11737.22, 8753.69],[11739, 8764],[11741.86, 8771.03],[11743, 8782],[11746, 8791.33],[11746, 8801],[11746.28, 8803.68],[11746, 8812],[11748.84, 8828.5],[11749, 8830],[11749.22, 8830.69],[11751, 8841],[11752, 8843.46],[11752, 8855],[11752, 8861],[11754.32, 8883.36],[11754.32, 8883.37],[11752, 8888],[11746.6, 8904.8],[11746, 8906],[11737, 8934],[11736.19, 8941.85],[11736.19, 8941.86],[11734.62, 8946.76],[11734.61, 8946.79],[11734, 8948],[11725, 8976],[11724.74, 8978.52],[11722, 8984],[11720.84, 8987.61],[11718, 8994],[11712, 9012],[11710, 9020],[11701, 9048],[11699.73, 9060.31],[11697, 9067],[11695.22, 9077.31],[11695, 9078],[11694.84, 9079.5],[11692, 9096],[11692.08, 9098.41],[11689, 9108],[11686.89, 9128.35],[11685, 9133],[11683.22, 9143.31],[11683, 9144],[11682.84, 9145.5],[11682.22, 9149.09],[11679, 9157],[11677.22, 9167.31],[11677, 9168],[11676.84, 9169.5],[11675.05, 9179.9],[11674, 9182],[11668.6, 9198.8],[11668, 9200],[11659, 9228],[11656, 9257],[11656, 9262.55],[11655, 9265],[11653.22, 9275.31],[11653, 9276],[11652.84, 9277.5],[11650, 9294],[11650.28, 9302.32],[11650, 9305],[11650, 9311],[11650, 9312],[11650, 9317],[11650.94, 9326.06],[11652, 9342],[11656, 9366],[11656, 9377],[11656, 9401],[11656.29, 9403.8],[11656, 9408],[11657.81, 9418.5],[11659, 9430],[11660.71, 9435.32],[11661, 9437],[11662.7, 9443.79],[11662.71, 9443.82],[11665, 9466],[11669, 9486],[11671, 9496],[11673.57, 9504.29],[11674, 9506.01],[11674, 9510],[11674, 9521],[11674.54, 9526.23],[11675, 9540],[11676.65, 9546.59],[11677, 9550],[11679.25, 9557],[11680.24, 9560.93],[11680, 9568],[11682.85, 9584.5],[11683, 9586],[11683.22, 9586.69],[11685, 9597],[11686.89, 9601.64],[11689, 9622],[11692, 9631.32],[11692, 9641],[11695, 9670],[11698.08, 9679.58],[11698, 9682],[11700.84, 9698.5],[11701, 9700],[11701.22, 9700.69],[11703, 9711],[11704.43, 9714.51],[11706.85, 9728.51],[11707, 9730],[11707.22, 9730.69],[11709, 9741],[11717.29, 9761.35],[11722, 9776],[11722.71, 9777.43],[11723, 9786],[11724.65, 9792.58],[11725, 9796],[11727.25, 9803],[11730, 9814],[11736, 9832],[11738.29, 9838.86],[11739, 9843],[11742.23, 9850.93],[11742.85, 9854.5],[11743, 9856],[11743.22, 9856.69],[11745, 9867],[11746, 9869.46],[11746, 9881],[11746, 9887],[11746.28, 9889.68],[11746, 9898],[11748.84, 9914.5],[11749, 9916],[11749.22, 9916.69],[11751, 9927],[11752, 9929.45],[11752, 9935],[11752, 9941],[11752, 9959],[11752, 9969],[11749, 9984],[11746, 10013],[11746, 10019],[11746, 10025],[11746, 10049],[11746, 10079],[11746, 10097],[11746, 10103],[11746, 10115],[11746, 10121],[11746, 10133],[11746, 10150],[11746, 10156],[11746, 10158],[11745, 10162],[11744.71, 10163.68],[11743, 10169],[11741.81, 10180.5],[11740, 10191],[11740.29, 10195.2],[11740, 10198],[11740, 10215],[11736, 10239],[11735.12, 10252.17],[11731, 10265],[11728.89, 10285.35],[11727, 10290],[11725.22, 10300.31],[11725, 10301],[11724.84, 10302.5],[11722, 10319],[11722.28, 10327.32],[11722.06, 10329.39],[11721, 10332],[11719.22, 10342.31],[11719, 10343],[11718.84, 10344.5],[11716, 10361],[11716.28, 10369.32],[11716, 10372],[11716, 10377.55],[11715, 10380],[11713.22, 10390.31],[11713, 10391],[11712.84, 10392.5],[11710, 10409],[11710.28, 10417.32],[11710, 10420],[11710, 10426],[11710, 10438],[11710, 10449.55],[11709, 10452],[11707.22, 10462.31],[11707, 10463],[11706.84, 10464.5],[11704, 10481],[11704.28, 10489.32],[11704, 10492],[11704, 10504],[11704, 10510],[11704, 10516],[11704, 10528],[11704, 10534],[11704, 10540],[11704, 10552],[11704, 10564],[11704, 10570],[11704, 10582],[11704, 10588],[11704, 10600],[11704, 10624],[11704.28, 10626.68],[11704, 10635],[11706.84, 10651.5],[11707, 10653],[11707.22, 10653.69],[11709, 10664],[11710, 10666.45],[11710, 10672],[11710, 10678],[11710, 10684],[11710, 10714],[11710, 10720],[11710, 10744],[11710, 10750],[11710.28, 10752.68],[11710, 10761],[11712.84, 10777.5],[11713, 10779],[11713.22, 10779.69],[11715, 10790],[11716, 10792.45],[11716, 10798],[11716, 10814.42],[11715.28, 10815.29],[11712, 10818],[11709.31, 10821.27],[11709.29, 10821.29],[11706, 10824],[11700, 10830],[11694, 10836],[11675, 10859],[11662, 10885],[11654.86, 10907.21],[11651, 10913],[11637, 10939],[11631.7, 10957.57],[11631.65, 10957.69],[11631.64, 10957.73],[11626, 10969],[11620.6, 10985.8],[11620, 10987],[11611, 11015],[11608, 11044],[11608, 11047],[11607.25, 11050],[11605, 11057],[11604.65, 11060.41],[11604.24, 11062.04],[11601, 11070],[11600.02, 11075.68],[11595, 11088],[11594.74, 11089.52],[11594, 11091],[11583, 11118],[11581.22, 11128.31],[11581, 11129],[11580.84, 11130.5],[11578, 11147],[11578.06, 11148.88],[11572, 11161],[11563, 11189],[11560, 11218],[11560, 11224],[11560, 11230],[11562.21, 11251.38],[11553, 11274],[11551.47, 11282.86],[11551.47, 11282.88],[11545, 11303],[11544.56, 11307.26],[11541, 11316],[11539.22, 11326.31],[11539, 11327],[11538.84, 11328.5],[11537.23, 11337.82],[11533, 11351],[11530, 11380],[11530, 11389.67],[11527, 11399],[11525.18, 11416.64],[11524, 11419],[11515, 11447],[11513.76, 11458.94],[11511, 11470],[11510.96, 11470.23],[11510.96, 11470.24],[11503, 11495],[11500.51, 11519.08],[11497, 11530],[11494, 11559],[11494, 11565],[11494, 11571],[11494, 11577],[11494, 11583],[11494, 11589],[11494, 11592.67],[11491, 11602],[11489.27, 11618.71],[11485, 11632],[11483.27, 11648.71],[11479, 11662],[11478.94, 11662.61],[11475.61, 11670.77],[11470, 11682],[11467.92, 11688.46],[11465, 11692],[11463, 11696],[11454, 11705],[11448, 11711],[11442, 11717],[11437.33, 11722.65],[11437.32, 11722.62],[11434, 11716],[11424.35, 11704.32],[11422, 11701],[11420.17, 11699.25],[11418.79, 11697.58],[11416, 11692],[11413.49, 11688.96],[11409, 11675],[11402.14, 11664.29],[11400.79, 11661.6],[11400, 11657],[11389, 11630],[11385.97, 11623.95],[11387, 11618],[11386.72, 11609.68],[11387, 11607],[11387, 11601],[11387, 11595],[11387, 11589],[11387, 11583],[11387, 11577],[11387, 11571],[11387, 11559],[11387, 11553],[11386, 11543.33],[11386, 11539],[11384.93, 11533.03],[11384, 11524],[11382.47, 11519.25],[11381, 11511],[11370, 11483],[11364, 11474],[11362, 11470],[11358.55, 11465.82],[11354, 11459],[11347.75, 11452.75],[11345.54, 11450.09],[11345.53, 11450.07],[11344, 11447],[11325, 11424],[11313.12, 11414.18],[11313, 11414],[11311.95, 11412.9],[11308, 11405],[11302.49, 11398.34],[11301, 11396],[11297.72, 11392.56],[11289, 11382],[11271, 11364],[11259, 11352],[11253, 11346],[11247, 11340],[11235, 11328],[11212, 11309],[11208, 11307],[11202, 11301],[11199, 11298],[11193, 11292],[11189.61, 11289.2],[11181, 11281],[11151, 11257],[11126, 11241],[11124.8, 11240.51],[11124, 11240],[11112, 11234],[11100, 11228],[11088, 11222],[11070.04, 11214.68],[11070.03, 11214.68],[11068, 11213],[11042, 11200],[11025.2, 11194.6],[11024, 11194],[10996, 11185],[10967, 11182],[10922.18, 11182],[10921.21, 11181.6],[10910, 11176],[10882, 11167],[10853, 11164],[10807.33, 11164],[10798, 11161],[10769, 11158],[10751, 11158],[10722, 11161],[10712.67, 11164],[10709, 11164],[10680, 11167],[10652, 11176],[10640, 11182],[10626, 11189],[10614, 11195],[10591, 11214],[10585.57, 11220.57],[10579, 11226],[10576.31, 11229.27],[10576.29, 11229.29],[10573, 11232],[10567, 11238],[10548, 11261],[10542, 11273],[10536, 11285],[10535, 11287],[10529, 11299],[10523, 11311],[10519.26, 11322.65],[10510, 11315],[10504.4, 11312.2],[10486, 11297],[10474, 11291],[10460, 11284],[10448, 11278],[10420, 11269],[10391, 11266],[10369, 11266],[10354, 11263],[10341.57, 11261.71],[10318, 11257],[10289, 11254],[10261.33, 11254],[10252, 11251],[10223, 11248],[10220, 11248],[10217, 11247.25],[10210, 11245],[10206.59, 11244.65],[10200, 11243],[10186.23, 11242.54],[10181, 11242],[10172.78, 11242],[10169.95, 11241.09],[10155, 11235],[10142.11, 11232.78],[10127, 11229],[10118, 11227.45],[10112, 11226],[10098, 11224],[10079.01, 11221.29],[10077, 11220],[10067.95, 11217.09],[10053, 11211],[10040.11, 11208.78],[10025, 11205],[10021.24, 11204.06],[10020.59, 11203.79],[10009, 11198],[9998.2, 11193.6],[9987, 11188],[9959, 11179],[9935.12, 11176.53],[9930, 11175.25],[9923, 11173],[9919.59, 11172.65],[9913, 11171],[9899.23, 11170.54],[9894, 11170],[9891, 11170],[9888, 11169.25],[9881, 11167],[9877.59, 11166.65],[9871, 11165],[9857.23, 11164.54],[9852, 11164],[9806, 11164],[9791, 11161],[9762, 11158],[9759, 11158],[9756, 11157.25],[9749, 11155],[9745.59, 11154.65],[9739, 11153],[9725.23, 11152.54],[9725.11, 11152.53],[9720.03, 11151.26],[9713, 11149],[9709.58, 11148.65],[9703, 11147],[9689.23, 11146.54],[9684, 11146],[9594, 11146],[9565, 11149],[9558.44, 11151.11],[9558, 11151],[9556.32, 11150.71],[9551, 11149],[9539.5, 11147.81],[9538.45, 11147.63],[9532, 11145],[9521.69, 11143.22],[9521, 11143],[9519.5, 11142.84],[9503, 11140],[9494.68, 11140.28],[9492, 11140],[9484, 11140],[9480, 11139],[9478.32, 11138.71],[9473, 11137],[9461.5, 11135.81],[9451, 11134],[9450.53, 11134.03],[9448, 11133],[9437.69, 11131.22],[9437, 11131],[9435.5, 11130.84],[9426.18, 11129.23],[9413, 11125],[9384, 11122],[9369, 11122],[9366, 11121.25],[9359, 11119],[9355.59, 11118.65],[9349, 11117],[9346.86, 11116.93],[9343.57, 11115.28],[9343, 11112],[9333.9, 11089.66],[9333, 11081],[9329.74, 11064.72],[9330, 11057],[9327.15, 11040.5],[9327, 11039],[9326.78, 11038.31],[9325, 11028],[9314, 11001],[9312, 10997],[9310, 10991],[9307.71, 10984.14],[9307, 10980],[9301.98, 10967.67],[9301, 10962],[9290, 10935],[9284, 10923],[9279.43, 10915.86],[9275, 10907],[9272.08, 10903.46],[9270, 10897],[9257, 10871],[9249.4, 10861.8],[9245, 10853],[9226, 10830],[9220, 10824],[9216.73, 10821.31],[9216.71, 10821.29],[9214, 10818],[9191, 10799],[9179, 10793],[9170.14, 10788.57],[9163, 10784],[9151, 10778],[9140.2, 10773.6],[9129, 10768],[9101, 10759],[9072, 10756],[9018, 10756],[8989, 10759],[8961, 10768],[8953.67, 10771.67],[8949, 10773],[8935.94, 10780.03],[8935, 10780],[8918.5, 10782.84],[8917, 10783],[8916.31, 10783.22],[8906, 10785],[8903.55, 10786],[8898, 10786],[8869, 10789],[8841, 10798],[8829.8, 10803.6],[8825.74, 10805.25],[8816.51, 10806.84],[8815, 10807],[8814.31, 10807.22],[8804, 10809],[8777, 10820],[8765, 10826],[8757.86, 10830.57],[8749, 10835],[8745.46, 10837.92],[8739, 10840],[8713, 10853],[8690, 10872],[8671, 10895],[8658, 10921],[8649, 10949],[8647.27, 10965.71],[8643, 10979],[8640, 11008]]]},"properties":{"objectType":"annotation","name":"B15XO_D1 Nodular Tissue","classification":{"name":"Nodular Tissue","color":[23, 70, 157]}}},{"type":"Feature","id":"caafdd36-59f5-48ab-8c06-4abd5e6db723","geometry":{"type":"Polygon","coordinates":[[[4608, 10240],[4608, 10560],[4672, 10560],[4672, 10624],[4736, 10624],[4736, 10688],[4800, 10688],[4800, 10752],[4864, 10752],[4864, 10816],[4992, 10816],[4992, 10880],[5056, 10880],[5056, 10944],[5120, 10944],[5120, 11008],[5184, 11008],[5184, 11072],[5248, 11072],[5248, 11136],[5312, 11136],[5312, 11200],[5440, 11200],[5440, 11264],[5504, 11264],[5504, 11328],[5632, 11328],[5632, 11392],[5760, 11392],[5760, 11456],[5824, 11456],[5824, 11520],[5888, 11520],[5888, 11584],[5952, 11584],[5952, 11648],[6016, 11648],[6016, 11712],[6208, 11712],[6208, 11776],[6336, 11776],[6336, 11840],[6400, 11840],[6400, 11904],[6336, 11904],[6336, 12032],[6528, 12032],[6528, 12096],[6720, 12096],[6720, 12160],[6848, 12160],[6848, 12224],[7104, 12224],[7104, 12288],[7296, 12288],[7296, 12352],[7360, 12352],[7360, 12416],[7488, 12416],[7488, 12480],[7616, 12480],[7616, 12544],[7680, 12544],[7680, 12608],[7744, 12608],[7744, 12672],[7872, 12672],[7872, 12736],[8192, 12736],[8192, 12800],[8320, 12800],[8320, 12864],[8384, 12864],[8384, 12928],[8512, 12928],[8512, 12992],[8576, 12992],[8576, 13056],[8640, 13056],[8640, 13120],[8704, 13120],[8704, 13184],[8768, 13184],[8768, 13248],[8832, 13248],[8832, 13312],[8896, 13312],[8896, 13376],[8960, 13376],[8960, 13440],[9024, 13440],[9024, 13504],[9088, 13504],[9088, 13568],[9152, 13568],[9152, 13632],[9216, 13632],[9216, 13696],[9344, 13696],[9344, 13760],[9408, 13760],[9408, 13824],[9472, 13824],[9472, 13888],[9600, 13888],[9600, 13952],[9664, 13952],[9664, 14016],[9728, 14016],[9728, 14080],[9792, 14080],[9792, 14144],[9920, 14144],[9920, 14208],[10048, 14208],[10048, 14272],[10112, 14272],[10112, 14400],[10176, 14400],[10176, 14464],[10240, 14464],[10240, 14592],[10368, 14592],[10368, 14656],[10496, 14656],[10496, 14720],[10688, 14720],[10688, 14848],[10880, 14848],[10880, 14912],[11008, 14912],[11008, 14976],[11072, 14976],[11072, 15040],[11136, 15040],[11136, 15104],[11264, 15104],[11264, 15168],[11328, 15168],[11328, 15232],[11456, 15232],[11456, 15296],[11520, 15296],[11520, 15360],[11648, 15360],[11648, 15424],[11776, 15424],[11776, 15488],[11904, 15488],[11904, 15552],[12160, 15552],[12160, 15616],[12416, 15616],[12416, 15552],[13248, 15552],[13248, 15488],[14272, 15488],[14272, 15552],[15104, 15552],[15104, 15616],[15424, 15616],[15424, 15680],[15744, 15680],[15744, 15616],[15872, 15616],[15872, 15552],[16000, 15552],[16000, 15488],[16128, 15488],[16128, 15424],[16320, 15424],[16320, 15360],[16384, 15360],[16384, 15296],[16512, 15296],[16512, 15232],[16576, 15232],[16576, 15168],[16704, 15168],[16704, 15104],[16832, 15104],[16832, 14976],[16896, 14976],[16896, 14912],[17024, 14912],[17024, 14848],[17152, 14848],[17152, 14784],[17216, 14784],[17216, 14720],[17344, 14720],[17344, 14656],[17408, 14656],[17408, 14592],[17472, 14592],[17472, 14528],[17600, 14528],[17600, 14464],[17728, 14464],[17728, 14400],[17856, 14400],[17856, 14336],[17984, 14336],[17984, 14272],[18176, 14272],[18176, 14208],[18304, 14208],[18304, 14144],[18368, 14144],[18368, 14080],[18560, 14080],[18560, 14016],[18816, 14016],[18816, 13952],[18944, 13952],[18944, 14016],[19072, 14016],[19072, 14080],[19136, 14080],[19136, 14144],[19200, 14144],[19200, 14208],[19264, 14208],[19264, 14272],[19392, 14272],[19392, 14336],[19456, 14336],[19456, 14464],[19520, 14464],[19520, 14528],[19584, 14528],[19584, 14656],[19648, 14656],[19648, 14720],[19712, 14720],[19712, 14784],[19776, 14784],[19776, 14848],[19840, 14848],[19840, 14912],[19904, 14912],[19904, 15104],[19968, 15104],[19968, 15232],[19904, 15232],[19904, 15360],[19968, 15360],[19968, 15488],[20096, 15488],[20096, 15552],[20352, 15552],[20352, 15488],[20480, 15488],[20480, 15424],[20544, 15424],[20544, 15232],[20864, 15232],[20864, 15168],[21056, 15168],[21056, 15104],[21120, 15104],[21120, 15040],[21184, 15040],[21184, 14976],[21312, 14976],[21312, 15040],[21504, 15040],[21504, 15168],[21760, 15168],[21760, 14976],[21824, 14976],[21824, 14912],[21888, 14912],[21888, 14976],[21952, 14976],[21952, 15040],[22016, 15040],[22016, 15104],[22208, 15104],[22208, 15168],[22528, 15168],[22528, 15104],[22656, 15104],[22656, 15040],[22720, 15040],[22720, 14912],[22784, 14912],[22784, 14784],[22848, 14784],[22848, 14720],[22912, 14720],[22912, 14656],[23040, 14656],[23040, 14592],[23104, 14592],[23104, 14336],[23168, 14336],[23168, 14208],[23104, 14208],[23104, 14144],[23040, 14144],[23040, 14080],[22912, 14080],[22912, 14016],[22784, 14016],[22784, 13952],[22720, 13952],[22720, 13888],[22656, 13888],[22656, 13632],[22592, 13632],[22592, 13440],[22976, 13440],[22976, 13376],[23232, 13376],[23232, 13248],[23168, 13248],[23168, 13184],[23104, 13184],[23104, 13056],[23040, 13056],[23040, 12992],[22976, 12992],[22976, 12736],[23040, 12736],[23040, 12672],[22976, 12672],[22976, 12608],[22848, 12608],[22848, 12736],[22784, 12736],[22784, 12800],[22720, 12800],[22720, 12736],[22656, 12736],[22656, 12800],[22592, 12800],[22592, 13056],[22528, 13056],[22528, 13184],[22400, 13184],[22400, 13120],[22464, 13120],[22464, 12864],[22528, 12864],[22528, 12672],[22592, 12672],[22592, 12416],[22528, 12416],[22528, 12096],[22464, 12096],[22464, 12032],[22336, 12032],[22336, 12096],[22208, 12096],[22208, 12160],[22144, 12160],[22144, 12288],[21888, 12288],[21888, 12352],[21824, 12352],[21824, 12480],[21760, 12480],[21760, 12544],[21696, 12544],[21696, 12608],[21632, 12608],[21632, 12672],[21568, 12672],[21568, 12544],[21632, 12544],[21632, 12416],[21696, 12416],[21696, 12160],[21824, 12160],[21824, 12096],[22016, 12096],[22016, 11968],[22080, 11968],[22080, 11904],[22144, 11904],[22144, 11776],[22208, 11776],[22208, 11712],[22272, 11712],[22272, 11840],[22336, 11840],[22336, 11584],[22272, 11584],[22272, 11392],[22208, 11392],[22208, 11136],[22144, 11136],[22144, 11008],[22080, 11008],[22080, 10880],[22016, 10880],[22016, 10816],[21952, 10816],[21952, 10432],[21760, 10432],[21760, 10368],[21568, 10368],[21568, 10304],[21632, 10304],[21632, 10240],[21760, 10240],[21760, 10176],[21824, 10176],[21824, 9984],[21888, 9984],[21888, 9920],[22080, 9920],[22080, 10112],[22144, 10112],[22144, 10176],[22208, 10176],[22208, 10112],[22400, 10112],[22400, 10048],[22528, 10048],[22528, 9984],[22592, 9984],[22592, 9920],[22656, 9920],[22656, 9856],[22848, 9856],[22848, 9792],[23360, 9792],[23360, 9856],[23488, 9856],[23488, 9792],[23616, 9792],[23616, 9856],[23872, 9856],[23872, 9984],[23936, 9984],[23936, 10048],[24128, 10048],[24128, 9664],[24192, 9664],[24192, 9152],[24128, 9152],[24128, 9024],[24064, 9024],[24064, 8896],[24000, 8896],[24000, 8832],[23936, 8832],[23936, 8704],[23872, 8704],[23872, 8640],[23808, 8640],[23808, 8576],[23744, 8576],[23744, 8512],[23680, 8512],[23680, 8384],[23616, 8384],[23616, 8320],[23552, 8320],[23552, 8256],[23488, 8256],[23488, 8128],[23424, 8128],[23424, 7872],[23360, 7872],[23360, 7616],[23296, 7616],[23296, 7488],[23232, 7488],[23232, 7360],[23168, 7360],[23168, 7296],[23104, 7296],[23104, 7104],[23040, 7104],[23040, 6848],[23104, 6848],[23104, 6656],[23168, 6656],[23168, 6592],[23232, 6592],[23232, 6464],[23360, 6464],[23360, 6400],[23488, 6400],[23488, 6336],[23616, 6336],[23616, 6400],[23872, 6400],[23872, 6336],[24128, 6336],[24128, 6272],[24064, 6272],[24064, 6080],[23936, 6080],[23936, 6016],[23872, 6016],[23872, 6144],[23680, 6144],[23680, 6080],[22912, 6080],[22912, 6144],[22720, 6144],[22720, 6208],[22592, 6208],[22592, 6272],[22400, 6272],[22400, 6336],[22016, 6336],[22016, 6400],[21952, 6400],[21952, 6336],[21248, 6336],[21248, 6400],[20416, 6400],[20416, 6464],[20096, 6464],[20096, 6400],[19776, 6400],[19776, 6336],[19648, 6336],[19648, 6272],[19328, 6272],[19328, 6208],[18432, 6208],[18432, 6144],[18112, 6144],[18112, 6080],[17920, 6080],[17920, 6016],[17728, 6016],[17728, 5952],[17600, 5952],[17600, 5888],[17536, 5888],[17536, 5824],[17408, 5824],[17408, 5760],[17344, 5760],[17344, 5696],[17216, 5696],[17216, 5632],[17088, 5632],[17088, 5568],[17024, 5568],[17024, 5504],[16896, 5504],[16896, 5440],[16768, 5440],[16768, 5376],[16512, 5376],[16512, 5312],[16384, 5312],[16384, 5248],[16256, 5248],[16256, 5184],[16064, 5184],[16064, 5120],[16000, 5120],[16000, 5056],[15872, 5056],[15872, 4992],[15488, 4992],[15488, 4928],[15168, 4928],[15168, 4864],[14976, 4864],[14976, 4928],[14592, 4928],[14592, 4864],[14464, 4864],[14464, 4800],[14144, 4800],[14144, 4864],[13952, 4864],[13952, 4928],[13824, 4928],[13824, 4992],[13632, 4992],[13632, 5056],[13248, 5056],[13248, 5120],[13184, 5120],[13184, 5184],[13056, 5184],[13056, 5248],[12928, 5248],[12928, 5312],[12800, 5312],[12800, 5376],[12608, 5376],[12608, 5440],[12544, 5440],[12544, 5504],[12480, 5504],[12480, 5568],[12416, 5568],[12416, 5696],[12352, 5696],[12352, 5760],[12288, 5760],[12288, 5888],[12224, 5888],[12224, 6016],[12160, 6016],[12160, 6080],[12096, 6080],[12096, 6144],[12032, 6144],[12032, 6208],[11904, 6208],[11904, 6272],[11840, 6272],[11840, 6336],[11712, 6336],[11712, 6400],[11584, 6400],[11584, 6464],[11456, 6464],[11456, 6528],[11328, 6528],[11328, 6592],[11200, 6592],[11200, 6656],[11136, 6656],[11136, 6720],[11072, 6720],[11072, 6848],[11008, 6848],[11008, 6912],[10944, 6912],[10944, 6976],[10880, 6976],[10880, 7040],[10816, 7040],[10816, 7104],[10752, 7104],[10752, 7232],[10688, 7232],[10688, 7552],[10624, 7552],[10624, 7680],[10560, 7680],[10560, 7808],[10496, 7808],[10496, 8512],[10432, 8512],[10432, 8576],[10368, 8576],[10368, 8640],[10304, 8640],[10304, 8704],[10240, 8704],[10240, 8768],[9984, 8768],[9984, 8704],[9856, 8704],[9856, 8768],[9664, 8768],[9664, 8832],[9344, 8832],[9344, 8896],[9216, 8896],[9216, 8960],[9024, 8960],[9024, 9024],[8896, 9024],[8896, 9088],[8256, 9088],[8256, 9024],[8064, 9024],[8064, 8960],[7936, 8960],[7936, 8896],[7808, 8896],[7808, 8832],[7744, 8832],[7744, 8768],[7552, 8768],[7552, 8704],[7424, 8704],[7424, 8640],[7232, 8640],[7232, 8576],[7040, 8576],[7040, 8640],[6976, 8640],[6976, 8704],[6784, 8704],[6784, 8768],[6848, 8768],[6848, 8832],[6912, 8832],[6912, 8896],[6848, 8896],[6848, 8960],[6464, 8960],[6464, 9024],[6208, 9024],[6208, 9088],[6080, 9088],[6080, 9152],[6144, 9152],[6144, 9216],[6272, 9216],[6272, 9280],[6336, 9280],[6336, 9344],[6464, 9344],[6464, 9408],[5888, 9408],[5888, 9344],[5760, 9344],[5760, 9408],[5568, 9408],[5568, 9472],[5440, 9472],[5440, 9536],[5120, 9536],[5120, 9600],[5056, 9600],[5056, 9728],[5184, 9728],[5184, 9920],[5376, 9920],[5376, 9984],[5440, 9984],[5440, 10048],[5184, 10048],[5184, 10112],[5056, 10112],[5056, 10240],[4800, 10240],[4800, 10432],[4736, 10432],[4736, 10240],[4608, 10240]]]},"properties":{"objectType":"annotation","name":"B15XO_D1","classification":{"name":"Tissue","color":[255, 0, 255]},"isLocked":true}},{"type":"Feature","id":"03172a06-b2df-4dfd-9e29-9180b742c188","geometry":{"type":"MultiPolygon","coordinates":[[[[8604, 11359],[8627, 11378],[8665, 11402],[8690, 11415],[8703, 11435],[8710, 11445],[8728, 11469],[8740, 11483],[8753, 11502],[8757, 11508],[8760, 11513],[8777, 11538],[8790, 11555],[8796, 11562],[8804, 11573],[8823, 11596],[8836, 11610],[8860, 11634],[8874, 11647],[8897, 11666],[8935, 11690],[8956, 11701],[8958, 11702],[8973, 11710],[8990, 11718],[8999, 11722],[9012, 11729],[9013, 11729],[9018, 11733],[9030, 11743],[9053, 11762],[9070, 11774],[9077, 11779],[9081, 11783],[9100, 11799],[9118, 11813],[9123, 11817],[9124, 11818],[9131, 11825],[9137, 11831],[9150, 11848],[9162, 11862],[9170, 11871],[9174, 11876],[9188, 11896],[9207, 11919],[9209, 11921],[9225, 11952],[9226, 11955],[9228, 11975],[9231, 11993],[9233, 12005],[9236, 12020],[9237, 12041],[9237, 12051],[9238, 12072],[9241, 12101],[9248, 12133],[9256, 12162],[9263, 12185],[9274, 12212],[9281, 12226],[9283, 12230],[9288, 12243],[9295, 12258],[9308, 12284],[9322, 12309],[9323, 12310],[9333, 12338],[9343, 12360],[9366, 12407],[9377, 12429],[9388, 12459],[9397, 12480],[9405, 12496],[9407, 12502],[9419, 12532],[9430, 12559],[9438, 12579],[9445, 12594],[9447, 12598],[9456, 12621],[9463, 12636],[9476, 12662],[9486, 12681],[9492, 12690],[9498, 12700],[9515, 12725],[9521, 12734],[9522, 12735],[9526, 12745],[9533, 12759],[9545, 12788],[9551, 12800],[9578, 12854],[9602, 12892],[9621, 12915],[9634, 12929],[9652, 12947],[9666, 12960],[9689, 12979],[9727, 13003],[9753, 13016],[9780, 13027],[9782, 13028],[9783, 13029],[9810, 13045],[9831, 13056],[9836, 13059],[9845, 13065],[9857, 13071],[9869, 13078],[9894, 13091],[9930, 13108],[9933, 13110],[9942, 13117],[9966, 13135],[9983, 13145],[9986, 13149],[10001, 13164],[10015, 13176],[10021, 13181],[10034, 13191],[10061, 13210],[10086, 13225],[10112, 13238],[10141, 13250],[10169, 13259],[10209, 13268],[10238, 13271],[10259, 13272],[10265, 13272],[10276, 13271],[10284, 13273],[10299, 13277],[10309, 13279],[10337, 13282],[10350, 13283],[10366, 13285],[10387, 13288],[10399, 13289],[10404, 13289],[10418, 13292],[10437, 13296],[10473, 13302],[10485, 13304],[10514, 13307],[10535, 13308],[10703, 13308],[10724, 13307],[10753, 13304],[10771, 13301],[10801, 13295],[10823, 13289],[10851, 13280],[10880, 13268],[10900, 13258],[10919, 13250],[10946, 13236],[10962, 13227],[10987, 13210],[11004, 13197],[11011, 13191],[11022, 13183],[11045, 13164],[11059, 13151],[11071, 13139],[11081, 13128],[11093, 13114],[11104, 13100],[11108, 13096],[11118, 13085],[11121, 13083],[11135, 13071],[11136, 13071],[11161, 13054],[11167, 13050],[11172, 13047],[11185, 13039],[11198, 13031],[11213, 13022],[11237, 13010],[11265, 12995],[11298, 12973],[11314, 12960],[11320, 12975],[11327, 12990],[11340, 13016],[11352, 13037],[11361, 13051],[11377, 13077],[11394, 13102],[11413, 13125],[11426, 13139],[11436, 13149],[11447, 13175],[11460, 13201],[11484, 13239],[11503, 13262],[11516, 13276],[11540, 13300],[11554, 13313],[11577, 13332],[11615, 13356],[11641, 13369],[11670, 13381],[11698, 13390],[11727, 13397],[11750, 13401],[11753, 13401],[11770, 13406],[11798, 13411],[11827, 13414],[11848, 13415],[11854, 13415],[11874, 13414],[11879, 13417],[11881, 13419],[11902, 13472],[11909, 13487],[11928, 13525],[11943, 13550],[11952, 13563],[11952, 13564],[11965, 13589],[11967, 13593],[11969, 13598],[11974, 13610],[11978, 13620],[11986, 13637],[11993, 13649],[11995, 13655],[12012, 13687],[12036, 13725],[12055, 13748],[12068, 13762],[12080, 13774],[12094, 13787],[12117, 13806],[12137, 13819],[12143, 13824],[12167, 13842],[12176, 13848],[12183, 13853],[12188, 13858],[12202, 13871],[12225, 13890],[12239, 13900],[12250, 13913],[12264, 13935],[12284, 13958],[12303, 13981],[12307, 13988],[12325, 14018],[12342, 14043],[12361, 14066],[12374, 14080],[12386, 14092],[12397, 14102],[12411, 14114],[12431, 14130],[12450, 14144],[12452, 14146],[12468, 14162],[12472, 14171],[12485, 14197],[12503, 14227],[12521, 14251],[12546, 14282],[12559, 14296],[12583, 14320],[12594, 14330],[12608, 14342],[12625, 14355],[12631, 14360],[12640, 14375],[12647, 14386],[12683, 14440],[12692, 14452],[12705, 14469],[12717, 14483],[12727, 14494],[12731, 14499],[12741, 14511],[12754, 14526],[12759, 14535],[12776, 14560],[12777, 14562],[12791, 14582],[12810, 14605],[12837, 14632],[12860, 14651],[12898, 14675],[12913, 14683],[12929, 14708],[12948, 14731],[12961, 14745],[12991, 14775],[13005, 14788],[13028, 14807],[13061, 14828],[13064, 14831],[13102, 14855],[13137, 14873],[13139, 14876],[13158, 14899],[13171, 14913],[13195, 14937],[13209, 14950],[13232, 14969],[13270, 14993],[13275, 14996],[13299, 15010],[13312, 15017],[13338, 15030],[13349, 15035],[13391, 15053],[13407, 15059],[13421, 15064],[13453, 15076],[13470, 15081],[13491, 15087],[13499, 15090],[13522, 15098],[13535, 15102],[13563, 15111],[13593, 15121],[13599, 15122],[13609, 15127],[13632, 15136],[13640, 15139],[13679, 15155],[13695, 15161],[13733, 15174],[13756, 15182],[13767, 15185],[13787, 15192],[13815, 15201],[13837, 15207],[13862, 15212],[13881, 15217],[13898, 15220],[13921, 15224],[13933, 15226],[13951, 15229],[13976, 15231],[13981, 15232],[13991, 15234],[13995, 15235],[14011, 15238],[14047, 15244],[14059, 15246],[14076, 15247],[14097, 15253],[14125, 15258],[14154, 15261],[14175, 15262],[14181, 15262],[14190, 15264],[14219, 15267],[14240, 15268],[14317, 15268],[14350, 15265],[14368, 15262],[14380, 15262],[14393, 15261],[14422, 15258],[14431, 15256],[14588, 15256],[14609, 15255],[14612, 15254],[14615, 15255],[14636, 15256],[14834, 15256],[14855, 15255],[14884, 15252],[14893, 15250],[14894, 15250],[14915, 15249],[14944, 15246],[14953, 15244],[14960, 15244],[14981, 15243],[15010, 15240],[15028, 15237],[15058, 15231],[15080, 15225],[15108, 15216],[15128, 15209],[15147, 15202],[15151, 15200],[15155, 15199],[15177, 15193],[15205, 15184],[15227, 15175],[15237, 15172],[15259, 15167],[15285, 15158],[15298, 15153],[15308, 15151],[15332, 15145],[15344, 15141],[15372, 15132],[15392, 15125],[15405, 15120],[15408, 15119],[15437, 15111],[15451, 15107],[15470, 15103],[15482, 15099],[15510, 15090],[15520, 15087],[15523, 15086],[15542, 15081],[15570, 15072],[15599, 15060],[15609, 15056],[15635, 15043],[15650, 15037],[15665, 15030],[15715, 15005],[15728, 14998],[15758, 14980],[15782, 14965],[15798, 14959],[15811, 14955],[15839, 14946],[15847, 14943],[15860, 14940],[15889, 14931],[15917, 14922],[15925, 14919],[15936, 14916],[15945, 14913],[15963, 14907],[15975, 14903],[16045, 14875],[16060, 14868],[16086, 14855],[16104, 14845],[16120, 14838],[16146, 14825],[16170, 14811],[16171, 14810],[16173, 14810],[16219, 14791],[16234, 14784],[16260, 14771],[16281, 14759],[16299, 14747],[16308, 14741],[16328, 14726],[16359, 14705],[16368, 14699],[16373, 14695],[16380, 14692],[16406, 14677],[16430, 14661],[16447, 14648],[16495, 14608],[16509, 14596],[16517, 14588],[16520, 14586],[16543, 14567],[16557, 14554],[16595, 14516],[16598, 14514],[16621, 14495],[16635, 14482],[16654, 14462],[16655, 14462],[16664, 14455],[16665, 14454],[16674, 14448],[16698, 14430],[16702, 14427],[16721, 14415],[16742, 14400],[16765, 14381],[16771, 14375],[16773, 14373],[16790, 14360],[16797, 14354],[16805, 14348],[16820, 14336],[16835, 14323],[16855, 14303],[16859, 14298],[16864, 14294],[16875, 14284],[16893, 14266],[16906, 14252],[16925, 14229],[16949, 14191],[16962, 14165],[16973, 14138],[16986, 14100],[16995, 14072],[17001, 14050],[17007, 14022],[17010, 14017],[17011, 14015],[17061, 13966],[17070, 13956],[17083, 13941],[17095, 13926],[17098, 13923],[17104, 13916],[17105, 13914],[17146, 13934],[17149, 13936],[17173, 13950],[17197, 13963],[17200, 13964],[17206, 13968],[17224, 13980],[17234, 13987],[17253, 13998],[17267, 14005],[17346, 14043],[17358, 14048],[17388, 14060],[17435, 14079],[17450, 14085],[17478, 14096],[17490, 14100],[17504, 14105],[17536, 14117],[17570, 14126],[17584, 14129],[17602, 14132],[17617, 14133],[17630, 14136],[17658, 14139],[17677, 14140],[17688, 14141],[17778, 14141],[17799, 14140],[17828, 14137],[17840, 14135],[17876, 14129],[17877, 14129],[17922, 14129],[17943, 14128],[17973, 14124],[18027, 14118],[18054, 14114],[18078, 14108],[18090, 14104],[18118, 14095],[18137, 14089],[18142, 14088],[18168, 14084],[18187, 14079],[18212, 14074],[18234, 14068],[18262, 14059],[18282, 14052],[18309, 14041],[18347, 14022],[18360, 14015],[18390, 13997],[18434, 13968],[18451, 13956],[18474, 13937],[18501, 13910],[18520, 13887],[18544, 13849],[18575, 13787],[18586, 13760],[18593, 13740],[18602, 13712],[18611, 13672],[18614, 13643],[18615, 13622],[18615, 13604],[18614, 13583],[18611, 13554],[18607, 13530],[18599, 13495],[18595, 13481],[18592, 13473],[18588, 13454],[18584, 13442],[18575, 13414],[18563, 13385],[18542, 13343],[18535, 13324],[18527, 13307],[18502, 13257],[18478, 13219],[18469, 13209],[18465, 13202],[18447, 13172],[18430, 13146],[18418, 13129],[18403, 13112],[18437, 13044],[18448, 13019],[18450, 13013],[18455, 13002],[18467, 12973],[18476, 12945],[18481, 12930],[18486, 12907],[18487, 12902],[18492, 12885],[18495, 12868],[18498, 12861],[18503, 12847],[18512, 12819],[18519, 12788],[18520, 12785],[18521, 12781],[18527, 12764],[18530, 12755],[18552, 12737],[18572, 12718],[18573, 12717],[18607, 12689],[18620, 12677],[18638, 12659],[18649, 12646],[18665, 12627],[18673, 12618],[18676, 12613],[18679, 12611],[18697, 12593],[18706, 12583],[18714, 12573],[18722, 12567],[18733, 12557],[18739, 12551],[18749, 12540],[18761, 12526],[18765, 12521],[18779, 12510],[18793, 12497],[18799, 12491],[18812, 12477],[18831, 12454],[18843, 12437],[18855, 12419],[18867, 12398],[18886, 12360],[18898, 12331],[18907, 12303],[18916, 12263],[18919, 12234],[18920, 12213],[18920, 12127],[18934, 12139],[18972, 12163],[18984, 12169],[18995, 12180],[19018, 12199],[19053, 12222],[19059, 12225],[19070, 12233],[19077, 12238],[19102, 12255],[19106, 12257],[19116, 12265],[19143, 12282],[19149, 12285],[19155, 12289],[19199, 12318],[19229, 12336],[19242, 12343],[19256, 12350],[19260, 12353],[19284, 12367],[19285, 12368],[19293, 12373],[19314, 12385],[19340, 12398],[19347, 12403],[19365, 12415],[19373, 12420],[19374, 12437],[19377, 12455],[19381, 12475],[19383, 12491],[19383, 12504],[19386, 12533],[19388, 12545],[19394, 12581],[19401, 12609],[19410, 12637],[19417, 12657],[19428, 12684],[19441, 12710],[19465, 12748],[19484, 12771],[19497, 12785],[19515, 12803],[19518, 12806],[19529, 12820],[19541, 12834],[19551, 12845],[19563, 12857],[19571, 12864],[19581, 12873],[19593, 12883],[19599, 12888],[19604, 12893],[19610, 12898],[19608, 12903],[19595, 12929],[19584, 12956],[19578, 12971],[19560, 13022],[19557, 13032],[19545, 13072],[19540, 13088],[19536, 13107],[19533, 13115],[19528, 13138],[19525, 13152],[19522, 13170],[19519, 13203],[19519, 13244],[19520, 13265],[19523, 13293],[19525, 13309],[19520, 13326],[19516, 13343],[19512, 13360],[19509, 13379],[19509, 13380],[19491, 13398],[19478, 13412],[19459, 13435],[19435, 13473],[19410, 13523],[19403, 13538],[19391, 13568],[19386, 13582],[19377, 13610],[19372, 13625],[19367, 13648],[19366, 13653],[19361, 13670],[19356, 13698],[19353, 13727],[19352, 13748],[19352, 13874],[19353, 13895],[19356, 13924],[19361, 13952],[19362, 13956],[19364, 13966],[19367, 13980],[19374, 14007],[19386, 14043],[19390, 14056],[19401, 14082],[19409, 14102],[19413, 14112],[19429, 14146],[19444, 14181],[19450, 14193],[19460, 14213],[19472, 14234],[19490, 14264],[19491, 14265],[19499, 14285],[19530, 14348],[19533, 14356],[19544, 14383],[19551, 14397],[19559, 14413],[19563, 14424],[19580, 14469],[19589, 14489],[19592, 14496],[19601, 14517],[19610, 14537],[19624, 14566],[19624, 14567],[19632, 14589],[19644, 14623],[19655, 14650],[19663, 14667],[19667, 14677],[19684, 14719],[19684, 14720],[19712, 14720],[19712, 14773],[19719, 14784],[19776, 14784],[19776, 14848],[19840, 14848],[19840, 14906],[19848, 14910],[19850, 14912],[19904, 14912],[19904, 15104],[19968, 15104],[19968, 15232],[19904, 15232],[19904, 15298],[19907, 15304],[19920, 15330],[19939, 15360],[19968, 15360],[19968, 15397],[19978, 15410],[19990, 15424],[20000, 15435],[20012, 15447],[20023, 15457],[20034, 15467],[20044, 15478],[20053, 15488],[20096, 15488],[20096, 15538],[20108, 15552],[20352, 15552],[20352, 15488],[20480, 15488],[20480, 15457],[20455, 15469],[20427, 15478],[20398, 15481],[20380, 15481],[20351, 15478],[20323, 15469],[20297, 15456],[20274, 15437],[20271, 15434],[20268, 15431],[20249, 15408],[20247, 15403],[20244, 15401],[20225, 15378],[20221, 15370],[20208, 15359],[20196, 15347],[20187, 15336],[20184, 15333],[20183, 15331],[20177, 15324],[20170, 15319],[20168, 15317],[20165, 15314],[20154, 15305],[20148, 15299],[20142, 15293],[20133, 15282],[20130, 15279],[20129, 15277],[20123, 15270],[20121, 15265],[20118, 15263],[20099, 15240],[20086, 15214],[20081, 15197],[20080, 15196],[20074, 15184],[20065, 15156],[20062, 15127],[20062, 15115],[20062, 15109],[20062, 15103],[20062, 15097],[20062, 15091],[20062, 15085],[20062, 15079],[20062, 15073],[20062, 15067],[20062, 15061],[20065, 15032],[20074, 15004],[20075, 15003],[20080, 14986],[20081, 14985],[20086, 14968],[20099, 14942],[20107, 14933],[20107, 14930],[20112, 14914],[20112, 14913],[20108, 14906],[20101, 14892],[20093, 14880],[20079, 14854],[20075, 14839],[20069, 14834],[20066, 14832],[20064, 14830],[20058, 14825],[20053, 14818],[20041, 14810],[20038, 14808],[20036, 14807],[20029, 14802],[20018, 14795],[20015, 14792],[20012, 14790],[20005, 14782],[19997, 14775],[19995, 14772],[19992, 14769],[19980, 14759],[19974, 14753],[19971, 14750],[19967, 14748],[19961, 14743],[19953, 14739],[19946, 14734],[19937, 14730],[19930, 14725],[19928, 14723],[19925, 14720],[19914, 14711],[19909, 14705],[19907, 14703],[19905, 14700],[19895, 14688],[19892, 14681],[19890, 14679],[19889, 14678],[19883, 14670],[19870, 14644],[19865, 14630],[19862, 14622],[19858, 14614],[19857, 14610],[19854, 14604],[19849, 14588],[19847, 14586],[19834, 14560],[19825, 14532],[19825, 14529],[19822, 14524],[19817, 14507],[19816, 14506],[19815, 14502],[19812, 14496],[19810, 14490],[19808, 14486],[19804, 14475],[19798, 14464],[19792, 14452],[19789, 14441],[19785, 14436],[19780, 14422],[19774, 14411],[19768, 14399],[19763, 14382],[19762, 14381],[19757, 14364],[19750, 14351],[19745, 14336],[19742, 14331],[19736, 14319],[19730, 14307],[19719, 14280],[19718, 14272],[19715, 14269],[19702, 14243],[19698, 14232],[19696, 14227],[19691, 14221],[19678, 14195],[19671, 14173],[19670, 14170],[19662, 14161],[19652, 14141],[19651, 14140],[19650, 14138],[19644, 14131],[19640, 14122],[19635, 14115],[19629, 14103],[19618, 14076],[19618, 14074],[19617, 14073],[19612, 14063],[19611, 14061],[19607, 14050],[19595, 14027],[19591, 14016],[19587, 14007],[19576, 13980],[19574, 13970],[19574, 13969],[19574, 13968],[19564, 13944],[19562, 13934],[19562, 13933],[19562, 13932],[19559, 13915],[19559, 13913],[19556, 13903],[19553, 13874],[19553, 13862],[19553, 13856],[19553, 13850],[19553, 13844],[19553, 13838],[19553, 13832],[19553, 13826],[19553, 13820],[19553, 13814],[19553, 13808],[19553, 13802],[19553, 13796],[19553, 13784],[19553, 13778],[19553, 13772],[19553, 13766],[19553, 13754],[19553, 13748],[19556, 13719],[19560, 13706],[19562, 13697],[19562, 13695],[19562, 13694],[19564, 13684],[19568, 13675],[19568, 13671],[19577, 13643],[19584, 13630],[19589, 13613],[19595, 13601],[19601, 13589],[19602, 13587],[19608, 13575],[19614, 13563],[19633, 13540],[19636, 13537],[19639, 13534],[19645, 13528],[19648, 13525],[19651, 13522],[19654, 13519],[19657, 13516],[19663, 13510],[19670, 13505],[19675, 13498],[19681, 13492],[19684, 13490],[19686, 13485],[19699, 13470],[19703, 13461],[19708, 13451],[19709, 13449],[19711, 13445],[19709, 13437],[19708, 13427],[19708, 13418],[19708, 13409],[19709, 13399],[19711, 13391],[19711, 13389],[19712, 13387],[19715, 13372],[19719, 13363],[19722, 13354],[19727, 13346],[19728, 13345],[19726, 13328],[19726, 13310],[19726, 13304],[19726, 13292],[19726, 13286],[19726, 13282],[19723, 13273],[19720, 13244],[19720, 13238],[19720, 13232],[19720, 13226],[19720, 13220],[19720, 13214],[19720, 13211],[19720, 13203],[19723, 13187],[19723, 13185],[19723, 13184],[19725, 13174],[19729, 13165],[19729, 13161],[19731, 13156],[19731, 13154],[19735, 13139],[19735, 13137],[19736, 13134],[19737, 13130],[19746, 13102],[19747, 13100],[19749, 13090],[19759, 13066],[19759, 13065],[19768, 13037],[19769, 13036],[19774, 13019],[19787, 12993],[19795, 12984],[19799, 12975],[19807, 12966],[19811, 12957],[19819, 12948],[19823, 12939],[19842, 12916],[19865, 12897],[19877, 12891],[19886, 12887],[19895, 12879],[19900, 12877],[19900, 12876],[19901, 12874],[19901, 12860],[19900, 12858],[19899, 12856],[19895, 12854],[19877, 12839],[19871, 12836],[19848, 12817],[19845, 12814],[19842, 12811],[19839, 12808],[19836, 12805],[19834, 12802],[19831, 12801],[19829, 12800],[19817, 12794],[19807, 12789],[19805, 12788],[19781, 12776],[19772, 12768],[19763, 12764],[19740, 12745],[19734, 12739],[19730, 12735],[19728, 12734],[19721, 12728],[19715, 12724],[19711, 12720],[19705, 12715],[19699, 12709],[19693, 12703],[19684, 12692],[19681, 12689],[19680, 12687],[19674, 12680],[19672, 12676],[19663, 12667],[19657, 12661],[19651, 12655],[19645, 12649],[19642, 12646],[19639, 12643],[19620, 12620],[19607, 12594],[19602, 12577],[19601, 12576],[19592, 12548],[19589, 12522],[19586, 12512],[19583, 12483],[19583, 12477],[19583, 12471],[19583, 12465],[19583, 12459],[19583, 12455],[19580, 12446],[19578, 12429],[19574, 12416],[19571, 12387],[19571, 12381],[19571, 12375],[19571, 12369],[19571, 12363],[19571, 12357],[19571, 12351],[19571, 12345],[19571, 12344],[19569, 12341],[19566, 12338],[19566, 12337],[19564, 12335],[19560, 12327],[19555, 12319],[19552, 12310],[19548, 12301],[19545, 12286],[19544, 12284],[19544, 12282],[19544, 12281],[19538, 12279],[19526, 12273],[19512, 12266],[19502, 12261],[19500, 12260],[19476, 12248],[19467, 12240],[19458, 12236],[19449, 12228],[19442, 12225],[19440, 12224],[19430, 12219],[19416, 12212],[19404, 12206],[19395, 12198],[19386, 12194],[19374, 12188],[19366, 12182],[19365, 12181],[19363, 12179],[19358, 12177],[19356, 12176],[19344, 12170],[19332, 12164],[19323, 12156],[19302, 12146],[19293, 12138],[19284, 12134],[19275, 12126],[19266, 12122],[19259, 12117],[19257, 12115],[19256, 12114],[19248, 12110],[19236, 12104],[19221, 12091],[19216, 12089],[19209, 12084],[19200, 12080],[19193, 12075],[19191, 12073],[19188, 12070],[19182, 12065],[19176, 12062],[19169, 12057],[19167, 12055],[19166, 12054],[19158, 12050],[19146, 12044],[19123, 12025],[19117, 12019],[19111, 12013],[19108, 12010],[19105, 12007],[19102, 12004],[19100, 12003],[19098, 12002],[19088, 11997],[19074, 11990],[19062, 11984],[19039, 11965],[19036, 11962],[19033, 11959],[19030, 11956],[19026, 11954],[19018, 11948],[19012, 11945],[19000, 11939],[18988, 11933],[18981, 11928],[18972, 11924],[18965, 11919],[18963, 11917],[18960, 11914],[18954, 11909],[18938, 11901],[18936, 11900],[18912, 11888],[18903, 11880],[18894, 11876],[18888, 11871],[18880, 11867],[18873, 11862],[18864, 11858],[18857, 11853],[18855, 11851],[18854, 11850],[18848, 11847],[18846, 11846],[18834, 11840],[18822, 11834],[18813, 11826],[18804, 11822],[18795, 11814],[18786, 11810],[18777, 11802],[18768, 11798],[18759, 11790],[18750, 11786],[18741, 11778],[18732, 11774],[18729, 11773],[18720, 11795],[18718, 11800],[18716, 11809],[18716, 11810],[18716, 11811],[18714, 11821],[18706, 11841],[18701, 11856],[18700, 11857],[18695, 11874],[18689, 11886],[18689, 11889],[18689, 11895],[18689, 11901],[18689, 11913],[18689, 11919],[18689, 11925],[18689, 11931],[18690, 11933],[18691, 11940],[18698, 11962],[18701, 11975],[18708, 11993],[18710, 12003],[18710, 12004],[18710, 12005],[18712, 12015],[18716, 12028],[18719, 12057],[18719, 12063],[18719, 12069],[18719, 12075],[18719, 12087],[18719, 12093],[18719, 12105],[18719, 12111],[18719, 12117],[18719, 12123],[18719, 12135],[18719, 12141],[18719, 12147],[18719, 12153],[18719, 12159],[18719, 12165],[18719, 12171],[18719, 12183],[18719, 12189],[18719, 12195],[18719, 12201],[18719, 12207],[18719, 12213],[18716, 12242],[18707, 12270],[18701, 12282],[18694, 12296],[18688, 12308],[18680, 12317],[18676, 12326],[18657, 12349],[18654, 12352],[18651, 12355],[18628, 12374],[18624, 12376],[18621, 12379],[18618, 12382],[18616, 12386],[18611, 12393],[18609, 12395],[18606, 12398],[18597, 12409],[18591, 12415],[18580, 12424],[18577, 12427],[18575, 12428],[18573, 12430],[18569, 12435],[18560, 12444],[18555, 12451],[18549, 12457],[18543, 12463],[18537, 12469],[18526, 12478],[18515, 12493],[18515, 12494],[18514, 12495],[18512, 12498],[18505, 12506],[18496, 12517],[18493, 12520],[18484, 12529],[18481, 12532],[18478, 12535],[18455, 12554],[18446, 12560],[18441, 12564],[18434, 12572],[18432, 12574],[18424, 12583],[18401, 12602],[18395, 12606],[18394, 12607],[18388, 12613],[18382, 12619],[18379, 12622],[18377, 12626],[18358, 12649],[18355, 12651],[18353, 12655],[18348, 12672],[18342, 12684],[18339, 12689],[18339, 12692],[18330, 12720],[18329, 12721],[18324, 12738],[18323, 12739],[18323, 12741],[18321, 12758],[18312, 12786],[18306, 12797],[18306, 12798],[18304, 12806],[18302, 12813],[18301, 12817],[18298, 12824],[18297, 12836],[18293, 12849],[18291, 12859],[18291, 12860],[18291, 12861],[18289, 12871],[18285, 12880],[18285, 12884],[18276, 12912],[18270, 12924],[18264, 12935],[18263, 12939],[18258, 12954],[18252, 12966],[18246, 12978],[18245, 12980],[18240, 12990],[18239, 12992],[18234, 13002],[18233, 13004],[18227, 13016],[18221, 13028],[18205, 13048],[18203, 13051],[18195, 13060],[18191, 13069],[18186, 13076],[18184, 13078],[18181, 13081],[18172, 13092],[18169, 13094],[18167, 13099],[18157, 13111],[18155, 13114],[18153, 13116],[18150, 13120],[18150, 13121],[18155, 13131],[18156, 13133],[18161, 13143],[18162, 13145],[18164, 13149],[18170, 13156],[18173, 13159],[18184, 13168],[18189, 13174],[18190, 13175],[18196, 13180],[18201, 13186],[18202, 13187],[18208, 13192],[18227, 13215],[18231, 13223],[18232, 13224],[18244, 13234],[18263, 13257],[18267, 13266],[18275, 13275],[18281, 13287],[18285, 13296],[18293, 13305],[18299, 13317],[18301, 13322],[18304, 13324],[18323, 13347],[18329, 13359],[18335, 13371],[18336, 13373],[18342, 13385],[18348, 13397],[18356, 13421],[18359, 13425],[18365, 13437],[18371, 13449],[18372, 13451],[18378, 13463],[18384, 13475],[18393, 13503],[18394, 13511],[18399, 13527],[18399, 13531],[18403, 13540],[18405, 13550],[18405, 13551],[18405, 13552],[18407, 13562],[18411, 13575],[18414, 13604],[18414, 13610],[18414, 13616],[18414, 13622],[18411, 13651],[18402, 13679],[18401, 13680],[18396, 13697],[18384, 13721],[18383, 13723],[18378, 13733],[18371, 13747],[18365, 13759],[18346, 13782],[18323, 13801],[18314, 13805],[18305, 13813],[18296, 13817],[18287, 13825],[18266, 13835],[18257, 13843],[18245, 13849],[18231, 13856],[18219, 13862],[18202, 13867],[18201, 13868],[18173, 13877],[18156, 13879],[18143, 13883],[18135, 13884],[18119, 13889],[18094, 13892],[18093, 13892],[18076, 13897],[18075, 13898],[18058, 13903],[18057, 13904],[18029, 13913],[18021, 13914],[18005, 13919],[17976, 13922],[17960, 13922],[17951, 13925],[17922, 13928],[17852, 13928],[17843, 13931],[17817, 13934],[17807, 13937],[17778, 13940],[17688, 13940],[17683, 13939],[17669, 13939],[17662, 13937],[17659, 13937],[17652, 13935],[17649, 13934],[17646, 13934],[17643, 13934],[17635, 13934],[17619, 13931],[17617, 13931],[17616, 13931],[17606, 13929],[17586, 13921],[17571, 13916],[17570, 13915],[17553, 13910],[17540, 13903],[17523, 13898],[17515, 13894],[17510, 13893],[17483, 13882],[17474, 13878],[17463, 13874],[17451, 13868],[17450, 13867],[17433, 13862],[17421, 13856],[17409, 13850],[17407, 13849],[17397, 13844],[17395, 13843],[17383, 13837],[17371, 13831],[17368, 13828],[17354, 13824],[17343, 13817],[17335, 13813],[17326, 13805],[17317, 13801],[17310, 13796],[17308, 13794],[17307, 13793],[17299, 13789],[17289, 13784],[17287, 13783],[17263, 13771],[17254, 13763],[17247, 13760],[17245, 13759],[17235, 13754],[17223, 13748],[17221, 13747],[17209, 13741],[17199, 13736],[17197, 13735],[17192, 13732],[17187, 13731],[17161, 13717],[17137, 13705],[17119, 13690],[17101, 13681],[17092, 13673],[17083, 13669],[17071, 13663],[17053, 13648],[17047, 13645],[17038, 13637],[17029, 13633],[17027, 13631],[17023, 13643],[17022, 13644],[17017, 13661],[17016, 13662],[17011, 13679],[17005, 13691],[16999, 13703],[16998, 13705],[16992, 13717],[16987, 13727],[16986, 13729],[16981, 13739],[16974, 13753],[16968, 13765],[16949, 13788],[16946, 13791],[16943, 13794],[16940, 13797],[16938, 13801],[16928, 13813],[16926, 13816],[16924, 13818],[16919, 13824],[16912, 13829],[16907, 13836],[16904, 13839],[16901, 13842],[16898, 13845],[16895, 13848],[16888, 13853],[16883, 13860],[16877, 13866],[16870, 13871],[16865, 13878],[16862, 13881],[16859, 13884],[16856, 13887],[16854, 13891],[16835, 13914],[16834, 13915],[16833, 13917],[16827, 13929],[16822, 13936],[16819, 13943],[16817, 13951],[16815, 13958],[16814, 13962],[16812, 13967],[16812, 13971],[16810, 13978],[16810, 13981],[16808, 13988],[16805, 13997],[16804, 14011],[16795, 14039],[16794, 14040],[16789, 14057],[16788, 14058],[16783, 14075],[16770, 14101],[16751, 14124],[16748, 14127],[16745, 14130],[16739, 14135],[16738, 14136],[16733, 14142],[16722, 14151],[16719, 14154],[16717, 14156],[16715, 14158],[16712, 14161],[16703, 14172],[16697, 14177],[16695, 14179],[16692, 14181],[16680, 14191],[16675, 14193],[16673, 14196],[16662, 14205],[16659, 14208],[16657, 14210],[16650, 14215],[16645, 14217],[16643, 14220],[16640, 14223],[16637, 14226],[16614, 14245],[16602, 14251],[16596, 14254],[16590, 14259],[16587, 14262],[16585, 14264],[16578, 14269],[16572, 14272],[16554, 14287],[16548, 14290],[16547, 14291],[16545, 14293],[16542, 14295],[16530, 14305],[16526, 14307],[16523, 14310],[16517, 14316],[16510, 14321],[16505, 14328],[16493, 14340],[16470, 14359],[16465, 14361],[16463, 14364],[16457, 14370],[16454, 14373],[16451, 14376],[16439, 14388],[16433, 14394],[16427, 14400],[16421, 14406],[16415, 14412],[16392, 14431],[16388, 14433],[16385, 14436],[16379, 14442],[16373, 14448],[16370, 14451],[16367, 14454],[16344, 14473],[16338, 14476],[16332, 14482],[16319, 14494],[16295, 14510],[16290, 14512],[16280, 14517],[16273, 14520],[16268, 14523],[16263, 14525],[16248, 14538],[16239, 14542],[16230, 14550],[16222, 14554],[16221, 14555],[16219, 14557],[16212, 14562],[16206, 14565],[16188, 14580],[16179, 14584],[16170, 14592],[16144, 14605],[16127, 14610],[16126, 14611],[16114, 14617],[16103, 14621],[16094, 14625],[16083, 14629],[16074, 14634],[16072, 14635],[16065, 14638],[16056, 14646],[16030, 14659],[16013, 14664],[16005, 14668],[15996, 14676],[15970, 14689],[15953, 14694],[15952, 14695],[15940, 14701],[15926, 14706],[15918, 14709],[15910, 14713],[15906, 14714],[15900, 14717],[15882, 14723],[15871, 14726],[15864, 14728],[15861, 14728],[15856, 14731],[15828, 14740],[15823, 14741],[15822, 14741],[15804, 14747],[15793, 14750],[15786, 14752],[15783, 14752],[15778, 14755],[15750, 14764],[15746, 14764],[15737, 14768],[15731, 14769],[15719, 14774],[15713, 14775],[15701, 14780],[15696, 14781],[15690, 14784],[15684, 14787],[15673, 14796],[15664, 14800],[15655, 14808],[15643, 14814],[15634, 14818],[15625, 14826],[15613, 14832],[15601, 14838],[15599, 14839],[15587, 14845],[15575, 14851],[15564, 14855],[15555, 14859],[15544, 14863],[15535, 14868],[15521, 14875],[15509, 14881],[15481, 14890],[15473, 14891],[15468, 14892],[15467, 14893],[15450, 14898],[15449, 14899],[15421, 14908],[15413, 14909],[15397, 14914],[15393, 14914],[15384, 14918],[15375, 14920],[15355, 14926],[15345, 14927],[15329, 14935],[15312, 14940],[15311, 14941],[15283, 14950],[15275, 14951],[15259, 14956],[15247, 14957],[15240, 14960],[15238, 14960],[15237, 14961],[15210, 14972],[15200, 14974],[15199, 14974],[15198, 14974],[15194, 14975],[15186, 14978],[15177, 14980],[15157, 14986],[15155, 14986],[15144, 14993],[15116, 15002],[15113, 15003],[15109, 15004],[15107, 15004],[15092, 15008],[15090, 15008],[15085, 15010],[15082, 15010],[15065, 15019],[15048, 15024],[15047, 15025],[15019, 15034],[15002, 15036],[14989, 15040],[14960, 15043],[14932, 15043],[14923, 15046],[14894, 15049],[14872, 15049],[14863, 15052],[14834, 15055],[14636, 15055],[14612, 15053],[14588, 15055],[14410, 15055],[14401, 15058],[14372, 15061],[14348, 15061],[14346, 15062],[14336, 15064],[14335, 15064],[14334, 15064],[14317, 15067],[14309, 15067],[14306, 15067],[14240, 15067],[14211, 15064],[14202, 15061],[14175, 15061],[14146, 15058],[14130, 15053],[14122, 15052],[14113, 15049],[14109, 15049],[14080, 15046],[14070, 15043],[14044, 15040],[14034, 15037],[14032, 15037],[14016, 15034],[14014, 15034],[14013, 15034],[14003, 15032],[14001, 15031],[13995, 15031],[13992, 15031],[13984, 15031],[13968, 15028],[13966, 15028],[13965, 15028],[13955, 15026],[13950, 15024],[13930, 15022],[13914, 15017],[13906, 15016],[13893, 15012],[13876, 15010],[13848, 15001],[13847, 15000],[13830, 14995],[13825, 14992],[13822, 14992],[13794, 14983],[13793, 14982],[13776, 14977],[13775, 14976],[13758, 14971],[13734, 14959],[13733, 14958],[13716, 14953],[13708, 14949],[13703, 14948],[13688, 14942],[13679, 14939],[13675, 14937],[13667, 14933],[13664, 14932],[13655, 14930],[13633, 14921],[13624, 14920],[13596, 14911],[13591, 14908],[13588, 14908],[13560, 14899],[13555, 14896],[13552, 14896],[13532, 14890],[13523, 14888],[13503, 14880],[13488, 14875],[13487, 14874],[13470, 14869],[13458, 14863],[13446, 14857],[13445, 14856],[13428, 14851],[13402, 14838],[13393, 14830],[13386, 14827],[13372, 14820],[13360, 14814],[13337, 14795],[13334, 14792],[13331, 14789],[13325, 14783],[13322, 14780],[13319, 14777],[13316, 14774],[13313, 14771],[13294, 14748],[13290, 14739],[13282, 14730],[13279, 14723],[13276, 14721],[13270, 14718],[13261, 14710],[13254, 14707],[13240, 14700],[13230, 14695],[13228, 14694],[13218, 14689],[13204, 14682],[13192, 14676],[13174, 14661],[13156, 14652],[13133, 14633],[13125, 14623],[13115, 14615],[13112, 14612],[13109, 14609],[13106, 14606],[13103, 14603],[13084, 14580],[13071, 14554],[13062, 14526],[13058, 14524],[13054, 14524],[13026, 14515],[13014, 14509],[13000, 14502],[12988, 14496],[12965, 14477],[12946, 14454],[12943, 14448],[12941, 14446],[12940, 14444],[12934, 14437],[12930, 14428],[12925, 14421],[12920, 14410],[12912, 14399],[12905, 14394],[12900, 14388],[12898, 14386],[12896, 14383],[12886, 14371],[12882, 14365],[12881, 14364],[12878, 14361],[12875, 14358],[12872, 14355],[12869, 14352],[12860, 14341],[12857, 14338],[12856, 14336],[12850, 14329],[12846, 14320],[12838, 14311],[12834, 14302],[12826, 14293],[12822, 14284],[12814, 14275],[12808, 14263],[12802, 14251],[12801, 14249],[12798, 14242],[12790, 14233],[12785, 14223],[12783, 14222],[12781, 14220],[12778, 14217],[12767, 14208],[12766, 14207],[12764, 14206],[12757, 14201],[12748, 14197],[12741, 14192],[12739, 14190],[12736, 14187],[12725, 14178],[12722, 14175],[12719, 14172],[12713, 14166],[12710, 14163],[12707, 14160],[12701, 14154],[12682, 14131],[12679, 14125],[12664, 14107],[12651, 14081],[12642, 14053],[12642, 14052],[12636, 14046],[12630, 14040],[12624, 14034],[12621, 14031],[12618, 14028],[12608, 14016],[12605, 14013],[12594, 14004],[12591, 14001],[12588, 13998],[12584, 13993],[12575, 13987],[12557, 13972],[12551, 13969],[12544, 13964],[12542, 13962],[12539, 13959],[12528, 13950],[12516, 13938],[12497, 13915],[12491, 13903],[12487, 13894],[12479, 13885],[12473, 13873],[12471, 13869],[12468, 13866],[12449, 13843],[12446, 13837],[12445, 13835],[12438, 13830],[12419, 13807],[12411, 13791],[12402, 13782],[12393, 13771],[12390, 13768],[12389, 13766],[12383, 13759],[12381, 13755],[12378, 13752],[12372, 13746],[12370, 13743],[12365, 13741],[12353, 13735],[12330, 13716],[12322, 13706],[12312, 13698],[12309, 13695],[12305, 13693],[12287, 13681],[12269, 13666],[12263, 13663],[12256, 13657],[12254, 13656],[12253, 13655],[12245, 13651],[12222, 13632],[12219, 13629],[12216, 13626],[12213, 13623],[12210, 13620],[12191, 13597],[12178, 13571],[12176, 13565],[12173, 13561],[12170, 13554],[12168, 13552],[12164, 13543],[12160, 13535],[12159, 13531],[12156, 13525],[12151, 13509],[12149, 13507],[12145, 13498],[12140, 13491],[12134, 13479],[12130, 13469],[12127, 13463],[12126, 13462],[12125, 13460],[12120, 13451],[12107, 13435],[12101, 13423],[12094, 13409],[12088, 13397],[12083, 13380],[12082, 13379],[12076, 13367],[12071, 13350],[12070, 13349],[12064, 13337],[12058, 13325],[12053, 13308],[12052, 13307],[12049, 13297],[12048, 13296],[12045, 13287],[12039, 13272],[12038, 13268],[12037, 13265],[12023, 13258],[12018, 13257],[11998, 13249],[11983, 13244],[11957, 13231],[11953, 13228],[11947, 13226],[11935, 13220],[11931, 13218],[11921, 13217],[11893, 13208],[11883, 13211],[11854, 13214],[11848, 13214],[11819, 13211],[11806, 13207],[11796, 13205],[11795, 13205],[11794, 13205],[11784, 13203],[11779, 13201],[11759, 13199],[11731, 13190],[11705, 13177],[11682, 13158],[11676, 13152],[11673, 13149],[11670, 13146],[11667, 13143],[11664, 13140],[11661, 13137],[11658, 13134],[11639, 13111],[11626, 13085],[11617, 13057],[11616, 13045],[11613, 13042],[11610, 13039],[11607, 13036],[11604, 13033],[11598, 13027],[11586, 13015],[11580, 13009],[11574, 13003],[11568, 12997],[11549, 12974],[11539, 12953],[11531, 12944],[11527, 12935],[11519, 12926],[11506, 12900],[11501, 12883],[11494, 12870],[11489, 12853],[11488, 12852],[11483, 12835],[11476, 12822],[11467, 12794],[11466, 12786],[11461, 12770],[11460, 12762],[11459, 12757],[11458, 12756],[11449, 12728],[11447, 12708],[11445, 12703],[11444, 12697],[11439, 12685],[11437, 12676],[11431, 12656],[11429, 12639],[11425, 12626],[11422, 12597],[11422, 12591],[11422, 12585],[11422, 12579],[11422, 12573],[11422, 12567],[11422, 12561],[11422, 12555],[11422, 12549],[11422, 12543],[11422, 12537],[11422, 12531],[11422, 12525],[11422, 12519],[11422, 12513],[11422, 12501],[11422, 12489],[11422, 12483],[11422, 12465],[11422, 12459],[11422, 12453],[11422, 12443],[11419, 12428],[11416, 12399],[11416, 12395],[11413, 12380],[11412, 12373],[11412, 12372],[11409, 12349],[11408, 12352],[11406, 12361],[11397, 12383],[11396, 12392],[11387, 12420],[11383, 12428],[11380, 12436],[11380, 12448],[11378, 12455],[11378, 12458],[11376, 12465],[11373, 12476],[11369, 12489],[11369, 12494],[11366, 12511],[11366, 12512],[11366, 12513],[11364, 12523],[11360, 12532],[11360, 12536],[11356, 12549],[11354, 12566],[11349, 12582],[11348, 12590],[11339, 12618],[11326, 12644],[11318, 12653],[11314, 12662],[11306, 12671],[11302, 12680],[11297, 12687],[11295, 12689],[11292, 12692],[11283, 12703],[11277, 12709],[11276, 12710],[11272, 12716],[11253, 12739],[11243, 12747],[11235, 12757],[11229, 12763],[11226, 12766],[11223, 12769],[11217, 12775],[11211, 12781],[11205, 12787],[11199, 12793],[11196, 12796],[11193, 12799],[11170, 12818],[11158, 12824],[11149, 12828],[11142, 12833],[11130, 12839],[11123, 12842],[11118, 12845],[11106, 12851],[11098, 12855],[11092, 12860],[11084, 12864],[11083, 12865],[11081, 12867],[11074, 12872],[11065, 12876],[11058, 12881],[11053, 12883],[11050, 12886],[11047, 12889],[11045, 12891],[11038, 12896],[11029, 12900],[11022, 12905],[11020, 12906],[11019, 12907],[11013, 12912],[11011, 12914],[11008, 12916],[10996, 12926],[10990, 12929],[10989, 12930],[10987, 12932],[10984, 12934],[10975, 12941],[10959, 12961],[10953, 12967],[10950, 12970],[10948, 12974],[10943, 12981],[10941, 12983],[10938, 12986],[10929, 12997],[10923, 13002],[10922, 13003],[10917, 13009],[10894, 13028],[10890, 13030],[10887, 13033],[10876, 13042],[10873, 13045],[10871, 13047],[10864, 13052],[10855, 13056],[10848, 13061],[10836, 13067],[10825, 13071],[10816, 13076],[10814, 13077],[10802, 13083],[10790, 13089],[10762, 13098],[10745, 13100],[10732, 13104],[10703, 13107],[10535, 13107],[10506, 13104],[10496, 13101],[10488, 13101],[10472, 13098],[10470, 13098],[10469, 13098],[10459, 13096],[10453, 13093],[10452, 13093],[10440, 13092],[10435, 13090],[10433, 13090],[10429, 13089],[10421, 13089],[10418, 13089],[10414, 13089],[10404, 13087],[10392, 13086],[10387, 13084],[10385, 13084],[10381, 13083],[10367, 13083],[10362, 13082],[10348, 13082],[10341, 13080],[10338, 13080],[10331, 13078],[10320, 13075],[10313, 13073],[10309, 13072],[10305, 13071],[10292, 13068],[10265, 13071],[10259, 13071],[10230, 13068],[10202, 13059],[10176, 13046],[10168, 13040],[10167, 13039],[10160, 13034],[10149, 13027],[10146, 13024],[10143, 13022],[10136, 13014],[10128, 13007],[10126, 13004],[10123, 13001],[10116, 12990],[10114, 12989],[10107, 12984],[10098, 12980],[10086, 12974],[10068, 12959],[10062, 12956],[10039, 12937],[10036, 12934],[10033, 12932],[10016, 12927],[9990, 12914],[9988, 12912],[9980, 12910],[9965, 12902],[9963, 12901],[9962, 12900],[9954, 12896],[9942, 12888],[9940, 12887],[9933, 12882],[9926, 12879],[9924, 12878],[9900, 12866],[9891, 12858],[9883, 12853],[9879, 12851],[9877, 12849],[9875, 12848],[9871, 12847],[9865, 12844],[9861, 12843],[9860, 12842],[9843, 12837],[9817, 12824],[9794, 12805],[9791, 12802],[9788, 12799],[9782, 12793],[9776, 12787],[9757, 12764],[9745, 12740],[9744, 12738],[9743, 12736],[9732, 12714],[9730, 12710],[9721, 12686],[9718, 12679],[9716, 12677],[9712, 12668],[9708, 12660],[9707, 12656],[9704, 12650],[9701, 12641],[9696, 12629],[9692, 12625],[9683, 12614],[9680, 12611],[9679, 12609],[9673, 12602],[9669, 12593],[9664, 12586],[9660, 12578],[9655, 12572],[9642, 12546],[9637, 12529],[9636, 12528],[9630, 12516],[9624, 12504],[9620, 12493],[9616, 12484],[9605, 12457],[9605, 12455],[9604, 12454],[9593, 12427],[9592, 12422],[9589, 12416],[9588, 12414],[9576, 12390],[9567, 12362],[9562, 12352],[9551, 12325],[9547, 12320],[9541, 12308],[9535, 12296],[9534, 12294],[9528, 12282],[9522, 12270],[9513, 12242],[9513, 12241],[9503, 12217],[9503, 12215],[9502, 12214],[9500, 12209],[9487, 12194],[9474, 12168],[9469, 12153],[9468, 12152],[9466, 12148],[9461, 12138],[9460, 12136],[9449, 12109],[9447, 12100],[9441, 12080],[9438, 12051],[9438, 12045],[9438, 12039],[9438, 12033],[9438, 12021],[9438, 12009],[9438, 12005],[9435, 11996],[9433, 11976],[9431, 11971],[9429, 11961],[9429, 11960],[9429, 11959],[9426, 11942],[9426, 11934],[9426, 11931],[9426, 11913],[9426, 11907],[9425, 11905],[9424, 11898],[9422, 11894],[9419, 11886],[9418, 11884],[9417, 11882],[9409, 11870],[9402, 11858],[9400, 11854],[9395, 11844],[9388, 11830],[9376, 11806],[9375, 11804],[9374, 11803],[9368, 11797],[9365, 11794],[9362, 11791],[9343, 11768],[9337, 11756],[9334, 11750],[9327, 11742],[9323, 11738],[9322, 11738],[9320, 11736],[9314, 11731],[9305, 11720],[9302, 11717],[9301, 11715],[9295, 11708],[9293, 11704],[9290, 11701],[9278, 11689],[9269, 11678],[9266, 11676],[9260, 11670],[9254, 11665],[9251, 11661],[9247, 11659],[9243, 11656],[9241, 11655],[9234, 11650],[9223, 11641],[9220, 11638],[9218, 11636],[9205, 11623],[9181, 11607],[9158, 11588],[9153, 11583],[9137, 11570],[9136, 11569],[9127, 11565],[9120, 11559],[9118, 11558],[9117, 11557],[9109, 11553],[9103, 11548],[9095, 11544],[9091, 11542],[9085, 11540],[9079, 11537],[9075, 11536],[9067, 11532],[9058, 11528],[9056, 11526],[9051, 11524],[9049, 11523],[9037, 11517],[9025, 11511],[9002, 11492],[8996, 11486],[8990, 11480],[8978, 11468],[8959, 11445],[8957, 11441],[8954, 11438],[8945, 11427],[8942, 11424],[8941, 11422],[8935, 11415],[8931, 11406],[8926, 11399],[8924, 11394],[8921, 11391],[8918, 11388],[8917, 11386],[8911, 11379],[8907, 11370],[8902, 11363],[8900, 11358],[8889, 11349],[8871, 11325],[8856, 11300],[8844, 11284],[8837, 11272],[8834, 11268],[8833, 11265],[8832, 11264],[8826, 11260],[8824, 11258],[8821, 11255],[8815, 11250],[8799, 11242],[8798, 11241],[8781, 11236],[8755, 11223],[8732, 11204],[8713, 11181],[8711, 11177],[8708, 11174],[8702, 11168],[8696, 11162],[8677, 11139],[8671, 11127],[8667, 11118],[8662, 11111],[8656, 11099],[8645, 11072],[8643, 11062],[8643, 11061],[8643, 11060],[8640, 11043],[8640, 11035],[8640, 11032],[8640, 11026],[8640, 11020],[8640, 11014],[8640, 11008],[8643, 10979],[8647, 10966],[8649, 10949],[8658, 10921],[8671, 10895],[8690, 10872],[8713, 10853],[8739, 10840],[8745, 10838],[8749, 10835],[8758, 10831],[8765, 10826],[8777, 10820],[8804, 10809],[8814, 10807],[8815, 10807],[8817, 10807],[8826, 10805],[8830, 10804],[8841, 10798],[8869, 10789],[8898, 10786],[8904, 10786],[8906, 10785],[8916, 10783],[8917, 10783],[8919, 10783],[8935, 10780],[8936, 10780],[8949, 10773],[8954, 10772],[8961, 10768],[8989, 10759],[9018, 10756],[9072, 10756],[9101, 10759],[9129, 10768],[9140, 10774],[9151, 10778],[9163, 10784],[9170, 10789],[9179, 10793],[9191, 10799],[9214, 10818],[9217, 10821],[9220, 10824],[9226, 10830],[9245, 10853],[9249, 10862],[9257, 10871],[9270, 10897],[9272, 10903],[9275, 10907],[9279, 10916],[9284, 10923],[9290, 10935],[9301, 10962],[9302, 10968],[9307, 10980],[9308, 10984],[9310, 10991],[9312, 10997],[9314, 11001],[9325, 11028],[9327, 11038],[9327, 11039],[9327, 11041],[9330, 11057],[9330, 11065],[9333, 11081],[9334, 11090],[9343, 11112],[9344, 11115],[9347, 11117],[9349, 11117],[9356, 11119],[9359, 11119],[9366, 11121],[9369, 11122],[9384, 11122],[9413, 11125],[9426, 11129],[9436, 11131],[9437, 11131],[9438, 11131],[9448, 11133],[9451, 11134],[9462, 11136],[9473, 11137],[9478, 11139],[9480, 11139],[9484, 11140],[9492, 11140],[9495, 11140],[9503, 11140],[9520, 11143],[9521, 11143],[9522, 11143],[9532, 11145],[9538, 11148],[9540, 11148],[9551, 11149],[9556, 11151],[9558, 11151],[9565, 11149],[9594, 11146],[9684, 11146],[9689, 11147],[9703, 11147],[9710, 11149],[9713, 11149],[9720, 11151],[9725, 11153],[9739, 11153],[9746, 11155],[9749, 11155],[9756, 11157],[9759, 11158],[9762, 11158],[9791, 11161],[9806, 11164],[9852, 11164],[9857, 11165],[9871, 11165],[9878, 11167],[9881, 11167],[9888, 11169],[9891, 11170],[9894, 11170],[9899, 11171],[9913, 11171],[9920, 11173],[9923, 11173],[9930, 11175],[9935, 11177],[9959, 11179],[9987, 11188],[9998, 11194],[10009, 11198],[10021, 11204],[10025, 11205],[10040, 11209],[10053, 11211],[10068, 11217],[10077, 11220],[10079, 11221],[10098, 11224],[10112, 11226],[10118, 11227],[10127, 11229],[10142, 11233],[10155, 11235],[10170, 11241],[10173, 11242],[10181, 11242],[10186, 11243],[10200, 11243],[10207, 11245],[10210, 11245],[10217, 11247],[10220, 11248],[10223, 11248],[10252, 11251],[10261, 11254],[10289, 11254],[10318, 11257],[10342, 11262],[10354, 11263],[10369, 11266],[10391, 11266],[10420, 11269],[10448, 11278],[10460, 11284],[10474, 11291],[10486, 11297],[10504, 11312],[10510, 11315],[10519, 11323],[10523, 11311],[10529, 11299],[10535, 11287],[10536, 11285],[10542, 11273],[10548, 11261],[10567, 11238],[10573, 11232],[10576, 11229],[10579, 11226],[10586, 11221],[10591, 11214],[10614, 11195],[10626, 11189],[10640, 11182],[10652, 11176],[10680, 11167],[10709, 11164],[10713, 11164],[10722, 11161],[10751, 11158],[10769, 11158],[10798, 11161],[10807, 11164],[10853, 11164],[10882, 11167],[10910, 11176],[10921, 11182],[10922, 11182],[10967, 11182],[10996, 11185],[11024, 11194],[11025, 11195],[11042, 11200],[11068, 11213],[11070, 11215],[11088, 11222],[11100, 11228],[11112, 11234],[11124, 11240],[11125, 11241],[11126, 11241],[11151, 11257],[11181, 11281],[11190, 11289],[11193, 11292],[11199, 11298],[11202, 11301],[11208, 11307],[11212, 11309],[11235, 11328],[11247, 11340],[11253, 11346],[11259, 11352],[11271, 11364],[11289, 11382],[11298, 11393],[11301, 11396],[11302, 11398],[11308, 11405],[11312, 11413],[11313, 11414],[11325, 11424],[11344, 11447],[11346, 11450],[11348, 11453],[11354, 11459],[11359, 11466],[11362, 11470],[11364, 11474],[11370, 11483],[11381, 11511],[11382, 11519],[11384, 11524],[11385, 11533],[11386, 11539],[11386, 11543],[11387, 11553],[11387, 11559],[11387, 11571],[11387, 11577],[11387, 11583],[11387, 11589],[11387, 11595],[11387, 11601],[11387, 11607],[11387, 11610],[11387, 11618],[11386, 11624],[11389, 11630],[11400, 11657],[11401, 11662],[11402, 11664],[11409, 11675],[11413, 11689],[11416, 11692],[11419, 11698],[11420, 11699],[11422, 11701],[11424, 11704],[11434, 11716],[11437, 11723],[11442, 11717],[11448, 11711],[11454, 11705],[11463, 11696],[11465, 11692],[11468, 11688],[11470, 11682],[11476, 11671],[11479, 11663],[11479, 11662],[11483, 11649],[11485, 11632],[11489, 11619],[11491, 11602],[11494, 11593],[11494, 11589],[11494, 11583],[11494, 11577],[11494, 11571],[11494, 11565],[11494, 11559],[11497, 11530],[11501, 11519],[11503, 11495],[11511, 11470],[11514, 11459],[11515, 11447],[11524, 11419],[11525, 11417],[11527, 11399],[11530, 11390],[11530, 11380],[11533, 11351],[11537, 11338],[11539, 11329],[11539, 11327],[11539, 11326],[11541, 11316],[11545, 11307],[11545, 11303],[11551, 11283],[11553, 11274],[11562, 11251],[11560, 11230],[11560, 11224],[11560, 11218],[11563, 11189],[11572, 11161],[11578, 11149],[11578, 11147],[11581, 11131],[11581, 11129],[11581, 11128],[11583, 11118],[11594, 11091],[11595, 11090],[11595, 11088],[11600, 11076],[11601, 11070],[11604, 11062],[11605, 11060],[11605, 11057],[11607, 11050],[11608, 11047],[11608, 11044],[11611, 11015],[11620, 10987],[11621, 10986],[11626, 10969],[11632, 10958],[11637, 10939],[11651, 10913],[11655, 10907],[11662, 10885],[11675, 10859],[11694, 10836],[11700, 10830],[11706, 10824],[11709, 10821],[11712, 10818],[11715, 10815],[11716, 10814],[11716, 10798],[11716, 10792],[11715, 10790],[11713, 10780],[11713, 10779],[11713, 10778],[11710, 10761],[11710, 10753],[11710, 10750],[11710, 10744],[11710, 10720],[11710, 10714],[11710, 10684],[11710, 10678],[11710, 10672],[11710, 10666],[11709, 10664],[11707, 10654],[11707, 10653],[11707, 10652],[11704, 10635],[11704, 10627],[11704, 10624],[11704, 10600],[11704, 10588],[11704, 10582],[11704, 10570],[11704, 10564],[11704, 10552],[11704, 10540],[11704, 10534],[11704, 10528],[11704, 10516],[11704, 10510],[11704, 10504],[11704, 10492],[11704, 10489],[11704, 10481],[11707, 10465],[11707, 10463],[11707, 10462],[11709, 10452],[11710, 10450],[11710, 10438],[11710, 10426],[11710, 10420],[11710, 10417],[11710, 10409],[11713, 10393],[11713, 10391],[11713, 10390],[11715, 10380],[11716, 10378],[11716, 10372],[11716, 10369],[11716, 10361],[11719, 10345],[11719, 10343],[11719, 10342],[11721, 10332],[11722, 10329],[11722, 10327],[11722, 10319],[11725, 10303],[11725, 10301],[11725, 10300],[11727, 10290],[11729, 10285],[11731, 10265],[11735, 10252],[11736, 10239],[11740, 10215],[11740, 10198],[11740, 10195],[11740, 10191],[11742, 10181],[11743, 10169],[11745, 10164],[11745, 10162],[11746, 10158],[11746, 10156],[11746, 10150],[11746, 10133],[11746, 10121],[11746, 10115],[11746, 10103],[11746, 10097],[11746, 10079],[11746, 10049],[11746, 10025],[11746, 10019],[11746, 10013],[11749, 9984],[11752, 9969],[11752, 9959],[11752, 9941],[11752, 9935],[11752, 9929],[11751, 9927],[11749, 9917],[11749, 9916],[11749, 9915],[11746, 9898],[11746, 9890],[11746, 9887],[11746, 9881],[11746, 9869],[11745, 9867],[11743, 9857],[11743, 9856],[11743, 9855],[11742, 9851],[11739, 9843],[11738, 9839],[11736, 9832],[11730, 9814],[11727, 9803],[11725, 9796],[11725, 9793],[11723, 9786],[11723, 9777],[11722, 9776],[11717, 9761],[11709, 9741],[11707, 9731],[11707, 9730],[11707, 9729],[11704, 9715],[11703, 9711],[11701, 9701],[11701, 9700],[11701, 9699],[11698, 9682],[11698, 9680],[11695, 9670],[11692, 9641],[11692, 9631],[11689, 9622],[11687, 9602],[11685, 9597],[11683, 9587],[11683, 9586],[11683, 9585],[11680, 9568],[11680, 9561],[11679, 9557],[11677, 9550],[11677, 9547],[11675, 9540],[11675, 9526],[11674, 9521],[11674, 9510],[11674, 9506],[11674, 9504],[11671, 9496],[11669, 9486],[11665, 9466],[11663, 9444],[11661, 9437],[11661, 9435],[11659, 9430],[11658, 9419],[11656, 9408],[11656, 9404],[11656, 9401],[11656, 9377],[11656, 9366],[11652, 9342],[11651, 9326],[11650, 9317],[11650, 9312],[11650, 9311],[11650, 9305],[11650, 9302],[11650, 9294],[11653, 9278],[11653, 9276],[11653, 9275],[11655, 9265],[11656, 9263],[11656, 9257],[11659, 9228],[11668, 9200],[11669, 9199],[11674, 9182],[11675, 9180],[11677, 9170],[11677, 9168],[11677, 9167],[11679, 9157],[11682, 9149],[11683, 9146],[11683, 9144],[11683, 9143],[11685, 9133],[11687, 9128],[11689, 9108],[11692, 9098],[11692, 9096],[11695, 9080],[11695, 9078],[11695, 9077],[11697, 9067],[11700, 9060],[11701, 9048],[11710, 9020],[11712, 9012],[11718, 8994],[11721, 8988],[11722, 8984],[11725, 8979],[11725, 8976],[11734, 8948],[11735, 8947],[11736, 8942],[11737, 8934],[11746, 8906],[11747, 8905],[11752, 8888],[11754, 8883],[11752, 8861],[11752, 8855],[11752, 8843],[11751, 8841],[11749, 8831],[11749, 8830],[11749, 8829],[11746, 8812],[11746, 8804],[11746, 8801],[11746, 8791],[11743, 8782],[11742, 8771],[11739, 8764],[11737, 8754],[11737, 8753],[11737, 8752],[11734, 8735],[11734, 8727],[11734, 8724],[11734, 8718],[11734, 8712],[11734, 8709],[11733, 8706],[11731, 8699],[11731, 8696],[11729, 8689],[11729, 8675],[11728, 8670],[11728, 8659],[11728, 8658],[11728, 8652],[11728, 8640],[11728, 8628],[11728, 8622],[11731, 8593],[11734, 8584],[11734, 8580],[11737, 8551],[11746, 8523],[11747, 8522],[11752, 8505],[11758, 8493],[11764, 8481],[11765, 8480],[11770, 8463],[11783, 8437],[11802, 8414],[11825, 8395],[11828, 8393],[11818, 8373],[11813, 8358],[11805, 8338],[11804, 8333],[11803, 8330],[11795, 8321],[11789, 8309],[11782, 8295],[11776, 8283],[11767, 8255],[11767, 8252],[11764, 8247],[11755, 8219],[11752, 8193],[11749, 8183],[11748, 8175],[11743, 8159],[11740, 8130],[11740, 8127],[11739, 8124],[11737, 8117],[11737, 8114],[11735, 8107],[11735, 8106],[11727, 8086],[11725, 8076],[11725, 8075],[11725, 8074],[11723, 8064],[11723, 8062],[11722, 8061],[11716, 8049],[11710, 8037],[11705, 8020],[11704, 8019],[11695, 7991],[11695, 7989],[11690, 7982],[11687, 7979],[11687, 7978],[11685, 7976],[11681, 7968],[11676, 7960],[11673, 7951],[11669, 7942],[11666, 7927],[11665, 7925],[11665, 7923],[11663, 7915],[11662, 7905],[11662, 7896],[11662, 7887],[11663, 7877],[11665, 7869],[11665, 7867],[11666, 7865],[11669, 7850],[11673, 7841],[11676, 7832],[11681, 7824],[11685, 7816],[11687, 7814],[11687, 7813],[11690, 7810],[11697, 7800],[11703, 7793],[11706, 7790],[11709, 7787],[11715, 7782],[11713, 7775],[11710, 7746],[11710, 7740],[11710, 7728],[11710, 7722],[11710, 7716],[11710, 7710],[11710, 7704],[11710, 7692],[11713, 7663],[11722, 7635],[11726, 7627],[11728, 7621],[11728, 7620],[11728, 7617],[11728, 7609],[11731, 7593],[11731, 7591],[11731, 7590],[11733, 7580],[11735, 7575],[11737, 7555],[11741, 7542],[11743, 7533],[11743, 7531],[11743, 7530],[11745, 7520],[11755, 7496],[11755, 7495],[11755, 7494],[11757, 7484],[11761, 7475],[11761, 7471],[11765, 7458],[11767, 7449],[11767, 7447],[11767, 7446],[11769, 7436],[11777, 7416],[11782, 7401],[11795, 7375],[11799, 7370],[11810, 7343],[11815, 7333],[11815, 7332],[11817, 7322],[11828, 7295],[11834, 7283],[11839, 7276],[11843, 7267],[11849, 7260],[11850, 7258],[11853, 7255],[11862, 7244],[11868, 7239],[11869, 7238],[11874, 7232],[11878, 7228],[11880, 7223],[11882, 7221],[11885, 7214],[11895, 7202],[11897, 7199],[11899, 7197],[11904, 7191],[11907, 7188],[11909, 7184],[11928, 7161],[11951, 7142],[11955, 7140],[11958, 7137],[11964, 7131],[11967, 7128],[11970, 7125],[11973, 7122],[11976, 7119],[11979, 7116],[11982, 7113],[11985, 7110],[11993, 7094],[12003, 7082],[12004, 7078],[12011, 7065],[12016, 7048],[12022, 7036],[12023, 7035],[12028, 7018],[12040, 6995],[12044, 6984],[12050, 6972],[12056, 6960],[12068, 6936],[12074, 6924],[12077, 6919],[12078, 6917],[12083, 6910],[12090, 6899],[12093, 6896],[12095, 6893],[12100, 6888],[12107, 6878],[12126, 6855],[12132, 6849],[12138, 6843],[12144, 6837],[12150, 6831],[12156, 6825],[12162, 6819],[12168, 6813],[12174, 6807],[12180, 6801],[12186, 6795],[12192, 6789],[12204, 6777],[12210, 6771],[12216, 6765],[12239, 6746],[12247, 6742],[12248, 6741],[12250, 6740],[12257, 6734],[12266, 6730],[12275, 6722],[12293, 6713],[12311, 6698],[12332, 6688],[12341, 6680],[12352, 6672],[12365, 6662],[12377, 6656],[12383, 6653],[12401, 6638],[12405, 6636],[12408, 6633],[12420, 6621],[12432, 6609],[12438, 6603],[12448, 6595],[12456, 6585],[12462, 6579],[12465, 6576],[12467, 6572],[12482, 6554],[12485, 6548],[12504, 6525],[12527, 6506],[12539, 6500],[12555, 6490],[12557, 6487],[12558, 6485],[12561, 6482],[12570, 6471],[12576, 6466],[12578, 6464],[12581, 6462],[12593, 6452],[12598, 6450],[12600, 6447],[12603, 6444],[12606, 6441],[12617, 6432],[12620, 6429],[12622, 6428],[12629, 6422],[12635, 6419],[12650, 6407],[12653, 6403],[12654, 6401],[12657, 6398],[12662, 6392],[12664, 6389],[12666, 6387],[12671, 6381],[12682, 6372],[12685, 6369],[12687, 6368],[12694, 6362],[12698, 6360],[12701, 6357],[12713, 6345],[12719, 6339],[12729, 6331],[12737, 6321],[12747, 6313],[12755, 6303],[12761, 6297],[12784, 6278],[12788, 6276],[12791, 6273],[12797, 6267],[12803, 6261],[12826, 6242],[12838, 6236],[12856, 6224],[12882, 6210],[12904, 6204],[12928, 6196],[12929, 6196],[12953, 6186],[12957, 6185],[12958, 6185],[12966, 6181],[12978, 6175],[12984, 6173],[12988, 6170],[12994, 6167],[12996, 6166],[13001, 6159],[13008, 6154],[13013, 6147],[13019, 6141],[13031, 6129],[13037, 6123],[13043, 6117],[13066, 6098],[13072, 6094],[13079, 6087],[13082, 6084],[13085, 6081],[13108, 6062],[13112, 6060],[13115, 6057],[13121, 6051],[13144, 6032],[13153, 6028],[13162, 6020],[13174, 6014],[13188, 6007],[13200, 6001],[13206, 5999],[13210, 5996],[13217, 5993],[13219, 5991],[13220, 5990],[13228, 5984],[13240, 5978],[13249, 5974],[13258, 5966],[13264, 5963],[13282, 5948],[13294, 5942],[13306, 5936],[13308, 5935],[13320, 5929],[13332, 5923],[13360, 5914],[13368, 5913],[13384, 5908],[13392, 5907],[13408, 5902],[13412, 5902],[13421, 5898],[13427, 5897],[13438, 5888],[13442, 5886],[13445, 5883],[13451, 5877],[13457, 5871],[13480, 5852],[13492, 5846],[13504, 5840],[13506, 5839],[13516, 5834],[13518, 5833],[13525, 5830],[13534, 5822],[13546, 5816],[13560, 5809],[13572, 5803],[13588, 5798],[13594, 5793],[13620, 5780],[13648, 5771],[13665, 5769],[13667, 5769],[13668, 5768],[13696, 5759],[13705, 5758],[13727, 5749],[13737, 5747],[13738, 5747],[13740, 5747],[13749, 5745],[13751, 5745],[13752, 5744],[13769, 5739],[13782, 5732],[13799, 5727],[13800, 5726],[13812, 5720],[13840, 5711],[13848, 5710],[13864, 5705],[13893, 5702],[14019, 5702],[14022, 5702],[14030, 5702],[14047, 5705],[14048, 5705],[14049, 5705],[14059, 5707],[14061, 5708],[14085, 5708],[14114, 5711],[14123, 5714],[14127, 5714],[14156, 5717],[14166, 5720],[14192, 5723],[14201, 5726],[14204, 5726],[14233, 5729],[14261, 5738],[14262, 5739],[14279, 5744],[14291, 5750],[14302, 5756],[14306, 5757],[14321, 5762],[14345, 5774],[14347, 5775],[14357, 5780],[14368, 5785],[14384, 5792],[14399, 5797],[14400, 5798],[14409, 5800],[14418, 5802],[14445, 5813],[14454, 5817],[14465, 5821],[14478, 5828],[14495, 5833],[14496, 5834],[14505, 5836],[14514, 5838],[14530, 5844],[14543, 5848],[14556, 5850],[14571, 5856],[14580, 5859],[14581, 5859],[14587, 5860],[14600, 5864],[14617, 5866],[14645, 5875],[14646, 5876],[14663, 5881],[14668, 5884],[14671, 5884],[14699, 5893],[14703, 5895],[14713, 5896],[14741, 5905],[14746, 5908],[14749, 5908],[14774, 5916],[14789, 5920],[14791, 5920],[14795, 5921],[14798, 5922],[14826, 5931],[14830, 5934],[14832, 5934],[14849, 5941],[14857, 5943],[14875, 5949],[14881, 5952],[14885, 5953],[14893, 5957],[14901, 5960],[14915, 5965],[14927, 5971],[14938, 5977],[14949, 5981],[14958, 5985],[14969, 5989],[14995, 6002],[15001, 6007],[15006, 6009],[15017, 6013],[15029, 6019],[15043, 6026],[15055, 6032],[15061, 6037],[15069, 6041],[15076, 6046],[15082, 6049],[15093, 6053],[15102, 6057],[15113, 6061],[15139, 6074],[15148, 6082],[15151, 6082],[15179, 6091],[15205, 6104],[15211, 6109],[15219, 6113],[15226, 6118],[15235, 6122],[15247, 6128],[15253, 6133],[15261, 6137],[15266, 6140],[15268, 6141],[15275, 6146],[15286, 6153],[15289, 6156],[15292, 6158],[15294, 6160],[15297, 6161],[15309, 6167],[15316, 6172],[15325, 6176],[15332, 6182],[15334, 6183],[15335, 6184],[15355, 6194],[15364, 6202],[15373, 6206],[15385, 6212],[15408, 6231],[15411, 6234],[15414, 6237],[15425, 6250],[15433, 6254],[15456, 6273],[15467, 6286],[15480, 6297],[15483, 6300],[15487, 6302],[15510, 6321],[15513, 6324],[15516, 6327],[15535, 6350],[15537, 6355],[15540, 6357],[15543, 6360],[15546, 6363],[15565, 6386],[15578, 6412],[15583, 6429],[15584, 6430],[15590, 6442],[15599, 6470],[15599, 6471],[15609, 6495],[15610, 6500],[15614, 6508],[15623, 6536],[15626, 6565],[15626, 6571],[15627, 6573],[15629, 6583],[15629, 6584],[15629, 6586],[15631, 6595],[15635, 6608],[15638, 6637],[15638, 6643],[15638, 6649],[15638, 6655],[15638, 6661],[15638, 6667],[15635, 6696],[15626, 6724],[15620, 6736],[15614, 6748],[15613, 6750],[15607, 6762],[15601, 6774],[15586, 6792],[15584, 6796],[15583, 6798],[15571, 6822],[15558, 6837],[15556, 6842],[15551, 6849],[15547, 6858],[15541, 6870],[15533, 6879],[15529, 6888],[15514, 6906],[15511, 6912],[15503, 6921],[15499, 6930],[15491, 6939],[15490, 6943],[15524, 6943],[15553, 6946],[15559, 6948],[15561, 6948],[15566, 6946],[15575, 6945],[15581, 6944],[15585, 6944],[15595, 6943],[15625, 6943],[15654, 6946],[15682, 6955],[15708, 6968],[15731, 6987],[15734, 6990],[15737, 6993],[15756, 7016],[15769, 7042],[15771, 7048],[15790, 7039],[15818, 7030],[15847, 7027],[15853, 7027],[15882, 7030],[15910, 7039],[15936, 7052],[15959, 7071],[15976, 7092],[15998, 7109],[16002, 7111],[16005, 7112],[16010, 7115],[16030, 7127],[16063, 7150],[16065, 7152],[16067, 7152],[16094, 7163],[16142, 7187],[16146, 7190],[16153, 7193],[16160, 7199],[16167, 7203],[16173, 7208],[16176, 7211],[16181, 7215],[16188, 7219],[16211, 7238],[16230, 7261],[16236, 7273],[16242, 7285],[16243, 7287],[16248, 7297],[16249, 7299],[16255, 7311],[16261, 7323],[16270, 7351],[16273, 7380],[16273, 7386],[16273, 7389],[16274, 7387],[16293, 7364],[16296, 7361],[16298, 7357],[16317, 7334],[16323, 7328],[16326, 7325],[16329, 7322],[16335, 7316],[16338, 7313],[16341, 7310],[16344, 7307],[16347, 7304],[16358, 7295],[16361, 7292],[16363, 7291],[16370, 7285],[16379, 7281],[16388, 7273],[16400, 7267],[16414, 7260],[16426, 7254],[16428, 7253],[16448, 7237],[16452, 7235],[16461, 7226],[16467, 7221],[16471, 7217],[16477, 7212],[16483, 7208],[16490, 7202],[16494, 7200],[16501, 7195],[16528, 7184],[16538, 7182],[16544, 7180],[16551, 7179],[16557, 7178],[16563, 7178],[16573, 7177],[16591, 7177],[16620, 7180],[16648, 7189],[16674, 7202],[16697, 7221],[16716, 7244],[16717, 7246],[16721, 7250],[16727, 7256],[16730, 7259],[16734, 7261],[16757, 7280],[16776, 7303],[16779, 7309],[16784, 7315],[16787, 7318],[16788, 7320],[16794, 7327],[16797, 7334],[16805, 7340],[16811, 7346],[16817, 7352],[16836, 7375],[16838, 7380],[16841, 7382],[16844, 7385],[16847, 7388],[16850, 7391],[16853, 7394],[16856, 7397],[16859, 7400],[16862, 7403],[16865, 7406],[16867, 7409],[16872, 7411],[16890, 7426],[16896, 7429],[16908, 7435],[16917, 7443],[16926, 7447],[16933, 7453],[16935, 7454],[16936, 7455],[16944, 7459],[16956, 7465],[16965, 7473],[16974, 7477],[16982, 7483],[16996, 7488],[17022, 7501],[17045, 7520],[17048, 7523],[17051, 7526],[17054, 7529],[17057, 7532],[17076, 7555],[17089, 7581],[17098, 7609],[17101, 7638],[17101, 7644],[17101, 7650],[17101, 7656],[17101, 7662],[17101, 7668],[17101, 7674],[17101, 7680],[17101, 7686],[17101, 7689],[17101, 7697],[17098, 7714],[17098, 7715],[17098, 7716],[17096, 7726],[17095, 7729],[17092, 7757],[17083, 7785],[17082, 7786],[17077, 7803],[17071, 7815],[17070, 7816],[17065, 7833],[17063, 7837],[17062, 7847],[17053, 7875],[17047, 7887],[17046, 7889],[17044, 7907],[17041, 7917],[17038, 7943],[17034, 7956],[17032, 7973],[17027, 7989],[17026, 7997],[17021, 8013],[17020, 8021],[17015, 8037],[17014, 8045],[17005, 8073],[17004, 8074],[16999, 8091],[16998, 8092],[16993, 8109],[16992, 8110],[16992, 8112],[16990, 8129],[16984, 8149],[16982, 8158],[16978, 8167],[16978, 8171],[16975, 8180],[16975, 8184],[16975, 8196],[16975, 8202],[16975, 8208],[16975, 8214],[16975, 8220],[16975, 8226],[16975, 8230],[16978, 8239],[16979, 8247],[16983, 8255],[16986, 8261],[16992, 8269],[16994, 8274],[16997, 8276],[17000, 8279],[17003, 8282],[17006, 8285],[17009, 8288],[17012, 8291],[17015, 8294],[17034, 8317],[17040, 8329],[17046, 8341],[17047, 8343],[17050, 8350],[17058, 8359],[17064, 8371],[17070, 8383],[17071, 8385],[17076, 8395],[17077, 8397],[17082, 8407],[17083, 8409],[17088, 8419],[17089, 8421],[17095, 8433],[17101, 8445],[17106, 8462],[17107, 8463],[17113, 8475],[17118, 8492],[17119, 8493],[17123, 8507],[17127, 8512],[17131, 8523],[17132, 8525],[17133, 8529],[17142, 8547],[17147, 8564],[17148, 8565],[17154, 8577],[17163, 8605],[17166, 8634],[17166, 8640],[17166, 8646],[17166, 8652],[17163, 8681],[17160, 8690],[17160, 8694],[17157, 8723],[17154, 8733],[17151, 8759],[17146, 8776],[17145, 8782],[17143, 8788],[17141, 8798],[17139, 8802],[17131, 8828],[17130, 8829],[17126, 8842],[17120, 8864],[17109, 8885],[17108, 8889],[17100, 8909],[17095, 8924],[17089, 8936],[17083, 8948],[17082, 8950],[17076, 8962],[17070, 8974],[17055, 8992],[17051, 9001],[17049, 9003],[17046, 9010],[17036, 9022],[17034, 9025],[17032, 9027],[17031, 9028],[17028, 9034],[17022, 9046],[17014, 9055],[17010, 9064],[17004, 9076],[16989, 9094],[16986, 9100],[16978, 9109],[16974, 9118],[16968, 9125],[16967, 9127],[16966, 9128],[16962, 9136],[16954, 9145],[16950, 9154],[16942, 9163],[16938, 9172],[16923, 9190],[16921, 9194],[16920, 9196],[16914, 9208],[16908, 9220],[16900, 9229],[16896, 9238],[16890, 9250],[16885, 9256],[16881, 9264],[16878, 9269],[16875, 9276],[16869, 9288],[16864, 9295],[16861, 9301],[16860, 9304],[16861, 9311],[16861, 9317],[16861, 9323],[16858, 9352],[16849, 9380],[16843, 9392],[16840, 9397],[16840, 9400],[16831, 9428],[16825, 9440],[16819, 9452],[16818, 9454],[16813, 9464],[16812, 9466],[16806, 9478],[16800, 9490],[16781, 9513],[16778, 9516],[16775, 9519],[16769, 9525],[16766, 9528],[16758, 9544],[16739, 9567],[16733, 9573],[16721, 9585],[16715, 9591],[16715, 9598],[16738, 9605],[16764, 9618],[16787, 9637],[16790, 9640],[16793, 9643],[16796, 9646],[16799, 9649],[16803, 9654],[16809, 9652],[16811, 9652],[16812, 9651],[16824, 9645],[16851, 9634],[16860, 9632],[16880, 9626],[16897, 9624],[16910, 9620],[16939, 9617],[16969, 9617],[16998, 9620],[17007, 9623],[17043, 9623],[17053, 9618],[17055, 9617],[17079, 9605],[17096, 9600],[17097, 9599],[17114, 9594],[17127, 9587],[17155, 9578],[17184, 9575],[17220, 9575],[17238, 9577],[17238, 9575],[17241, 9546],[17250, 9518],[17263, 9492],[17282, 9469],[17305, 9450],[17331, 9437],[17359, 9428],[17388, 9425],[17394, 9425],[17423, 9428],[17451, 9437],[17477, 9450],[17500, 9469],[17503, 9472],[17506, 9475],[17514, 9484],[17519, 9479],[17521, 9477],[17523, 9475],[17528, 9469],[17539, 9460],[17542, 9457],[17544, 9456],[17551, 9450],[17561, 9445],[17567, 9441],[17579, 9435],[17580, 9434],[17581, 9434],[17582, 9433],[17605, 9414],[17613, 9410],[17624, 9397],[17634, 9389],[17642, 9379],[17648, 9373],[17651, 9370],[17654, 9367],[17660, 9361],[17666, 9355],[17675, 9346],[17677, 9342],[17683, 9334],[17688, 9320],[17694, 9308],[17700, 9296],[17701, 9294],[17703, 9291],[17703, 9288],[17707, 9275],[17709, 9265],[17709, 9264],[17709, 9263],[17711, 9253],[17714, 9246],[17715, 9234],[17724, 9206],[17725, 9205],[17725, 9203],[17727, 9186],[17730, 9177],[17730, 9173],[17730, 9167],[17733, 9138],[17742, 9110],[17744, 9106],[17745, 9096],[17754, 9068],[17760, 9056],[17761, 9055],[17766, 9038],[17772, 9026],[17779, 9012],[17785, 9000],[17804, 8977],[17810, 8971],[17813, 8968],[17816, 8965],[17822, 8959],[17845, 8940],[17854, 8936],[17863, 8928],[17875, 8922],[17887, 8916],[17889, 8915],[17899, 8910],[17901, 8909],[17911, 8904],[17913, 8903],[17925, 8897],[17937, 8891],[17965, 8882],[17994, 8879],[18030, 8879],[18032, 8878],[18042, 8876],[18043, 8876],[18045, 8876],[18061, 8873],[18069, 8873],[18072, 8873],[18117, 8873],[18134, 8868],[18147, 8861],[18161, 8856],[18169, 8850],[18181, 8844],[18193, 8838],[18195, 8837],[18199, 8835],[18217, 8820],[18222, 8818],[18224, 8815],[18247, 8796],[18251, 8794],[18254, 8791],[18260, 8785],[18263, 8783],[18265, 8778],[18278, 8763],[18282, 8754],[18288, 8742],[18296, 8733],[18300, 8724],[18306, 8717],[18307, 8715],[18310, 8712],[18319, 8701],[18322, 8698],[18325, 8695],[18331, 8689],[18334, 8687],[18336, 8682],[18355, 8659],[18362, 8654],[18367, 8647],[18370, 8644],[18373, 8641],[18396, 8622],[18405, 8618],[18420, 8605],[18426, 8602],[18444, 8587],[18450, 8584],[18468, 8569],[18480, 8563],[18492, 8557],[18494, 8556],[18500, 8553],[18501, 8552],[18503, 8551],[18510, 8545],[18519, 8541],[18528, 8533],[18537, 8529],[18546, 8521],[18555, 8517],[18564, 8509],[18569, 8507],[18571, 8504],[18577, 8498],[18583, 8492],[18589, 8486],[18595, 8480],[18598, 8477],[18600, 8473],[18606, 8461],[18614, 8452],[18618, 8443],[18624, 8431],[18643, 8408],[18649, 8402],[18655, 8396],[18661, 8390],[18667, 8384],[18673, 8378],[18680, 8373],[18685, 8366],[18691, 8361],[18693, 8359],[18696, 8357],[18708, 8347],[18715, 8344],[18717, 8342],[18718, 8341],[18726, 8335],[18738, 8329],[18747, 8325],[18756, 8317],[18768, 8311],[18782, 8304],[18792, 8299],[18794, 8298],[18818, 8286],[18835, 8281],[18836, 8280],[18853, 8275],[18854, 8274],[18882, 8265],[18894, 8264],[18901, 8261],[18911, 8259],[18912, 8259],[18914, 8259],[18923, 8257],[18936, 8253],[18965, 8250],[18971, 8250],[18973, 8249],[18983, 8247],[18984, 8247],[18986, 8247],[19002, 8244],[19010, 8244],[19013, 8244],[19019, 8244],[19021, 8243],[19030, 8241],[19039, 8239],[19040, 8238],[19057, 8233],[19058, 8232],[19075, 8227],[19076, 8226],[19083, 8223],[19092, 8215],[19118, 8202],[19135, 8197],[19136, 8196],[19148, 8190],[19165, 8185],[19166, 8184],[19178, 8178],[19195, 8173],[19196, 8172],[19224, 8163],[19253, 8160],[19281, 8160],[19290, 8157],[19319, 8154],[19433, 8154],[19436, 8154],[19444, 8154],[19461, 8157],[19462, 8157],[19463, 8157],[19473, 8159],[19476, 8160],[19504, 8163],[19532, 8172],[19533, 8173],[19550, 8178],[19576, 8191],[19585, 8199],[19594, 8203],[19603, 8211],[19612, 8215],[19624, 8221],[19647, 8240],[19649, 8243],[19654, 8245],[19672, 8260],[19676, 8262],[19678, 8263],[19702, 8275],[19725, 8294],[19728, 8297],[19730, 8298],[19732, 8299],[19744, 8305],[19754, 8310],[19755, 8311],[19772, 8316],[19784, 8322],[19796, 8328],[19797, 8329],[19814, 8334],[19840, 8347],[19849, 8355],[19858, 8359],[19870, 8369],[19873, 8370],[19885, 8376],[19899, 8383],[19909, 8388],[19911, 8389],[19935, 8401],[19939, 8404],[19945, 8406],[19957, 8412],[19958, 8413],[19975, 8418],[19992, 8427],[19995, 8427],[20004, 8430],[20020, 8430],[20023, 8430],[20031, 8430],[20048, 8433],[20049, 8433],[20050, 8433],[20060, 8435],[20065, 8437],[20085, 8439],[20113, 8448],[20114, 8448],[20139, 8451],[20148, 8454],[20152, 8454],[20177, 8457],[20178, 8456],[20201, 8437],[20213, 8431],[20225, 8425],[20227, 8424],[20237, 8419],[20239, 8418],[20246, 8415],[20253, 8410],[20265, 8404],[20292, 8393],[20302, 8391],[20303, 8391],[20305, 8391],[20314, 8389],[20327, 8385],[20347, 8383],[20352, 8381],[20362, 8379],[20363, 8379],[20365, 8379],[20381, 8376],[20389, 8376],[20392, 8376],[20402, 8376],[20411, 8373],[20440, 8370],[20468, 8370],[20477, 8367],[20506, 8364],[20570, 8364],[20579, 8361],[20589, 8360],[20593, 8358],[20605, 8352],[20633, 8343],[20641, 8342],[20646, 8341],[20647, 8340],[20664, 8335],[20665, 8334],[20693, 8325],[20710, 8323],[20723, 8319],[20752, 8316],[20780, 8316],[20789, 8313],[20818, 8310],[20836, 8310],[20865, 8313],[20893, 8322],[20897, 8324],[20904, 8318],[20906, 8316],[20910, 8312],[20911, 8311],[20916, 8306],[20918, 8304],[20927, 8296],[20935, 8291],[20937, 8290],[20948, 8279],[20957, 8274],[20962, 8267],[20965, 8264],[20968, 8259],[20970, 8253],[20971, 8250],[20972, 8248],[20975, 8240],[20988, 8219],[20989, 8216],[20992, 8210],[20992, 8209],[20999, 8192],[20999, 8191],[21004, 8176],[21007, 8170],[21007, 8168],[21010, 8162],[21010, 8157],[21017, 8134],[21018, 8132],[21022, 8119],[21030, 8104],[21032, 8099],[21034, 8095],[21038, 8086],[21038, 8085],[21039, 8078],[21042, 8068],[21042, 8057],[21039, 8047],[21039, 8044],[21037, 8041],[21036, 8038],[21032, 8031],[21025, 8008],[21023, 7984],[21023, 7979],[21023, 7974],[21023, 7969],[21023, 7964],[21023, 7959],[21023, 7954],[21025, 7930],[21032, 7907],[21044, 7886],[21059, 7867],[21078, 7852],[21099, 7840],[21122, 7833],[21132, 7832],[21146, 7828],[21170, 7826],[21205, 7826],[21206, 7826],[21215, 7823],[21227, 7822],[21233, 7821],[21237, 7821],[21239, 7821],[21248, 7821],[21263, 7819],[21270, 7816],[21278, 7815],[21280, 7814],[21284, 7814],[21294, 7812],[21347, 7808],[21359, 7793],[21378, 7778],[21399, 7766],[21422, 7759],[21446, 7757],[21456, 7757],[21480, 7759],[21503, 7766],[21508, 7769],[21510, 7769],[21533, 7776],[21540, 7780],[21545, 7782],[21550, 7785],[21552, 7786],[21554, 7787],[21567, 7791],[21588, 7803],[21607, 7818],[21622, 7837],[21633, 7857],[21634, 7857],[21638, 7857],[21639, 7857],[21648, 7858],[21659, 7861],[21660, 7862],[21662, 7862],[21668, 7862],[21670, 7862],[21677, 7863],[21686, 7866],[21687, 7866],[21693, 7866],[21696, 7866],[21701, 7866],[21708, 7867],[21717, 7868],[21723, 7870],[21724, 7870],[21728, 7871],[21742, 7871],[21745, 7871],[21750, 7871],[21757, 7872],[21766, 7873],[21772, 7875],[21773, 7875],[21792, 7880],[21794, 7881],[21795, 7881],[21806, 7881],[21809, 7881],[21814, 7881],[21822, 7882],[21830, 7883],[21835, 7884],[21838, 7885],[21855, 7885],[21858, 7885],[21864, 7885],[21873, 7887],[21879, 7887],[21883, 7888],[21888, 7889],[21895, 7892],[21902, 7894],[21904, 7895],[21905, 7895],[21908, 7895],[21917, 7897],[21923, 7897],[21927, 7898],[21932, 7899],[21939, 7902],[21945, 7904],[21947, 7904],[21954, 7907],[21961, 7909],[21963, 7910],[21976, 7914],[21983, 7918],[21986, 7919],[22007, 7931],[22026, 7946],[22041, 7965],[22053, 7986],[22060, 8009],[22060, 8014],[22063, 8020],[22063, 8022],[22070, 8044],[22072, 8068],[22072, 8072],[22073, 8074],[22074, 8079],[22075, 8083],[22076, 8089],[22077, 8096],[22078, 8099],[22079, 8104],[22080, 8108],[22081, 8114],[22082, 8123],[22082, 8127],[22085, 8137],[22087, 8161],[22087, 8164],[22089, 8173],[22089, 8175],[22093, 8197],[22094, 8201],[22095, 8210],[22095, 8211],[22100, 8226],[22100, 8228],[22102, 8231],[22102, 8232],[22103, 8235],[22104, 8238],[22105, 8242],[22106, 8246],[22108, 8249],[22112, 8257],[22118, 8269],[22119, 8273],[22122, 8277],[22122, 8278],[22123, 8279],[22127, 8287],[22128, 8289],[22129, 8293],[22132, 8297],[22133, 8299],[22134, 8300],[22135, 8302],[22141, 8311],[22144, 8315],[22156, 8336],[22157, 8341],[22164, 8349],[22168, 8355],[22169, 8356],[22173, 8363],[22174, 8364],[22175, 8365],[22182, 8377],[22193, 8385],[22203, 8394],[22206, 8397],[22208, 8398],[22209, 8399],[22217, 8404],[22221, 8406],[22223, 8407],[22236, 8414],[22241, 8418],[22242, 8419],[22248, 8425],[22254, 8430],[22255, 8431],[22259, 8435],[22262, 8439],[22264, 8442],[22267, 8444],[22272, 8449],[22277, 8454],[22282, 8459],[22287, 8463],[22302, 8482],[22307, 8490],[22312, 8497],[22324, 8518],[22328, 8531],[22329, 8533],[22336, 8556],[22338, 8575],[22341, 8586],[22343, 8610],[22343, 8615],[22343, 8619],[22343, 8624],[22343, 8629],[22343, 8634],[22343, 8639],[22343, 8644],[22343, 8649],[22343, 8654],[22343, 8664],[22343, 8669],[22343, 8683],[22343, 8688],[22343, 8693],[22343, 8698],[22343, 8703],[22343, 8708],[22343, 8713],[22343, 8718],[22343, 8723],[22343, 8726],[22343, 8732],[22342, 8741],[22341, 8747],[22340, 8751],[22339, 8756],[22337, 8760],[22336, 8776],[22329, 8798],[22329, 8800],[22328, 8802],[22328, 8807],[22328, 8812],[22328, 8817],[22328, 8822],[22328, 8826],[22328, 8831],[22327, 8840],[22327, 8846],[22327, 8848],[22326, 8855],[22323, 8864],[22322, 8870],[22319, 8879],[22317, 8885],[22315, 8889],[22315, 8891],[22310, 8911],[22307, 8918],[22307, 8919],[22306, 8921],[22306, 8924],[22299, 8947],[22295, 8954],[22294, 8957],[22293, 8959],[22289, 8972],[22285, 8979],[22284, 8982],[22283, 8984],[22282, 8986],[22277, 9000],[22276, 9001],[22275, 9006],[22271, 9012],[22267, 9022],[22259, 9032],[22255, 9041],[22251, 9049],[22244, 9061],[22243, 9062],[22238, 9070],[22234, 9074],[22220, 9093],[22217, 9096],[22212, 9103],[22211, 9104],[22211, 9105],[22210, 9107],[22209, 9109],[22203, 9119],[22199, 9126],[22197, 9129],[22189, 9141],[22174, 9160],[22169, 9165],[22164, 9170],[22159, 9175],[22155, 9178],[22154, 9180],[22139, 9199],[22120, 9214],[22119, 9215],[22117, 9217],[22115, 9220],[22100, 9239],[22098, 9241],[22097, 9242],[22097, 9243],[22096, 9245],[22092, 9258],[22091, 9260],[22091, 9265],[22091, 9270],[22091, 9275],[22091, 9280],[22091, 9285],[22091, 9290],[22091, 9294],[22091, 9299],[22091, 9304],[22091, 9309],[22091, 9314],[22091, 9319],[22091, 9324],[22091, 9329],[22091, 9334],[22091, 9339],[22091, 9344],[22091, 9349],[22091, 9354],[22091, 9359],[22091, 9363],[22091, 9368],[22091, 9373],[22091, 9378],[22091, 9383],[22091, 9388],[22091, 9393],[22091, 9398],[22091, 9403],[22091, 9408],[22091, 9413],[22091, 9418],[22091, 9423],[22091, 9428],[22091, 9432],[22091, 9442],[22091, 9447],[22091, 9452],[22091, 9472],[22091, 9482],[22094, 9492],[22094, 9495],[22095, 9497],[22096, 9503],[22099, 9512],[22100, 9519],[22100, 9521],[22100, 9527],[22100, 9529],[22104, 9541],[22105, 9550],[22105, 9551],[22105, 9555],[22106, 9565],[22106, 9570],[22106, 9576],[22106, 9585],[22106, 9595],[22106, 9600],[22106, 9605],[22106, 9625],[22109, 9635],[22111, 9659],[22111, 9660],[22114, 9670],[22116, 9694],[22116, 9699],[22116, 9703],[22116, 9708],[22116, 9713],[22116, 9718],[22116, 9723],[22114, 9747],[22107, 9770],[22095, 9791],[22092, 9795],[22080, 9816],[22065, 9835],[22062, 9837],[22060, 9840],[22055, 9845],[22036, 9860],[22015, 9872],[21992, 9879],[21968, 9881],[21959, 9881],[21935, 9879],[21912, 9872],[21905, 9868],[21902, 9867],[21881, 9855],[21862, 9840],[21860, 9837],[21858, 9836],[21853, 9831],[21852, 9830],[21850, 9828],[21846, 9823],[21842, 9820],[21837, 9814],[21835, 9826],[21835, 9827],[21834, 9837],[21834, 9841],[21834, 9842],[21833, 9851],[21830, 9861],[21830, 9866],[21830, 9871],[21830, 9876],[21830, 9881],[21830, 9891],[21830, 9896],[21830, 9901],[21830, 9905],[21830, 9910],[21830, 9915],[21830, 9920],[21830, 9925],[21830, 9930],[21828, 9954],[21821, 9977],[21817, 9984],[21816, 9987],[21810, 9998],[21807, 10007],[21803, 10014],[21802, 10017],[21798, 10024],[21796, 10029],[21793, 10034],[21792, 10036],[21788, 10043],[21787, 10046],[21775, 10067],[21770, 10074],[21765, 10082],[21760, 10089],[21755, 10097],[21740, 10116],[21737, 10120],[21732, 10128],[21730, 10131],[21729, 10133],[21722, 10145],[21721, 10146],[21716, 10154],[21714, 10156],[21712, 10160],[21711, 10161],[21706, 10169],[21702, 10173],[21701, 10175],[21686, 10194],[21683, 10196],[21681, 10199],[21678, 10201],[21676, 10204],[21657, 10219],[21652, 10222],[21643, 10233],[21640, 10236],[21637, 10239],[21636, 10240],[21760, 10240],[21760, 10176],[21824, 10176],[21824, 9984],[21888, 9984],[21888, 9920],[22080, 9920],[22080, 10061],[22115, 10046],[22136, 10034],[22160, 10017],[22179, 10002],[22197, 9987],[22207, 9977],[22222, 9959],[22237, 9940],[22252, 9919],[22267, 9894],[22281, 9870],[22299, 9828],[22306, 9805],[22314, 9764],[22316, 9740],[22317, 9723],[22317, 9694],[22316, 9677],[22314, 9653],[22313, 9642],[22308, 9612],[22307, 9591],[22307, 9565],[22306, 9551],[22305, 9537],[22304, 9521],[22301, 9502],[22298, 9490],[22293, 9460],[22292, 9444],[22292, 9328],[22296, 9323],[22304, 9314],[22316, 9302],[22331, 9284],[22346, 9265],[22356, 9252],[22366, 9237],[22372, 9228],[22380, 9214],[22396, 9194],[22408, 9176],[22414, 9167],[22422, 9154],[22430, 9140],[22437, 9129],[22446, 9112],[22454, 9096],[22465, 9069],[22466, 9068],[22468, 9063],[22468, 9062],[22479, 9035],[22481, 9030],[22491, 9005],[22498, 8983],[22502, 8970],[22505, 8960],[22508, 8947],[22512, 8933],[22516, 8922],[22520, 8907],[22525, 8877],[22527, 8859],[22528, 8844],[22529, 8832],[22534, 8806],[22536, 8793],[22537, 8791],[22540, 8774],[22542, 8759],[22544, 8732],[22544, 8610],[22543, 8593],[22541, 8569],[22539, 8553],[22534, 8523],[22528, 8498],[22521, 8475],[22514, 8455],[22498, 8418],[22486, 8397],[22479, 8386],[22469, 8371],[22459, 8358],[22444, 8339],[22425, 8318],[22411, 8304],[22409, 8302],[22401, 8293],[22390, 8282],[22378, 8271],[22364, 8260],[22331, 8237],[22317, 8213],[22310, 8203],[22306, 8197],[22293, 8170],[22291, 8164],[22284, 8109],[22281, 8095],[22280, 8089],[22279, 8081],[22276, 8064],[22275, 8059],[22272, 8046],[22272, 8043],[22270, 8024],[22263, 7988],[22256, 7966],[22252, 7951],[22245, 7928],[22227, 7886],[22215, 7865],[22198, 7841],[22183, 7822],[22150, 7789],[22131, 7774],[22107, 7757],[22086, 7745],[22076, 7740],[22066, 7735],[22039, 7724],[22026, 7719],[22010, 7714],[21995, 7709],[21976, 7703],[21967, 7701],[21950, 7698],[21948, 7698],[21932, 7693],[21923, 7691],[21906, 7688],[21891, 7686],[21864, 7684],[21863, 7684],[21850, 7683],[21839, 7682],[21825, 7681],[21818, 7679],[21791, 7674],[21775, 7672],[21758, 7671],[21741, 7669],[21739, 7669],[21731, 7661],[21712, 7646],[21688, 7629],[21667, 7617],[21635, 7603],[21623, 7597],[21591, 7584],[21576, 7579],[21561, 7574],[21538, 7567],[21497, 7559],[21473, 7557],[21456, 7556],[21446, 7556],[21429, 7557],[21405, 7559],[21364, 7567],[21341, 7574],[21299, 7592],[21278, 7604],[21264, 7614],[21252, 7615],[21241, 7617],[21234, 7619],[21218, 7621],[21211, 7622],[21193, 7624],[21184, 7625],[21170, 7625],[21153, 7626],[21129, 7628],[21105, 7632],[21081, 7637],[21064, 7641],[21041, 7648],[20999, 7666],[20978, 7678],[20954, 7695],[20935, 7710],[20902, 7743],[20887, 7762],[20870, 7786],[20858, 7807],[20840, 7849],[20833, 7872],[20825, 7913],[20823, 7937],[20822, 7954],[20822, 7984],[20823, 8001],[20825, 8025],[20831, 8057],[20825, 8076],[20818, 8099],[20816, 8106],[20815, 8110],[20797, 8110],[20768, 8113],[20759, 8115],[20752, 8115],[20731, 8116],[20702, 8119],[20684, 8122],[20654, 8128],[20632, 8134],[20604, 8143],[20594, 8146],[20591, 8147],[20572, 8152],[20544, 8161],[20538, 8163],[20506, 8163],[20485, 8164],[20456, 8167],[20447, 8169],[20440, 8169],[20419, 8170],[20390, 8173],[20380, 8175],[20371, 8176],[20348, 8178],[20330, 8181],[20318, 8183],[20295, 8187],[20282, 8189],[20247, 8197],[20216, 8207],[20189, 8218],[20175, 8225],[20161, 8232],[20135, 8245],[20117, 8241],[20094, 8237],[20082, 8235],[20064, 8232],[20047, 8231],[20027, 8223],[19977, 8198],[19969, 8192],[19951, 8180],[19930, 8168],[19904, 8155],[19893, 8150],[19835, 8125],[19829, 8120],[19792, 8096],[19783, 8091],[19778, 8087],[19749, 8064],[19714, 8042],[19713, 8041],[19687, 8024],[19666, 8012],[19640, 7999],[19613, 7988],[19593, 7981],[19565, 7972],[19530, 7964],[19504, 7961],[19495, 7959],[19477, 7956],[19444, 7953],[19319, 7953],[19298, 7954],[19269, 7957],[19260, 7959],[19253, 7959],[19232, 7960],[19203, 7963],[19163, 7972],[19135, 7981],[19115, 7988],[19103, 7992],[19043, 8016],[19028, 8023],[19002, 8036],[18988, 8044],[18985, 8045],[18969, 8046],[18951, 8049],[18944, 8050],[18914, 8054],[18891, 8057],[18858, 8065],[18841, 8069],[18821, 8074],[18793, 8083],[18755, 8096],[18728, 8107],[18666, 8138],[18653, 8145],[18623, 8163],[18603, 8177],[18601, 8178],[18583, 8190],[18568, 8202],[18553, 8215],[18543, 8224],[18501, 8266],[18488, 8280],[18469, 8303],[18452, 8328],[18437, 8352],[18404, 8374],[18368, 8395],[18348, 8408],[18302, 8443],[18280, 8458],[18268, 8467],[18245, 8486],[18231, 8499],[18213, 8517],[18200, 8531],[18182, 8553],[18177, 8559],[18167, 8570],[18155, 8584],[18142, 8601],[18133, 8613],[18121, 8631],[18111, 8648],[18102, 8655],[18080, 8670],[18079, 8671],[18076, 8672],[18061, 8672],[18028, 8675],[18012, 8678],[17989, 8678],[17973, 8679],[17944, 8682],[17904, 8691],[17876, 8700],[17847, 8712],[17773, 8749],[17752, 8761],[17734, 8773],[17717, 8785],[17694, 8804],[17680, 8817],[17662, 8835],[17649, 8849],[17630, 8872],[17606, 8910],[17587, 8948],[17580, 8963],[17568, 8993],[17563, 9007],[17552, 9041],[17540, 9083],[17533, 9117],[17531, 9144],[17520, 9185],[17515, 9212],[17513, 9221],[17510, 9227],[17509, 9228],[17496, 9241],[17484, 9237],[17444, 9228],[17415, 9225],[17394, 9224],[17388, 9224],[17367, 9225],[17338, 9228],[17298, 9237],[17270, 9246],[17241, 9258],[17215, 9271],[17177, 9295],[17154, 9314],[17127, 9341],[17108, 9364],[17093, 9387],[17057, 9399],[17052, 9401],[17058, 9373],[17059, 9358],[17062, 9353],[17080, 9323],[17087, 9310],[17091, 9302],[17099, 9292],[17105, 9283],[17129, 9247],[17134, 9238],[17141, 9229],[17150, 9216],[17165, 9196],[17176, 9179],[17194, 9149],[17199, 9139],[17203, 9135],[17221, 9109],[17234, 9089],[17249, 9064],[17274, 9014],[17283, 8994],[17293, 8968],[17301, 8951],[17312, 8923],[17322, 8889],[17331, 8861],[17336, 8847],[17339, 8832],[17345, 8810],[17349, 8792],[17355, 8756],[17357, 8744],[17358, 8727],[17359, 8726],[17363, 8702],[17366, 8673],[17367, 8652],[17367, 8634],[17366, 8613],[17363, 8584],[17354, 8544],[17345, 8516],[17340, 8502],[17328, 8472],[17321, 8457],[17318, 8451],[17315, 8441],[17301, 8404],[17287, 8370],[17280, 8355],[17237, 8269],[17232, 8259],[17208, 8217],[17189, 8189],[17183, 8183],[17183, 8182],[17188, 8159],[17189, 8156],[17196, 8134],[17205, 8106],[17209, 8094],[17229, 8012],[17236, 7976],[17241, 7943],[17244, 7936],[17253, 7908],[17257, 7893],[17263, 7878],[17267, 7866],[17274, 7846],[17283, 7818],[17291, 7783],[17294, 7757],[17296, 7748],[17299, 7730],[17302, 7697],[17302, 7638],[17301, 7617],[17298, 7588],[17289, 7548],[17280, 7520],[17268, 7491],[17255, 7465],[17231, 7427],[17212, 7404],[17199, 7390],[17187, 7378],[17173, 7365],[17150, 7346],[17112, 7322],[17086, 7309],[17079, 7306],[17067, 7298],[17046, 7286],[17043, 7284],[17037, 7280],[17019, 7268],[17004, 7259],[16996, 7253],[16993, 7250],[16991, 7247],[16972, 7224],[16959, 7210],[16953, 7204],[16950, 7201],[16947, 7197],[16938, 7184],[16931, 7175],[16912, 7152],[16885, 7125],[16864, 7108],[16852, 7093],[16825, 7066],[16802, 7047],[16764, 7023],[16738, 7010],[16709, 6998],[16681, 6989],[16641, 6980],[16612, 6977],[16591, 6976],[16573, 6976],[16560, 6977],[16544, 6978],[16526, 6980],[16513, 6982],[16495, 6985],[16479, 6989],[16452, 6998],[16425, 7009],[16393, 7026],[16382, 7033],[16368, 7043],[16355, 7053],[16337, 7068],[16329, 7075],[16316, 7064],[16299, 7052],[16298, 7051],[16284, 7040],[16270, 7030],[16249, 7017],[16232, 7008],[16184, 6984],[16170, 6977],[16162, 6974],[16142, 6961],[16133, 6955],[16114, 6943],[16087, 6916],[16064, 6897],[16026, 6873],[16000, 6860],[15971, 6848],[15943, 6839],[15903, 6830],[15874, 6827],[15853, 6826],[15852, 6826],[15836, 6813],[15812, 6798],[15817, 6785],[15826, 6757],[15835, 6717],[15838, 6688],[15839, 6667],[15839, 6637],[15838, 6616],[15835, 6587],[15831, 6563],[15825, 6540],[15823, 6514],[15814, 6475],[15805, 6447],[15801, 6436],[15797, 6425],[15779, 6374],[15764, 6337],[15757, 6322],[15744, 6296],[15720, 6258],[15701, 6235],[15694, 6228],[15690, 6222],[15671, 6199],[15658, 6185],[15652, 6179],[15638, 6166],[15615, 6147],[15612, 6145],[15598, 6131],[15584, 6118],[15561, 6099],[15558, 6098],[15556, 6095],[15550, 6089],[15536, 6076],[15513, 6057],[15475, 6033],[15474, 6032],[15466, 6027],[15448, 6016],[15439, 6011],[15423, 6001],[15407, 5992],[15401, 5989],[15397, 5986],[15379, 5974],[15368, 5967],[15365, 5965],[15356, 5959],[15337, 5949],[15329, 5945],[15323, 5941],[15314, 5935],[15295, 5925],[15269, 5912],[15240, 5900],[15235, 5898],[15229, 5895],[15203, 5882],[15188, 5875],[15175, 5870],[15168, 5866],[15164, 5863],[15145, 5853],[15059, 5810],[15044, 5803],[15029, 5797],[15000, 5783],[14990, 5779],[14950, 5763],[14938, 5759],[14925, 5754],[14898, 5744],[14887, 5740],[14859, 5731],[14812, 5717],[14802, 5714],[14768, 5703],[14734, 5693],[14726, 5691],[14706, 5684],[14678, 5675],[14656, 5669],[14633, 5665],[14626, 5662],[14611, 5657],[14569, 5645],[14558, 5642],[14540, 5635],[14493, 5616],[14469, 5608],[14458, 5605],[14407, 5581],[14358, 5560],[14342, 5554],[14322, 5547],[14294, 5538],[14254, 5529],[14238, 5528],[14225, 5525],[14189, 5519],[14177, 5517],[14160, 5516],[14159, 5515],[14135, 5511],[14106, 5508],[14093, 5507],[14081, 5507],[14063, 5504],[14030, 5501],[13893, 5501],[13872, 5502],[13843, 5505],[13815, 5510],[13791, 5516],[13779, 5520],[13751, 5529],[13737, 5534],[13708, 5546],[13694, 5551],[13691, 5552],[13665, 5558],[13621, 5572],[13587, 5580],[13559, 5589],[13530, 5601],[13508, 5612],[13489, 5620],[13444, 5643],[13434, 5648],[13397, 5669],[13390, 5673],[13352, 5697],[13332, 5714],[13311, 5719],[13299, 5723],[13271, 5732],[13242, 5744],[13192, 5769],[13162, 5787],[13146, 5799],[13125, 5812],[13112, 5821],[13072, 5841],[13051, 5853],[13033, 5865],[13016, 5877],[12993, 5896],[12986, 5903],[12980, 5907],[12957, 5926],[12944, 5938],[12915, 5963],[12901, 5975],[12875, 6001],[12861, 6007],[12824, 6018],[12787, 6033],[12753, 6052],[12723, 6070],[12698, 6087],[12675, 6106],[12661, 6119],[12659, 6121],[12656, 6123],[12633, 6142],[12619, 6155],[12570, 6204],[12554, 6217],[12540, 6229],[12520, 6249],[12511, 6259],[12503, 6266],[12489, 6277],[12475, 6289],[12471, 6293],[12468, 6295],[12453, 6307],[12438, 6320],[12424, 6334],[12399, 6351],[12376, 6370],[12349, 6397],[12324, 6428],[12310, 6447],[12308, 6449],[12279, 6478],[12254, 6495],[12245, 6501],[12229, 6513],[12208, 6526],[12183, 6543],[12182, 6545],[12164, 6555],[12128, 6579],[12111, 6591],[12088, 6610],[12074, 6623],[11984, 6713],[11971, 6727],[11952, 6750],[11940, 6766],[11936, 6771],[11923, 6788],[11911, 6806],[11904, 6817],[11900, 6824],[11895, 6834],[11862, 6899],[11846, 6933],[11842, 6943],[11826, 6983],[11823, 6987],[11800, 7006],[11773, 7033],[11754, 7056],[11746, 7067],[11740, 7074],[11728, 7089],[11717, 7105],[11710, 7113],[11698, 7127],[11685, 7144],[11668, 7169],[11659, 7185],[11649, 7205],[11642, 7219],[11631, 7246],[11612, 7292],[11603, 7311],[11594, 7331],[11581, 7366],[11572, 7400],[11571, 7405],[11568, 7417],[11566, 7423],[11555, 7457],[11548, 7484],[11547, 7489],[11542, 7506],[11539, 7523],[11535, 7546],[11533, 7558],[11530, 7576],[11530, 7577],[11522, 7602],[11513, 7642],[11510, 7671],[11509, 7692],[11509, 7719],[11501, 7734],[11489, 7759],[11482, 7777],[11474, 7804],[11470, 7821],[11466, 7838],[11463, 7857],[11462, 7867],[11461, 7887],[11461, 7905],[11462, 7925],[11463, 7935],[11466, 7954],[11470, 7971],[11474, 7988],[11482, 8015],[11489, 8033],[11501, 8058],[11510, 8074],[11512, 8078],[11513, 8080],[11520, 8100],[11531, 8127],[11531, 8128],[11539, 8157],[11540, 8160],[11544, 8187],[11548, 8208],[11552, 8224],[11557, 8252],[11564, 8280],[11574, 8310],[11586, 8346],[11594, 8366],[11591, 8373],[11586, 8384],[11568, 8426],[11562, 8442],[11555, 8462],[11546, 8490],[11537, 8530],[11536, 8547],[11535, 8548],[11531, 8572],[11528, 8601],[11527, 8622],[11527, 8670],[11528, 8681],[11529, 8700],[11532, 8728],[11533, 8731],[11534, 8738],[11536, 8768],[11539, 8786],[11543, 8808],[11546, 8819],[11546, 8822],[11548, 8845],[11550, 8859],[11544, 8879],[11534, 8913],[11532, 8919],[11528, 8931],[11520, 8953],[11509, 8989],[11505, 9007],[11501, 9026],[11497, 9045],[11495, 9055],[11494, 9059],[11491, 9076],[11488, 9097],[11487, 9098],[11482, 9121],[11480, 9129],[11477, 9139],[11468, 9167],[11459, 9207],[11457, 9234],[11457, 9235],[11455, 9243],[11452, 9261],[11449, 9294],[11449, 9317],[11450, 9333],[11452, 9357],[11455, 9408],[11457, 9435],[11461, 9463],[11467, 9499],[11473, 9528],[11474, 9538],[11475, 9551],[11478, 9579],[11480, 9586],[11485, 9619],[11487, 9631],[11490, 9650],[11496, 9695],[11500, 9719],[11501, 9723],[11503, 9733],[11506, 9750],[11512, 9780],[11521, 9811],[11526, 9825],[11528, 9835],[11532, 9850],[11537, 9868],[11540, 9877],[11544, 9890],[11545, 9894],[11545, 9896],[11545, 9898],[11548, 9931],[11551, 9948],[11551, 9950],[11549, 9963],[11546, 9992],[11545, 10013],[11545, 10134],[11544, 10142],[11541, 10164],[11540, 10182],[11537, 10210],[11534, 10227],[11529, 10256],[11527, 10268],[11524, 10286],[11522, 10304],[11522, 10306],[11521, 10310],[11518, 10328],[11516, 10353],[11515, 10358],[11512, 10376],[11509, 10409],[11509, 10428],[11509, 10430],[11506, 10448],[11503, 10481],[11503, 10635],[11506, 10668],[11509, 10683],[11509, 10748],[11496, 10769],[11480, 10801],[11455, 10855],[11449, 10870],[11438, 10900],[11429, 10926],[11420, 10954],[11411, 10994],[11410, 11009],[11407, 11019],[11397, 11043],[11386, 11082],[11385, 11084],[11380, 11103],[11372, 11128],[11363, 11168],[11363, 11173],[11343, 11157],[11328, 11143],[11317, 11133],[11306, 11124],[11276, 11100],[11259, 11088],[11234, 11072],[11216, 11062],[11175, 11041],[11129, 11019],[11105, 11010],[11085, 11003],[11057, 10994],[11017, 10985],[10988, 10982],[10969, 10981],[10960, 10981],[10943, 10976],[10903, 10967],[10874, 10964],[10853, 10963],[10828, 10963],[10819, 10961],[10790, 10958],[10769, 10957],[10751, 10957],[10730, 10958],[10694, 10962],[10652, 10968],[10619, 10976],[10591, 10985],[10562, 10997],[10524, 11016],[10486, 11040],[10463, 11059],[10450, 11071],[10441, 11069],[10407, 11066],[10379, 11064],[10351, 11059],[10339, 11057],[10310, 11054],[10289, 11053],[10282, 11053],[10273, 11051],[10256, 11050],[10255, 11049],[10239, 11046],[10214, 11043],[10207, 11041],[10197, 11039],[10169, 11033],[10151, 11029],[10140, 11027],[10131, 11026],[10123, 11023],[10095, 11015],[10087, 11013],[10070, 11005],[10048, 10997],[10020, 10988],[9992, 10981],[9959, 10976],[9952, 10974],[9924, 10971],[9921, 10971],[9910, 10968],[9882, 10965],[9863, 10964],[9852, 10963],[9824, 10963],[9812, 10961],[9795, 10960],[9794, 10959],[9778, 10956],[9760, 10954],[9752, 10952],[9742, 10950],[9714, 10947],[9695, 10946],[9684, 10945],[9594, 10945],[9573, 10946],[9566, 10947],[9554, 10945],[9536, 10942],[9513, 10940],[9505, 10939],[9501, 10927],[9497, 10917],[9491, 10899],[9487, 10886],[9476, 10859],[9469, 10845],[9459, 10825],[9452, 10813],[9436, 10781],[9424, 10760],[9412, 10742],[9400, 10725],[9381, 10702],[9368, 10688],[9356, 10676],[9342, 10663],[9319, 10644],[9281, 10620],[9273, 10616],[9261, 10609],[9234, 10595],[9212, 10585],[9190, 10577],[9162, 10568],[9122, 10559],[9093, 10556],[9072, 10555],[9018, 10555],[8997, 10556],[8968, 10559],[8928, 10568],[8900, 10577],[8884, 10583],[8875, 10587],[8847, 10590],[8808, 10598],[8780, 10607],[8768, 10612],[8728, 10623],[8701, 10634],[8687, 10641],[8667, 10651],[8655, 10658],[8623, 10674],[8585, 10698],[8562, 10717],[8535, 10744],[8516, 10767],[8492, 10805],[8479, 10831],[8467, 10860],[8458, 10888],[8452, 10910],[8446, 10940],[8443, 10958],[8440, 10987],[8439, 11008],[8439, 11043],[8442, 11076],[8445, 11094],[8448, 11108],[8459, 11148],[8470, 11175],[8477, 11189],[8485, 11206],[8500, 11234],[8522, 11267],[8541, 11290],[8554, 11304],[8556, 11306],[8558, 11309],[8577, 11332],[8604, 11359]]],[[[22699, 13910],[22674, 13904],[22648, 13898],[22634, 13894],[22629, 13893],[22622, 13870],[22615, 13850],[22604, 13823],[22591, 13797],[22567, 13759],[22548, 13736],[22535, 13722],[22505, 13692],[22491, 13679],[22468, 13660],[22430, 13636],[22404, 13623],[22383, 13614],[22408, 13562],[22417, 13540],[22419, 13534],[22430, 13511],[22439, 13490],[22451, 13459],[22458, 13444],[22464, 13429],[22482, 13378],[22489, 13369],[22507, 13339],[22518, 13318],[22523, 13309],[22528, 13299],[22530, 13296],[22532, 13293],[22543, 13276],[22555, 13255],[22574, 13218],[22579, 13210],[22589, 13192],[22591, 13191],[22606, 13169],[22624, 13141],[22633, 13127],[22650, 13093],[22661, 13056],[22665, 13018],[22665, 13010],[22670, 13006],[22695, 12975],[22713, 12941],[22725, 12903],[22729, 12864],[22729, 12800],[22720, 12800],[22720, 12736],[22656, 12736],[22656, 12800],[22592, 12800],[22592, 13056],[22528, 13056],[22528, 13184],[22400, 13184],[22400, 13120],[22464, 13120],[22464, 13018],[22458, 13025],[22454, 13034],[22445, 13045],[22436, 13063],[22421, 13081],[22418, 13087],[22412, 13099],[22404, 13108],[22400, 13117],[22395, 13124],[22393, 13125],[22389, 13139],[22376, 13165],[22368, 13174],[22364, 13183],[22358, 13191],[22355, 13197],[22349, 13209],[22344, 13216],[22341, 13223],[22340, 13225],[22334, 13237],[22328, 13249],[22313, 13267],[22310, 13273],[22298, 13291],[22296, 13299],[22294, 13308],[22284, 13332],[22284, 13333],[22275, 13361],[22269, 13372],[22265, 13383],[22260, 13393],[22251, 13421],[22245, 13433],[22238, 13447],[22233, 13456],[22232, 13460],[22227, 13475],[22221, 13487],[22215, 13499],[22214, 13501],[22209, 13511],[22208, 13513],[22203, 13522],[22199, 13533],[22193, 13545],[22187, 13557],[22181, 13569],[22176, 13576],[22172, 13585],[22166, 13592],[22165, 13594],[22164, 13595],[22160, 13603],[22154, 13615],[22146, 13624],[22142, 13633],[22136, 13640],[22135, 13642],[22134, 13643],[22130, 13651],[22124, 13663],[22105, 13686],[22102, 13688],[22100, 13693],[22090, 13705],[22088, 13708],[22086, 13710],[22081, 13716],[22075, 13721],[22075, 13722],[22077, 13722],[22081, 13723],[22108, 13734],[22118, 13739],[22119, 13739],[22129, 13741],[22156, 13752],[22168, 13758],[22174, 13761],[22181, 13763],[22184, 13763],[22191, 13765],[22202, 13768],[22220, 13774],[22226, 13777],[22230, 13778],[22238, 13782],[22239, 13782],[22243, 13783],[22251, 13786],[22255, 13787],[22256, 13787],[22257, 13787],[22267, 13789],[22274, 13792],[22286, 13793],[22314, 13802],[22340, 13815],[22363, 13834],[22366, 13837],[22369, 13840],[22375, 13846],[22381, 13852],[22384, 13855],[22387, 13858],[22390, 13861],[22393, 13864],[22412, 13887],[22425, 13913],[22430, 13930],[22431, 13931],[22440, 13959],[22443, 13988],[22443, 13994],[22443, 14000],[22443, 14018],[22443, 14024],[22443, 14030],[22443, 14036],[22443, 14042],[22443, 14054],[22443, 14060],[22443, 14061],[22454, 14063],[22470, 14066],[22474, 14066],[22485, 14068],[22496, 14069],[22501, 14071],[22503, 14071],[22510, 14073],[22516, 14073],[22523, 14075],[22526, 14075],[22533, 14077],[22544, 14080],[22551, 14082],[22555, 14083],[22559, 14085],[22570, 14085],[22577, 14087],[22580, 14087],[22587, 14089],[22598, 14092],[22615, 14098],[22628, 14099],[22644, 14104],[22652, 14105],[22657, 14107],[22665, 14108],[22671, 14110],[22674, 14111],[22675, 14111],[22676, 14111],[22686, 14113],[22698, 14118],[22704, 14119],[22709, 14121],[22729, 14123],[22759, 14129],[22760, 14129],[22770, 14131],[22772, 14132],[22778, 14132],[22783, 14133],[22797, 14133],[22804, 14135],[22807, 14135],[22814, 14137],[22818, 14138],[22821, 14138],[22832, 14140],[22843, 14141],[22848, 14143],[22850, 14143],[22854, 14144],[22856, 14144],[22872, 14146],[22877, 14146],[22881, 14147],[22885, 14147],[22886, 14147],[22905, 14150],[22920, 14150],[22929, 14147],[22958, 14144],[22987, 14147],[23015, 14156],[23041, 14169],[23064, 14188],[23083, 14211],[23096, 14237],[23105, 14265],[23108, 14294],[23108, 14300],[23105, 14329],[23096, 14357],[23083, 14383],[23064, 14406],[23058, 14412],[23055, 14415],[23052, 14418],[23049, 14421],[23046, 14424],[23043, 14426],[23041, 14431],[23025, 14451],[23023, 14454],[23008, 14472],[23005, 14478],[22990, 14496],[22987, 14502],[22979, 14511],[22975, 14520],[22970, 14526],[22966, 14534],[22961, 14541],[22957, 14550],[22951, 14562],[22944, 14570],[22941, 14577],[22940, 14579],[22927, 14604],[22908, 14627],[22896, 14637],[22893, 14640],[22884, 14651],[22880, 14655],[22868, 14671],[22865, 14675],[22861, 14682],[22855, 14689],[22854, 14691],[22851, 14694],[22846, 14700],[22843, 14706],[22837, 14713],[22836, 14715],[22833, 14718],[22825, 14728],[22816, 14750],[22809, 14764],[22804, 14774],[22802, 14778],[22798, 14784],[22848, 14784],[22848, 14720],[22912, 14720],[22912, 14656],[23040, 14656],[23040, 14592],[23104, 14592],[23104, 14336],[23168, 14336],[23168, 14208],[23104, 14208],[23104, 14144],[23040, 14144],[23040, 14080],[22912, 14080],[22912, 14016],[22784, 14016],[22784, 13952],[22720, 13952],[22720, 13915],[22710, 13912],[22699, 13910]]],[[[21911, 10679],[21882, 10676],[21861, 10675],[21855, 10675],[21834, 10676],[21805, 10679],[21765, 10688],[21737, 10697],[21708, 10709],[21682, 10722],[21644, 10746],[21621, 10765],[21594, 10792],[21577, 10813],[21578, 10810],[21582, 10781],[21587, 10754],[21588, 10746],[21594, 10732],[21605, 10702],[21617, 10666],[21618, 10662],[21630, 10633],[21633, 10626],[21638, 10612],[21640, 10606],[21650, 10587],[21662, 10561],[21674, 10530],[21674, 10528],[21681, 10518],[21690, 10504],[21703, 10483],[21715, 10467],[21725, 10453],[21736, 10435],[21744, 10425],[21760, 10401],[21760, 10400],[21760, 10368],[21568, 10368],[21568, 10324],[21565, 10328],[21562, 10331],[21554, 10347],[21539, 10365],[21536, 10371],[21528, 10380],[21524, 10389],[21518, 10401],[21500, 10423],[21499, 10425],[21498, 10429],[21486, 10455],[21483, 10464],[21480, 10477],[21468, 10503],[21456, 10523],[21447, 10551],[21445, 10555],[21445, 10556],[21445, 10557],[21429, 10593],[21427, 10599],[21427, 10600],[21426, 10605],[21417, 10633],[21411, 10644],[21406, 10663],[21400, 10673],[21400, 10676],[21396, 10685],[21396, 10689],[21391, 10705],[21390, 10713],[21387, 10723],[21384, 10749],[21380, 10771],[21379, 10781],[21375, 10805],[21375, 10810],[21375, 10816],[21375, 10822],[21375, 10828],[21375, 10840],[21375, 10846],[21375, 10864],[21375, 10870],[21375, 10876],[21375, 10882],[21375, 10888],[21375, 10900],[21372, 10929],[21364, 10955],[21362, 10963],[21360, 10967],[21352, 10993],[21339, 11019],[21331, 11028],[21327, 11037],[21323, 11044],[21330, 11052],[21334, 11054],[21394, 11084],[21401, 11089],[21410, 11093],[21416, 11098],[21436, 11108],[21443, 11113],[21446, 11113],[21455, 11116],[21465, 11116],[21494, 11119],[21504, 11122],[21530, 11125],[21558, 11134],[21567, 11134],[21596, 11137],[21609, 11141],[21619, 11143],[21620, 11143],[21621, 11143],[21631, 11145],[21634, 11146],[21638, 11146],[21655, 11149],[21656, 11149],[21657, 11149],[21667, 11151],[21687, 11159],[21688, 11159],[21690, 11151],[21692, 11142],[21699, 11125],[21701, 11117],[21707, 11100],[21708, 11087],[21711, 11078],[21711, 11074],[21711, 11070],[21708, 11061],[21705, 11032],[21705, 11026],[21708, 10997],[21717, 10969],[21730, 10943],[21749, 10920],[21772, 10901],[21798, 10888],[21826, 10879],[21855, 10876],[21861, 10876],[21890, 10879],[21918, 10888],[21919, 10889],[21936, 10894],[21948, 10900],[21960, 10906],[21961, 10907],[21978, 10912],[21979, 10913],[21996, 10918],[22022, 10931],[22045, 10950],[22050, 10957],[22057, 10962],[22060, 10965],[22063, 10968],[22080, 10989],[22080, 10880],[22016, 10880],[22016, 10816],[21952, 10816],[21952, 10688],[21951, 10688],[21911, 10679]]],[[[21625, 10251],[21619, 10256],[21615, 10260],[21610, 10265],[21608, 10269],[21593, 10287],[21590, 10293],[21585, 10304],[21632, 10304],[21632, 10244],[21631, 10245],[21625, 10251]]],[[[22098, 11018],[22106, 11027],[22112, 11039],[22119, 11053],[22125, 11065],[22134, 11093],[22135, 11105],[22138, 11112],[22140, 11122],[22140, 11123],[22140, 11125],[22143, 11141],[22143, 11143],[22146, 11153],[22149, 11182],[22149, 11192],[22152, 11201],[22153, 11213],[22156, 11220],[22158, 11230],[22158, 11231],[22158, 11233],[22161, 11249],[22161, 11257],[22161, 11260],[22161, 11266],[22161, 11272],[22162, 11274],[22164, 11284],[22164, 11285],[22164, 11287],[22167, 11303],[22167, 11311],[22167, 11314],[22167, 11326],[22167, 11332],[22167, 11335],[22176, 11363],[22179, 11391],[22180, 11394],[22182, 11404],[22182, 11405],[22182, 11407],[22185, 11423],[22185, 11430],[22186, 11434],[22188, 11441],[22188, 11444],[22190, 11451],[22190, 11465],[22191, 11470],[22191, 11476],[22191, 11481],[22191, 11492],[22194, 11507],[22195, 11518],[22198, 11525],[22200, 11535],[22200, 11536],[22200, 11538],[22203, 11554],[22203, 11562],[22203, 11565],[22203, 11577],[22203, 11585],[22204, 11589],[22204, 11591],[22206, 11596],[22207, 11607],[22207, 11609],[22210, 11615],[22212, 11625],[22212, 11626],[22212, 11627],[22215, 11644],[22215, 11648],[22216, 11651],[22218, 11661],[22218, 11662],[22218, 11664],[22221, 11680],[22221, 11688],[22221, 11690],[22222, 11693],[22224, 11703],[22224, 11704],[22224, 11706],[22225, 11712],[22272, 11712],[22272, 11840],[22336, 11840],[22336, 11584],[22272, 11584],[22272, 11392],[22208, 11392],[22208, 11136],[22144, 11136],[22144, 11008],[22093, 11008],[22094, 11009],[22098, 11018]]],[[[22503, 12102],[22512, 12130],[22513, 12138],[22518, 12154],[22521, 12183],[22521, 12189],[22521, 12195],[22521, 12201],[22521, 12207],[22521, 12219],[22521, 12225],[22521, 12231],[22521, 12237],[22521, 12243],[22521, 12249],[22521, 12255],[22521, 12261],[22521, 12267],[22521, 12273],[22521, 12279],[22521, 12283],[22524, 12292],[22527, 12320],[22528, 12323],[22528, 12096],[22501, 12096],[22502, 12101],[22503, 12102]]],[[[22546, 12441],[22548, 12448],[22548, 12451],[22550, 12458],[22550, 12470],[22555, 12484],[22558, 12495],[22560, 12502],[22560, 12505],[22562, 12512],[22562, 12514],[22563, 12516],[22572, 12544],[22575, 12573],[22575, 12579],[22575, 12585],[22572, 12614],[22563, 12642],[22550, 12668],[22547, 12672],[22592, 12672],[22592, 12416],[22542, 12416],[22544, 12436],[22546, 12441]]],[[[22781, 14850],[22780, 14853],[22779, 14857],[22778, 14862],[22777, 14867],[22777, 14873],[22776, 14879],[22775, 14886],[22773, 14892],[22771, 14902],[22770, 14905],[22769, 14912],[22784, 14912],[22784, 14837],[22781, 14848],[22781, 14850]]],[[[22491, 15145],[22486, 15144],[22472, 15144],[22465, 15142],[22462, 15142],[22455, 15140],[22452, 15139],[22347, 15139],[22344, 15139],[22336, 15139],[22320, 15136],[22318, 15136],[22317, 15136],[22307, 15134],[22305, 15133],[22293, 15133],[22264, 15130],[22255, 15127],[22208, 15127],[22208, 15168],[22528, 15168],[22528, 15147],[22510, 15145],[22491, 15145]]],[[[22051, 15094],[22034, 15087],[22022, 15081],[22016, 15078],[22016, 15104],[22069, 15104],[22054, 15096],[22051, 15094]]],[[[21962, 15036],[21952, 15024],[21952, 15040],[21965, 15040],[21964, 15039],[21962, 15036]]],[[[21907, 14969],[21905, 14967],[21898, 14964],[21888, 14956],[21888, 14976],[21922, 14976],[21916, 14973],[21907, 14969]]],[[[21751, 15113],[21748, 15116],[21745, 15119],[21722, 15138],[21710, 15144],[21698, 15150],[21696, 15151],[21684, 15157],[21672, 15163],[21657, 15168],[21760, 15168],[21760, 15104],[21757, 15107],[21751, 15113]]],[[[21312, 15039],[21312, 15040],[21315, 15040],[21312, 15039]]],[[[20851, 15229],[20845, 15232],[20864, 15232],[20864, 15225],[20852, 15228],[20851, 15229]]],[[[20528, 15423],[20527, 15424],[20544, 15424],[20544, 15413],[20535, 15420],[20528, 15423]]]]},"properties":{"objectType":"annotation","name":"B15XO_D1 Outer Rim 100 µm","color":[100, 200, 100],"classification":{"name":"Outer Rim","color":[200, 63, 239]}}},{"type":"Feature","id":"0bd72040-02de-45c0-bfbc-f17dc6649de7","geometry":{"type":"Polygon","coordinates":[[[4608, 10240],[4608, 10560],[4672, 10560],[4672, 10624],[4736, 10624],[4736, 10688],[4800, 10688],[4800, 10752],[4864, 10752],[4864, 10816],[4992, 10816],[4992, 10880],[5056, 10880],[5056, 10944],[5120, 10944],[5120, 11008],[5184, 11008],[5184, 11072],[5248, 11072],[5248, 11136],[5312, 11136],[5312, 11200],[5440, 11200],[5440, 11264],[5504, 11264],[5504, 11328],[5632, 11328],[5632, 11392],[5760, 11392],[5760, 11456],[5824, 11456],[5824, 11520],[5888, 11520],[5888, 11584],[5952, 11584],[5952, 11648],[6016, 11648],[6016, 11712],[6208, 11712],[6208, 11776],[6336, 11776],[6336, 11840],[6400, 11840],[6400, 11904],[6336, 11904],[6336, 12032],[6528, 12032],[6528, 12096],[6720, 12096],[6720, 12160],[6848, 12160],[6848, 12224],[7104, 12224],[7104, 12288],[7296, 12288],[7296, 12352],[7360, 12352],[7360, 12416],[7488, 12416],[7488, 12480],[7616, 12480],[7616, 12544],[7680, 12544],[7680, 12608],[7744, 12608],[7744, 12672],[7872, 12672],[7872, 12736],[8192, 12736],[8192, 12800],[8320, 12800],[8320, 12864],[8384, 12864],[8384, 12928],[8512, 12928],[8512, 12992],[8576, 12992],[8576, 13056],[8640, 13056],[8640, 13120],[8704, 13120],[8704, 13184],[8768, 13184],[8768, 13248],[8832, 13248],[8832, 13312],[8896, 13312],[8896, 13376],[8960, 13376],[8960, 13440],[9024, 13440],[9024, 13504],[9088, 13504],[9088, 13568],[9152, 13568],[9152, 13632],[9216, 13632],[9216, 13696],[9344, 13696],[9344, 13760],[9408, 13760],[9408, 13824],[9472, 13824],[9472, 13888],[9600, 13888],[9600, 13952],[9664, 13952],[9664, 14016],[9728, 14016],[9728, 14080],[9792, 14080],[9792, 14144],[9920, 14144],[9920, 14208],[10048, 14208],[10048, 14272],[10112, 14272],[10112, 14400],[10176, 14400],[10176, 14464],[10240, 14464],[10240, 14592],[10368, 14592],[10368, 14656],[10496, 14656],[10496, 14720],[10688, 14720],[10688, 14848],[10880, 14848],[10880, 14912],[11008, 14912],[11008, 14976],[11072, 14976],[11072, 15040],[11136, 15040],[11136, 15104],[11264, 15104],[11264, 15168],[11328, 15168],[11328, 15232],[11456, 15232],[11456, 15296],[11520, 15296],[11520, 15360],[11648, 15360],[11648, 15424],[11776, 15424],[11776, 15488],[11904, 15488],[11904, 15552],[12160, 15552],[12160, 15616],[12416, 15616],[12416, 15552],[13248, 15552],[13248, 15488],[14272, 15488],[14272, 15552],[15104, 15552],[15104, 15616],[15424, 15616],[15424, 15680],[15744, 15680],[15744, 15616],[15872, 15616],[15872, 15552],[16000, 15552],[16000, 15488],[16128, 15488],[16128, 15424],[16320, 15424],[16320, 15360],[16384, 15360],[16384, 15296],[16512, 15296],[16512, 15232],[16576, 15232],[16576, 15168],[16704, 15168],[16704, 15104],[16832, 15104],[16832, 14976],[16896, 14976],[16896, 14912],[17024, 14912],[17024, 14848],[17152, 14848],[17152, 14784],[17216, 14784],[17216, 14720],[17344, 14720],[17344, 14656],[17408, 14656],[17408, 14592],[17472, 14592],[17472, 14528],[17600, 14528],[17600, 14464],[17728, 14464],[17728, 14400],[17856, 14400],[17856, 14336],[17984, 14336],[17984, 14272],[18176, 14272],[18176, 14208],[18304, 14208],[18304, 14144],[18368, 14144],[18368, 14080],[18560, 14080],[18560, 14016],[18816, 14016],[18816, 13952],[18944, 13952],[18944, 14016],[19072, 14016],[19072, 14080],[19136, 14080],[19136, 14144],[19200, 14144],[19200, 14208],[19264, 14208],[19264, 14272],[19392, 14272],[19392, 14336],[19456, 14336],[19456, 14464],[19520, 14464],[19520, 14528],[19584, 14528],[19584, 14656],[19648, 14656],[19648, 14720],[19712, 14720],[19712, 14784],[19776, 14784],[19776, 14848],[19840, 14848],[19840, 14912],[19904, 14912],[19904, 15104],[19968, 15104],[19968, 15232],[19904, 15232],[19904, 15360],[19968, 15360],[19968, 15488],[20096, 15488],[20096, 15552],[20352, 15552],[20352, 15488],[20480, 15488],[20480, 15424],[20544, 15424],[20544, 15232],[20864, 15232],[20864, 15168],[21056, 15168],[21056, 15104],[21120, 15104],[21120, 15040],[21184, 15040],[21184, 14976],[21312, 14976],[21312, 15040],[21504, 15040],[21504, 15168],[21760, 15168],[21760, 14976],[21824, 14976],[21824, 14912],[21888, 14912],[21888, 14976],[21952, 14976],[21952, 15040],[22016, 15040],[22016, 15104],[22208, 15104],[22208, 15168],[22528, 15168],[22528, 15104],[22656, 15104],[22656, 15040],[22720, 15040],[22720, 14912],[22784, 14912],[22784, 14784],[22848, 14784],[22848, 14720],[22912, 14720],[22912, 14656],[23040, 14656],[23040, 14592],[23104, 14592],[23104, 14336],[23168, 14336],[23168, 14208],[23104, 14208],[23104, 14144],[23040, 14144],[23040, 14080],[22912, 14080],[22912, 14016],[22784, 14016],[22784, 13952],[22720, 13952],[22720, 13888],[22656, 13888],[22656, 13632],[22592, 13632],[22592, 13440],[22976, 13440],[22976, 13376],[23232, 13376],[23232, 13248],[23168, 13248],[23168, 13184],[23104, 13184],[23104, 13056],[23040, 13056],[23040, 12992],[22976, 12992],[22976, 12736],[23040, 12736],[23040, 12672],[22976, 12672],[22976, 12608],[22848, 12608],[22848, 12736],[22784, 12736],[22784, 12800],[22720, 12800],[22720, 12736],[22656, 12736],[22656, 12800],[22592, 12800],[22592, 13056],[22528, 13056],[22528, 13184],[22400, 13184],[22400, 13120],[22464, 13120],[22464, 12864],[22528, 12864],[22528, 12672],[22592, 12672],[22592, 12416],[22528, 12416],[22528, 12096],[22464, 12096],[22464, 12032],[22336, 12032],[22336, 12096],[22208, 12096],[22208, 12160],[22144, 12160],[22144, 12288],[21888, 12288],[21888, 12352],[21824, 12352],[21824, 12480],[21760, 12480],[21760, 12544],[21696, 12544],[21696, 12608],[21632, 12608],[21632, 12672],[21568, 12672],[21568, 12544],[21632, 12544],[21632, 12416],[21696, 12416],[21696, 12160],[21824, 12160],[21824, 12096],[22016, 12096],[22016, 11968],[22080, 11968],[22080, 11904],[22144, 11904],[22144, 11776],[22208, 11776],[22208, 11712],[22272, 11712],[22272, 11840],[22336, 11840],[22336, 11584],[22272, 11584],[22272, 11392],[22208, 11392],[22208, 11136],[22144, 11136],[22144, 11008],[22080, 11008],[22080, 10880],[22016, 10880],[22016, 10816],[21952, 10816],[21952, 10432],[21760, 10432],[21760, 10368],[21568, 10368],[21568, 10304],[21632, 10304],[21632, 10240],[21760, 10240],[21760, 10176],[21824, 10176],[21824, 9984],[21888, 9984],[21888, 9920],[22080, 9920],[22080, 10112],[22144, 10112],[22144, 10176],[22208, 10176],[22208, 10112],[22400, 10112],[22400, 10048],[22528, 10048],[22528, 9984],[22592, 9984],[22592, 9920],[22656, 9920],[22656, 9856],[22848, 9856],[22848, 9792],[23360, 9792],[23360, 9856],[23488, 9856],[23488, 9792],[23616, 9792],[23616, 9856],[23872, 9856],[23872, 9984],[23936, 9984],[23936, 10048],[24128, 10048],[24128, 9664],[24192, 9664],[24192, 9152],[24128, 9152],[24128, 9024],[24064, 9024],[24064, 8896],[24000, 8896],[24000, 8832],[23936, 8832],[23936, 8704],[23872, 8704],[23872, 8640],[23808, 8640],[23808, 8576],[23744, 8576],[23744, 8512],[23680, 8512],[23680, 8384],[23616, 8384],[23616, 8320],[23552, 8320],[23552, 8256],[23488, 8256],[23488, 8128],[23424, 8128],[23424, 7872],[23360, 7872],[23360, 7616],[23296, 7616],[23296, 7488],[23232, 7488],[23232, 7360],[23168, 7360],[23168, 7296],[23104, 7296],[23104, 7104],[23040, 7104],[23040, 6848],[23104, 6848],[23104, 6656],[23168, 6656],[23168, 6592],[23232, 6592],[23232, 6464],[23360, 6464],[23360, 6400],[23488, 6400],[23488, 6336],[23616, 6336],[23616, 6400],[23872, 6400],[23872, 6336],[24128, 6336],[24128, 6272],[24064, 6272],[24064, 6080],[23936, 6080],[23936, 6016],[23872, 6016],[23872, 6144],[23680, 6144],[23680, 6080],[22912, 6080],[22912, 6144],[22720, 6144],[22720, 6208],[22592, 6208],[22592, 6272],[22400, 6272],[22400, 6336],[22016, 6336],[22016, 6400],[21952, 6400],[21952, 6336],[21248, 6336],[21248, 6400],[20416, 6400],[20416, 6464],[20096, 6464],[20096, 6400],[19776, 6400],[19776, 6336],[19648, 6336],[19648, 6272],[19328, 6272],[19328, 6208],[18432, 6208],[18432, 6144],[18112, 6144],[18112, 6080],[17920, 6080],[17920, 6016],[17728, 6016],[17728, 5952],[17600, 5952],[17600, 5888],[17536, 5888],[17536, 5824],[17408, 5824],[17408, 5760],[17344, 5760],[17344, 5696],[17216, 5696],[17216, 5632],[17088, 5632],[17088, 5568],[17024, 5568],[17024, 5504],[16896, 5504],[16896, 5440],[16768, 5440],[16768, 5376],[16512, 5376],[16512, 5312],[16384, 5312],[16384, 5248],[16256, 5248],[16256, 5184],[16064, 5184],[16064, 5120],[16000, 5120],[16000, 5056],[15872, 5056],[15872, 4992],[15488, 4992],[15488, 4928],[15168, 4928],[15168, 4864],[14976, 4864],[14976, 4928],[14592, 4928],[14592, 4864],[14464, 4864],[14464, 4800],[14144, 4800],[14144, 4864],[13952, 4864],[13952, 4928],[13824, 4928],[13824, 4992],[13632, 4992],[13632, 5056],[13248, 5056],[13248, 5120],[13184, 5120],[13184, 5184],[13056, 5184],[13056, 5248],[12928, 5248],[12928, 5312],[12800, 5312],[12800, 5376],[12608, 5376],[12608, 5440],[12544, 5440],[12544, 5504],[12480, 5504],[12480, 5568],[12416, 5568],[12416, 5696],[12352, 5696],[12352, 5760],[12288, 5760],[12288, 5888],[12224, 5888],[12224, 6016],[12160, 6016],[12160, 6080],[12096, 6080],[12096, 6144],[12032, 6144],[12032, 6208],[11904, 6208],[11904, 6272],[11840, 6272],[11840, 6336],[11712, 6336],[11712, 6400],[11584, 6400],[11584, 6464],[11456, 6464],[11456, 6528],[11328, 6528],[11328, 6592],[11200, 6592],[11200, 6656],[11136, 6656],[11136, 6720],[11072, 6720],[11072, 6848],[11008, 6848],[11008, 6912],[10944, 6912],[10944, 6976],[10880, 6976],[10880, 7040],[10816, 7040],[10816, 7104],[10752, 7104],[10752, 7232],[10688, 7232],[10688, 7552],[10624, 7552],[10624, 7680],[10560, 7680],[10560, 7808],[10496, 7808],[10496, 8512],[10432, 8512],[10432, 8576],[10368, 8576],[10368, 8640],[10304, 8640],[10304, 8704],[10240, 8704],[10240, 8768],[9984, 8768],[9984, 8704],[9856, 8704],[9856, 8768],[9664, 8768],[9664, 8832],[9344, 8832],[9344, 8896],[9216, 8896],[9216, 8960],[9024, 8960],[9024, 9024],[8896, 9024],[8896, 9088],[8256, 9088],[8256, 9024],[8064, 9024],[8064, 8960],[7936, 8960],[7936, 8896],[7808, 8896],[7808, 8832],[7744, 8832],[7744, 8768],[7552, 8768],[7552, 8704],[7424, 8704],[7424, 8640],[7232, 8640],[7232, 8576],[7040, 8576],[7040, 8640],[6976, 8640],[6976, 8704],[6784, 8704],[6784, 8768],[6848, 8768],[6848, 8832],[6912, 8832],[6912, 8896],[6848, 8896],[6848, 8960],[6464, 8960],[6464, 9024],[6208, 9024],[6208, 9088],[6080, 9088],[6080, 9152],[6144, 9152],[6144, 9216],[6272, 9216],[6272, 9280],[6336, 9280],[6336, 9344],[6464, 9344],[6464, 9408],[5888, 9408],[5888, 9344],[5760, 9344],[5760, 9408],[5568, 9408],[5568, 9472],[5440, 9472],[5440, 9536],[5120, 9536],[5120, 9600],[5056, 9600],[5056, 9728],[5184, 9728],[5184, 9920],[5376, 9920],[5376, 9984],[5440, 9984],[5440, 10048],[5184, 10048],[5184, 10112],[5056, 10112],[5056, 10240],[4800, 10240],[4800, 10432],[4736, 10432],[4736, 10240],[4608, 10240]]]},"properties":{"objectType":"annotation","name":"B15XO_D1 Tissue After Subtraction","classification":{"name":"Tissue After Subtraction","color":[0, 255, 0]}}},{"type":"Feature","id":"008f1a04-50bc-4046-bc57-96bd66051c53","geometry":{"type":"Polygon","coordinates":[[[8640, 11012],[8642, 11055],[8643, 11058],[8656, 11099],[8662, 11110],[8685, 11148],[8708, 11174],[8724, 11194],[8748, 11216],[8792, 11242],[8828, 11269],[8856, 11303],[8873, 11327],[8898, 11360],[8905, 11369],[8926, 11399],[8939, 11420],[8952, 11436],[8974, 11463],[8998, 11488],[9015, 11502],[9055, 11526],[9061, 11529],[9083, 11539],[9095, 11545],[9108, 11553],[9120, 11560],[9126, 11563],[9147, 11578],[9176, 11603],[9194, 11616],[9212, 11630],[9228, 11645],[9245, 11658],[9259, 11669],[9260, 11670],[9269, 11680],[9282, 11693],[9289, 11701],[9323, 11740],[9334, 11755],[9348, 11773],[9363, 11793],[9388, 11830],[9405, 11864],[9418, 11894],[9425, 11927],[9434, 11992],[9436, 12004],[9438, 12034],[9439, 12053],[9444, 12089],[9452, 12116],[9467, 12151],[9475, 12170],[9499, 12213],[9510, 12237],[9526, 12278],[9546, 12318],[9562, 12352],[9590, 12418],[9615, 12482],[9631, 12519],[9644, 12548],[9664, 12586],[9688, 12623],[9704, 12651],[9715, 12675],[9753, 12756],[9763, 12771],[9778, 12789],[9812, 12819],[9824, 12827],[9864, 12845],[9880, 12853],[9930, 12881],[9942, 12888],[9957, 12897],[9984, 12912],[10019, 12928],[10050, 12947],[10099, 12982],[10126, 13004],[10139, 13018],[10146, 13024],[10168, 13040],[10195, 13055],[10220, 13064],[10256, 13070],[10279, 13070],[10325, 13077],[10336, 13079],[10390, 13086],[10421, 13089],[10442, 13092],[10472, 13098],[10509, 13104],[10543, 13107],[10711, 13106],[10737, 13103],[10764, 13097],[10819, 13075],[10849, 13060],[10870, 13047],[10885, 13035],[10912, 13013],[10925, 13001],[10956, 12965],[10964, 12956],[10974, 12946],[10994, 12927],[11011, 12914],[11022, 12906],[11054, 12884],[11091, 12860],[11120, 12844],[11159, 12824],[11196, 12797],[11231, 12777],[11269, 12764],[11308, 12759],[11348, 12762],[11387, 12773],[11422, 12791],[11454, 12816],[11479, 12846],[11498, 12881],[11507, 12901],[11533, 12947],[11554, 12980],[11586, 13016],[11604, 13039],[11619, 13066],[11636, 13104],[11645, 13118],[11660, 13136],[11700, 13172],[11712, 13180],[11735, 13191],[11793, 13205],[11827, 13212],[11852, 13214],[11866, 13213],[11899, 13215],[11932, 13222],[11963, 13234],[11969, 13237],[12005, 13260],[12036, 13291],[12059, 13327],[12060, 13330],[12066, 13343],[12089, 13399],[12126, 13464],[12146, 13501],[12154, 13519],[12158, 13531],[12167, 13549],[12175, 13565],[12186, 13587],[12197, 13604],[12214, 13624],[12224, 13634],[12258, 13659],[12284, 13679],[12297, 13688],[12320, 13706],[12333, 13719],[12364, 13743],[12391, 13769],[12402, 13782],[12409, 13791],[12462, 13859],[12475, 13878],[12491, 13906],[12514, 13935],[12526, 13947],[12539, 13960],[12572, 13985],[12582, 13993],[12594, 14004],[12610, 14020],[12632, 14046],[12649, 14075],[12659, 14097],[12682, 14130],[12706, 14159],[12727, 14180],[12756, 14203],[12783, 14228],[12804, 14257],[12817, 14279],[12853, 14332],[12868, 14351],[12874, 14358],[12885, 14370],[12908, 14397],[12922, 14417],[12941, 14446],[12958, 14468],[12981, 14490],[13017, 14511],[13049, 14535],[13075, 14564],[13102, 14601],[13129, 14629],[13149, 14646],[13172, 14661],[13203, 14682],[13227, 14693],[13263, 14716],[13293, 14746],[13308, 14765],[13333, 14791],[13352, 14807],[13379, 14824],[13407, 14840],[13430, 14852],[13490, 14876],[13554, 14897],[13585, 14907],[13624, 14920],[13659, 14931],[13673, 14936],[13717, 14954],[13764, 14973],[13819, 14991],[13845, 15000],[13907, 15016],[13954, 15026],[14002, 15032],[14034, 15038],[14047, 15040],[14105, 15049],[14117, 15051],[14153, 15058],[14196, 15062],[14207, 15063],[14233, 15066],[14307, 15067],[14345, 15063],[14357, 15062],[14374, 15061],[14405, 15057],[14429, 15055],[14610, 15054],[14624, 15054],[14641, 15055],[14841, 15054],[14867, 15051],[14883, 15049],[14897, 15049],[14927, 15045],[14945, 15043],[14965, 15042],[14994, 15039],[15027, 15031],[15060, 15021],[15077, 15014],[15098, 15007],[15116, 15002],[15158, 14986],[15174, 14981],[15180, 14980],[15238, 14961],[15251, 14958],[15278, 14951],[15308, 14942],[15337, 14931],[15352, 14927],[15397, 14914],[15426, 14906],[15458, 14896],[15469, 14893],[15479, 14890],[15558, 14858],[15580, 14849],[15629, 14823],[15676, 14794],[15718, 14774],[15736, 14768],[15785, 14752],[15830, 14739],[15862, 14729],[15885, 14722],[15904, 14715],[15974, 14687],[16009, 14668],[16019, 14663],[16052, 14648],[16068, 14638],[16088, 14628],[16096, 14624],[16148, 14603],[16175, 14588],[16212, 14562],[16260, 14529],[16277, 14519],[16301, 14506],[16324, 14490],[16385, 14437],[16409, 14417],[16455, 14372],[16468, 14361],[16487, 14345],[16515, 14318],[16529, 14305],[16539, 14298],[16548, 14291],[16556, 14285],[16590, 14261],[16620, 14240],[16642, 14221],[16671, 14198],[16688, 14184],[16720, 14154],[16733, 14142],[16765, 14106],[16773, 14094],[16786, 14065],[16801, 14019],[16811, 13977],[16826, 13935],[16849, 13897],[16854, 13891],[16869, 13874],[16921, 13822],[16942, 13795],[16955, 13780],[16983, 13755],[17014, 13736],[17048, 13722],[17084, 13715],[17121, 13714],[17158, 13721],[17192, 13734],[17233, 13753],[17243, 13758],[17297, 13788],[17313, 13798],[17331, 13811],[17349, 13821],[17428, 13860],[17464, 13874],[17522, 13898],[17570, 13916],[17615, 13930],[17646, 13935],[17678, 13939],[17691, 13940],[17786, 13939],[17812, 13936],[17844, 13931],[17874, 13928],[17930, 13927],[17995, 13920],[18026, 13913],[18076, 13898],[18097, 13892],[18145, 13883],[18181, 13874],[18209, 13865],[18254, 13844],[18283, 13827],[18326, 13798],[18355, 13771],[18358, 13768],[18369, 13751],[18400, 13686],[18407, 13665],[18413, 13623],[18414, 13609],[18412, 13583],[18403, 13543],[18398, 13524],[18392, 13502],[18379, 13465],[18361, 13428],[18328, 13357],[18304, 13323],[18297, 13312],[18279, 13283],[18241, 13230],[18220, 13193],[18207, 13152],[18203, 13110],[18208, 13067],[18222, 13027],[18267, 12930],[18279, 12903],[18287, 12877],[18292, 12857],[18300, 12822],[18307, 12798],[18312, 12786],[18326, 12733],[18336, 12702],[18344, 12682],[18347, 12673],[18368, 12637],[18396, 12606],[18442, 12565],[18482, 12531],[18499, 12513],[18521, 12487],[18535, 12471],[18552, 12454],[18566, 12439],[18580, 12424],[18593, 12413],[18600, 12406],[18611, 12392],[18633, 12370],[18654, 12352],[18660, 12346],[18678, 12322],[18690, 12303],[18708, 12264],[18717, 12229],[18719, 12205],[18719, 12127],[18723, 12088],[18734, 12050],[18753, 12015],[18778, 11985],[18808, 11960],[18843, 11941],[18880, 11930],[18919, 11926],[18958, 11930],[18996, 11941],[19031, 11960],[19095, 12002],[19114, 12017],[19138, 12037],[19167, 12056],[19177, 12063],[19185, 12069],[19216, 12090],[19261, 12118],[19304, 12147],[19354, 12175],[19386, 12194],[19437, 12223],[19449, 12230],[19482, 12251],[19515, 12278],[19541, 12311],[19560, 12348],[19571, 12389],[19580, 12445],[19581, 12456],[19583, 12473],[19586, 12508],[19590, 12538],[19600, 12571],[19618, 12615],[19625, 12625],[19664, 12668],[19673, 12678],[19690, 12700],[19703, 12713],[19712, 12721],[19725, 12732],[19744, 12748],[19770, 12776],[19790, 12808],[19803, 12843],[19810, 12880],[19810, 12918],[19803, 12955],[19789, 12990],[19778, 13011],[19767, 13041],[19748, 13093],[19729, 13160],[19724, 13181],[19722, 13191],[19720, 13239],[19725, 13292],[19725, 13327],[19718, 13362],[19712, 13387],[19707, 13414],[19697, 13451],[19681, 13484],[19658, 13515],[19619, 13558],[19609, 13572],[19587, 13619],[19575, 13648],[19566, 13678],[19562, 13696],[19555, 13727],[19553, 13755],[19554, 13879],[19561, 13924],[19562, 13934],[19575, 13978],[19586, 14005],[19613, 14065],[19630, 14105],[19646, 14135],[19662, 14162],[19672, 14179],[19711, 14262],[19717, 14274],[19728, 14302],[19740, 14327],[19745, 14339],[19749, 14349],[19777, 14417],[19807, 14483],[19813, 14500],[19820, 14519],[19850, 14593],[19866, 14634],[19891, 14681],[19905, 14700],[19921, 14716],[19932, 14726],[19956, 14741],[19977, 14756],[19981, 14760],[19992, 14770],[20023, 14800],[20050, 14832],[20069, 14869],[20080, 14909],[20083, 14951],[20077, 14993],[20064, 15045],[20062, 15068],[20063, 15130],[20069, 15169],[20075, 15186],[20095, 15230],[20120, 15266],[20132, 15281],[20144, 15294],[20171, 15320],[20184, 15333],[20200, 15350],[20209, 15360],[20225, 15377],[20241, 15398],[20250, 15410],[20269, 15431],[20287, 15447],[20319, 15466],[20341, 15474],[20379, 15480],[20393, 15481],[20414, 15479],[20450, 15470],[20475, 15459],[20479, 15456],[20480, 15456],[20480, 15455],[20480, 15424],[20527, 15424],[20541, 15414],[20543, 15412],[20543, 15411],[20544, 15406],[20544, 15232],[20836, 15232],[20842, 15231],[20860, 15226],[20863, 15224],[20864, 15223],[20864, 15168],[21046, 15168],[21055, 15167],[21056, 15165],[21056, 15104],[21117, 15104],[21120, 15102],[21120, 15040],[21184, 15040],[21184, 14976],[21312, 14976],[21312, 15039],[21327, 15040],[21504, 15040],[21504, 15165],[21505, 15167],[21514, 15168],[21654, 15168],[21665, 15165],[21714, 15142],[21729, 15132],[21750, 15114],[21760, 15104],[21760, 14976],[21824, 14976],[21824, 14912],[21888, 14912],[21888, 14976],[21952, 14976],[21952, 15040],[22016, 15040],[22016, 15076],[22062, 15100],[22069, 15103],[22080, 15104],[22208, 15104],[22208, 15125],[22246, 15127],[22258, 15128],[22306, 15134],[22322, 15137],[22435, 15140],[22451, 15141],[22491, 15145],[22528, 15145],[22528, 15104],[22642, 15104],[22655, 15103],[22656, 15101],[22656, 15040],[22717, 15040],[22719, 15039],[22720, 15030],[22720, 14912],[22767, 14912],[22772, 14897],[22776, 14880],[22779, 14862],[22783, 14834],[22784, 14832],[22784, 14784],[22800, 14784],[22801, 14779],[22819, 14743],[22839, 14711],[22853, 14693],[22869, 14671],[22875, 14662],[22877, 14659],[22889, 14646],[22908, 14626],[22934, 14591],[22940, 14580],[22964, 14538],[22969, 14529],[22976, 14519],[22984, 14507],[22990, 14498],[23022, 14456],[23041, 14431],[23048, 14422],[23077, 14389],[23086, 14376],[23097, 14352],[23106, 14316],[23108, 14296],[23108, 14294],[23101, 14255],[23091, 14227],[23088, 14221],[23079, 14207],[23053, 14179],[23019, 14159],[22997, 14151],[22967, 14146],[22916, 14148],[22881, 14147],[22876, 14146],[22827, 14139],[22815, 14137],[22805, 14135],[22777, 14132],[22762, 14129],[22715, 14121],[22701, 14118],[22672, 14110],[22651, 14105],[22601, 14093],[22577, 14086],[22540, 14072],[22506, 14051],[22478, 14024],[22455, 13991],[22439, 13955],[22428, 13923],[22415, 13894],[22406, 13880],[22390, 13862],[22348, 13822],[22314, 13803],[22307, 13800],[22271, 13781],[22240, 13755],[22215, 13724],[22196, 13688],[22185, 13650],[22182, 13609],[22187, 13570],[22200, 13531],[22235, 13453],[22265, 13384],[22295, 13306],[22310, 13275],[22344, 13218],[22354, 13200],[22359, 13192],[22399, 13120],[22423, 13081],[22452, 13037],[22463, 13017],[22464, 13002],[22464, 12864],[22526, 12864],[22527, 12862],[22528, 12854],[22528, 12759],[22528, 12672],[22548, 12672],[22550, 12668],[22558, 12652],[22568, 12624],[22574, 12586],[22575, 12578],[22573, 12556],[22562, 12512],[22556, 12487],[22554, 12476],[22549, 12454],[22540, 12416],[22528, 12416],[22528, 12349],[22522, 12267],[22521, 12254],[22520, 12177],[22516, 12145],[22511, 12126],[22503, 12103],[22500, 12097],[22500, 12096],[22464, 12096],[22464, 12037],[22462, 12033],[22454, 12032],[22336, 12032],[22336, 12096],[22208, 12096],[22208, 12160],[22170, 12160],[22236, 12198],[22309, 12222],[22320, 12224],[22320, 12256],[22322, 12282],[22329, 12373],[22338, 12435],[22353, 12496],[22357, 12515],[22361, 12536],[22368, 12561],[22371, 12576],[22371, 12578],[22340, 12661],[22327, 12748],[22326, 12796],[22319, 12806],[22288, 12871],[22269, 12942],[22267, 12952],[22256, 12969],[22224, 13022],[22182, 13096],[22178, 13104],[22169, 13119],[22137, 13173],[22108, 13234],[22079, 13308],[22051, 13372],[22017, 13449],[21993, 13520],[21982, 13594],[21985, 13669],[22002, 13742],[22033, 13810],[22075, 13872],[22129, 13925],[22191, 13966],[22236, 13991],[22239, 13994],[22242, 13998],[22248, 14017],[22280, 14090],[22326, 14155],[22384, 14210],[22451, 14252],[22525, 14280],[22554, 14288],[22604, 14300],[22623, 14304],[22650, 14312],[22678, 14318],[22725, 14327],[22755, 14331],[22774, 14333],[22775, 14333],[22799, 14337],[22847, 14344],[22854, 14345],[22830, 14377],[22817, 14395],[22809, 14407],[22800, 14420],[22790, 14438],[22773, 14467],[22750, 14501],[22744, 14507],[22721, 14534],[22719, 14537],[22706, 14553],[22691, 14574],[22678, 14591],[22639, 14654],[22621, 14690],[22586, 14800],[22581, 14828],[22580, 14830],[22550, 14888],[22540, 14920],[22531, 14922],[22484, 14942],[22471, 14941],[22440, 14939],[22339, 14936],[22330, 14935],[22282, 14929],[22258, 14927],[22250, 14927],[22198, 14912],[22139, 14904],[22116, 14903],[22101, 14894],[22032, 14863],[21959, 14846],[21884, 14843],[21810, 14853],[21739, 14878],[21674, 14915],[21617, 14963],[21616, 14964],[21612, 14966],[21608, 14966],[21575, 14933],[21508, 14888],[21434, 14857],[21355, 14841],[21315, 14837],[21315, 14838],[21289, 14834],[21213, 14838],[21139, 14856],[21070, 14887],[21009, 14931],[20964, 14970],[20963, 14971],[20917, 14977],[20849, 14998],[20788, 15030],[20733, 15031],[20659, 15040],[20588, 15062],[20523, 15097],[20465, 15143],[20416, 15199],[20384, 15255],[20381, 15252],[20350, 15217],[20345, 15212],[20334, 15200],[20308, 15173],[20287, 15154],[20287, 15153],[20264, 15118],[20263, 15112],[20263, 15077],[20272, 15042],[20284, 14959],[20278, 14876],[20255, 14795],[20216, 14720],[20163, 14656],[20132, 14626],[20110, 14606],[20106, 14603],[20064, 14572],[20059, 14569],[20048, 14548],[20036, 14519],[20008, 14448],[20002, 14432],[19989, 14400],[19961, 14338],[19935, 14274],[19931, 14264],[19921, 14240],[19912, 14221],[19903, 14199],[19892, 14175],[19853, 14092],[19834, 14058],[19821, 14035],[19811, 14017],[19796, 13984],[19771, 13927],[19765, 13912],[19758, 13888],[19755, 13864],[19754, 13763],[19754, 13755],[19758, 13739],[19759, 13731],[19765, 13715],[19771, 13699],[19780, 13680],[19788, 13669],[19799, 13658],[19848, 13596],[19883, 13525],[19905, 13449],[19908, 13430],[19912, 13415],[19925, 13346],[19925, 13275],[19921, 13234],[19922, 13216],[19923, 13212],[19939, 13154],[19955, 13110],[19961, 13093],[19968, 13081],[19995, 13011],[20010, 12937],[20010, 12862],[19996, 12788],[19969, 12718],[19929, 12654],[19878, 12599],[19852, 12576],[19844, 12570],[19840, 12566],[19827, 12550],[19813, 12534],[19791, 12509],[19787, 12495],[19785, 12484],[19783, 12456],[19781, 12437],[19778, 12414],[19769, 12358],[19748, 12277],[19710, 12202],[19657, 12136],[19591, 12083],[19558, 12062],[19535, 12047],[19486, 12020],[19453, 12001],[19409, 11976],[19372, 11951],[19327, 11922],[19301, 11905],[19296, 11901],[19276, 11887],[19258, 11876],[19244, 11864],[19206, 11835],[19142, 11792],[19073, 11756],[18999, 11733],[18922, 11725],[18845, 11732],[18771, 11754],[18702, 11790],[18641, 11838],[18591, 11897],[18553, 11964],[18528, 12038],[18519, 12115],[18516, 12202],[18514, 12207],[18511, 12210],[18502, 12218],[18458, 12263],[18452, 12270],[18446, 12275],[18417, 12304],[18407, 12315],[18394, 12328],[18365, 12360],[18349, 12380],[18344, 12385],[18311, 12413],[18262, 12457],[18206, 12519],[18164, 12591],[18161, 12600],[18145, 12641],[18132, 12681],[18121, 12725],[18119, 12727],[18105, 12777],[18097, 12811],[18094, 12824],[18091, 12833],[18084, 12848],[18040, 12941],[18012, 13022],[18002, 13107],[18010, 13193],[18036, 13274],[18079, 13348],[18112, 13393],[18124, 13414],[18168, 13488],[18173, 13500],[18203, 13572],[18204, 13576],[18208, 13590],[18212, 13610],[18211, 13614],[18198, 13642],[18176, 13658],[18161, 13666],[18135, 13678],[18127, 13681],[18103, 13686],[18058, 13696],[18015, 13706],[17975, 13719],[17964, 13722],[17918, 13727],[17871, 13727],[17810, 13733],[17784, 13737],[17774, 13738],[17696, 13739],[17674, 13736],[17661, 13734],[17636, 13726],[17595, 13711],[17539, 13688],[17511, 13677],[17444, 13644],[17439, 13641],[17426, 13632],[17394, 13613],[17340, 13583],[17321, 13573],[17280, 13553],[17210, 13527],[17138, 13514],[17064, 13515],[16991, 13529],[16922, 13557],[16860, 13596],[16806, 13647],[16787, 13668],[16772, 13687],[16726, 13733],[16697, 13766],[16692, 13772],[16645, 13848],[16615, 13933],[16608, 13965],[16600, 13990],[16596, 13995],[16595, 13996],[16580, 14010],[16556, 14033],[16545, 14042],[16512, 14068],[16499, 14080],[16477, 14095],[16438, 14123],[16433, 14127],[16414, 14141],[16405, 14148],[16376, 14173],[16354, 14194],[16340, 14206],[16314, 14229],[16275, 14267],[16254, 14285],[16200, 14331],[16195, 14335],[16182, 14342],[16147, 14364],[16096, 14399],[16070, 14417],[16062, 14421],[16020, 14439],[16005, 14445],[15966, 14466],[15958, 14470],[15934, 14481],[15914, 14491],[15889, 14505],[15833, 14528],[15824, 14531],[15799, 14538],[15771, 14548],[15723, 14562],[15674, 14577],[15655, 14584],[15569, 14624],[15530, 14649],[15495, 14667],[15481, 14673],[15414, 14700],[15396, 14705],[15369, 14714],[15344, 14721],[15298, 14733],[15268, 14743],[15244, 14752],[15225, 14758],[15204, 14763],[15178, 14770],[15123, 14787],[15120, 14788],[15089, 14798],[15055, 14810],[15045, 14813],[15002, 14828],[14991, 14832],[14974, 14838],[14960, 14841],[14949, 14842],[14937, 14843],[14901, 14846],[14879, 14849],[14873, 14849],[14841, 14852],[14828, 14853],[14647, 14854],[14636, 14854],[14609, 14853],[14428, 14854],[14379, 14858],[14356, 14861],[14346, 14861],[14323, 14863],[14297, 14866],[14247, 14866],[14233, 14864],[14210, 14861],[14181, 14859],[14158, 14854],[14133, 14850],[14082, 14843],[14076, 14841],[14028, 14833],[13987, 14828],[13953, 14821],[13903, 14808],[13881, 14800],[13834, 14785],[13794, 14768],[13746, 14749],[13719, 14740],[13686, 14729],[13648, 14717],[13617, 14706],[13559, 14687],[13512, 14668],[13502, 14663],[13484, 14653],[13471, 14645],[13458, 14632],[13448, 14619],[13398, 14568],[13341, 14527],[13285, 14494],[13258, 14474],[13255, 14471],[13236, 14445],[13184, 14387],[13122, 14340],[13105, 14330],[13091, 14308],[13062, 14269],[13039, 14242],[13022, 14221],[13019, 14218],[13013, 14212],[12986, 14171],[12977, 14155],[12934, 14096],[12881, 14046],[12860, 14029],[12853, 14022],[12842, 14009],[12834, 13997],[12830, 13989],[12796, 13930],[12752, 13878],[12736, 13862],[12712, 13840],[12695, 13826],[12667, 13805],[12666, 13804],[12658, 13793],[12648, 13776],[12620, 13736],[12568, 13668],[12554, 13651],[12543, 13638],[12489, 13586],[12465, 13567],[12457, 13559],[12411, 13522],[12401, 13516],[12379, 13499],[12362, 13486],[12347, 13460],[12343, 13452],[12340, 13445],[12324, 13410],[12301, 13365],[12270, 13311],[12252, 13267],[12240, 13240],[12239, 13238],[12192, 13165],[12132, 13104],[12059, 13058],[12053, 13055],[11991, 13030],[11925, 13016],[11858, 13013],[11855, 13013],[11833, 13008],[11812, 13004],[11809, 12999],[11801, 12983],[11772, 12930],[11736, 12882],[11714, 12858],[11704, 12843],[11687, 12812],[11683, 12803],[11645, 12733],[11593, 12672],[11531, 12622],[11460, 12586],[11383, 12564],[11303, 12558],[11224, 12568],[11148, 12594],[11079, 12634],[11054, 12652],[11028, 12666],[10985, 12690],[10941, 12718],[10909, 12740],[10887, 12756],[10870, 12770],[10829, 12806],[10819, 12817],[10803, 12835],[10780, 12862],[10759, 12879],[10753, 12883],[10752, 12884],[10738, 12891],[10704, 12905],[10698, 12905],[10550, 12906],[10533, 12905],[10507, 12901],[10481, 12896],[10443, 12890],[10413, 12886],[10347, 12878],[10281, 12870],[10275, 12870],[10269, 12864],[10216, 12819],[10167, 12783],[10104, 12746],[10074, 12732],[10056, 12723],[10047, 12717],[10028, 12706],[9978, 12678],[9947, 12662],[9929, 12654],[9910, 12621],[9901, 12599],[9887, 12568],[9856, 12511],[9836, 12482],[9824, 12461],[9815, 12440],[9801, 12405],[9775, 12341],[9743, 12265],[9689, 12146],[9675, 12117],[9656, 12082],[9651, 12072],[9641, 12047],[9640, 12045],[9639, 12035],[9638, 12027],[9636, 11988],[9633, 11964],[9624, 11898],[9609, 11834],[9584, 11773],[9567, 11739],[9518, 11664],[9507, 11651],[9498, 11639],[9475, 11609],[9441, 11570],[9427, 11554],[9415, 11541],[9395, 11522],[9394, 11521],[9367, 11498],[9357, 11491],[9346, 11481],[9312, 11453],[9299, 11444],[9275, 11424],[9234, 11394],[9228, 11391],[9204, 11376],[9190, 11369],[9166, 11357],[9157, 11353],[9133, 11338],[9124, 11330],[9108, 11310],[9102, 11302],[9094, 11290],[9070, 11255],[9056, 11236],[9035, 11210],[9023, 11191],[8965, 11123],[8894, 11069],[8869, 11054],[8860, 11043],[8848, 11030],[8841, 11019],[8841, 11016],[8842, 11013],[8847, 11010],[8857, 11005],[8896, 10992],[8907, 10988],[8942, 10982],[9008, 10965],[9028, 10958],[9033, 10957],[9056, 10957],[9062, 10958],[9063, 10959],[9065, 10960],[9082, 10972],[9096, 10998],[9110, 11024],[9113, 11034],[9119, 11050],[9129, 11078],[9134, 11090],[9172, 11163],[9225, 11226],[9290, 11277],[9363, 11314],[9443, 11335],[9460, 11338],[9512, 11345],[9592, 11348],[9607, 11347],[9675, 11347],[9682, 11348],[9697, 11350],[9732, 11356],[9775, 11362],[9815, 11365],[9848, 11365],[9863, 11368],[9885, 11371],[9924, 11380],[9933, 11384],[9974, 11398],[10018, 11411],[10069, 11422],[10079, 11424],[10107, 11430],[10116, 11432],[10151, 11439],[10193, 11446],[10226, 11451],[10253, 11454],[10293, 11457],[10336, 11463],[10407, 11470],[10489, 11471],[10569, 11455],[10644, 11423],[10711, 11376],[10719, 11369],[10728, 11364],[10747, 11361],[10761, 11359],[10776, 11361],[10806, 11364],[10844, 11366],[10865, 11371],[10931, 11382],[10952, 11383],[10966, 11387],[10970, 11388],[11023, 11414],[11032, 11419],[11050, 11434],[11061, 11443],[11087, 11466],[11107, 11483],[11175, 11528],[11250, 11558],[11330, 11573],[11411, 11572],[11490, 11554],[11564, 11521],[11630, 11473],[11684, 11414],[11726, 11344],[11753, 11268],[11767, 11211],[11788, 11143],[11791, 11136],[11795, 11122],[11801, 11098],[11815, 11038],[11821, 11020],[11839, 10982],[11860, 10944],[11888, 10880],[11905, 10813],[11911, 10743],[11910, 10678],[11908, 10639],[11905, 10616],[11907, 10478],[11910, 10449],[11912, 10420],[11914, 10402],[11920, 10355],[11921, 10343],[11925, 10325],[11933, 10279],[11936, 10253],[11944, 10177],[11947, 10137],[11948, 10015],[11950, 9993],[11952, 9937],[11952, 9935],[11950, 9906],[11944, 9853],[11935, 9798],[11932, 9789],[11926, 9767],[11922, 9756],[11919, 9744],[11914, 9722],[11898, 9664],[11897, 9658],[11887, 9590],[11883, 9563],[11877, 9529],[11873, 9491],[11868, 9461],[11856, 9389],[11851, 9313],[11852, 9305],[11852, 9301],[11859, 9262],[11862, 9253],[11871, 9219],[11882, 9171],[11890, 9129],[11894, 9106],[11896, 9095],[11907, 9062],[11910, 9055],[11919, 9027],[11935, 8973],[11950, 8894],[11949, 8813],[11945, 8776],[11939, 8741],[11936, 8724],[11933, 8695],[11929, 8659],[11929, 8637],[11930, 8624],[11936, 8587],[11938, 8581],[11952, 8548],[11956, 8539],[11983, 8466],[11995, 8389],[11991, 8311],[11973, 8235],[11952, 8174],[11946, 8147],[11935, 8086],[11926, 8049],[11917, 8017],[11901, 7973],[11896, 7960],[11893, 7951],[11869, 7897],[11897, 7822],[11910, 7740],[11912, 7703],[11919, 7675],[11926, 7644],[11930, 7620],[11937, 7584],[11950, 7538],[11951, 7534],[11969, 7475],[11983, 7447],[12011, 7380],[12012, 7378],[12018, 7371],[12038, 7347],[12056, 7322],[12080, 7296],[12125, 7252],[12163, 7201],[12165, 7197],[12197, 7135],[12213, 7097],[12250, 7022],[12251, 7019],[12253, 7017],[12279, 6986],[12355, 6911],[12361, 6906],[12397, 6883],[12459, 6842],[12509, 6807],[12563, 6762],[12592, 6733],[12614, 6709],[12625, 6696],[12644, 6671],[12652, 6664],[12655, 6662],[12698, 6627],[12714, 6612],[12729, 6600],[12761, 6573],[12769, 6566],[12800, 6537],[12813, 6524],[12825, 6514],[12851, 6491],[12901, 6441],[12914, 6431],[12931, 6416],[12933, 6414],[12945, 6405],[12956, 6399],[12997, 6384],[13024, 6374],[13088, 6341],[13146, 6298],[13209, 6240],[13245, 6210],[13261, 6196],[13300, 6175],[13327, 6160],[13354, 6143],[13413, 6109],[13419, 6106],[13434, 6102],[13499, 6079],[13559, 6045],[13610, 6010],[13630, 5998],[13677, 5976],[13693, 5968],[13733, 5958],[13806, 5936],[13833, 5928],[13896, 5904],[13901, 5904],[14009, 5903],[14048, 5907],[14085, 5910],[14093, 5911],[14114, 5914],[14131, 5916],[14158, 5921],[14209, 5933],[14292, 5970],[14321, 5982],[14397, 6010],[14409, 6015],[14449, 6028],[14491, 6040],[14503, 6044],[14530, 6053],[14591, 6068],[14616, 6077],[14694, 6101],[14759, 6120],[14783, 6129],[14834, 6149],[14858, 6160],[14956, 6207],[14966, 6213],[14989, 6225],[14996, 6229],[15018, 6239],[15032, 6245],[15051, 6255],[15073, 6266],[15111, 6282],[15123, 6289],[15161, 6311],[15162, 6311],[15175, 6321],[15196, 6334],[15233, 6356],[15263, 6373],[15272, 6379],[15284, 6390],[15306, 6410],[15319, 6420],[15335, 6435],[15352, 6451],[15372, 6468],[15377, 6474],[15397, 6501],[15419, 6560],[15424, 6574],[15430, 6608],[15436, 6643],[15437, 6649],[15437, 6650],[15436, 6658],[15433, 6666],[15415, 6737],[15411, 6810],[15420, 6883],[15442, 6953],[15476, 7018],[15522, 7075],[15577, 7123],[15617, 7152],[15683, 7191],[15756, 7216],[15825, 7226],[15829, 7227],[15842, 7238],[15882, 7271],[15898, 7282],[15946, 7312],[15988, 7336],[16043, 7362],[16046, 7364],[16054, 7370],[16083, 7392],[16148, 7433],[16220, 7461],[16296, 7475],[16374, 7474],[16449, 7458],[16520, 7428],[16578, 7389],[16579, 7391],[16627, 7439],[16644, 7460],[16660, 7478],[16670, 7489],[16683, 7505],[16709, 7534],[16712, 7537],[16755, 7574],[16763, 7580],[16787, 7597],[16827, 7622],[16880, 7654],[16899, 7665],[16899, 7690],[16893, 7719],[16889, 7732],[16883, 7748],[16874, 7772],[16859, 7822],[16847, 7871],[16836, 7927],[16819, 7995],[16807, 8031],[16796, 8075],[16790, 8101],[16782, 8178],[16789, 8255],[16810, 8330],[16845, 8398],[16883, 8458],[16915, 8523],[16927, 8551],[16949, 8608],[16964, 8642],[16964, 8647],[16964, 8652],[16961, 8670],[16954, 8716],[16952, 8727],[16942, 8761],[16922, 8815],[16896, 8872],[16886, 8887],[16869, 8912],[16853, 8936],[16839, 8961],[16823, 8983],[16799, 9019],[16775, 9055],[16767, 9065],[16737, 9114],[16731, 9125],[16716, 9150],[16683, 9217],[16664, 9289],[16656, 9332],[16650, 9407],[16659, 9482],[16681, 9554],[16716, 9620],[16763, 9679],[16820, 9728],[16885, 9766],[16956, 9791],[17030, 9802],[17105, 9799],[17179, 9782],[17220, 9768],[17295, 9734],[17361, 9686],[17410, 9632],[17485, 9642],[17566, 9636],[17645, 9614],[17717, 9576],[17780, 9525],[17793, 9512],[17806, 9498],[17843, 9451],[17873, 9398],[17876, 9391],[17904, 9311],[17922, 9234],[17927, 9205],[17932, 9172],[17943, 9137],[17948, 9124],[17952, 9116],[17958, 9108],[17962, 9104],[18007, 9081],[18015, 9079],[18045, 9078],[18110, 9072],[18202, 9053],[18287, 9014],[18303, 9004],[18325, 8989],[18358, 8965],[18367, 8957],[18411, 8915],[18448, 8866],[18466, 8838],[18469, 8835],[18476, 8827],[18512, 8787],[18517, 8782],[18532, 8772],[18627, 8708],[18660, 8686],[18717, 8640],[18765, 8584],[18797, 8538],[18820, 8515],[18834, 8505],[18838, 8502],[18854, 8493],[18904, 8469],[18930, 8460],[18939, 8458],[19005, 8447],[19039, 8442],[19111, 8426],[19115, 8425],[19170, 8401],[19208, 8382],[19251, 8365],[19258, 8363],[19273, 8360],[19276, 8360],[19301, 8359],[19336, 8355],[19439, 8357],[19466, 8362],[19467, 8362],[19475, 8366],[19490, 8375],[19546, 8415],[19566, 8429],[19618, 8462],[19676, 8493],[19729, 8516],[19743, 8524],[19751, 8529],[19798, 8557],[19848, 8582],[19878, 8595],[19898, 8603],[19991, 8628],[20028, 8633],[20058, 8639],[20147, 8646],[20235, 8634],[20318, 8602],[20345, 8588],[20347, 8588],[20369, 8582],[20379, 8580],[20421, 8574],[20451, 8571],[20463, 8570],[20499, 8567],[20515, 8565],[20546, 8565],[20607, 8559],[20666, 8544],[20686, 8537],[20695, 8535],[20718, 8528],[20738, 8521],[20752, 8518],[20763, 8517],[20775, 8516],[20801, 8514],[20857, 8509],[20929, 8494],[20998, 8467],[21060, 8427],[21114, 8376],[21158, 8317],[21191, 8250],[21192, 8246],[21199, 8225],[21214, 8176],[21231, 8088],[21229, 8024],[21234, 8024],[21267, 8019],[21300, 8014],[21329, 8010],[21390, 7995],[21448, 7970],[21459, 7964],[21488, 7980],[21543, 8018],[21614, 8050],[21689, 8067],[21694, 8067],[21721, 8070],[21731, 8071],[21742, 8074],[21789, 8081],[21814, 8083],[21837, 8085],[21843, 8085],[21845, 8086],[21872, 8092],[21878, 8120],[21880, 8132],[21884, 8154],[21895, 8224],[21901, 8258],[21903, 8264],[21934, 8350],[21948, 8377],[21965, 8407],[21989, 8448],[22037, 8510],[22096, 8562],[22119, 8579],[22123, 8583],[22138, 8599],[22139, 8602],[22142, 8612],[22142, 8614],[22142, 8715],[22142, 8717],[22135, 8756],[22128, 8804],[22127, 8820],[22121, 8839],[22115, 8862],[22106, 8888],[22098, 8908],[22089, 8929],[22084, 8936],[22074, 8953],[22058, 8975],[22040, 9001],[22026, 9023],[22025, 9025],[22011, 9040],[21985, 9069],[21945, 9127],[21915, 9191],[21897, 9258],[21890, 9328],[21890, 9444],[21891, 9475],[21893, 9490],[21898, 9530],[21905, 9572],[21905, 9596],[21907, 9626],[21911, 9666],[21914, 9688],[21855, 9704],[21786, 9737],[21724, 9783],[21673, 9840],[21633, 9906],[21618, 9936],[21613, 9945],[21610, 9951],[21604, 9962],[21566, 10016],[21555, 10033],[21552, 10038],[21542, 10052],[21532, 10063],[21513, 10080],[21487, 10105],[21469, 10124],[21432, 10170],[21404, 10209],[21371, 10257],[21337, 10311],[21302, 10377],[21286, 10418],[21285, 10419],[21261, 10475],[21258, 10482],[21247, 10508],[21236, 10541],[21226, 10570],[21214, 10603],[21199, 10649],[21197, 10657],[21191, 10688],[21186, 10719],[21181, 10748],[21180, 10758],[21177, 10836],[21189, 10913],[21215, 10987],[21256, 11053],[21309, 11111],[21371, 11157],[21442, 11191],[21518, 11210],[21595, 11214],[21673, 11203],[21746, 11177],[21814, 11137],[21872, 11085],[21896, 11095],[21910, 11101],[21913, 11102],[21926, 11120],[21930, 11126],[21937, 11139],[21940, 11147],[21941, 11153],[21944, 11166],[21953, 11229],[21961, 11268],[21963, 11296],[21969, 11347],[21972, 11371],[21983, 11431],[21988, 11461],[21992, 11495],[21993, 11509],[21998, 11549],[22002, 11571],[22003, 11588],[22005, 11588],[22010, 11638],[22015, 11663],[22019, 11687],[22020, 11694],[22013, 11720],[22006, 11754],[21999, 11831],[22006, 11907],[22024, 11968],[22080, 11968],[22080, 11904],[22144, 11904],[22144, 11776],[22206, 11776],[22208, 11767],[22208, 11712],[22224, 11712],[22222, 11688],[22220, 11675],[22216, 11653],[22212, 11628],[22207, 11599],[22204, 11574],[22203, 11575],[22202, 11546],[22196, 11513],[22193, 11493],[22191, 11476],[22187, 11433],[22181, 11397],[22170, 11336],[22168, 11324],[22162, 11273],[22160, 11242],[22152, 11198],[22142, 11133],[22138, 11112],[22133, 11089],[22121, 11057],[22101, 11021],[22093, 11008],[22080, 11008],[22080, 10991],[22065, 10971],[22049, 10954],[22033, 10940],[21998, 10920],[21973, 10910],[21930, 10892],[21904, 10883],[21861, 10876],[21859, 10876],[21839, 10878],[21803, 10887],[21779, 10898],[21768, 10905],[21740, 10931],[21732, 10941],[21704, 10969],[21670, 10991],[21633, 11006],[21594, 11013],[21554, 11012],[21515, 11004],[21479, 10988],[21446, 10965],[21419, 10936],[21397, 10902],[21383, 10865],[21377, 10826],[21378, 10786],[21379, 10779],[21384, 10750],[21389, 10721],[21392, 10705],[21394, 10698],[21401, 10675],[21416, 10636],[21427, 10602],[21433, 10585],[21446, 10554],[21450, 10540],[21463, 10513],[21468, 10502],[21488, 10452],[21505, 10419],[21537, 10370],[21568, 10324],[21568, 10304],[21582, 10304],[21596, 10285],[21614, 10262],[21632, 10244],[21632, 10240],[21636, 10240],[21647, 10230],[21675, 10204],[21700, 10176],[21714, 10157],[21718, 10151],[21726, 10139],[21731, 10130],[21773, 10070],[21786, 10048],[21791, 10038],[21797, 10027],[21813, 9993],[21833, 9960],[21859, 9932],[21890, 9909],[21925, 9892],[21962, 9882],[21998, 9876],[22024, 9866],[22042, 9855],[22058, 9841],[22068, 9831],[22084, 9809],[22100, 9782],[22111, 9754],[22116, 9723],[22116, 9699],[22114, 9673],[22110, 9639],[22107, 9608],[22106, 9594],[22106, 9560],[22104, 9547],[22095, 9495],[22093, 9475],[22092, 9460],[22091, 9444],[22091, 9328],[22094, 9293],[22103, 9259],[22118, 9228],[22138, 9199],[22157, 9177],[22178, 9155],[22191, 9138],[22210, 9108],[22219, 9094],[22241, 9065],[22257, 9038],[22268, 9020],[22283, 8986],[22294, 8959],[22306, 8922],[22315, 8893],[22322, 8870],[22326, 8849],[22328, 8818],[22332, 8793],[22339, 8755],[22341, 8746],[22343, 8723],[22342, 8604],[22340, 8583],[22333, 8547],[22328, 8530],[22311, 8497],[22305, 8486],[22292, 8470],[22267, 8444],[22258, 8434],[22249, 8426],[22213, 8400],[22184, 8374],[22160, 8343],[22136, 8302],[22127, 8287],[22114, 8260],[22098, 8217],[22096, 8211],[22093, 8194],[22082, 8121],[22077, 8095],[22073, 8075],[22067, 8032],[22064, 8022],[22057, 8000],[22042, 7968],[22033, 7956],[22009, 7934],[21986, 7919],[21983, 7918],[21958, 7908],[21937, 7901],[21924, 7897],[21914, 7896],[21897, 7892],[21881, 7888],[21869, 7886],[21850, 7885],[21832, 7883],[21807, 7881],[21783, 7877],[21761, 7873],[21740, 7871],[21717, 7868],[21714, 7868],[21677, 7859],[21641, 7843],[21609, 7821],[21593, 7808],[21572, 7794],[21553, 7786],[21543, 7781],[21510, 7769],[21492, 7763],[21455, 7757],[21450, 7757],[21435, 7758],[21407, 7765],[21378, 7778],[21376, 7780],[21338, 7800],[21297, 7812],[21267, 7816],[21242, 7820],[21209, 7824],[21189, 7826],[21167, 7826],[21139, 7830],[21122, 7833],[21090, 7846],[21076, 7855],[21052, 7877],[21043, 7889],[21031, 7915],[21024, 7943],[21023, 7959],[21023, 7985],[21030, 8028],[21031, 8073],[21023, 8116],[21008, 8165],[21004, 8176],[21003, 8180],[20987, 8213],[20965, 8243],[20938, 8268],[20906, 8288],[20872, 8302],[20836, 8309],[20780, 8315],[20767, 8316],[20747, 8317],[20718, 8320],[20685, 8328],[20656, 8337],[20645, 8340],[20629, 8344],[20602, 8354],[20572, 8361],[20542, 8364],[20500, 8365],[20473, 8368],[20455, 8370],[20435, 8371],[20396, 8375],[20348, 8382],[20326, 8386],[20282, 8397],[20260, 8406],[20226, 8424],[20185, 8440],[20141, 8446],[20096, 8442],[20061, 8435],[20019, 8429],[19972, 8417],[19953, 8409],[19938, 8402],[19888, 8377],[19864, 8363],[19847, 8352],[19816, 8335],[19755, 8309],[19727, 8294],[19675, 8260],[19661, 8250],[19653, 8244],[19632, 8228],[19606, 8211],[19570, 8189],[19540, 8175],[19516, 8167],[19473, 8159],[19433, 8154],[19312, 8155],[19286, 8158],[19268, 8160],[19253, 8160],[19210, 8167],[19183, 8177],[19126, 8199],[19079, 8223],[19052, 8234],[19048, 8235],[19012, 8244],[18975, 8249],[18898, 8262],[18875, 8267],[18829, 8282],[18760, 8315],[18731, 8332],[18717, 8341],[18694, 8359],[18682, 8369],[18640, 8412],[18618, 8441],[18609, 8456],[18582, 8491],[18548, 8519],[18508, 8546],[18460, 8575],[18422, 8603],[18393, 8625],[18372, 8643],[18326, 8693],[18318, 8702],[18304, 8720],[18279, 8757],[18261, 8782],[18239, 8803],[18230, 8810],[18213, 8822],[18191, 8837],[18182, 8843],[18139, 8863],[18093, 8872],[18028, 8878],[17994, 8879],[17955, 8886],[17928, 8896],[17856, 8933],[17841, 8944],[17820, 8961],[17790, 8995],[17781, 9009],[17764, 9044],[17753, 9072],[17736, 9127],[17729, 9175],[17726, 9189],[17708, 9266],[17695, 9306],[17692, 9312],[17677, 9339],[17658, 9363],[17651, 9370],[17638, 9383],[17607, 9408],[17571, 9427],[17531, 9438],[17491, 9441],[17450, 9436],[17412, 9427],[17390, 9425],[17388, 9425],[17349, 9432],[17327, 9440],[17297, 9457],[17277, 9476],[17255, 9506],[17227, 9537],[17194, 9561],[17157, 9577],[17115, 9591],[17078, 9600],[17041, 9601],[17004, 9596],[16968, 9583],[16936, 9565],[16907, 9540],[16884, 9511],[16866, 9477],[16855, 9442],[16851, 9404],[16854, 9367],[16861, 9324],[16871, 9288],[16887, 9254],[16905, 9224],[16914, 9208],[16929, 9184],[16940, 9169],[16967, 9129],[16987, 9099],[17008, 9070],[17026, 9038],[17034, 9026],[17053, 8998],[17073, 8968],[17109, 8887],[17123, 8854],[17130, 8831],[17146, 8779],[17152, 8754],[17160, 8698],[17163, 8677],[17166, 8647],[17165, 8633],[17159, 8592],[17153, 8574],[17134, 8530],[17114, 8478],[17098, 8439],[17058, 8359],[17014, 8291],[16997, 8256],[16986, 8219],[16983, 8180],[16987, 8142],[16992, 8115],[16998, 8094],[17012, 8051],[17033, 7970],[17044, 7907],[17050, 7882],[17066, 7832],[17070, 7821],[17078, 7799],[17088, 7769],[17097, 7722],[17099, 7710],[17101, 7643],[17099, 7622],[17090, 7586],[17079, 7562],[17070, 7548],[17055, 7531],[17028, 7506],[17013, 7497],[16992, 7487],[16975, 7478],[16935, 7453],[16896, 7428],[16884, 7420],[16875, 7414],[16854, 7395],[16851, 7392],[16838, 7377],[16821, 7357],[16806, 7341],[16797, 7330],[16787, 7318],[16776, 7304],[16746, 7271],[16736, 7263],[16718, 7246],[16687, 7213],[16683, 7209],[16667, 7199],[16643, 7188],[16607, 7179],[16584, 7177],[16570, 7177],[16553, 7179],[16542, 7181],[16524, 7186],[16492, 7201],[16488, 7204],[16456, 7230],[16424, 7251],[16389, 7266],[16351, 7274],[16313, 7275],[16275, 7268],[16239, 7254],[16206, 7234],[16176, 7210],[16158, 7197],[16137, 7185],[16075, 7155],[16054, 7143],[16006, 7113],[15998, 7107],[15978, 7091],[15940, 7056],[15929, 7049],[15905, 7038],[15870, 7029],[15836, 7026],[15800, 7020],[15766, 7008],[15734, 6989],[15695, 6961],[15667, 6937],[15644, 6908],[15627, 6875],[15616, 6840],[15611, 6804],[15614, 6767],[15622, 6732],[15631, 6708],[15637, 6669],[15638, 6643],[15636, 6615],[15627, 6574],[15619, 6524],[15608, 6493],[15580, 6416],[15569, 6395],[15558, 6378],[15541, 6358],[15519, 6331],[15513, 6325],[15482, 6298],[15473, 6290],[15451, 6269],[15432, 6254],[15414, 6237],[15412, 6236],[15392, 6218],[15368, 6203],[15336, 6184],[15298, 6161],[15288, 6155],[15271, 6143],[15263, 6138],[15223, 6115],[15203, 6103],[15154, 6082],[15143, 6077],[15117, 6063],[15096, 6054],[15086, 6049],[15079, 6046],[15067, 6040],[15051, 6030],[14944, 5978],[14912, 5964],[14854, 5942],[14823, 5930],[14753, 5909],[14675, 5885],[14649, 5876],[14582, 5859],[14568, 5854],[14551, 5849],[14504, 5835],[14483, 5828],[14468, 5822],[14390, 5794],[14375, 5788],[14283, 5746],[14267, 5740],[14198, 5725],[14160, 5718],[14137, 5715],[14127, 5714],[14110, 5711],[14065, 5707],[14019, 5702],[13887, 5703],[13855, 5707],[13839, 5712],[13763, 5739],[13750, 5744],[13677, 5765],[13626, 5779],[13592, 5794],[13537, 5820],[13500, 5842],[13470, 5860],[13459, 5869],[13423, 5893],[13383, 5908],[13359, 5915],[13325, 5927],[13270, 5957],[13266, 5960],[13253, 5969],[13219, 5990],[13206, 5998],[13156, 6025],[13139, 6036],[13115, 6056],[13076, 6089],[13010, 6149],[12982, 6171],[12950, 6187],[12929, 6195],[12871, 6216],[12834, 6238],[12804, 6260],[12795, 6269],[12786, 6276],[12767, 6292],[12710, 6348],[12697, 6359],[12677, 6376],[12656, 6398],[12640, 6412],[12632, 6420],[12600, 6446],[12584, 6460],[12561, 6480],[12540, 6498],[12525, 6508],[12497, 6534],[12467, 6571],[12461, 6579],[12450, 6591],[12421, 6620],[12394, 6642],[12344, 6678],[12289, 6714],[12244, 6743],[12221, 6761],[12132, 6849],[12096, 6892],[12087, 6903],[12076, 6920],[12073, 6927],[12030, 7015],[12012, 7059],[11996, 7090],[11993, 7094],[11974, 7120],[11951, 7142],[11940, 7151],[11901, 7195],[11877, 7226],[11868, 7238],[11855, 7253],[11839, 7275],[11830, 7292],[11797, 7369],[11782, 7403],[11760, 7476],[11758, 7480],[11742, 7537],[11733, 7583],[11728, 7611],[11725, 7626],[11713, 7673],[11710, 7730],[11703, 7771],[11688, 7810],[11674, 7837],[11667, 7858],[11664, 7873],[11663, 7883],[11662, 7901],[11663, 7911],[11666, 7926],[11671, 7947],[11681, 7968],[11686, 7978],[11703, 8014],[11708, 8030],[11716, 8051],[11724, 8073],[11733, 8104],[11738, 8123],[11749, 8185],[11758, 8227],[11783, 8300],[11793, 8338],[11794, 8378],[11788, 8416],[11775, 8453],[11769, 8466],[11750, 8511],[11741, 8538],[11731, 8598],[11728, 8630],[11728, 8670],[11733, 8716],[11737, 8755],[11743, 8780],[11746, 8799],[11750, 8836],[11750, 8877],[11743, 8916],[11727, 8970],[11722, 8984],[11717, 8996],[11703, 9042],[11697, 9066],[11693, 9092],[11685, 9134],[11676, 9174],[11671, 9191],[11663, 9214],[11654, 9268],[11652, 9283],[11650, 9315],[11657, 9412],[11671, 9495],[11673, 9515],[11678, 9558],[11685, 9597],[11689, 9620],[11699, 9690],[11702, 9707],[11720, 9773],[11723, 9786],[11724, 9790],[11729, 9812],[11735, 9829],[11738, 9841],[11740, 9847],[11745, 9874],[11750, 9927],[11751, 9941],[11752, 9944],[11750, 9972],[11747, 10004],[11746, 10136],[11745, 10156],[11737, 10232],[11735, 10245],[11727, 10290],[11723, 10315],[11721, 10331],[11715, 10377],[11712, 10398],[11710, 10439],[11709, 10451],[11704, 10492],[11704, 10624],[11708, 10661],[11709, 10681],[11710, 10746],[11707, 10781],[11699, 10814],[11684, 10846],[11659, 10891],[11635, 10945],[11622, 10982],[11606, 11053],[11602, 11065],[11600, 11072],[11597, 11081],[11573, 11157],[11558, 11220],[11545, 11259],[11524, 11293],[11496, 11323],[11463, 11347],[11426, 11364],[11387, 11373],[11346, 11373],[11306, 11366],[11269, 11351],[11235, 11328],[11215, 11312],[11194, 11293],[11178, 11279],[11145, 11254],[11119, 11238],[11049, 11204],[11026, 11195],[10984, 11184],[10945, 11181],[10913, 11176],[10873, 11167],[10817, 11164],[10802, 11162],[10774, 11159],[10757, 11158],[10720, 11161],[10671, 11170],[10642, 11181],[10624, 11190],[10607, 11201],[10580, 11224],[10547, 11247],[10509, 11263],[10469, 11271],[10428, 11271],[10357, 11263],[10316, 11257],[10268, 11253],[10254, 11252],[10225, 11248],[10183, 11241],[10165, 11238],[10152, 11234],[10115, 11227],[10100, 11224],[10075, 11219],[10031, 11206],[10010, 11198],[9982, 11187],[9948, 11177],[9929, 11174],[9892, 11169],[9865, 11165],[9820, 11164],[9800, 11162],[9763, 11158],[9728, 11152],[9717, 11150],[9711, 11149],[9685, 11146],[9600, 11146],[9579, 11147],[9539, 11146],[9486, 11139],[9474, 11137],[9434, 11127],[9398, 11108],[9365, 11083],[9339, 11051],[9320, 11015],[9315, 11003],[9310, 10989],[9302, 10966],[9293, 10942],[9274, 10905],[9253, 10865],[9241, 10849],[9224, 10829],[9198, 10805],[9173, 10790],[9149, 10777],[9126, 10768],[9088, 10758],[9065, 10756],[9015, 10757],[8978, 10763],[8941, 10776],[8908, 10784],[8857, 10793],[8832, 10802],[8779, 10820],[8746, 10837],[8723, 10848],[8709, 10857],[8681, 10883],[8678, 10886],[8668, 10902],[8656, 10930],[8648, 10956],[8643, 10985],[8640, 11012]]]},"properties":{"objectType":"annotation","name":"B15XO_D1 Inner Rim 100 µm","color":[200, 100, 100],"classification":{"name":"Inner Rim","color":[5, 170, 172]}}},{"type":"Feature","id":"3689e041-ff48-4cac-af78-11d0c623d8f3","geometry":{"type":"Polygon","coordinates":[[[8841.32, 11016.37],[8841.44, 11019.27],[8847.72, 11029.59],[8859.55, 11043.28],[8868.75, 11054.32],[8894.2, 11069.37],[8965.26, 11122.86],[9022.79, 11190.69],[9035.47, 11209.53],[9056.18, 11236.04],[9070.18, 11255.1],[9094.06, 11290.02],[9101.7, 11301.85],[9108.26, 11309.9],[9124.3, 11329.77],[9132.62, 11338.38],[9157.42, 11352.81],[9166.37, 11356.91],[9190.49, 11368.94],[9203.64, 11376.06],[9228.31, 11390.58],[9234.05, 11394.24],[9275.15, 11424.27],[9299.13, 11444.25],[9311.55, 11453.19],[9346.1, 11481.07],[9356.62, 11490.57],[9366.87, 11498.41],[9394.14, 11521.26],[9395.34, 11522.36],[9414.57, 11541.19],[9427.12, 11554.34],[9441.15, 11569.84],[9474.76, 11608.95],[9497.93, 11638.62],[9506.73, 11651.04],[9517.6, 11664.1],[9566.94, 11738.98],[9584.08, 11772.66],[9609.12, 11833.92],[9623.75, 11898.46],[9632.99, 11963.82],[9635.63, 11987.55],[9638.41, 12027.04],[9638.69, 12035.05],[9640.18, 12045.09],[9640.64, 12046.59],[9651.38, 12071.54],[9655.8, 12081.88],[9674.86, 12116.59],[9689.35, 12145.72],[9742.94, 12265.38],[9774.62, 12340.5],[9800.56, 12405.11],[9815.38, 12439.53],[9824.47, 12461.12],[9835.7, 12481.62],[9855.54, 12511.47],[9886.94, 12568.14],[9900.84, 12598.94],[9910.39, 12620.92],[9929.19, 12654.33],[9946.99, 12662.38],[9978.48, 12678.32],[10028.08, 12706.23],[10047.22, 12717.45],[10056.44, 12723.16],[10073.73, 12732.33],[10103.9, 12746.49],[10166.89, 12783.42],[10216.15, 12818.68],[10268.91, 12863.83],[10274.65, 12869.67],[10274.7, 12869.71],[10281.37, 12869.8],[10347.27, 12878.43],[10347.27, 12878.4],[10413, 12886.42],[10443.05, 12889.77],[10480.66, 12895.55],[10506.94, 12900.69],[10533.22, 12904.85],[10550.29, 12906.25],[10698.08, 12905.41],[10702.72, 12904.84],[10703.82, 12904.6],[10738.08, 12890.86],[10752.06, 12884.09],[10753.23, 12883.35],[10758.9, 12878.74],[10779.67, 12861.98],[10803.12, 12834.59],[10819.2, 12816.91],[10829.49, 12806.25],[10869.89, 12769.72],[10887.13, 12756.14],[10909.34, 12739.85],[10940.69, 12718.47],[10984.98, 12690.38],[11027.66, 12665.89],[11053.52, 12652.42],[11078.88, 12634.12],[11148, 12594.05],[11223.68, 12568.46],[11302.93, 12558.38],[11382.61, 12564.19],[11459.55, 12585.67],[11530.72, 12621.96],[11593.29, 12671.64],[11644.78, 12732.72],[11683.15, 12802.79],[11687.04, 12811.95],[11704.44, 12842.68],[11714.21, 12857.68],[11736.07, 12882.31],[11772.48, 12930.11],[11801.34, 12982.81],[11808.67, 12998.97],[11812.14, 13003.81],[11832.79, 13008.01],[11855.14, 13012.58],[11856.44, 13012.69],[11857.63, 13012.64],[11924.93, 13015.62],[11990.78, 13029.81],[12053.32, 13054.81],[12059.15, 13057.73],[12131.51, 13104.29],[12192.28, 13165.19],[12238.67, 13237.66],[12240.02, 13240.37],[12251.96, 13266.67],[12270.11, 13310.82],[12301.02, 13365.36],[12324.2, 13409.78],[12340.25, 13445.2],[12343.02, 13452.17],[12346.77, 13460.39],[12361.54, 13485.8],[12379.46, 13499.4],[12401.44, 13515.98],[12410.89, 13522.49],[12456.9, 13559.47],[12464.62, 13566.68],[12489.04, 13586.16],[12542.87, 13638.02],[12554.45, 13651.47],[12567.79, 13667.82],[12620.39, 13735.85],[12647.51, 13775.65],[12657.74, 13792.79],[12666.31, 13804],[12667.38, 13804.95],[12694.79, 13826.06],[12711.73, 13839.85],[12735.78, 13862.02],[12751.56, 13877.8],[12795.62, 13930.09],[12830.15, 13989.09],[12833.92, 13997.01],[12841.84, 14008.73],[12853.15, 14022.1],[12860.21, 14028.99],[12881.19, 14045.69],[12933.92, 14096.13],[12976.64, 14155.29],[12986.22, 14171.47],[13013.4, 14211.64],[13019, 14218.44],[13021.63, 14221.28],[13039.35, 14241.61],[13061.94, 14268.72],[13091.11, 14308.45],[13104.85, 14329.8],[13121.71, 14340.05],[13184.22, 14387.02],[13236.45, 14445.21],[13255.38, 14470.97],[13258.05, 14473.72],[13285.11, 14494.3],[13340.9, 14527.18],[13398.47, 14568.35],[13447.92, 14618.99],[13458.49, 14631.93],[13470.63, 14644.5],[13471.41, 14645.16],[13483.6, 14652.88],[13501.53, 14663.3],[13511.73, 14668.29],[13558.71, 14687.03],[13617.24, 14706.36],[13648.43, 14716.68],[13685.93, 14729.12],[13719.11, 14739.56],[13746.42, 14749.25],[13794.18, 14768.22],[13834.28, 14784.85],[13881.35, 14800.32],[13902.7, 14807.6],[13952.77, 14820.75],[13987.23, 14827.71],[14028.04, 14833.09],[14076.24, 14841.43],[14082.34, 14842.75],[14133.19, 14850.09],[14157.58, 14854.39],[14181.06, 14859.27],[14210.35, 14861.41],[14232.54, 14863.65],[14247.33, 14865.56],[14296.76, 14866.1],[14323.03, 14863.15],[14345.54, 14861.27],[14355.8, 14860.7],[14379.44, 14857.65],[14427.71, 14854.36],[14608.88, 14852.95],[14635.54, 14853.62],[14646.8, 14854.29],[14827.87, 14853.4],[14841.44, 14851.65],[14873.17, 14848.83],[14879.07, 14848.54],[14901.44, 14845.65],[14937.4, 14842.64],[14948.54, 14842.21],[14959.72, 14840.84],[14973.84, 14837.66],[14991.41, 14831.93],[15002.01, 14827.68],[15045.22, 14813.15],[15055.01, 14810.46],[15088.75, 14798.09],[15120.22, 14787.99],[15123.38, 14787.12],[15177.88, 14769.97],[15203.52, 14762.82],[15224.67, 14757.68],[15244.08, 14751.65],[15267.89, 14742.97],[15298.06, 14733.29],[15343.51, 14720.67],[15369.21, 14713.85],[15396.24, 14705.09],[15414.31, 14699.83],[15480.51, 14672.71],[15494.82, 14666.63],[15530.35, 14648.5],[15569.29, 14624.17],[15654.98, 14583.83],[15674.47, 14577.35],[15723.05, 14561.6],[15770.8, 14547.57],[15799.15, 14538.23],[15823.74, 14530.81],[15832.91, 14527.64],[15888.82, 14504.79],[15914.43, 14491.11],[15934.42, 14481.14],[15958.06, 14470.15],[15965.83, 14465.53],[16005.47, 14444.83],[16019.83, 14438.58],[16061.98, 14421.2],[16069.53, 14417.15],[16095.69, 14398.58],[16146.65, 14363.67],[16181.65, 14342.28],[16194.81, 14335.14],[16200.22, 14331.35],[16253.7, 14284.95],[16275.04, 14267.27],[16314.48, 14228.8],[16340.38, 14205.64],[16354.12, 14194.38],[16376.09, 14173.25],[16404.6, 14148.31],[16413.87, 14140.94],[16433.17, 14126.53],[16438.49, 14122.8],[16476.87, 14094.51],[16498.91, 14079.54],[16512.45, 14068.11],[16544.63, 14041.96],[16556.32, 14032.74],[16580.1, 14009.73],[16595.08, 13995.87],[16596.29, 13994.61],[16599.78, 13989.74],[16607.78, 13965.39],[16615.08, 13933.06],[16644.62, 13848.08],[16692.35, 13771.81],[16697.19, 13765.72],[16726.06, 13733.18],[16771.58, 13687.16],[16787.29, 13668.02],[16805.87, 13646.7],[16860.02, 13596.37],[16922.48, 13556.82],[16991.14, 13529.4],[17063.66, 13515.05],[17137.59, 13514.24],[17210.41, 13527],[17279.65, 13552.91],[17320.57, 13572.69],[17340.07, 13582.78],[17394.45, 13612.84],[17425.82, 13632.11],[17439.15, 13641.17],[17444.3, 13644.23],[17510.59, 13676.59],[17539.05, 13688.3],[17594.76, 13710.58],[17636.26, 13726.16],[17660.69, 13734],[17674.25, 13735.96],[17696.22, 13739.25],[17774.17, 13738.49],[17784.04, 13737.38],[17810.25, 13732.95],[17870.55, 13727.4],[17917.7, 13726.63],[17963.57, 13721.66],[17974.93, 13719.24],[18015.25, 13706.44],[18057.55, 13695.51],[18102.87, 13686.4],[18127.36, 13680.82],[18135.11, 13678.29],[18160.53, 13666.48],[18175.6, 13657.67],[18198.28, 13642.18],[18211.49, 13614.33],[18212.29, 13609.52],[18208.28, 13589.76],[18204.36, 13575.66],[18203.3, 13571.63],[18172.82, 13499.5],[18167.84, 13487.57],[18124.34, 13414.11],[18111.91, 13393.28],[18079.15, 13348.35],[18036.35, 13274.15],[18010.27, 13192.55],[18002.11, 13107.28],[18012.23, 13022.22],[18040.17, 12941.25],[18084.16, 12847.61],[18090.66, 12832.62],[18093.53, 12823.56],[18096.53, 12810.71],[18104.55, 12776.51],[18119.42, 12727.44],[18120.5, 12724.56],[18132.37, 12680.52],[18144.66, 12640.87],[18160.5, 12599.68],[18164.37, 12591.06],[18206.37, 12518.8],[18262.42, 12456.8],[18311.48, 12412.89],[18344.02, 12384.85],[18348.9, 12379.8],[18364.88, 12360.14],[18394.16, 12327.85],[18406.8, 12315.36],[18416.92, 12304.17],[18446.11, 12275.07],[18451.67, 12270.07],[18457.88, 12262.69],[18501.76, 12218.17],[18510.8, 12210.33],[18513.56, 12206.85],[18515.92, 12201.73],[18518.52, 12114.68],[18528.31, 12037.82],[18552.68, 11964.28],[18590.72, 11896.79],[18641.03, 11837.86],[18701.72, 11789.71],[18770.54, 11754.11],[18844.91, 11732.4],[18922.07, 11725.38],[18999.14, 11733.32],[19073.25, 11755.93],[19141.63, 11792.35],[19205.54, 11834.78],[19244.23, 11863.98],[19258.32, 11876.01],[19276.05, 11887.44],[19295.87, 11901.08],[19300.83, 11904.71],[19326.5, 11921.99],[19372.12, 11951.31],[19408.96, 11975.87],[19452.97, 12000.69],[19486.08, 12020.45],[19534.54, 12047.34],[19558.47, 12061.73],[19591.26, 12083.03],[19656.73, 12136.12],[19709.68, 12201.72],[19747.75, 12276.92],[19769.27, 12358.43],[19777.88, 12414.28],[19780.72, 12436.94],[19782.53, 12455.87],[19784.97, 12483.62],[19786.74, 12494.85],[19790.86, 12509.47],[19812.87, 12533.81],[19827.06, 12550.27],[19839.99, 12565.87],[19843.6, 12569.6],[19851.63, 12576.12],[19877.62, 12598.72],[19928.9, 12653.94],[19968.95, 12717.78],[19996.36, 12787.98],[20010.16, 12862.07],[20009.86, 12937.43],[19995.49, 13011.41],[19967.53, 13081.39],[19961.45, 13093.24],[19954.92, 13110.25],[19939.45, 13154],[19922.96, 13212.28],[19921.96, 13216.13],[19921.29, 13234.29],[19924.77, 13275.05],[19924.58, 13345.51],[19912.07, 13414.85],[19907.81, 13430.47],[19904.62, 13448.81],[19883.41, 13525.08],[19847.65, 13595.7],[19798.72, 13657.93],[19787.7, 13669.41],[19780.36, 13679.65],[19770.75, 13699.33],[19764.72, 13714.89],[19759.47, 13731.44],[19757.81, 13738.56],[19754.42, 13755.14],[19753.78, 13762.96],[19754.51, 13863.92],[19758.09, 13888.33],[19765.13, 13911.8],[19771.13, 13926.96],[19796.26, 13983.66],[19810.83, 14017.21],[19820.6, 14035.3],[19834.34, 14058.12],[19852.54, 14091.92],[19892.4, 14175.25],[19902.66, 14198.58],[19911.7, 14221.03],[19920.81, 14240.08],[19931.41, 14264.24],[19935.23, 14273.78],[19961.28, 14338.25],[19989.45, 14400.42],[20002.28, 14432.17],[20007.83, 14447.74],[20036.17, 14518.87],[20047.76, 14548],[20059.05, 14568.79],[20063.62, 14571.7],[20105.87, 14602.67],[20110.02, 14606.15],[20132.08, 14626.09],[20162.65, 14655.84],[20216.36, 14720.39],[20255.46, 14794.7],[20278.25, 14875.53],[20283.71, 14959.32],[20271.62, 15042.42],[20262.88, 15076.73],[20263.32, 15112.16],[20264.34, 15118.3],[20286.72, 15153.24],[20287.47, 15154.09],[20307.58, 15172.79],[20333.81, 15199.57],[20344.96, 15212.07],[20350.13, 15217.16],[20381.44, 15251.81],[20383.64, 15254.55],[20416.4, 15198.67],[20464.92, 15142.76],[20522.9, 15096.72],[20588.34, 15062.11],[20659.02, 15040.11],[20732.55, 15031.47],[20788.48, 15030.09],[20849.42, 14998.17],[20916.74, 14976.87],[20962.82, 14970.83],[20963.86, 14969.85],[21008.59, 14931.3],[21070.41, 14887.47],[21139.37, 14856.04],[21213, 14838.14],[21288.69, 14834.39],[21314.77, 14838.06],[21314.84, 14837.32],[21355.09, 14841.12],[21434.11, 14856.7],[21508.43, 14887.74],[21575.06, 14933.01],[21607.51, 14966.28],[21611.59, 14966.36],[21616, 14963.87],[21616.6, 14963.25],[21673.83, 14914.66],[21739.1, 14877.58],[21810.13, 14853.31],[21884.44, 14842.68],[21959.43, 14846.08],[22032.48, 14863.39],[22101.02, 14894],[22116.48, 14902.72],[22138.91, 14903.96],[22197.95, 14911.64],[22250.36, 14926.6],[22257.84, 14927.04],[22281.89, 14929.19],[22329.56, 14934.9],[22339.28, 14936.42],[22440.49, 14939.06],[22471.08, 14941.03],[22483.63, 14942.32],[22530.68, 14921.73],[22540.03, 14919.88],[22549.65, 14888.27],[22580.45, 14830.38],[22580.87, 14827.7],[22585.59, 14800.21],[22621.4, 14690.19],[22639.18, 14654.24],[22678.4, 14590.63],[22691, 14573.91],[22705.78, 14553.39],[22718.59, 14536.55],[22720.88, 14533.7],[22743.9, 14507.47],[22749.79, 14501.31],[22773.2, 14466.96],[22789.8, 14437.99],[22800.45, 14420.46],[22808.96, 14407.33],[22816.94, 14395.36],[22829.8, 14377.18],[22853.71, 14345.3],[22847.01, 14344.4],[22798.6, 14337.45],[22774.7, 14333.28],[22774.13, 14333.16],[22755.46, 14331.14],[22725.27, 14326.7],[22678.47, 14317.99],[22650.22, 14311.67],[22622.58, 14304.43],[22603.61, 14299.73],[22553.62, 14287.68],[22525.26, 14280.2],[22450.89, 14252.05],[22383.53, 14209.79],[22325.82, 14155.07],[22280.04, 14090.06],[22247.97, 14017.29],[22241.72, 13998.18],[22238.95, 13994.31],[22235.5, 13990.76],[22190.76, 13966.38],[22128.57, 13924.54],[22075.25, 13871.86],[22032.66, 13810.19],[22002.28, 13741.67],[21985.16, 13668.69],[21981.92, 13593.81],[21992.66, 13519.63],[22017, 13448.74],[22051.49, 13372.39],[22078.82, 13308.34],[22107.59, 13233.69],[22137.3, 13172.6],[22169.45, 13118.63],[22177.58, 13103.77],[22182.34, 13095.76],[22223.74, 13021.83],[22255.79, 12969.28],[22267.48, 12951.81],[22269.25, 12941.61],[22288.1, 12871.41],[22319.31, 12805.76],[22326.21, 12796.2],[22327.49, 12748.25],[22339.61, 12660.51],[22370.69, 12577.57],[22371.35, 12576.26],[22367.54, 12560.7],[22361.38, 12536.29],[22356.58, 12514.78],[22352.94, 12496.07],[22338.34, 12435.02],[22328.54, 12372.68],[22321.54, 12282.27],[22320.37, 12256.12],[22319.98, 12223.67],[22308.71, 12222.16],[22235.86, 12197.6],[22169.04, 12159.61],[22110.68, 12109.57],[22062.94, 12049.32],[22027.56, 11981.08],[22005.84, 11907.34],[21998.57, 11830.81],[22006.04, 11754.3],[22012.73, 11720.1],[22019.83, 11694.12],[22018.56, 11686.69],[22014.79, 11663.45],[22009.78, 11637.81],[22004.98, 11588.16],[22003.28, 11588.28],[22002.1, 11570.99],[21998.11, 11549.17],[21992.88, 11509.4],[21991.73, 11495.28],[21987.85, 11460.81],[21982.86, 11431.33],[21972.23, 11370.68],[21968.85, 11347.36],[21962.98, 11296.41],[21960.5, 11268.28],[21953.46, 11229.1],[21943.72, 11166.03],[21941.31, 11152.58],[21940.06, 11147.34],[21936.88, 11138.63],[21929.99, 11125.59],[21925.77, 11119.58],[21912.86, 11102.48],[21909.51, 11100.5],[21896.03, 11095.14],[21872, 11085.21],[21871.87, 11085.35],[21813.58, 11137.24],[21746.35, 11176.86],[21672.72, 11202.73],[21595.48, 11213.86],[21517.54, 11209.82],[21441.86, 11190.78],[21371.29, 11157.46],[21308.51, 11111.1],[21255.89, 11053.47],[21215.41, 10986.75],[21188.62, 10913.45],[21176.52, 10836.35],[21179.56, 10758.37],[21181.03, 10748.18],[21185.6, 10718.96],[21190.74, 10687.99],[21197.26, 10656.63],[21199.14, 10649.1],[21213.55, 10603.26],[21226.38, 10569.66],[21235.53, 10540.85],[21247.39, 10508.43],[21258.17, 10482.48],[21260.94, 10474.5],[21285.28, 10418.64],[21285.79, 10417.69],[21302.03, 10377.41],[21336.52, 10310.7],[21370.99, 10257.28],[21403.87, 10208.98],[21431.56, 10169.63],[21469.42, 10123.61],[21486.95, 10105.27],[21512.95, 10080.17],[21532.22, 10062.96],[21541.81, 10052.01],[21552, 10037.74],[21555.03, 10032.84],[21566.38, 10015.57],[21603.68, 9961.85],[21610.24, 9950.71],[21613.4, 9944.66],[21618.17, 9935.77],[21632.74, 9905.61],[21672.62, 9839.96],[21724.28, 9783.11],[21785.82, 9737.14],[21855, 9703.74],[21913.74, 9688.23],[21910.71, 9665.75],[21906.8, 9625.56],[21905.38, 9596.43],[21905.06, 9571.68],[21897.71, 9530.33],[21892.66, 9490.26],[21891.48, 9474.59],[21890.34, 9444.46],[21890.34, 9328.42],[21896.5, 9258.41],[21914.77, 9190.54],[21944.61, 9126.9],[21985.09, 9069.44],[22010.8, 9039.77],[22024.61, 9024.98],[22025.97, 9023.2],[22040.08, 9000.76],[22058.02, 8974.58],[22073.93, 8953.24],[22084.33, 8935.76],[22088.59, 8928.55],[22097.74, 8907.64],[22105.88, 8887.53],[22114.97, 8861.81],[22121.25, 8839.29],[22127.17, 8819.84],[22128.31, 8803.81],[22134.51, 8756.48],[22142.02, 8717.41],[22142.25, 8714.86],[22141.75, 8614.39],[22141.52, 8612.1],[22139.46, 8601.66],[22138.3, 8599.31],[22122.74, 8583.22],[22119.14, 8579.4],[22095.75, 8562.46],[22036.85, 8510.27],[21989.28, 8447.6],[21964.59, 8407.43],[21947.54, 8376.76],[21934.04, 8349.76],[21902.87, 8264.4],[21901.23, 8257.64],[21894.7, 8224.47],[21883.84, 8153.8],[21879.94, 8131.55],[21877.75, 8120.26],[21872.06, 8091.7],[21845.34, 8085.84],[21842.89, 8085.19],[21837.38, 8084.84],[21814.25, 8083.02],[21788.53, 8080.69],[21742.14, 8073.73],[21730.82, 8071.35],[21721.15, 8070.45],[21693.51, 8067.28],[21689.39, 8066.77],[21613.71, 8049.7],[21542.73, 8018.4],[21488.09, 7980.29],[21459.13, 7964.46],[21447.91, 7970.25],[21390.2, 7994.53],[21329.41, 8009.54],[21299.86, 8014.43],[21266.99, 8019.46],[21233.5, 8023.61],[21229.17, 8023.93],[21231.3, 8088.21],[21214.49, 8175.82],[21199.32, 8224.71],[21191.98, 8246.18],[21190.57, 8249.95],[21158.37, 8316.63],[21114.47, 8376.25],[21060.37, 8426.79],[20997.9, 8466.54],[20929.19, 8494.13],[20856.58, 8508.63],[20801.11, 8514.46],[20774.59, 8516.36],[20763.47, 8516.79],[20752.28, 8518.15],[20737.77, 8521.43],[20717.76, 8527.91],[20695.12, 8534.51],[20686.21, 8536.83],[20665.7, 8543.72],[20606.63, 8558.71],[20545.98, 8564.57],[20515.22, 8565.2],[20498.54, 8567.35],[20462.59, 8570.36],[20450.85, 8570.81],[20421.3, 8574.33],[20378.79, 8579.99],[20368.75, 8581.72],[20347.29, 8587.5],[20345.24, 8588.37],[20318.02, 8602.33],[20234.84, 8633.9],[20146.74, 8646.36],[20058.07, 8639.11],[20027.6, 8633.17],[19991.47, 8628.12],[19897.86, 8603.26],[19878.19, 8595.39],[19847.82, 8581.75],[19797.83, 8556.76],[19750.73, 8529.06],[19742.6, 8523.5],[19728.71, 8516.05],[19675.5, 8492.95],[19617.97, 8462.19],[19565.89, 8428.64],[19546.03, 8414.61],[19545.98, 8414.69],[19490.1, 8375.09],[19474.93, 8365.57],[19467.38, 8362.12],[19466.47, 8361.83],[19439.11, 8356.79],[19335.95, 8355.01],[19300.87, 8358.59],[19275.59, 8360.36],[19273.04, 8360.46],[19258.17, 8362.92],[19250.56, 8365.4],[19208.47, 8382.01],[19170.4, 8401.38],[19114.64, 8424.63],[19111.44, 8425.69],[19039.14, 8442.41],[19004.93, 8447.04],[18938.65, 8458.35],[18930.17, 8460.39],[18903.71, 8469.07],[18853.83, 8492.73],[18838.49, 8501.69],[18833.6, 8505.08],[18819.99, 8514.99],[18797.47, 8538.02],[18764.63, 8584.38],[18716.88, 8640.17],[18659.75, 8686.33],[18627.27, 8707.99],[18531.52, 8772],[18517.34, 8782.32],[18512.07, 8786.84],[18475.53, 8827.45],[18468.99, 8834.57],[18465.9, 8838.32],[18447.64, 8866.48],[18410.6, 8915.06],[18366.6, 8957.46],[18357.72, 8964.8],[18324.62, 8989.42],[18302.67, 9004.05],[18287.38, 9013.77],[18202.23, 9053.45],[18110.18, 9072.24],[18045.28, 9077.71],[18014.71, 9079.35],[18007.35, 9080.57],[17961.96, 9104.08],[17957.82, 9107.63],[17951.61, 9116.29],[17947.9, 9123.93],[17942.81, 9137.06],[17932.45, 9171.55],[17927.29, 9205.12],[17921.65, 9234.46],[17903.94, 9311.08],[17876.36, 9390.91],[17873.24, 9397.57],[17843.32, 9450.57],[17805.73, 9498.45],[17792.93, 9511.84],[17780.17, 9524.6],[17717.03, 9576.06],[17644.79, 9613.7],[17566.44, 9635.99],[17485.2, 9641.99],[17410.12, 9632.2],[17361.16, 9686],[17294.96, 9734.07],[17220.39, 9767.73],[17178.58, 9781.67],[17105.32, 9798.67],[17030.16, 9801.7],[16955.77, 9790.66],[16884.74, 9765.92],[16819.57, 9728.37],[16762.55, 9679.32],[16715.69, 9620.49],[16680.63, 9553.95],[16658.6, 9482.03],[16650.37, 9407.27],[16656.24, 9332.29],[16663.72, 9289.23],[16683.21, 9217.38],[16715.63, 9150.37],[16730.84, 9125.19],[16736.97, 9113.66],[16767.14, 9065.45],[16774.8, 9054.95],[16798.66, 9018.53],[16823.21, 8982.82],[16839.06, 8960.6],[16853.47, 8936.07],[16868.82, 8911.96],[16886.29, 8886.55],[16895.86, 8871.67],[16921.57, 8814.68],[16941.6, 8760.99],[16951.82, 8727.01],[16954.37, 8716.38],[16961.11, 8669.67],[16964.02, 8651.78],[16964.4, 8647.13],[16963.56, 8642.1],[16949.19, 8608.43],[16927.36, 8551.43],[16915.4, 8522.57],[16882.89, 8458.02],[16844.87, 8398.34],[16809.83, 8329.51],[16788.62, 8255.23],[16782.04, 8178.27],[16790.32, 8101.47],[16795.85, 8074.72],[16807.34, 8031.48],[16819.26, 7994.94],[16836.37, 7927.13],[16846.7, 7870.54],[16858.74, 7821.96],[16874.44, 7772.16],[16882.75, 7748.41],[16889.11, 7731.94],[16893.17, 7719.47],[16898.63, 7689.8],[16899.36, 7665.38],[16879.56, 7654.06],[16826.61, 7622.12],[16787.44, 7597.03],[16763.17, 7580.2],[16755.1, 7574.15],[16712.08, 7536.85],[16709.34, 7534.11],[16682.65, 7504.64],[16669.69, 7488.82],[16659.88, 7478.34],[16643.64, 7459.95],[16626.62, 7438.55],[16579.48, 7391.12],[16577.54, 7389.07],[16520.17, 7427.77],[16449.06, 7457.9],[16373.5, 7473.85],[16296.28, 7475.03],[16220.26, 7461.4],[16148.27, 7433.46],[16082.96, 7392.24],[16053.9, 7369.73],[16046.42, 7364.07],[16043.14, 7362.15],[15988.28, 7335.8],[15946.17, 7312.36],[15898.23, 7281.77],[15882.15, 7270.95],[15841.9, 7238.46],[15829.28, 7226.85],[15824.98, 7226.14],[15756.02, 7216.11],[15683.41, 7190.71],[15616.97, 7151.93],[15577.35, 7123.38],[15522, 7075.23],[15476.34, 7017.81],[15441.9, 6953.04],[15419.82, 6883.08],[15410.85, 6810.27],[15415.28, 6737.05],[15432.96, 6665.85],[15435.73, 6657.9],[15436.97, 6650.41],[15437, 6649.19],[15436.46, 6642.63],[15429.72, 6607.74],[15423.94, 6574.15],[15419.24, 6560.41],[15397.19, 6501.49],[15376.86, 6473.92],[15371.86, 6467.77],[15351.64, 6450.57],[15334.66, 6435.27],[15318.78, 6420.12],[15306, 6409.8],[15284.35, 6390.07],[15272, 6379.47],[15262.67, 6373.43],[15233.33, 6356.1],[15195.69, 6333.66],[15175.28, 6320.64],[15161.79, 6311.44],[15160.94, 6310.93],[15123.15, 6289.29],[15110.82, 6282.04],[15073.46, 6265.58],[15051.17, 6254.92],[15031.61, 6244.82],[15017.56, 6238.82],[14995.77, 6228.73],[14988.92, 6225.3],[14965.95, 6212.86],[14956.26, 6207.2],[14858.1, 6160.01],[14834.03, 6148.91],[14782.83, 6129.45],[14758.66, 6120.33],[14693.87, 6100.85],[14615.87, 6076.85],[14590.63, 6068.47],[14530.45, 6052.57],[14502.6, 6044.11],[14491.43, 6040.28],[14449.2, 6028.38],[14408.95, 6014.7],[14396.62, 6009.77],[14320.84, 5982.17],[14292.11, 5970.43],[14209.42, 5932.84],[14158.48, 5921.26],[14130.57, 5916.29],[14113.52, 5914.3],[14093.23, 5911.41],[14084.91, 5910.01],[14048.24, 5907.03],[14008.93, 5902.81],[13901.44, 5903.54],[13896.41, 5904.24],[13832.51, 5927.72],[13806.28, 5936.35],[13733.29, 5957.61],[13693.34, 5968.38],[13677.24, 5975.6],[13630.46, 5998.26],[13610.17, 6009.7],[13559.48, 6044.64],[13499.27, 6078.89],[13434.06, 6102.28],[13418.83, 6106.3],[13412.79, 6108.5],[13353.64, 6142.71],[13326.56, 6159.83],[13299.51, 6175.49],[13261.16, 6195.73],[13244.86, 6209.52],[13208.71, 6240.03],[13145.59, 6297.57],[13088.37, 6341.03],[13024.31, 6373.59],[12997.23, 6384.15],[12955.55, 6399.14],[12945.13, 6405.1],[12933.41, 6414.05],[12930.93, 6416.33],[12913.63, 6431.35],[12901.32, 6441.44],[12850.69, 6491.04],[12825.15, 6514.02],[12813.45, 6523.66],[12800.45, 6537.15],[12769.48, 6566.07],[12761.13, 6573.07],[12729.34, 6599.86],[12714.35, 6611.97],[12697.8, 6627.37],[12655.47, 6661.68],[12651.61, 6664.4],[12644.38, 6671.05],[12624.81, 6695.8],[12614.12, 6708.76],[12591.98, 6732.78],[12562.91, 6761.85],[12509.3, 6806.84],[12459.05, 6842.02],[12397.35, 6883.04],[12360.76, 6906.38],[12354.55, 6911.3],[12279.33, 6985.59],[12252.69, 7017.27],[12251.38, 7018.98],[12249.51, 7021.87],[12212.92, 7096.67],[12197.38, 7134.8],[12165.31, 7197.23],[12162.84, 7201.15],[12124.64, 7252.27],[12079.68, 7295.84],[12056.4, 7321.93],[12037.61, 7346.87],[12018.06, 7370.83],[12012.04, 7377.66],[12010.53, 7379.77],[11982.51, 7446.65],[11969.48, 7475.32],[11951.46, 7534.33],[11950.36, 7537.89],[11936.87, 7584.32],[11929.8, 7619.56],[11925.55, 7644.4],[11919.09, 7674.91],[11912.09, 7702.66],[11910.09, 7740.28],[11897.12, 7822.36],[11868.72, 7896.85],[11893.02, 7951.38],[11895.74, 7959.59],[11901.45, 7973.2],[11916.94, 8017.17],[11926.05, 8048.73],[11934.93, 8086.23],[11946.24, 8146.76],[11951.76, 8173.68],[11972.94, 8234.52],[11991.33, 8310.52],[11994.63, 8388.65],[11982.72, 8465.93],[11956.05, 8539.44],[11952.18, 8547.56],[11938.29, 8580.98],[11936.3, 8587.07],[11929.87, 8623.62],[11928.73, 8637.46],[11928.84, 8658.81],[11932.57, 8694.72],[11935.88, 8723.69],[11939.28, 8740.66],[11944.87, 8776.27],[11949.11, 8813.3],[11950.17, 8894.11],[11935.03, 8973.49],[11919.02, 9027.26],[11909.68, 9054.89],[11906.96, 9062.07],[11896.48, 9095.34],[11893.88, 9106.49],[11889.85, 9128.97],[11882.04, 9170.68],[11871.15, 9219.37],[11861.91, 9252.76],[11858.88, 9262.11],[11852.38, 9300.89],[11851.73, 9304.69],[11851.31, 9313.47],[11856.29, 9388.52],[11868.49, 9461.32],[11872.55, 9491.43],[11876.96, 9529.04],[11882.82, 9563.41],[11887.05, 9589.8],[11897.41, 9657.73],[11898.44, 9663.55],[11913.96, 9721.7],[11919.17, 9744.08],[11922.19, 9755.69],[11925.96, 9767.4],[11932.13, 9788.55],[11934.66, 9798.32],[11944.41, 9853.26],[11949.97, 9905.55],[11952.01, 9934.99],[11952.08, 9937.13],[11949.97, 9993.22],[11947.56, 10015.47],[11946.64, 10137.29],[11944.37, 10177.05],[11936.22, 10253.04],[11932.57, 10279],[11924.64, 10324.61],[11921.46, 10343.08],[11920.05, 10355.28],[11914.35, 10401.63],[11911.63, 10420.11],[11910.11, 10449.34],[11906.99, 10477.91],[11904.97, 10616.15],[11907.51, 10639.47],[11909.84, 10678.27],[11910.59, 10743.48],[11905.35, 10812.9],[11888.19, 10880.36],[11859.64, 10943.85],[11838.56, 10981.57],[11821.36, 11019.62],[11815.03, 11037.55],[11801.1, 11098.33],[11794.94, 11121.9],[11790.58, 11135.79],[11788.16, 11143.06],[11766.67, 11210.9],[11753.01, 11267.5],[11726.12, 11344.02],[11684.39, 11413.58],[11629.52, 11473.32],[11563.76, 11520.81],[11489.79, 11554.1],[11410.64, 11571.84],[11329.54, 11573.31],[11249.8, 11558.43],[11174.69, 11527.83],[11107.26, 11482.74],[11087.22, 11466.18],[11060.69, 11442.87],[11050.4, 11433.73],[11031.69, 11419.33],[11022.89, 11413.97],[10970.4, 11388.35],[10965.65, 11386.58],[10951.89, 11383.07],[10930.7, 11381.52],[10865.48, 11371.32],[10844.05, 11366.13],[10806.04, 11364.06],[10776.46, 11361.35],[10760.81, 11359.33],[10747.04, 11360.54],[10728.48, 11363.9],[10718.81, 11369.47],[10710.96, 11376.18],[10643.84, 11422.72],[10568.69, 11454.7],[10488.61, 11470.81],[10406.93, 11470.37],[10335.66, 11462.69],[10293.16, 11456.5],[10253.16, 11453.63],[10225.7, 11450.71],[10193.43, 11446.1],[10151.24, 11439.44],[10115.71, 11432.17],[10106.86, 11429.94],[10078.86, 11424.08],[10068.61, 11422.46],[10018.32, 11411.15],[9974.15, 11398.19],[9932.79, 11383.56],[9923.69, 11379.77],[9885.47, 11370.61],[9862.68, 11367.51],[9847.57, 11365.28],[9815.41, 11364.56],[9774.95, 11361.6],[9731.91, 11356.02],[9696.86, 11350.44],[9681.67, 11347.56],[9674.64, 11346.88],[9606.63, 11346.69],[9591.91, 11347.66],[9512.3, 11344.98],[9459.66, 11337.93],[9442.73, 11335.36],[9363.17, 11314.24],[9289.59, 11277.32],[9225.1, 11226.17],[9172.39, 11162.94],[9133.7, 11090.28],[9128.84, 11078.34],[9118.57, 11050.14],[9113.39, 11034.06],[9109.51, 11024.24],[9096.2, 10998.01],[9082.16, 10971.63],[9065.24, 10959.92],[9063.13, 10958.81],[9062.21, 10958.43],[9056.31, 10956.92],[9033.23, 10957.25],[9027.73, 10958.17],[9007.92, 10965.13],[8942.09, 10982.17],[8907.17, 10988.11],[8896.22, 10991.87],[8857.2, 11005.08],[8846.82, 11010.34],[8841.56, 11013.41],[8841.32, 11016.37]]]},"properties":{"objectType":"annotation","name":"B15XO_D1 Inner nodule 100 µm","color":[96, 96, 96],"classification":{"name":"Inner Nodule","color":[54, 35, 56]}}}]}