[{"type":"Feature","id":"6dba5af9-1c6b-416e-a3ad-dadbb21b0fea","geometry":{"type":"MultiPolygon","coordinates":[[[[22872, 17846],[22893, 17867],[22901, 17877],[22906, 17883],[22918, 17897],[22927, 17906],[22930, 17909],[22939, 17919],[22940, 17920],[22943, 17925],[22950, 17937],[22956, 17946],[22971, 17972],[22976, 17979],[22976, 17920],[23040, 17920],[23040, 17984],[23168, 17984],[23168, 18048],[23232, 18048],[23232, 18169],[23243, 18173],[23258, 18177],[23277, 18181],[23294, 18184],[23321, 18187],[23348, 18190],[23370, 18192],[23409, 18192],[23436, 18190],[23458, 18187],[23461, 18186],[23463, 18186],[23477, 18185],[23497, 18183],[23509, 18181],[23528, 18177],[23543, 18173],[23554, 18169],[23566, 18165],[23587, 18157],[23600, 18151],[23611, 18146],[23617, 18142],[23619, 18141],[23634, 18134],[23645, 18128],[23659, 18120],[23685, 18103],[23695, 18096],[23707, 18088],[23726, 18073],[23730, 18070],[23750, 18058],[23758, 18052],[23773, 18051],[23793, 18049],[23805, 18047],[23824, 18043],[23839, 18039],[23850, 18035],[23862, 18031],[23883, 18023],[23896, 18017],[23908, 18011],[23919, 18005],[23931, 17998],[23941, 17992],[23961, 17980],[23988, 17959],[24005, 17944],[24014, 17936],[24022, 17928],[24054, 17914],[24055, 17914],[24069, 17910],[24079, 17906],[24080, 17906],[24090, 17904],[24118, 17896],[24135, 17890],[24149, 17884],[24167, 17876],[24175, 17873],[24197, 17865],[24198, 17865],[24201, 17865],[24221, 17860],[24239, 17854],[24256, 17848],[24266, 17844],[24281, 17838],[24343, 17819],[24360, 17813],[24382, 17804],[24396, 17797],[24430, 17780],[24439, 17775],[24445, 17773],[24460, 17768],[24494, 17758],[24512, 17752],[24512, 17728],[24562, 17728],[24564, 17727],[24577, 17719],[24587, 17712],[24597, 17705],[24609, 17696],[24633, 17677],[24634, 17676],[24659, 17657],[24676, 17642],[24685, 17634],[24691, 17628],[24699, 17619],[24704, 17614],[24704, 17600],[24716, 17600],[24731, 17580],[24740, 17569],[24749, 17557],[24757, 17545],[24764, 17534],[24768, 17527],[24768, 17408],[24832, 17408],[24832, 17174],[24823, 17183],[24812, 17190],[24811, 17191],[24801, 17198],[24798, 17200],[24765, 17223],[24746, 17233],[24723, 17251],[24700, 17274],[24694, 17279],[24673, 17299],[24671, 17302],[24664, 17316],[24659, 17324],[24655, 17331],[24651, 17336],[24649, 17339],[24638, 17359],[24637, 17361],[24629, 17373],[24627, 17376],[24620, 17385],[24616, 17392],[24605, 17405],[24605, 17406],[24603, 17409],[24601, 17415],[24595, 17426],[24590, 17433],[24588, 17437],[24583, 17443],[24579, 17449],[24575, 17453],[24571, 17458],[24569, 17460],[24564, 17469],[24556, 17478],[24549, 17486],[24543, 17492],[24535, 17499],[24526, 17507],[24517, 17512],[24515, 17514],[24494, 17531],[24491, 17533],[24488, 17535],[24482, 17541],[24475, 17546],[24472, 17548],[24468, 17550],[24459, 17556],[24452, 17559],[24448, 17561],[24444, 17562],[24437, 17566],[24410, 17574],[24404, 17575],[24400, 17577],[24388, 17581],[24382, 17583],[24378, 17584],[24374, 17585],[24365, 17587],[24360, 17589],[24358, 17591],[24334, 17604],[24332, 17605],[24330, 17606],[24329, 17606],[24328, 17607],[24306, 17618],[24294, 17623],[24284, 17627],[24245, 17639],[24242, 17639],[24213, 17649],[24210, 17650],[24209, 17650],[24199, 17654],[24189, 17659],[24172, 17665],[24160, 17668],[24152, 17670],[24147, 17671],[24145, 17671],[24143, 17671],[24140, 17673],[24138, 17674],[24137, 17674],[24111, 17682],[24105, 17683],[24103, 17684],[24101, 17685],[24099, 17686],[24077, 17697],[24071, 17699],[24068, 17701],[24062, 17703],[24051, 17707],[24045, 17708],[24041, 17709],[24028, 17710],[24009, 17718],[23995, 17722],[23993, 17723],[23991, 17723],[23985, 17725],[23981, 17727],[23977, 17729],[23939, 17745],[23934, 17747],[23909, 17757],[23906, 17760],[23900, 17766],[23889, 17777],[23872, 17794],[23864, 17801],[23855, 17809],[23840, 17817],[23834, 17822],[23830, 17824],[23823, 17829],[23812, 17835],[23805, 17838],[23799, 17841],[23791, 17843],[23787, 17845],[23781, 17846],[23772, 17849],[23766, 17850],[23760, 17851],[23754, 17851],[23745, 17852],[23740, 17852],[23713, 17849],[23689, 17842],[23688, 17842],[23682, 17850],[23679, 17852],[23675, 17857],[23673, 17858],[23671, 17861],[23662, 17868],[23660, 17870],[23654, 17878],[23651, 17880],[23647, 17885],[23639, 17891],[23633, 17895],[23625, 17899],[23624, 17900],[23622, 17901],[23612, 17906],[23611, 17907],[23606, 17912],[23584, 17929],[23578, 17933],[23575, 17935],[23558, 17946],[23556, 17947],[23549, 17952],[23538, 17958],[23532, 17960],[23529, 17962],[23527, 17963],[23516, 17969],[23509, 17972],[23503, 17975],[23495, 17977],[23491, 17979],[23485, 17980],[23476, 17983],[23470, 17984],[23464, 17985],[23458, 17985],[23449, 17986],[23439, 17986],[23436, 17987],[23433, 17987],[23431, 17988],[23424, 17989],[23409, 17991],[23406, 17991],[23404, 17991],[23370, 17991],[23343, 17988],[23336, 17986],[23328, 17985],[23322, 17985],[23316, 17984],[23310, 17983],[23302, 17981],[23295, 17979],[23288, 17976],[23284, 17975],[23281, 17973],[23280, 17973],[23267, 17969],[23259, 17965],[23256, 17964],[23231, 17951],[23210, 17934],[23204, 17928],[23200, 17923],[23196, 17919],[23190, 17913],[23186, 17911],[23165, 17894],[23163, 17891],[23160, 17889],[23143, 17868],[23132, 17848],[23131, 17846],[23126, 17840],[23124, 17836],[23119, 17829],[23113, 17818],[23113, 17817],[23112, 17816],[23107, 17803],[23106, 17801],[23106, 17800],[23098, 17794],[23087, 17783],[23081, 17777],[23077, 17772],[23074, 17769],[23073, 17768],[23067, 17762],[23060, 17755],[23058, 17753],[23055, 17749],[23050, 17740],[23048, 17738],[23042, 17732],[23037, 17727],[23031, 17721],[23025, 17715],[23014, 17704],[22997, 17683],[22989, 17668],[22986, 17665],[22984, 17662],[22981, 17660],[22978, 17657],[22975, 17654],[22972, 17651],[22969, 17648],[22952, 17627],[22939, 17603],[22931, 17576],[22929, 17559],[22926, 17549],[22923, 17521],[22923, 17516],[22923, 17510],[22923, 17505],[22923, 17499],[22923, 17493],[22923, 17488],[22923, 17482],[22923, 17477],[22923, 17471],[22923, 17465],[22923, 17460],[22923, 17454],[22923, 17449],[22923, 17443],[22923, 17437],[22923, 17432],[22923, 17426],[22923, 17421],[22923, 17415],[22923, 17410],[22923, 17404],[22923, 17398],[22923, 17393],[22923, 17387],[22923, 17382],[22923, 17376],[22926, 17349],[22931, 17333],[22931, 17332],[22939, 17306],[22939, 17305],[22940, 17302],[22944, 17291],[22945, 17289],[22946, 17287],[22949, 17280],[22951, 17273],[22964, 17248],[22967, 17244],[22968, 17242],[22969, 17240],[22973, 17228],[22986, 17203],[22987, 17202],[22989, 17199],[22990, 17194],[22994, 17186],[22995, 17183],[23008, 17158],[23017, 17147],[23020, 17141],[23037, 17120],[23058, 17103],[23065, 17099],[23074, 17092],[23099, 17079],[23125, 17071],[23152, 17068],[23169, 17068],[23178, 17069],[23184, 17069],[23187, 17065],[23204, 17051],[23206, 17048],[23209, 17045],[23214, 17037],[23215, 17035],[23227, 17020],[23231, 17013],[23236, 17006],[23237, 17004],[23242, 16996],[23243, 16994],[23245, 16989],[23251, 16977],[23252, 16976],[23252, 16975],[23262, 16960],[23262, 16958],[23264, 16950],[23268, 16939],[23269, 16937],[23270, 16935],[23274, 16925],[23278, 16919],[23279, 16916],[23281, 16909],[23282, 16907],[23283, 16904],[23289, 16887],[23290, 16885],[23292, 16878],[23294, 16873],[23295, 16869],[23299, 16861],[23302, 16852],[23303, 16850],[23306, 16844],[23310, 16838],[23310, 16836],[23313, 16829],[23314, 16825],[23315, 16823],[23318, 16815],[23320, 16808],[23325, 16792],[23338, 16767],[23344, 16760],[23349, 16750],[23350, 16749],[23355, 16739],[23356, 16738],[23358, 16735],[23359, 16730],[23372, 16705],[23375, 16702],[23375, 16701],[23381, 16693],[23381, 16691],[23388, 16677],[23389, 16675],[23394, 16664],[23407, 16640],[23415, 16631],[23422, 16623],[23424, 16621],[23435, 16601],[23439, 16597],[23452, 16573],[23456, 16569],[23457, 16568],[23460, 16557],[23473, 16532],[23481, 16522],[23482, 16520],[23483, 16518],[23483, 16517],[23487, 16507],[23492, 16494],[23493, 16493],[23493, 16492],[23499, 16482],[23499, 16480],[23503, 16469],[23504, 16467],[23505, 16465],[23509, 16455],[23510, 16453],[23511, 16450],[23514, 16443],[23515, 16439],[23517, 16436],[23521, 16425],[23527, 16415],[23527, 16413],[23531, 16402],[23532, 16400],[23533, 16398],[23537, 16388],[23538, 16387],[23538, 16385],[23542, 16374],[23543, 16372],[23544, 16370],[23548, 16360],[23554, 16351],[23556, 16347],[23558, 16344],[23563, 16337],[23563, 16336],[23566, 16328],[23576, 16310],[23577, 16305],[23590, 16280],[23602, 16265],[23605, 16258],[23616, 16242],[23622, 16233],[23623, 16232],[23624, 16230],[23635, 16216],[23640, 16207],[23656, 16187],[23664, 16175],[23668, 16168],[23670, 16165],[23678, 16154],[23679, 16152],[23696, 16131],[23697, 16130],[23702, 16125],[23711, 16112],[23716, 16107],[23724, 16097],[23730, 16091],[23734, 16088],[23745, 16074],[23745, 16073],[23751, 16062],[23756, 16055],[23758, 16051],[23763, 16045],[23767, 16039],[23771, 16035],[23775, 16030],[23788, 16017],[23793, 16008],[23797, 16004],[23804, 15991],[23810, 15985],[23816, 15972],[23817, 15970],[23819, 15967],[23823, 15957],[23827, 15951],[23830, 15945],[23834, 15940],[23838, 15934],[23851, 15918],[23853, 15914],[23853, 15913],[23854, 15912],[23855, 15910],[23866, 15890],[23884, 15865],[23885, 15863],[23894, 15845],[23895, 15843],[23898, 15838],[23904, 15830],[23906, 15826],[23908, 15821],[23912, 15812],[23915, 15808],[23918, 15801],[23924, 15794],[23927, 15789],[23930, 15786],[23935, 15780],[23937, 15779],[23944, 15764],[23945, 15762],[23946, 15760],[23952, 15749],[23955, 15740],[23957, 15735],[23958, 15732],[23962, 15723],[23963, 15721],[23964, 15718],[23967, 15711],[23968, 15707],[23970, 15704],[23974, 15693],[23980, 15682],[23981, 15680],[23988, 15666],[23989, 15665],[23991, 15659],[23997, 15648],[23998, 15646],[23999, 15644],[24001, 15639],[24005, 15631],[24006, 15628],[24008, 15622],[24009, 15617],[24011, 15613],[24014, 15602],[24017, 15597],[24019, 15592],[24025, 15581],[24029, 15572],[24033, 15562],[24037, 15554],[24038, 15551],[24043, 15540],[24043, 15539],[24044, 15538],[24044, 15537],[24052, 15511],[24054, 15507],[24058, 15494],[24063, 15485],[24063, 15484],[24064, 15479],[24069, 15465],[24072, 15458],[24072, 15457],[24075, 15449],[24078, 15441],[24079, 15439],[24079, 15438],[24084, 15416],[24084, 15415],[24085, 15410],[24089, 15399],[24092, 15390],[24094, 15387],[24094, 15386],[24095, 15380],[24096, 15378],[24096, 15375],[24101, 15361],[24103, 15354],[24104, 15352],[24105, 15349],[24106, 15346],[24107, 15344],[24107, 15343],[24108, 15337],[24109, 15331],[24110, 15317],[24111, 15313],[24112, 15311],[24117, 15291],[24122, 15278],[24124, 15271],[24124, 15269],[24125, 15266],[24125, 15265],[24128, 15241],[24133, 15223],[24134, 15218],[24137, 15208],[24138, 15202],[24139, 15196],[24141, 15188],[24143, 15182],[24143, 15180],[24143, 15176],[24144, 15170],[24145, 15162],[24146, 15157],[24148, 15149],[24151, 15142],[24151, 15140],[24152, 15138],[24152, 15135],[24157, 15121],[24159, 15114],[24160, 15112],[24161, 15109],[24161, 15108],[24164, 15098],[24165, 15094],[24166, 15091],[24169, 15083],[24169, 15080],[24178, 15056],[24181, 15047],[24194, 15022],[24200, 15015],[24200, 15014],[24205, 15003],[24207, 14999],[24212, 14988],[24219, 14976],[24220, 14974],[24221, 14972],[24225, 14962],[24231, 14953],[24233, 14949],[24235, 14946],[24236, 14945],[24242, 14936],[24244, 14932],[24246, 14929],[24251, 14922],[24256, 14917],[24260, 14913],[24261, 14910],[24266, 14904],[24270, 14898],[24272, 14896],[24275, 14889],[24279, 14883],[24281, 14878],[24287, 14869],[24289, 14865],[24290, 14864],[24295, 14854],[24299, 14850],[24303, 14843],[24306, 14837],[24310, 14832],[24312, 14829],[24317, 14824],[24318, 14822],[24330, 14800],[24334, 14796],[24339, 14787],[24343, 14777],[24354, 14758],[24354, 14756],[24356, 14753],[24360, 14742],[24366, 14731],[24367, 14730],[24367, 14728],[24370, 14721],[24371, 14717],[24373, 14714],[24377, 14703],[24380, 14697],[24388, 14672],[24398, 14652],[24399, 14650],[24400, 14648],[24401, 14644],[24401, 14643],[24402, 14637],[24410, 14611],[24412, 14607],[24413, 14604],[24413, 14603],[24415, 14595],[24417, 14588],[24419, 14584],[24419, 14581],[24421, 14573],[24423, 14566],[24426, 14559],[24427, 14555],[24429, 14552],[24433, 14541],[24436, 14535],[24438, 14528],[24440, 14521],[24442, 14517],[24442, 14514],[24444, 14506],[24448, 14495],[24449, 14493],[24450, 14491],[24454, 14481],[24458, 14475],[24461, 14465],[24464, 14458],[24465, 14456],[24466, 14454],[24467, 14452],[24468, 14451],[24470, 14444],[24472, 14437],[24473, 14435],[24474, 14432],[24478, 14424],[24478, 14422],[24482, 14411],[24483, 14409],[24484, 14407],[24486, 14403],[24489, 14392],[24494, 14380],[24500, 14370],[24503, 14357],[24504, 14355],[24504, 14352],[24508, 14341],[24508, 14340],[24510, 14332],[24512, 14325],[24515, 14318],[24516, 14314],[24518, 14311],[24522, 14300],[24526, 14293],[24528, 14286],[24532, 14278],[24533, 14275],[24535, 14272],[24536, 14269],[24536, 14268],[24544, 14242],[24556, 14220],[24559, 14210],[24559, 14206],[24567, 14180],[24571, 14172],[24572, 14169],[24574, 14166],[24578, 14155],[24584, 14144],[24589, 14137],[24591, 14133],[24596, 14127],[24598, 14124],[24602, 14116],[24605, 14113],[24605, 14112],[24611, 14103],[24613, 14099],[24614, 14098],[24619, 14088],[24636, 14067],[24638, 14065],[24641, 14060],[24656, 14042],[24660, 14034],[24668, 14025],[24675, 14017],[24679, 14014],[24686, 14005],[24697, 13994],[24703, 13989],[24704, 13988],[24709, 13983],[24711, 13982],[24715, 13978],[24721, 13971],[24725, 13966],[24731, 13961],[24736, 13956],[24737, 13955],[24758, 13938],[24783, 13925],[24809, 13917],[24836, 13914],[24856, 13914],[24865, 13915],[24872, 13917],[24874, 13917],[24877, 13918],[24882, 13919],[24890, 13921],[24896, 13923],[24896, 13717],[24887, 13716],[24878, 13715],[24856, 13713],[24836, 13713],[24814, 13715],[24787, 13718],[24750, 13725],[24724, 13733],[24690, 13747],[24665, 13760],[24632, 13782],[24611, 13799],[24601, 13808],[24590, 13818],[24574, 13834],[24571, 13837],[24561, 13846],[24538, 13869],[24525, 13884],[24510, 13901],[24498, 13916],[24481, 13939],[24461, 13964],[24443, 13992],[24440, 13996],[24423, 14024],[24415, 14036],[24408, 14048],[24402, 14059],[24394, 14076],[24388, 14088],[24384, 14097],[24375, 14121],[24367, 14147],[24366, 14149],[24354, 14179],[24346, 14202],[24344, 14207],[24332, 14235],[24327, 14245],[24323, 14256],[24320, 14268],[24312, 14295],[24311, 14295],[24303, 14317],[24295, 14340],[24291, 14349],[24283, 14370],[24280, 14379],[24277, 14385],[24270, 14401],[24262, 14421],[24257, 14434],[24250, 14454],[24248, 14462],[24246, 14468],[24243, 14476],[24238, 14486],[24234, 14497],[24229, 14514],[24226, 14528],[24223, 14536],[24222, 14542],[24218, 14552],[24210, 14578],[24210, 14580],[24209, 14582],[24199, 14605],[24190, 14630],[24187, 14638],[24182, 14648],[24182, 14649],[24180, 14654],[24165, 14684],[24157, 14698],[24146, 14716],[24145, 14717],[24138, 14728],[24127, 14745],[24119, 14758],[24115, 14764],[24110, 14773],[24105, 14782],[24102, 14788],[24097, 14794],[24087, 14807],[24076, 14823],[24065, 14840],[24054, 14857],[24046, 14872],[24033, 14898],[24027, 14910],[24016, 14929],[24003, 14954],[23992, 14978],[23980, 15011],[23975, 15027],[23973, 15037],[23970, 15045],[23970, 15047],[23969, 15051],[23962, 15072],[23959, 15081],[23958, 15086],[23952, 15104],[23949, 15117],[23946, 15134],[23944, 15148],[23943, 15152],[23939, 15170],[23934, 15190],[23929, 15213],[23928, 15224],[23926, 15230],[23917, 15260],[23915, 15268],[23911, 15294],[23910, 15298],[23906, 15312],[23903, 15323],[23901, 15328],[23896, 15344],[23889, 15368],[23886, 15383],[23883, 15391],[23877, 15406],[23869, 15427],[23860, 15452],[23855, 15468],[23854, 15470],[23851, 15478],[23838, 15505],[23835, 15512],[23824, 15539],[23819, 15554],[23818, 15557],[23812, 15569],[23807, 15580],[23806, 15580],[23796, 15601],[23790, 15614],[23784, 15628],[23779, 15638],[23777, 15646],[23776, 15647],[23773, 15656],[23768, 15667],[23766, 15669],[23757, 15681],[23742, 15705],[23736, 15716],[23729, 15730],[23724, 15738],[23720, 15745],[23715, 15755],[23712, 15761],[23703, 15773],[23690, 15794],[23683, 15806],[23677, 15814],[23668, 15827],[23657, 15844],[23650, 15856],[23641, 15873],[23640, 15875],[23634, 15884],[23631, 15890],[23622, 15900],[23617, 15906],[23606, 15919],[23597, 15931],[23589, 15943],[23587, 15947],[23569, 15970],[23554, 15987],[23522, 16027],[23514, 16038],[23503, 16054],[23497, 16063],[23479, 16087],[23459, 16115],[23456, 16121],[23439, 16145],[23424, 16167],[23412, 16187],[23399, 16212],[23385, 16241],[23384, 16243],[23377, 16255],[23363, 16283],[23356, 16300],[23351, 16313],[23350, 16316],[23348, 16321],[23337, 16344],[23331, 16360],[23326, 16370],[23324, 16378],[23323, 16379],[23320, 16388],[23309, 16413],[23304, 16424],[23295, 16439],[23282, 16464],[23276, 16476],[23263, 16497],[23259, 16505],[23257, 16507],[23231, 16544],[23213, 16577],[23206, 16593],[23203, 16596],[23194, 16612],[23181, 16637],[23176, 16649],[23170, 16658],[23160, 16674],[23147, 16699],[23133, 16732],[23130, 16745],[23125, 16757],[23123, 16762],[23116, 16776],[23109, 16793],[23105, 16806],[23102, 16813],[23095, 16833],[23090, 16845],[23082, 16865],[23077, 16877],[23066, 16879],[23040, 16887],[23006, 16901],[22981, 16914],[22960, 16927],[22944, 16938],[22932, 16947],[22911, 16964],[22881, 16994],[22864, 17015],[22856, 17025],[22844, 17042],[22830, 17065],[22817, 17090],[22812, 17100],[22809, 17108],[22793, 17140],[22771, 17185],[22763, 17203],[22757, 17218],[22753, 17230],[22748, 17244],[22739, 17274],[22734, 17292],[22727, 17327],[22724, 17354],[22722, 17376],[22722, 17521],[22723, 17542],[22726, 17570],[22729, 17586],[22734, 17613],[22739, 17633],[22747, 17660],[22763, 17699],[22776, 17723],[22796, 17753],[22813, 17774],[22827, 17790],[22828, 17791],[22841, 17809],[22858, 17830],[22872, 17846]]],[[[24873, 17122],[24870, 17127],[24868, 17130],[24851, 17151],[24851, 17152],[24896, 17152],[24896, 17087],[24885, 17107],[24873, 17122]]],[[[6437, 27194],[6437, 27263],[6439, 27288],[6442, 27312],[6447, 27338],[6450, 27351],[6451, 27355],[6457, 27377],[6462, 27393],[6465, 27412],[6466, 27474],[6468, 27494],[6471, 27518],[6478, 27551],[6485, 27574],[6492, 27594],[6497, 27609],[6501, 27619],[6508, 27635],[6511, 27642],[6516, 27653],[6521, 27663],[6526, 27673],[6534, 27688],[6542, 27701],[6550, 27713],[6555, 27720],[6556, 27721],[6565, 27735],[6574, 27747],[6583, 27758],[6589, 27765],[6606, 27782],[6617, 27792],[6627, 27801],[6632, 27805],[6646, 27815],[6658, 27823],[6669, 27830],[6702, 27847],[6715, 27852],[6720, 27854],[6726, 27862],[6730, 27867],[6734, 27873],[6742, 27884],[6742, 27885],[6755, 27907],[6768, 27927],[6783, 27947],[6797, 27965],[6802, 27971],[6810, 27980],[6819, 27990],[6826, 27998],[6839, 28010],[6869, 28039],[6884, 28052],[6903, 28067],[6921, 28080],[6945, 28095],[6958, 28103],[6979, 28114],[7009, 28126],[7023, 28131],[7026, 28133],[7050, 28143],[7095, 28163],[7109, 28169],[7132, 28177],[7155, 28184],[7164, 28187],[7165, 28187],[7179, 28192],[7204, 28200],[7217, 28203],[7233, 28206],[7246, 28208],[7258, 28211],[7286, 28218],[7317, 28226],[7319, 28226],[7327, 28229],[7346, 28238],[7378, 28251],[7395, 28256],[7405, 28260],[7420, 28265],[7448, 28273],[7457, 28275],[7471, 28280],[7494, 28287],[7503, 28290],[7505, 28290],[7530, 28300],[7553, 28307],[7562, 28310],[7582, 28315],[7606, 28319],[7630, 28322],[7642, 28323],[7659, 28324],[7674, 28327],[7684, 28329],[7697, 28331],[7709, 28333],[7733, 28336],[7748, 28337],[7830, 28341],[7838, 28342],[7879, 28346],[7901, 28348],[8048, 28348],[8073, 28346],[8094, 28343],[8117, 28341],[8141, 28338],[8155, 28336],[8180, 28331],[8209, 28324],[8218, 28323],[8230, 28322],[8244, 28320],[8320, 28319],[8327, 28319],[8366, 28315],[8368, 28315],[8388, 28313],[8402, 28312],[8426, 28309],[8459, 28302],[8482, 28295],[8488, 28293],[8495, 28292],[8507, 28291],[8541, 28287],[8567, 28284],[8585, 28281],[8605, 28277],[8616, 28276],[8646, 28270],[8680, 28263],[8682, 28263],[8706, 28260],[8739, 28253],[8752, 28249],[8754, 28249],[8768, 28254],[8786, 28258],[8798, 28260],[8827, 28267],[8837, 28269],[8850, 28272],[8861, 28274],[8869, 28278],[8877, 28281],[8889, 28289],[8910, 28300],[8940, 28312],[8960, 28319],[8983, 28326],[9016, 28333],[9038, 28336],[9070, 28341],[9099, 28343],[9188, 28343],[9213, 28341],[9237, 28338],[9270, 28331],[9293, 28324],[9325, 28311],[9338, 28305],[9367, 28289],[9391, 28275],[9401, 28269],[9416, 28259],[9429, 28249],[9448, 28234],[9466, 28219],[9476, 28209],[9491, 28191],[9506, 28172],[9516, 28159],[9524, 28147],[9540, 28125],[9541, 28124],[9552, 28111],[9567, 28093],[9586, 28073],[9591, 28069],[9599, 28062],[9612, 28049],[9624, 28054],[9647, 28061],[9673, 28068],[9699, 28073],[9723, 28076],[9748, 28078],[9753, 28078],[9778, 28076],[9802, 28073],[9835, 28066],[9858, 28059],[9893, 28045],[9914, 28034],[9945, 28013],[9964, 27998],[9997, 27965],[10012, 27946],[10033, 27915],[10044, 27894],[10058, 27859],[10065, 27836],[10072, 27803],[10075, 27779],[10075, 27729],[10072, 27705],[10065, 27672],[10058, 27649],[10044, 27614],[10033, 27593],[10012, 27562],[9997, 27543],[9982, 27525],[9977, 27520],[9959, 27505],[9940, 27490],[9909, 27469],[9897, 27463],[9881, 27451],[9870, 27442],[9840, 27412],[9822, 27397],[9810, 27387],[9800, 27377],[9786, 27365],[9777, 27358],[9758, 27343],[9740, 27329],[9729, 27321],[9717, 27312],[9707, 27305],[9691, 27293],[9676, 27277],[9655, 27259],[9636, 27244],[9605, 27223],[9584, 27212],[9571, 27206],[9556, 27199],[9543, 27194],[9530, 27189],[9517, 27185],[9509, 27167],[9498, 27146],[9492, 27136],[9477, 27111],[9470, 27100],[9450, 27071],[9434, 27049],[9447, 27032],[9468, 27001],[9479, 26980],[9493, 26945],[9500, 26922],[9507, 26889],[9510, 26865],[9510, 26815],[9507, 26791],[9500, 26758],[9493, 26735],[9479, 26700],[9468, 26679],[9447, 26648],[9432, 26629],[9399, 26596],[9380, 26581],[9349, 26560],[9328, 26549],[9293, 26535],[9270, 26528],[9259, 26525],[9244, 26520],[9221, 26513],[9212, 26510],[9211, 26510],[9201, 26500],[9201, 26498],[9208, 26478],[9215, 26455],[9222, 26422],[9225, 26398],[9227, 26373],[9227, 26339],[9225, 26314],[9222, 26290],[9215, 26257],[9210, 26239],[9210, 26236],[9211, 26230],[9213, 26215],[9215, 26195],[9216, 26180],[9217, 26167],[9217, 26069],[9215, 26044],[9212, 26020],[9205, 25987],[9198, 25964],[9188, 25939],[9186, 25934],[9175, 25907],[9169, 25894],[9158, 25873],[9137, 25842],[9131, 25833],[9148, 25814],[9157, 25803],[9171, 25786],[9172, 25785],[9181, 25777],[9194, 25763],[9198, 25759],[9207, 25750],[9222, 25733],[9228, 25725],[9236, 25714],[9248, 25701],[9259, 25685],[9261, 25682],[9269, 25668],[9274, 25660],[9284, 25647],[9301, 25620],[9312, 25599],[9324, 25569],[9331, 25549],[9338, 25526],[9339, 25520],[9344, 25507],[9351, 25486],[9358, 25463],[9365, 25430],[9368, 25406],[9369, 25394],[9369, 25389],[9370, 25383],[9372, 25370],[9373, 25359],[9374, 25341],[9374, 25333],[9375, 25328],[9387, 25300],[9393, 25286],[9403, 25257],[9412, 25227],[9416, 25209],[9417, 25206],[9423, 25190],[9426, 25183],[9439, 25151],[9444, 25136],[9448, 25127],[9454, 25114],[9459, 25102],[9472, 25063],[9475, 25049],[9478, 25036],[9481, 25011],[9482, 24997],[9483, 24983],[9483, 24909],[9481, 24884],[9478, 24860],[9476, 24849],[9476, 24846],[9473, 24821],[9470, 24805],[9467, 24792],[9457, 24762],[9455, 24756],[9451, 24746],[9440, 24720],[9432, 24705],[9426, 24693],[9420, 24680],[9409, 24659],[9389, 24628],[9363, 24595],[9360, 24591],[9355, 24584],[9346, 24573],[9336, 24561],[9324, 24547],[9309, 24532],[9299, 24524],[9288, 24512],[9282, 24506],[9275, 24498],[9250, 24473],[9242, 24466],[9236, 24460],[9234, 24458],[9228, 24452],[9221, 24444],[9201, 24424],[9183, 24409],[9164, 24394],[9138, 24376],[9124, 24368],[9144, 24373],[9154, 24375],[9166, 24377],[9196, 24381],[9223, 24383],[9249, 24383],[9269, 24382],[9309, 24378],[9348, 24370],[9387, 24358],[9422, 24343],[9458, 24324],[9490, 24303],[9521, 24278],[9551, 24248],[9576, 24217],[9580, 24211],[9584, 24218],[9585, 24222],[9588, 24231],[9594, 24250],[9597, 24259],[9602, 24274],[9615, 24305],[9621, 24317],[9625, 24325],[9632, 24340],[9640, 24361],[9646, 24377],[9669, 24427],[9671, 24432],[9675, 24445],[9675, 24496],[9677, 24522],[9681, 24553],[9684, 24571],[9687, 24583],[9695, 24616],[9700, 24632],[9705, 24649],[9708, 24663],[9713, 24685],[9725, 24724],[9729, 24736],[9732, 24745],[9743, 24790],[9751, 24822],[9762, 24862],[9763, 24868],[9768, 24891],[9773, 24910],[9778, 24925],[9785, 24945],[9792, 24964],[9805, 24990],[9813, 25005],[9830, 25039],[9849, 25075],[9858, 25092],[9879, 25124],[9904, 25155],[9918, 25171],[9926, 25179],[9938, 25190],[9958, 25207],[9970, 25216],[9959, 25251],[9943, 25307],[9937, 25328],[9932, 25346],[9928, 25367],[9924, 25395],[9922, 25423],[9922, 25509],[9923, 25529],[9927, 25569],[9935, 25608],[9936, 25619],[9944, 25658],[9953, 25685],[9948, 25709],[9944, 25729],[9942, 25748],[9940, 25776],[9939, 25790],[9939, 25808],[9938, 25823],[9937, 25832],[9935, 25846],[9932, 25857],[9927, 25882],[9924, 25913],[9923, 25938],[9922, 26016],[9924, 26044],[9928, 26072],[9932, 26093],[9937, 26111],[9944, 26136],[9956, 26175],[9971, 26210],[9990, 26246],[10011, 26278],[10036, 26309],[10050, 26325],[10058, 26333],[10076, 26349],[10108, 26374],[10136, 26392],[10171, 26411],[10208, 26427],[10209, 26427],[10223, 26434],[10249, 26444],[10288, 26456],[10327, 26464],[10367, 26468],[10387, 26469],[10420, 26469],[10440, 26468],[10480, 26464],[10510, 26458],[10529, 26456],[10568, 26448],[10607, 26436],[10642, 26421],[10678, 26402],[10692, 26394],[10703, 26387],[10715, 26381],[10740, 26367],[10765, 26350],[10766, 26350],[10773, 26345],[10793, 26331],[10824, 26306],[10840, 26292],[10865, 26267],[10879, 26251],[10904, 26220],[10917, 26202],[10919, 26198],[10931, 26184],[10941, 26169],[10942, 26168],[10943, 26170],[10962, 26229],[10974, 26256],[10976, 26261],[10980, 26273],[10988, 26294],[10996, 26316],[11008, 26340],[11026, 26375],[11045, 26411],[11066, 26443],[11091, 26474],[11095, 26480],[11117, 26509],[11118, 26511],[11129, 26530],[11148, 26558],[11164, 26578],[11172, 26592],[11189, 26616],[11214, 26647],[11224, 26657],[11231, 26671],[11236, 26682],[11243, 26695],[11247, 26705],[11255, 26720],[11269, 26745],[11286, 26770],[11293, 26779],[11295, 26782],[11299, 26789],[11319, 26816],[11352, 26853],[11378, 26877],[11410, 26902],[11438, 26920],[11449, 26926],[11460, 26935],[11488, 26953],[11523, 26972],[11556, 26986],[11580, 26994],[11589, 26997],[11607, 27001],[11619, 27007],[11629, 27009],[11640, 27014],[11643, 27018],[11657, 27034],[11665, 27042],[11683, 27058],[11715, 27083],[11732, 27094],[11741, 27102],[11748, 27108],[11764, 27119],[11789, 27135],[11799, 27141],[11813, 27149],[11836, 27162],[11854, 27172],[11856, 27172],[11867, 27179],[11869, 27180],[11875, 27184],[11910, 27203],[11940, 27218],[11967, 27232],[11978, 27238],[11989, 27243],[12009, 27250],[12036, 27259],[12044, 27262],[12051, 27265],[12079, 27279],[12112, 27293],[12123, 27296],[12153, 27309],[12156, 27310],[12169, 27316],[12182, 27322],[12215, 27333],[12221, 27335],[12226, 27339],[12254, 27357],[12256, 27358],[12274, 27366],[12289, 27376],[12326, 27392],[12357, 27401],[12394, 27409],[12416, 27409],[12416, 27392],[12352, 27392],[12352, 27264],[12416, 27264],[12416, 27210],[12385, 27200],[12352, 27200],[12352, 27182],[12350, 27181],[12318, 27156],[12316, 27153],[12313, 27152],[12309, 27150],[12300, 27148],[12294, 27146],[12293, 27146],[12285, 27143],[12265, 27139],[12255, 27134],[12254, 27134],[12251, 27133],[12238, 27126],[12237, 27126],[12234, 27124],[12230, 27123],[12212, 27117],[12198, 27109],[12171, 27101],[12142, 27085],[12138, 27084],[12117, 27073],[12111, 27072],[12104, 27070],[12099, 27069],[12088, 27065],[12072, 27060],[12067, 27057],[12061, 27055],[12048, 27047],[12031, 27039],[12022, 27033],[12021, 27032],[12020, 27031],[12006, 27027],[11971, 27008],[11968, 27008],[11968, 27006],[11960, 26999],[11953, 26996],[11948, 26994],[11943, 26991],[11937, 26989],[11924, 26981],[11913, 26975],[11912, 26974],[11897, 26966],[11887, 26958],[11872, 26950],[11864, 26944],[11840, 26944],[11840, 26926],[11839, 26925],[11807, 26900],[11803, 26895],[11799, 26892],[11789, 26880],[11776, 26880],[11776, 26863],[11754, 26846],[11752, 26845],[11751, 26845],[11748, 26844],[11735, 26837],[11734, 26837],[11731, 26835],[11726, 26833],[11724, 26832],[11699, 26818],[11682, 26816],[11648, 26816],[11648, 26806],[11643, 26804],[11640, 26803],[11619, 26796],[11584, 26777],[11559, 26758],[11534, 26744],[11502, 26719],[11492, 26707],[11469, 26682],[11462, 26670],[11458, 26664],[11453, 26659],[11451, 26656],[11450, 26655],[11444, 26647],[11436, 26631],[11430, 26622],[11428, 26617],[11425, 26611],[11424, 26607],[11417, 26594],[11416, 26592],[11409, 26578],[11408, 26576],[11403, 26565],[11397, 26556],[11395, 26551],[11392, 26545],[11390, 26539],[11389, 26537],[11379, 26529],[11377, 26526],[11370, 26521],[11345, 26490],[11332, 26465],[11329, 26463],[11304, 26432],[11289, 26403],[11288, 26403],[11286, 26400],[11285, 26399],[11279, 26391],[11274, 26382],[11255, 26358],[11252, 26352],[11251, 26351],[11247, 26348],[11222, 26317],[11203, 26281],[11202, 26279],[11186, 26248],[11185, 26244],[11178, 26231],[11171, 26210],[11170, 26207],[11164, 26188],[11161, 26182],[11160, 26180],[11153, 26166],[11146, 26142],[11145, 26141],[11138, 26117],[11137, 26116],[11132, 26100],[11130, 26097],[11130, 26096],[11130, 26095],[11127, 26090],[11121, 26075],[11114, 26059],[11112, 26054],[11112, 26053],[11112, 26052],[11106, 26034],[11103, 26021],[11102, 26017],[11098, 26012],[11093, 26003],[11089, 25997],[11084, 25986],[11083, 25984],[11076, 25976],[11063, 25954],[11057, 25946],[11044, 25921],[11041, 25918],[11032, 25911],[11028, 25906],[11024, 25903],[11016, 25895],[11002, 25878],[10996, 25871],[10994, 25868],[10991, 25864],[10988, 25858],[10987, 25857],[10984, 25856],[10959, 25843],[10951, 25840],[10916, 25821],[10902, 25810],[10891, 25804],[10883, 25798],[10870, 25791],[10859, 25784],[10850, 25779],[10847, 25776],[10841, 25795],[10840, 25797],[10840, 25798],[10840, 25806],[10840, 25814],[10840, 25823],[10840, 25839],[10840, 25847],[10840, 25856],[10840, 25864],[10836, 25904],[10824, 25943],[10823, 25944],[10816, 25968],[10808, 25983],[10800, 26009],[10784, 26039],[10779, 26050],[10775, 26056],[10772, 26061],[10762, 26074],[10755, 26083],[10752, 26086],[10748, 26094],[10723, 26125],[10714, 26134],[10706, 26142],[10698, 26150],[10667, 26175],[10656, 26181],[10654, 26183],[10651, 26185],[10650, 26186],[10642, 26192],[10626, 26200],[10617, 26206],[10612, 26208],[10606, 26211],[10604, 26212],[10594, 26217],[10584, 26225],[10548, 26244],[10509, 26256],[10475, 26259],[10460, 26264],[10420, 26268],[10387, 26268],[10347, 26264],[10308, 26252],[10298, 26246],[10295, 26245],[10291, 26244],[10287, 26242],[10282, 26240],[10267, 26235],[10232, 26216],[10200, 26191],[10192, 26183],[10167, 26152],[10148, 26116],[10136, 26077],[10135, 26071],[10134, 26067],[10130, 26056],[10129, 26051],[10127, 26044],[10126, 26032],[10123, 26016],[10123, 26008],[10123, 26004],[10123, 25988],[10123, 25979],[10123, 25971],[10123, 25963],[10123, 25946],[10124, 25936],[10124, 25921],[10127, 25910],[10127, 25906],[10129, 25900],[10133, 25883],[10135, 25870],[10136, 25857],[10137, 25853],[10138, 25848],[10140, 25840],[10140, 25839],[10140, 25814],[10140, 25806],[10140, 25802],[10140, 25798],[10140, 25790],[10141, 25778],[10142, 25762],[10143, 25756],[10144, 25750],[10147, 25742],[10150, 25728],[10150, 25721],[10151, 25715],[10152, 25709],[10155, 25701],[10159, 25681],[10164, 25671],[10164, 25670],[10164, 25669],[10148, 25638],[10136, 25599],[10133, 25568],[10127, 25549],[10123, 25509],[10123, 25493],[10123, 25476],[10123, 25468],[10123, 25452],[10123, 25435],[10123, 25431],[10123, 25423],[10126, 25407],[10127, 25395],[10129, 25388],[10130, 25383],[10134, 25372],[10135, 25368],[10136, 25362],[10148, 25323],[10151, 25318],[10152, 25305],[10164, 25266],[10165, 25265],[10172, 25241],[10178, 25229],[10180, 25224],[10183, 25219],[10185, 25213],[10193, 25200],[10196, 25195],[10197, 25191],[10210, 25166],[10211, 25166],[10213, 25158],[10221, 25144],[10191, 25128],[10166, 25109],[10141, 25095],[10109, 25070],[10102, 25063],[10100, 25062],[10096, 25059],[10088, 25054],[10079, 25046],[10068, 25037],[10060, 25029],[10035, 24998],[10026, 24981],[10007, 24945],[10006, 24943],[9999, 24929],[9998, 24926],[9993, 24916],[9991, 24913],[9982, 24896],[9979, 24888],[9974, 24879],[9971, 24868],[9967, 24859],[9965, 24851],[9962, 24840],[9961, 24828],[9959, 24819],[9959, 24817],[9956, 24809],[9956, 24806],[9952, 24790],[9944, 24767],[9941, 24751],[9938, 24742],[9937, 24734],[9936, 24730],[9926, 24695],[9924, 24686],[9921, 24675],[9920, 24671],[9917, 24665],[9905, 24626],[9903, 24607],[9902, 24603],[9900, 24599],[9898, 24591],[9890, 24569],[9882, 24536],[9881, 24531],[9880, 24527],[9879, 24514],[9876, 24496],[9876, 24490],[9876, 24487],[9876, 24471],[9876, 24462],[9876, 24454],[9876, 24446],[9876, 24438],[9876, 24430],[9876, 24421],[9876, 24413],[9876, 24405],[9876, 24404],[9873, 24398],[9867, 24384],[9861, 24369],[9859, 24362],[9858, 24360],[9858, 24359],[9856, 24355],[9830, 24296],[9829, 24294],[9818, 24261],[9817, 24260],[9803, 24234],[9803, 24233],[9803, 24232],[9800, 24227],[9794, 24212],[9787, 24196],[9785, 24191],[9785, 24190],[9785, 24189],[9779, 24171],[9776, 24158],[9773, 24148],[9773, 24145],[9760, 24121],[9752, 24095],[9746, 24082],[9738, 24058],[9736, 24049],[9729, 24034],[9727, 24031],[9724, 24028],[9719, 24025],[9712, 24019],[9697, 24007],[9692, 24000],[9689, 23998],[9685, 23994],[9678, 23987],[9653, 23973],[9634, 23960],[9612, 23960],[9608, 23960],[9600, 23960],[9584, 23957],[9583, 23957],[9560, 23959],[9545, 23964],[9505, 23968],[9470, 23968],[9469, 23973],[9468, 23983],[9456, 24022],[9449, 24035],[9448, 24039],[9445, 24045],[9443, 24050],[9437, 24059],[9429, 24075],[9427, 24077],[9420, 24091],[9395, 24122],[9364, 24147],[9328, 24166],[9289, 24178],[9249, 24182],[9233, 24182],[9230, 24182],[9223, 24182],[9203, 24179],[9193, 24178],[9190, 24177],[9183, 24176],[9165, 24169],[9162, 24168],[9154, 24167],[9143, 24163],[9135, 24162],[9096, 24150],[9061, 24131],[9029, 24106],[9004, 24075],[8985, 24039],[8973, 24000],[8969, 23960],[8969, 23951],[8969, 23943],[8969, 23935],[8969, 23927],[8969, 23918],[8969, 23910],[8969, 23905],[8969, 23895],[8972, 23876],[8973, 23870],[8974, 23866],[8976, 23856],[8982, 23841],[8985, 23831],[8986, 23829],[8986, 23826],[8989, 23806],[8990, 23796],[8991, 23793],[8992, 23786],[8999, 23768],[9002, 23757],[9004, 23753],[9006, 23748],[9014, 23731],[9016, 23728],[9020, 23715],[9020, 23714],[9022, 23703],[9023, 23697],[9024, 23693],[9026, 23683],[9032, 23668],[9035, 23658],[9038, 23652],[9041, 23645],[9041, 23644],[9045, 23633],[9049, 23624],[9051, 23617],[9056, 23609],[9056, 23608],[9056, 23605],[9068, 23566],[9092, 23509],[9099, 23496],[9102, 23488],[9103, 23482],[9110, 23460],[9111, 23445],[9112, 23439],[9113, 23433],[9116, 23425],[9120, 23405],[9130, 23376],[9133, 23366],[9136, 23354],[9136, 23348],[9137, 23342],[9138, 23334],[9141, 23326],[9142, 23318],[9142, 23313],[9145, 23297],[9146, 23285],[9148, 23278],[9149, 23273],[9153, 23262],[9158, 23246],[9159, 23244],[9159, 23242],[9159, 23226],[9159, 23223],[9159, 23217],[9162, 23199],[9163, 23186],[9164, 23182],[9165, 23177],[9167, 23169],[9167, 23160],[9167, 23152],[9167, 23149],[9167, 23143],[9170, 23125],[9171, 23112],[9172, 23108],[9173, 23103],[9175, 23093],[9175, 23087],[9178, 23068],[9179, 23062],[9180, 23058],[9182, 23048],[9183, 23045],[9183, 23036],[9183, 23020],[9183, 23003],[9184, 22993],[9184, 22978],[9187, 22967],[9187, 22963],[9189, 22957],[9192, 22941],[9193, 22936],[9193, 22923],[9195, 22913],[9196, 22906],[9199, 22896],[9202, 22883],[9207, 22869],[9208, 22860],[9208, 22854],[9211, 22836],[9212, 22823],[9213, 22819],[9214, 22814],[9222, 22781],[9222, 22780],[9223, 22776],[9232, 22743],[9243, 22715],[9247, 22699],[9255, 22677],[9255, 22676],[9261, 22652],[9265, 22644],[9279, 22616],[9286, 22604],[9292, 22586],[9299, 22570],[9299, 22567],[9299, 22566],[9303, 22526],[9304, 22524],[9311, 22486],[9312, 22482],[9313, 22476],[9321, 22443],[9321, 22442],[9329, 22407],[9329, 22405],[9331, 22397],[9334, 22390],[9335, 22374],[9336, 22371],[9336, 22370],[9338, 22365],[9346, 22335],[9362, 22294],[9369, 22280],[9371, 22275],[9386, 22246],[9393, 22231],[9394, 22229],[9395, 22227],[9402, 22213],[9403, 22211],[9424, 22177],[9427, 22174],[9448, 22146],[9451, 22143],[9458, 22133],[9466, 22124],[9469, 22122],[9493, 22093],[9504, 22076],[9510, 22068],[9512, 22065],[9578, 21975],[9587, 21964],[9598, 21951],[9612, 21937],[9614, 21933],[9615, 21931],[9619, 21925],[9628, 21914],[9639, 21901],[9664, 21876],[9738, 21802],[9771, 21769],[9776, 21765],[9818, 21724],[9821, 21720],[9895, 21646],[9899, 21643],[9896, 21638],[9890, 21628],[9887, 21622],[9884, 21615],[9881, 21605],[9875, 21590],[9873, 21580],[9872, 21576],[9871, 21570],[9868, 21551],[9868, 21541],[9868, 21536],[9868, 21532],[9868, 21528],[9869, 21516],[9871, 21492],[9872, 21489],[9872, 21488],[9874, 21483],[9882, 21453],[9884, 21449],[9900, 21417],[9916, 21392],[9921, 21385],[9922, 21384],[9960, 21330],[9963, 21325],[9975, 21311],[9988, 21296],[9990, 21293],[10005, 21274],[10009, 21268],[10014, 21263],[10015, 21261],[10016, 21261],[10067, 21202],[10071, 21198],[10076, 21192],[10084, 21184],[10096, 21173],[10108, 21156],[10114, 21149],[10126, 21134],[10150, 21110],[10174, 21086],[10175, 21084],[10200, 21052],[10232, 21027],[10234, 21026],[10246, 21013],[10252, 21005],[10265, 20989],[10274, 20978],[10278, 20974],[10299, 20953],[10307, 20945],[10310, 20943],[10319, 20933],[10320, 20932],[10326, 20925],[10340, 20914],[10349, 20906],[10351, 20905],[10359, 20895],[10365, 20887],[10366, 20886],[10373, 20879],[10378, 20875],[10381, 20870],[10384, 20866],[10389, 20858],[10397, 20849],[10406, 20838],[10408, 20836],[10414, 20829],[10415, 20828],[10417, 20826],[10442, 20802],[10444, 20800],[10451, 20793],[10455, 20788],[10467, 20779],[10481, 20766],[10493, 20759],[10505, 20747],[10537, 20722],[10539, 20721],[10546, 20714],[10561, 20702],[10568, 20696],[10570, 20693],[10572, 20691],[10574, 20688],[10584, 20678],[10598, 20663],[10601, 20661],[10603, 20659],[10613, 20652],[10631, 20640],[10636, 20638],[10637, 20637],[10652, 20626],[10655, 20623],[10655, 20622],[10656, 20621],[10657, 20620],[10687, 20593],[10700, 20585],[10726, 20559],[10729, 20557],[10732, 20553],[10742, 20544],[10744, 20541],[10752, 20533],[10769, 20516],[10785, 20500],[10794, 20492],[10802, 20483],[10818, 20467],[10835, 20450],[10867, 20425],[10870, 20423],[10892, 20401],[10901, 20393],[10909, 20384],[10917, 20376],[10924, 20369],[10925, 20368],[10933, 20362],[10955, 20344],[10980, 20327],[10993, 20320],[11004, 20313],[11006, 20312],[11008, 20310],[11024, 20294],[11033, 20287],[11040, 20280],[11051, 20273],[11056, 20269],[11059, 20267],[11065, 20263],[11087, 20245],[11112, 20228],[11123, 20222],[11138, 20205],[11142, 20202],[11144, 20200],[11152, 20195],[11171, 20180],[11176, 20178],[11177, 20177],[11181, 20175],[11190, 20171],[11213, 20153],[11215, 20152],[11222, 20145],[11230, 20137],[11234, 20133],[11238, 20129],[11247, 20122],[11254, 20115],[11255, 20114],[11263, 20104],[11295, 20079],[11303, 20075],[11308, 20070],[11342, 20049],[11344, 20048],[11355, 20042],[11356, 20042],[11361, 20038],[11367, 20035],[11379, 20027],[11387, 20023],[11389, 20020],[11396, 20014],[11402, 20007],[11411, 20000],[11419, 19993],[11426, 19989],[11435, 19982],[11449, 19976],[11453, 19973],[11470, 19965],[11482, 19959],[11484, 19958],[11486, 19957],[11490, 19955],[11506, 19946],[11513, 19943],[11518, 19939],[11553, 19920],[11574, 19914],[11583, 19908],[11621, 19894],[11661, 19887],[11669, 19887],[11677, 19883],[11690, 19875],[11696, 19873],[11701, 19870],[11709, 19867],[11734, 19854],[11754, 19848],[11757, 19845],[11763, 19841],[11765, 19840],[11771, 19836],[11791, 19825],[11808, 19817],[11813, 19815],[11817, 19813],[11828, 19810],[11836, 19807],[11837, 19806],[11850, 19801],[11858, 19796],[11865, 19794],[11874, 19790],[11885, 19787],[11894, 19782],[11897, 19779],[11904, 19775],[11905, 19774],[11909, 19772],[11932, 19758],[11939, 19756],[11940, 19755],[11948, 19753],[11970, 19745],[11971, 19745],[11998, 19730],[12019, 19724],[12026, 19720],[12033, 19717],[12039, 19714],[12040, 19714],[12056, 19705],[12080, 19698],[12084, 19695],[12096, 19689],[12108, 19682],[12109, 19682],[12110, 19681],[12113, 19680],[12123, 19676],[12146, 19666],[12157, 19662],[12158, 19662],[12160, 19661],[12162, 19660],[12166, 19658],[12182, 19649],[12219, 19633],[12222, 19632],[12229, 19627],[12231, 19626],[12235, 19624],[12257, 19614],[12262, 19611],[12275, 19603],[12281, 19601],[12286, 19598],[12302, 19593],[12313, 19589],[12316, 19589],[12318, 19588],[12327, 19582],[12344, 19573],[12353, 19569],[12361, 19565],[12364, 19564],[12367, 19562],[12369, 19561],[12374, 19559],[12377, 19557],[12378, 19557],[12391, 19550],[12394, 19549],[12395, 19549],[12405, 19544],[12417, 19541],[12424, 19537],[12430, 19535],[12435, 19532],[12438, 19531],[12451, 19524],[12475, 19517],[12476, 19516],[12486, 19513],[12489, 19511],[12525, 19491],[12550, 19483],[12563, 19479],[12589, 19471],[12595, 19469],[12600, 19466],[12616, 19461],[12627, 19457],[12632, 19456],[12639, 19454],[12643, 19454],[12644, 19453],[12657, 19450],[12676, 19444],[12682, 19441],[12684, 19440],[12686, 19439],[12702, 19431],[12707, 19429],[12712, 19427],[12715, 19425],[12716, 19425],[12729, 19418],[12732, 19417],[12733, 19417],[12739, 19414],[12748, 19409],[12752, 19408],[12781, 19392],[12788, 19390],[12797, 19384],[12814, 19375],[12823, 19371],[12831, 19367],[12834, 19366],[12864, 19351],[12870, 19348],[12872, 19348],[12884, 19340],[12900, 19332],[12907, 19329],[12913, 19326],[12923, 19323],[12938, 19317],[12939, 19317],[12954, 19309],[12963, 19305],[12971, 19301],[12974, 19300],[12987, 19293],[13026, 19281],[13036, 19280],[13044, 19278],[13045, 19277],[13056, 19274],[13074, 19267],[13081, 19266],[13084, 19265],[13094, 19264],[13110, 19262],[13125, 19257],[13165, 19253],[13174, 19253],[13179, 19251],[13184, 19250],[13191, 19248],[13203, 19247],[13219, 19244],[13227, 19244],[13231, 19244],[13536, 19244],[13546, 19245],[13555, 19245],[13564, 19247],[13576, 19248],[13587, 19251],[13595, 19253],[13616, 19253],[13630, 19250],[13636, 19248],[13640, 19248],[13651, 19245],[13666, 19245],[13676, 19244],[13718, 19244],[13726, 19242],[13731, 19241],[13735, 19240],[13748, 19239],[13766, 19236],[13772, 19236],[13775, 19236],[14060, 19236],[14073, 19232],[14113, 19228],[14196, 19228],[14236, 19232],[14250, 19236],[14254, 19236],[14272, 19239],[14285, 19240],[14289, 19241],[14294, 19242],[14302, 19244],[14336, 19244],[14346, 19245],[14361, 19245],[14372, 19248],[14376, 19248],[14382, 19250],[14396, 19253],[14402, 19253],[14442, 19257],[14474, 19267],[14475, 19267],[14508, 19275],[14514, 19277],[14516, 19277],[14535, 19280],[14541, 19281],[14545, 19282],[14555, 19284],[14570, 19290],[14580, 19293],[14587, 19296],[14592, 19299],[14593, 19299],[14600, 19300],[14610, 19304],[14619, 19304],[14625, 19305],[14631, 19306],[14639, 19309],[14659, 19313],[14669, 19318],[14670, 19318],[14671, 19319],[14675, 19319],[14684, 19319],[14693, 19321],[14705, 19322],[14716, 19325],[14724, 19327],[14733, 19331],[14744, 19334],[14750, 19337],[14761, 19341],[14769, 19342],[14784, 19348],[14794, 19351],[14801, 19354],[14801, 19355],[14804, 19355],[14843, 19367],[14845, 19368],[14847, 19368],[14887, 19372],[14910, 19379],[14920, 19380],[14959, 19392],[14973, 19399],[14975, 19400],[15007, 19417],[15008, 19417],[15033, 19425],[15045, 19431],[15046, 19432],[15050, 19433],[15055, 19436],[15056, 19436],[15059, 19437],[15068, 19438],[15107, 19450],[15143, 19469],[15174, 19494],[15178, 19498],[15184, 19502],[15189, 19504],[15196, 19508],[15198, 19508],[15203, 19510],[15225, 19521],[15230, 19525],[15234, 19527],[15235, 19528],[15248, 19532],[15251, 19534],[15255, 19535],[15275, 19547],[15284, 19552],[15289, 19555],[15290, 19556],[15297, 19561],[15313, 19565],[15341, 19576],[15349, 19579],[15361, 19585],[15374, 19588],[15379, 19590],[15389, 19592],[15402, 19597],[15412, 19601],[15418, 19604],[15426, 19608],[15429, 19609],[15432, 19610],[15439, 19611],[15442, 19612],[15449, 19613],[15467, 19620],[15470, 19621],[15478, 19622],[15485, 19625],[15493, 19627],[15497, 19627],[15503, 19629],[15521, 19633],[15532, 19638],[15536, 19639],[15541, 19642],[15543, 19642],[15561, 19648],[15574, 19651],[15584, 19656],[15585, 19656],[15589, 19658],[15610, 19668],[15614, 19671],[15618, 19672],[15654, 19691],[15675, 19708],[15695, 19710],[15734, 19722],[15770, 19741],[15801, 19766],[15804, 19770],[15809, 19774],[15834, 19806],[15853, 19841],[15861, 19868],[15869, 19882],[15875, 19901],[15875, 19902],[15878, 19907],[15883, 19923],[15887, 19934],[15888, 19939],[15890, 19946],[15891, 19958],[15894, 19974],[15894, 19982],[15894, 19986],[15894, 19989],[15896, 19994],[15897, 20001],[15898, 20004],[15899, 20014],[15901, 20025],[15903, 20031],[15905, 20041],[15906, 20045],[15907, 20051],[15907, 20054],[15912, 20055],[15914, 20056],[15927, 20048],[15933, 20046],[15938, 20043],[15954, 20038],[15965, 20034],[15968, 20034],[16002, 20023],[16042, 20019],[16045, 20019],[16050, 20017],[16057, 20016],[16060, 20015],[16070, 20014],[16086, 20012],[16101, 20007],[16141, 20003],[16166, 20003],[16206, 20007],[16245, 20019],[16246, 20020],[16254, 20022],[16264, 20023],[16298, 20033],[16332, 20023],[16372, 20019],[16380, 20019],[16420, 20023],[16459, 20035],[16495, 20054],[16526, 20079],[16551, 20111],[16570, 20146],[16582, 20185],[16584, 20207],[16586, 20212],[16595, 20229],[16600, 20245],[16602, 20252],[16603, 20253],[16605, 20261],[16613, 20283],[16619, 20309],[16624, 20319],[16626, 20324],[16628, 20328],[16629, 20331],[16636, 20344],[16648, 20383],[16649, 20393],[16650, 20396],[16653, 20402],[16665, 20441],[16669, 20481],[16669, 20489],[16669, 20497],[16669, 20505],[16669, 20514],[16669, 20522],[16667, 20540],[16669, 20551],[16669, 20559],[16669, 20563],[16669, 20571],[16669, 20580],[16669, 20588],[16669, 20596],[16669, 20604],[16669, 20613],[16669, 20621],[16669, 20629],[16669, 20637],[16669, 20646],[16669, 20654],[16669, 20662],[16669, 20670],[16669, 20679],[16669, 20687],[16665, 20727],[16660, 20743],[16660, 20745],[16660, 20750],[16660, 20760],[16657, 20779],[16656, 20785],[16655, 20789],[16653, 20799],[16652, 20802],[16652, 20810],[16652, 20827],[16652, 20852],[16653, 20855],[16654, 20859],[16660, 20862],[16666, 20867],[16671, 20870],[16678, 20876],[16687, 20884],[16693, 20887],[16724, 20912],[16743, 20936],[16760, 20950],[16767, 20955],[16768, 20956],[16774, 20961],[16777, 20965],[16789, 20972],[16797, 20980],[16801, 20981],[16831, 20996],[16837, 20999],[16840, 21001],[16873, 21021],[16875, 21022],[16896, 21035],[16896, 20928],[17065, 20928],[17060, 20919],[17033, 20888],[17001, 20864],[16979, 20850],[16941, 20827],[16927, 20820],[16907, 20810],[16899, 20804],[16892, 20798],[16886, 20793],[16881, 20787],[16861, 20767],[16865, 20747],[16869, 20707],[16870, 20687],[16870, 20481],[16869, 20461],[16865, 20421],[16857, 20382],[16846, 20347],[16840, 20324],[16828, 20285],[16815, 20254],[16812, 20247],[16805, 20224],[16785, 20166],[16778, 20148],[16774, 20126],[16762, 20087],[16746, 20050],[16727, 20015],[16709, 19987],[16684, 19955],[16652, 19923],[16621, 19898],[16589, 19877],[16553, 19858],[16518, 19843],[16479, 19831],[16440, 19823],[16400, 19819],[16380, 19818],[16372, 19818],[16352, 19819],[16312, 19823],[16302, 19825],[16259, 19814],[16226, 19807],[16186, 19803],[16166, 19802],[16141, 19802],[16121, 19803],[16081, 19807],[16057, 19812],[16048, 19792],[16045, 19782],[16029, 19745],[16010, 19710],[15992, 19682],[15967, 19650],[15951, 19632],[15943, 19624],[15927, 19610],[15896, 19585],[15864, 19564],[15828, 19545],[15793, 19530],[15755, 19519],[15748, 19514],[15712, 19495],[15697, 19487],[15672, 19475],[15657, 19468],[15619, 19455],[15618, 19455],[15607, 19451],[15596, 19447],[15570, 19438],[15547, 19433],[15533, 19429],[15508, 19421],[15492, 19417],[15485, 19414],[15462, 19405],[15441, 19398],[15434, 19396],[15419, 19391],[15390, 19380],[15376, 19373],[15356, 19362],[15334, 19351],[15327, 19348],[15320, 19345],[15312, 19340],[15293, 19331],[15265, 19309],[15237, 19292],[15201, 19273],[15166, 19258],[15127, 19246],[15120, 19244],[15118, 19243],[15092, 19233],[15084, 19231],[15069, 19223],[15049, 19213],[15018, 19200],[14979, 19188],[14967, 19185],[14934, 19177],[14907, 19172],[14886, 19170],[14870, 19165],[14862, 19162],[14837, 19153],[14808, 19144],[14790, 19138],[14775, 19133],[14756, 19128],[14733, 19123],[14714, 19121],[14708, 19118],[14680, 19111],[14664, 19108],[14656, 19107],[14652, 19106],[14648, 19104],[14623, 19095],[14597, 19088],[14577, 19084],[14552, 19079],[14495, 19063],[14462, 19057],[14431, 19054],[14415, 19051],[14400, 19048],[14369, 19045],[14345, 19044],[14318, 19042],[14311, 19041],[14289, 19038],[14280, 19036],[14256, 19032],[14216, 19028],[14196, 19027],[14113, 19027],[14093, 19028],[14053, 19032],[14038, 19035],[13766, 19035],[13740, 19037],[13709, 19041],[13703, 19042],[13643, 19045],[13612, 19048],[13605, 19050],[13604, 19049],[13583, 19046],[13566, 19045],[13547, 19044],[13536, 19043],[13219, 19043],[13191, 19045],[13163, 19049],[13144, 19053],[13103, 19058],[13069, 19065],[13058, 19066],[13045, 19068],[13035, 19070],[13018, 19074],[12970, 19088],[12928, 19101],[12897, 19114],[12883, 19120],[12869, 19127],[12859, 19132],[12845, 19137],[12829, 19144],[12810, 19153],[12787, 19164],[12772, 19173],[12745, 19186],[12720, 19198],[12705, 19206],[12689, 19214],[12656, 19231],[12650, 19234],[12647, 19235],[12630, 19243],[12612, 19252],[12608, 19254],[12586, 19261],[12578, 19262],[12564, 19267],[12462, 19301],[12428, 19316],[12407, 19327],[12386, 19334],[12361, 19345],[12349, 19351],[12348, 19351],[12336, 19356],[12322, 19361],[12309, 19367],[12292, 19375],[12273, 19384],[12250, 19396],[12236, 19403],[12223, 19408],[12203, 19415],[12192, 19420],[12172, 19431],[12162, 19437],[12146, 19444],[12143, 19446],[12097, 19467],[12085, 19473],[12078, 19477],[12068, 19481],[12035, 19495],[12023, 19501],[12016, 19504],[12004, 19511],[11989, 19516],[11962, 19528],[11950, 19534],[11931, 19541],[11903, 19553],[11890, 19560],[11877, 19565],[11862, 19570],[11830, 19585],[11803, 19601],[11801, 19603],[11795, 19605],[11781, 19611],[11740, 19628],[11723, 19635],[11706, 19643],[11691, 19651],[11668, 19664],[11661, 19667],[11646, 19673],[11616, 19688],[11607, 19692],[11606, 19693],[11586, 19696],[11552, 19706],[11514, 19720],[11478, 19734],[11457, 19744],[11422, 19763],[11407, 19771],[11393, 19779],[11366, 19792],[11345, 19803],[11321, 19817],[11305, 19828],[11291, 19838],[11274, 19852],[11262, 19863],[11258, 19866],[11237, 19878],[11203, 19899],[11194, 19905],[11181, 19914],[11171, 19921],[11139, 19946],[11113, 19972],[11106, 19978],[11096, 19987],[11084, 19999],[11081, 20001],[11052, 20019],[11025, 20039],[11016, 20046],[11010, 20051],[10995, 20065],[10974, 20079],[10964, 20086],[10938, 20107],[10926, 20115],[10908, 20129],[10892, 20143],[10883, 20151],[10879, 20154],[10867, 20161],[10842, 20178],[10830, 20187],[10800, 20211],[10783, 20226],[10755, 20254],[10704, 20298],[10693, 20308],[10582, 20419],[10571, 20431],[10553, 20444],[10523, 20471],[10517, 20475],[10490, 20493],[10478, 20502],[10473, 20506],[10453, 20524],[10429, 20549],[10425, 20553],[10420, 20558],[10379, 20591],[10366, 20603],[10351, 20613],[10325, 20635],[10311, 20649],[10277, 20682],[10272, 20687],[10264, 20696],[10253, 20708],[10236, 20728],[10224, 20744],[10219, 20749],[10212, 20758],[10207, 20763],[10198, 20770],[10175, 20793],[10172, 20796],[10132, 20836],[10118, 20851],[10100, 20874],[10095, 20879],[10076, 20894],[10042, 20928],[10024, 20952],[9983, 20994],[9971, 21007],[9955, 21026],[9926, 21058],[9916, 21069],[9864, 21128],[9857, 21137],[9849, 21147],[9833, 21168],[9810, 21196],[9799, 21210],[9752, 21277],[9731, 21309],[9721, 21327],[9703, 21363],[9689, 21398],[9679, 21433],[9676, 21443],[9671, 21475],[9668, 21511],[9667, 21528],[9667, 21551],[9670, 21583],[9670, 21587],[9631, 21626],[9497, 21759],[9485, 21773],[9465, 21797],[9456, 21809],[9444, 21823],[9424, 21847],[9416, 21856],[9350, 21946],[9344, 21955],[9312, 21995],[9308, 22000],[9299, 22011],[9289, 22023],[9265, 22054],[9253, 22072],[9232, 22106],[9224, 22121],[9192, 22185],[9181, 22208],[9175, 22221],[9159, 22262],[9153, 22280],[9143, 22315],[9140, 22325],[9137, 22340],[9134, 22360],[9133, 22365],[9118, 22431],[9106, 22487],[9103, 22506],[9102, 22518],[9084, 22557],[9082, 22562],[9069, 22595],[9056, 22638],[9042, 22678],[9038, 22690],[9028, 22730],[9019, 22768],[9016, 22779],[9013, 22797],[9010, 22821],[9007, 22837],[9002, 22855],[8998, 22871],[8995, 22888],[8993, 22912],[8992, 22914],[8987, 22939],[8984, 22970],[8983, 22995],[8982, 23022],[8981, 23030],[8977, 23055],[8975, 23068],[8972, 23086],[8968, 23117],[8966, 23143],[8966, 23147],[8964, 23160],[8960, 23191],[8959, 23209],[8959, 23210],[8954, 23224],[8951, 23236],[8947, 23257],[8944, 23280],[8941, 23296],[8939, 23307],[8927, 23351],[8918, 23384],[8915, 23400],[8913, 23412],[8912, 23418],[8883, 23489],[8876, 23507],[8867, 23537],[8863, 23547],[8857, 23563],[8854, 23571],[8853, 23574],[8846, 23590],[8837, 23615],[8830, 23641],[8826, 23658],[8822, 23668],[8819, 23676],[8812, 23692],[8802, 23721],[8795, 23747],[8793, 23757],[8791, 23769],[8789, 23782],[8787, 23788],[8780, 23814],[8777, 23828],[8775, 23838],[8771, 23863],[8768, 23895],[8768, 23960],[8769, 23980],[8773, 24020],[8781, 24059],[8793, 24098],[8808, 24133],[8827, 24169],[8837, 24185],[8817, 24175],[8802, 24169],[8787, 24164],[8772, 24159],[8755, 24153],[8754, 24153],[8745, 24147],[8724, 24136],[8689, 24122],[8666, 24115],[8633, 24108],[8609, 24105],[8584, 24103],[8556, 24103],[8529, 24105],[8514, 24107],[8492, 24111],[8484, 24113],[8471, 24117],[8447, 24126],[8426, 24135],[8405, 24145],[8398, 24149],[8378, 24162],[8370, 24168],[8357, 24169],[8329, 24172],[8295, 24177],[8285, 24179],[8260, 24184],[8242, 24188],[8228, 24193],[8213, 24198],[8198, 24203],[8178, 24212],[8168, 24217],[8158, 24222],[8157, 24223],[8147, 24228],[8126, 24240],[8115, 24247],[8096, 24260],[8076, 24274],[8067, 24280],[8056, 24289],[8044, 24299],[8030, 24311],[8022, 24320],[8003, 24340],[7991, 24354],[7976, 24373],[7955, 24404],[7944, 24425],[7937, 24441],[7927, 24465],[7922, 24477],[7912, 24507],[7909, 24520],[7903, 24551],[7901, 24565],[7898, 24589],[7897, 24602],[7895, 24607],[7888, 24630],[7881, 24663],[7879, 24682],[7874, 24707],[7866, 24743],[7862, 24755],[7855, 24754],[7840, 24753],[7827, 24752],[7788, 24752],[7763, 24754],[7739, 24757],[7706, 24764],[7683, 24771],[7648, 24785],[7627, 24796],[7596, 24817],[7577, 24832],[7566, 24841],[7541, 24861],[7534, 24867],[7532, 24869],[7527, 24873],[7516, 24881],[7511, 24884],[7492, 24896],[7487, 24900],[7479, 24904],[7461, 24915],[7445, 24925],[7437, 24928],[7417, 24935],[7399, 24941],[7365, 24956],[7334, 24972],[7329, 24974],[7318, 24978],[7299, 24986],[7285, 24992],[7278, 24994],[7248, 25004],[7219, 25014],[7213, 25016],[7195, 25021],[7186, 25024],[7184, 25024],[7174, 25026],[7166, 25028],[7152, 25033],[7122, 25043],[7092, 25055],[7073, 25065],[7053, 25075],[7032, 25086],[7001, 25107],[6982, 25122],[6964, 25137],[6944, 25157],[6934, 25168],[6928, 25175],[6919, 25186],[6912, 25195],[6910, 25199],[6893, 25220],[6863, 25259],[6855, 25270],[6845, 25285],[6834, 25303],[6819, 25332],[6805, 25362],[6795, 25389],[6788, 25413],[6782, 25433],[6770, 25440],[6766, 25444],[6763, 25445],[6747, 25456],[6731, 25465],[6708, 25479],[6687, 25495],[6668, 25510],[6650, 25525],[6625, 25550],[6611, 25566],[6590, 25592],[6576, 25610],[6569, 25620],[6553, 25645],[6533, 25684],[6527, 25699],[6517, 25723],[6510, 25742],[6503, 25765],[6500, 25774],[6491, 25813],[6486, 25831],[6481, 25857],[6478, 25881],[6477, 25895],[6476, 25902],[6473, 25926],[6471, 25951],[6471, 26005],[6470, 26011],[6466, 26050],[6466, 26172],[6468, 26197],[6470, 26216],[6472, 26236],[6473, 26256],[6476, 26285],[6476, 26289],[6480, 26328],[6483, 26343],[6486, 26355],[6488, 26365],[6490, 26377],[6494, 26392],[6498, 26412],[6502, 26432],[6505, 26449],[6505, 26462],[6505, 26464],[6503, 26477],[6502, 26488],[6501, 26506],[6501, 26524],[6500, 26533],[6498, 26552],[6497, 26567],[6496, 26580],[6496, 26582],[6496, 26585],[6493, 26609],[6491, 26634],[6491, 26636],[6487, 26664],[6485, 26674],[6483, 26692],[6481, 26705],[6478, 26732],[6477, 26744],[6475, 26753],[6471, 26792],[6471, 26847],[6471, 26848],[6468, 26863],[6467, 26866],[6465, 26873],[6458, 26896],[6451, 26926],[6450, 26934],[6448, 26947],[6446, 26960],[6444, 26973],[6443, 26984],[6442, 27002],[6442, 27017],[6444, 27042],[6447, 27066],[6449, 27076],[6448, 27085],[6447, 27097],[6446, 27103],[6444, 27116],[6443, 27127],[6443, 27141],[6442, 27145],[6439, 27169],[6437, 27194]],[[6682, 27531],[6680, 27526],[6677, 27516],[6670, 27493],[6667, 27469],[6667, 27464],[6667, 27459],[6667, 27449],[6667, 27439],[6667, 27435],[6667, 27430],[6667, 27425],[6667, 27420],[6667, 27415],[6667, 27410],[6667, 27405],[6667, 27402],[6665, 27395],[6662, 27371],[6662, 27367],[6660, 27360],[6658, 27347],[6658, 27346],[6657, 27344],[6650, 27322],[6648, 27316],[6647, 27308],[6646, 27306],[6645, 27302],[6641, 27287],[6638, 27263],[6638, 27258],[6638, 27248],[6638, 27243],[6638, 27238],[6638, 27233],[6638, 27228],[6638, 27223],[6638, 27218],[6638, 27213],[6638, 27209],[6638, 27204],[6638, 27199],[6638, 27194],[6641, 27170],[6643, 27163],[6643, 27159],[6643, 27154],[6643, 27150],[6643, 27145],[6644, 27137],[6644, 27134],[6645, 27126],[6646, 27121],[6647, 27119],[6647, 27117],[6647, 27115],[6647, 27110],[6650, 27086],[6654, 27071],[6655, 27068],[6653, 27064],[6646, 27041],[6643, 27017],[6643, 27012],[6643, 27002],[6644, 26994],[6644, 26991],[6645, 26983],[6646, 26978],[6647, 26976],[6648, 26968],[6648, 26967],[6650, 26954],[6657, 26931],[6660, 26926],[6660, 26924],[6661, 26921],[6662, 26916],[6664, 26912],[6665, 26900],[6672, 26877],[6672, 26874],[6672, 26860],[6672, 26850],[6672, 26835],[6672, 26825],[6672, 26820],[6672, 26815],[6672, 26810],[6672, 26806],[6672, 26801],[6672, 26799],[6672, 26792],[6675, 26780],[6675, 26777],[6676, 26774],[6677, 26769],[6677, 26767],[6677, 26766],[6677, 26761],[6677, 26758],[6678, 26743],[6682, 26728],[6682, 26727],[6682, 26722],[6682, 26720],[6682, 26713],[6685, 26701],[6685, 26698],[6686, 26695],[6687, 26690],[6687, 26688],[6690, 26664],[6692, 26657],[6692, 26653],[6692, 26648],[6692, 26643],[6692, 26639],[6692, 26634],[6695, 26610],[6697, 26603],[6697, 26599],[6697, 26589],[6697, 26580],[6698, 26576],[6698, 26565],[6702, 26546],[6702, 26545],[6702, 26540],[6702, 26535],[6702, 26530],[6702, 26525],[6702, 26521],[6702, 26516],[6702, 26511],[6702, 26506],[6703, 26498],[6703, 26495],[6704, 26487],[6705, 26482],[6706, 26480],[6706, 26478],[6706, 26476],[6706, 26471],[6706, 26467],[6706, 26462],[6706, 26457],[6706, 26452],[6706, 26447],[6706, 26442],[6706, 26437],[6706, 26435],[6705, 26432],[6702, 26408],[6702, 26404],[6700, 26397],[6698, 26384],[6695, 26373],[6693, 26358],[6690, 26348],[6689, 26342],[6685, 26328],[6684, 26316],[6682, 26312],[6681, 26307],[6680, 26304],[6680, 26301],[6677, 26289],[6677, 26282],[6677, 26280],[6677, 26275],[6677, 26270],[6677, 26265],[6677, 26260],[6677, 26255],[6673, 26236],[6673, 26226],[6672, 26221],[6672, 26216],[6672, 26212],[6672, 26206],[6672, 26203],[6670, 26196],[6667, 26172],[6667, 26167],[6667, 26152],[6667, 26147],[6667, 26137],[6667, 26132],[6667, 26127],[6667, 26123],[6667, 26118],[6667, 26113],[6667, 26108],[6667, 26103],[6667, 26098],[6667, 26088],[6667, 26083],[6667, 26073],[6667, 26069],[6667, 26064],[6667, 26059],[6667, 26057],[6667, 26050],[6670, 26038],[6670, 26035],[6671, 26032],[6672, 26027],[6672, 26024],[6672, 26019],[6672, 26014],[6672, 26005],[6672, 26000],[6672, 25990],[6672, 25980],[6672, 25975],[6672, 25965],[6672, 25960],[6672, 25956],[6672, 25951],[6675, 25927],[6677, 25920],[6677, 25916],[6677, 25911],[6677, 25906],[6680, 25882],[6684, 25867],[6685, 25863],[6689, 25849],[6690, 25843],[6694, 25829],[6695, 25823],[6702, 25800],[6708, 25788],[6709, 25786],[6712, 25776],[6723, 25755],[6725, 25753],[6732, 25737],[6737, 25731],[6737, 25730],[6739, 25727],[6746, 25718],[6748, 25716],[6752, 25711],[6767, 25692],[6770, 25690],[6772, 25687],[6777, 25682],[6783, 25678],[6787, 25672],[6790, 25670],[6792, 25667],[6811, 25652],[6815, 25650],[6825, 25642],[6846, 25631],[6847, 25631],[6850, 25629],[6855, 25626],[6865, 25618],[6873, 25614],[6874, 25613],[6876, 25612],[6879, 25609],[6894, 25598],[6915, 25587],[6916, 25587],[6925, 25582],[6927, 25581],[6932, 25578],[6937, 25575],[6940, 25573],[6956, 25566],[6958, 25564],[6963, 25561],[6965, 25559],[6965, 25558],[6967, 25551],[6967, 25548],[6967, 25543],[6967, 25538],[6967, 25533],[6967, 25528],[6970, 25504],[6977, 25481],[6979, 25477],[6980, 25470],[6987, 25447],[6992, 25438],[6992, 25437],[6997, 25428],[6997, 25427],[6999, 25423],[7001, 25417],[7012, 25396],[7018, 25388],[7022, 25381],[7037, 25362],[7050, 25345],[7052, 25342],[7067, 25323],[7069, 25321],[7071, 25319],[7071, 25318],[7073, 25315],[7080, 25306],[7082, 25304],[7086, 25299],[7092, 25295],[7096, 25289],[7099, 25287],[7101, 25284],[7104, 25282],[7106, 25279],[7125, 25264],[7146, 25253],[7147, 25253],[7156, 25248],[7158, 25247],[7163, 25245],[7164, 25244],[7185, 25233],[7195, 25230],[7199, 25229],[7200, 25228],[7205, 25226],[7215, 25223],[7220, 25222],[7223, 25221],[7226, 25221],[7232, 25219],[7243, 25216],[7245, 25216],[7249, 25214],[7260, 25212],[7262, 25211],[7267, 25209],[7272, 25208],[7282, 25205],[7284, 25204],[7307, 25197],[7313, 25194],[7323, 25191],[7327, 25190],[7328, 25189],[7333, 25187],[7343, 25184],[7354, 25181],[7357, 25179],[7365, 25177],[7374, 25172],[7381, 25170],[7382, 25169],[7387, 25167],[7391, 25166],[7394, 25164],[7405, 25159],[7406, 25159],[7411, 25157],[7416, 25155],[7417, 25155],[7426, 25150],[7427, 25150],[7436, 25145],[7437, 25145],[7446, 25140],[7456, 25137],[7459, 25136],[7480, 25125],[7493, 25121],[7495, 25120],[7518, 25113],[7524, 25112],[7527, 25111],[7539, 25105],[7541, 25104],[7542, 25104],[7557, 25092],[7564, 25088],[7572, 25082],[7593, 25071],[7594, 25071],[7596, 25070],[7602, 25065],[7604, 25063],[7606, 25062],[7612, 25057],[7618, 25054],[7624, 25050],[7630, 25047],[7642, 25038],[7647, 25034],[7650, 25031],[7656, 25027],[7661, 25023],[7664, 25021],[7666, 25018],[7685, 25003],[7690, 25000],[7691, 24999],[7694, 24997],[7696, 24994],[7701, 24989],[7720, 24974],[7741, 24963],[7764, 24956],[7788, 24953],[7827, 24953],[7832, 24954],[7842, 24954],[7865, 24959],[7870, 24959],[7885, 24963],[7909, 24963],[7916, 24961],[7940, 24958],[7955, 24958],[7979, 24961],[7986, 24963],[7996, 24963],[8001, 24961],[8011, 24958],[8016, 24957],[8018, 24956],[8018, 24948],[8018, 24943],[8021, 24919],[8028, 24896],[8029, 24893],[8048, 24830],[8054, 24816],[8056, 24808],[8058, 24803],[8059, 24802],[8060, 24797],[8061, 24792],[8067, 24774],[8069, 24762],[8071, 24746],[8075, 24727],[8076, 24725],[8077, 24718],[8077, 24712],[8080, 24688],[8087, 24665],[8088, 24663],[8090, 24656],[8091, 24655],[8092, 24649],[8095, 24634],[8096, 24631],[8097, 24626],[8097, 24624],[8097, 24614],[8100, 24590],[8103, 24580],[8103, 24575],[8105, 24567],[8105, 24565],[8106, 24563],[8108, 24552],[8112, 24543],[8112, 24542],[8112, 24541],[8117, 24530],[8119, 24527],[8122, 24518],[8133, 24497],[8148, 24478],[8153, 24473],[8158, 24468],[8163, 24463],[8167, 24458],[8172, 24453],[8181, 24446],[8184, 24443],[8188, 24441],[8191, 24438],[8195, 24436],[8201, 24432],[8211, 24424],[8226, 24414],[8247, 24402],[8248, 24402],[8253, 24399],[8254, 24398],[8258, 24396],[8268, 24391],[8275, 24389],[8276, 24388],[8281, 24386],[8291, 24383],[8296, 24382],[8299, 24381],[8302, 24381],[8314, 24378],[8317, 24378],[8324, 24376],[8348, 24373],[8351, 24373],[8358, 24371],[8382, 24368],[8392, 24368],[8397, 24368],[8402, 24368],[8412, 24368],[8417, 24368],[8422, 24368],[8426, 24368],[8431, 24368],[8436, 24368],[8441, 24368],[8446, 24368],[8451, 24368],[8456, 24368],[8460, 24361],[8465, 24355],[8469, 24349],[8474, 24343],[8477, 24340],[8480, 24337],[8486, 24332],[8492, 24328],[8498, 24323],[8505, 24319],[8526, 24310],[8533, 24308],[8541, 24306],[8549, 24305],[8556, 24304],[8584, 24304],[8608, 24307],[8631, 24314],[8652, 24325],[8670, 24339],[8672, 24340],[8696, 24345],[8706, 24348],[8709, 24349],[8719, 24352],[8724, 24354],[8725, 24355],[8732, 24357],[8742, 24362],[8743, 24363],[8744, 24363],[8753, 24368],[8754, 24368],[8755, 24368],[8766, 24373],[8773, 24378],[8775, 24379],[8782, 24383],[8783, 24383],[8784, 24384],[8791, 24386],[8801, 24391],[8809, 24396],[8824, 24404],[8825, 24405],[8833, 24409],[8841, 24415],[8848, 24419],[8861, 24429],[8868, 24433],[8887, 24448],[8892, 24453],[8902, 24458],[8921, 24473],[8932, 24487],[8942, 24492],[8960, 24506],[8971, 24512],[8979, 24518],[8986, 24522],[8993, 24526],[8994, 24526],[9015, 24537],[9019, 24540],[9040, 24551],[9059, 24566],[9066, 24574],[9074, 24581],[9079, 24586],[9083, 24591],[9088, 24596],[9092, 24601],[9092, 24602],[9098, 24606],[9100, 24609],[9108, 24615],[9113, 24620],[9118, 24625],[9120, 24628],[9123, 24630],[9128, 24635],[9133, 24640],[9137, 24645],[9139, 24648],[9142, 24650],[9144, 24653],[9147, 24655],[9149, 24658],[9152, 24660],[9156, 24666],[9162, 24670],[9167, 24674],[9169, 24677],[9172, 24679],[9177, 24684],[9182, 24689],[9189, 24698],[9192, 24701],[9194, 24705],[9197, 24708],[9199, 24712],[9201, 24714],[9205, 24719],[9216, 24733],[9231, 24752],[9242, 24773],[9242, 24774],[9247, 24783],[9249, 24789],[9251, 24792],[9262, 24813],[9264, 24821],[9267, 24826],[9267, 24827],[9267, 24828],[9271, 24837],[9273, 24848],[9274, 24850],[9274, 24852],[9276, 24860],[9276, 24866],[9277, 24874],[9277, 24878],[9279, 24885],[9282, 24909],[9282, 24919],[9282, 24929],[9282, 24938],[9282, 24948],[9282, 24953],[9282, 24958],[9282, 24963],[9282, 24968],[9282, 24973],[9282, 24978],[9282, 24983],[9281, 24991],[9281, 24997],[9279, 25006],[9279, 25007],[9279, 25008],[9276, 25021],[9272, 25029],[9272, 25030],[9271, 25031],[9266, 25043],[9261, 25052],[9259, 25056],[9257, 25058],[9257, 25059],[9256, 25061],[9255, 25066],[9254, 25070],[9247, 25093],[9238, 25111],[9237, 25113],[9236, 25115],[9232, 25128],[9231, 25130],[9227, 25143],[9224, 25150],[9223, 25152],[9222, 25156],[9220, 25169],[9213, 25192],[9210, 25198],[9203, 25221],[9198, 25230],[9198, 25231],[9193, 25240],[9193, 25241],[9192, 25243],[9188, 25256],[9185, 25262],[9178, 25285],[9177, 25287],[9174, 25297],[9173, 25301],[9173, 25302],[9173, 25307],[9173, 25312],[9173, 25317],[9173, 25322],[9173, 25327],[9173, 25331],[9173, 25336],[9173, 25341],[9172, 25349],[9172, 25352],[9171, 25360],[9170, 25365],[9169, 25367],[9169, 25369],[9169, 25371],[9169, 25376],[9169, 25381],[9166, 25405],[9159, 25428],[9157, 25431],[9154, 25442],[9151, 25452],[9149, 25457],[9148, 25458],[9147, 25462],[9147, 25464],[9146, 25468],[9139, 25491],[9138, 25493],[9134, 25506],[9123, 25527],[9110, 25544],[9108, 25547],[9105, 25550],[9105, 25551],[9104, 25553],[9097, 25565],[9094, 25571],[9093, 25572],[9092, 25574],[9085, 25582],[9079, 25590],[9077, 25592],[9076, 25593],[9071, 25599],[9069, 25603],[9068, 25605],[9065, 25608],[9058, 25614],[9052, 25621],[9050, 25623],[9044, 25630],[9034, 25638],[9033, 25639],[9029, 25644],[9024, 25649],[9020, 25654],[9016, 25658],[9015, 25660],[9000, 25679],[8995, 25684],[8990, 25689],[8987, 25693],[8979, 25702],[8977, 25704],[8970, 25713],[8965, 25717],[8964, 25718],[8956, 25728],[8953, 25730],[8951, 25733],[8948, 25735],[8948, 25736],[8946, 25739],[8931, 25758],[8928, 25762],[8922, 25773],[8908, 25791],[8902, 25802],[8889, 25818],[8888, 25820],[8888, 25821],[8888, 25823],[8888, 25833],[8888, 25842],[8888, 25852],[8888, 25862],[8888, 25867],[8888, 25873],[8890, 25881],[8890, 25882],[8890, 25883],[8892, 25892],[8892, 25898],[8892, 25900],[8911, 25906],[8932, 25917],[8951, 25932],[8953, 25935],[8956, 25937],[8962, 25945],[8965, 25947],[8980, 25966],[8991, 25987],[8991, 25988],[8996, 25997],[9000, 26010],[9001, 26012],[9001, 26013],[9006, 26022],[9013, 26045],[9016, 26069],[9016, 26073],[9016, 26078],[9016, 26083],[9016, 26088],[9016, 26093],[9016, 26098],[9016, 26103],[9016, 26108],[9016, 26113],[9016, 26118],[9016, 26123],[9016, 26127],[9016, 26132],[9016, 26137],[9016, 26142],[9016, 26147],[9016, 26152],[9016, 26157],[9016, 26158],[9016, 26162],[9016, 26167],[9015, 26172],[9015, 26182],[9011, 26201],[9011, 26206],[9011, 26211],[9008, 26235],[9005, 26245],[9003, 26260],[9001, 26266],[9005, 26271],[9016, 26292],[9023, 26315],[9026, 26339],[9026, 26344],[9026, 26349],[9026, 26354],[9026, 26358],[9026, 26363],[9026, 26368],[9026, 26373],[9023, 26397],[9016, 26420],[9013, 26430],[9011, 26435],[9010, 26436],[9008, 26443],[9003, 26453],[9001, 26456],[9001, 26457],[9001, 26460],[8997, 26484],[8997, 26486],[8997, 26491],[8997, 26496],[8997, 26501],[8997, 26506],[8997, 26511],[8997, 26516],[8997, 26521],[8997, 26525],[8997, 26530],[8997, 26535],[8997, 26540],[8997, 26545],[8997, 26550],[8997, 26555],[8997, 26560],[8994, 26584],[8992, 26591],[8992, 26594],[8992, 26604],[8992, 26609],[8992, 26612],[8996, 26612],[9019, 26619],[9028, 26624],[9029, 26624],[9050, 26635],[9069, 26650],[9084, 26669],[9086, 26672],[9088, 26674],[9103, 26693],[9104, 26693],[9119, 26695],[9130, 26698],[9143, 26700],[9157, 26704],[9163, 26705],[9186, 26712],[9188, 26713],[9201, 26717],[9204, 26719],[9206, 26719],[9212, 26720],[9235, 26727],[9256, 26738],[9275, 26753],[9290, 26772],[9301, 26793],[9308, 26816],[9311, 26840],[9308, 26864],[9301, 26887],[9290, 26908],[9275, 26927],[9256, 26942],[9235, 26953],[9212, 26960],[9188, 26963],[9098, 26963],[9103, 26969],[9118, 26988],[9120, 26991],[9122, 26995],[9128, 26999],[9143, 27018],[9147, 27025],[9157, 27033],[9159, 27036],[9162, 27038],[9164, 27041],[9167, 27043],[9180, 27059],[9196, 27072],[9198, 27075],[9201, 27077],[9216, 27096],[9218, 27099],[9223, 27105],[9231, 27112],[9246, 27131],[9253, 27144],[9255, 27146],[9259, 27151],[9270, 27165],[9272, 27168],[9285, 27185],[9291, 27196],[9305, 27214],[9314, 27232],[9320, 27239],[9331, 27260],[9333, 27266],[9335, 27270],[9342, 27293],[9345, 27317],[9345, 27322],[9345, 27326],[9345, 27331],[9345, 27336],[9345, 27341],[9345, 27346],[9345, 27349],[9352, 27362],[9355, 27366],[9399, 27366],[9401, 27366],[9408, 27366],[9420, 27369],[9423, 27369],[9426, 27370],[9431, 27371],[9434, 27372],[9435, 27372],[9443, 27373],[9448, 27374],[9450, 27375],[9458, 27376],[9470, 27381],[9471, 27381],[9472, 27381],[9481, 27385],[9490, 27390],[9491, 27390],[9512, 27401],[9531, 27416],[9544, 27432],[9555, 27441],[9557, 27444],[9560, 27446],[9561, 27447],[9566, 27450],[9585, 27465],[9588, 27468],[9592, 27470],[9593, 27471],[9596, 27473],[9600, 27475],[9603, 27478],[9607, 27480],[9610, 27483],[9617, 27488],[9620, 27490],[9630, 27498],[9634, 27500],[9653, 27515],[9655, 27517],[9662, 27523],[9662, 27524],[9663, 27524],[9668, 27529],[9673, 27534],[9675, 27537],[9676, 27537],[9679, 27539],[9698, 27554],[9703, 27559],[9707, 27564],[9712, 27570],[9722, 27578],[9726, 27584],[9732, 27588],[9737, 27593],[9741, 27597],[9743, 27598],[9753, 27606],[9757, 27608],[9776, 27623],[9778, 27626],[9781, 27628],[9783, 27631],[9786, 27633],[9795, 27636],[9816, 27647],[9835, 27662],[9837, 27665],[9840, 27667],[9855, 27686],[9866, 27707],[9873, 27730],[9876, 27754],[9873, 27778],[9866, 27801],[9855, 27822],[9840, 27841],[9821, 27856],[9800, 27867],[9777, 27874],[9753, 27877],[9748, 27877],[9724, 27874],[9709, 27870],[9705, 27869],[9682, 27862],[9673, 27857],[9672, 27857],[9651, 27846],[9648, 27844],[9642, 27842],[9639, 27840],[9628, 27837],[9624, 27835],[9618, 27833],[9597, 27822],[9581, 27809],[9579, 27808],[9578, 27808],[9577, 27807],[9574, 27806],[9564, 27803],[9557, 27799],[9550, 27812],[9540, 27825],[9536, 27832],[9521, 27851],[9518, 27853],[9516, 27856],[9513, 27858],[9511, 27861],[9508, 27863],[9506, 27866],[9501, 27870],[9497, 27874],[9496, 27876],[9493, 27879],[9491, 27883],[9488, 27886],[9481, 27895],[9477, 27900],[9474, 27902],[9472, 27905],[9469, 27907],[9467, 27910],[9462, 27915],[9459, 27917],[9457, 27920],[9452, 27924],[9449, 27926],[9447, 27929],[9442, 27934],[9437, 27939],[9432, 27944],[9427, 27949],[9422, 27954],[9418, 27959],[9413, 27964],[9398, 27983],[9392, 27987],[9388, 27993],[9385, 27995],[9384, 27998],[9383, 27999],[9382, 28000],[9377, 28008],[9373, 28013],[9368, 28018],[9365, 28022],[9359, 28033],[9353, 28041],[9349, 28048],[9334, 28067],[9331, 28069],[9329, 28072],[9326, 28074],[9324, 28077],[9305, 28092],[9298, 28096],[9290, 28102],[9282, 28106],[9281, 28107],[9270, 28113],[9266, 28116],[9245, 28127],[9244, 28127],[9235, 28132],[9212, 28139],[9188, 28142],[9105, 28142],[9104, 28142],[9099, 28142],[9081, 28139],[9075, 28138],[9071, 28137],[9065, 28137],[9041, 28134],[9018, 28127],[9016, 28126],[9003, 28122],[8982, 28111],[8971, 28102],[8964, 28100],[8959, 28098],[8955, 28096],[8950, 28094],[8925, 28081],[8919, 28080],[8918, 28080],[8917, 28080],[8908, 28078],[8904, 28078],[8892, 28075],[8889, 28075],[8886, 28074],[8881, 28073],[8877, 28071],[8871, 28071],[8847, 28064],[8846, 28064],[8840, 28064],[8828, 28061],[8825, 28061],[8822, 28060],[8817, 28059],[8807, 28056],[8802, 28054],[8801, 28053],[8796, 28052],[8791, 28051],[8781, 28048],[8766, 28046],[8759, 28044],[8751, 28044],[8736, 28042],[8732, 28043],[8729, 28044],[8715, 28048],[8704, 28054],[8681, 28061],[8657, 28064],[8652, 28064],[8648, 28065],[8642, 28066],[8624, 28069],[8605, 28074],[8582, 28078],[8576, 28078],[8574, 28078],[8573, 28078],[8542, 28085],[8518, 28088],[8516, 28088],[8515, 28088],[8511, 28088],[8484, 28092],[8469, 28093],[8466, 28093],[8460, 28093],[8456, 28094],[8450, 28095],[8434, 28098],[8424, 28103],[8401, 28110],[8377, 28113],[8350, 28113],[8345, 28114],[8342, 28115],[8339, 28115],[8327, 28118],[8320, 28118],[8318, 28118],[8236, 28118],[8229, 28120],[8205, 28123],[8182, 28123],[8175, 28125],[8174, 28125],[8161, 28129],[8155, 28130],[8141, 28134],[8126, 28136],[8116, 28139],[8092, 28142],[8079, 28142],[8072, 28144],[8048, 28147],[7901, 28147],[7877, 28144],[7870, 28142],[7856, 28142],[7848, 28141],[7842, 28141],[7834, 28139],[7832, 28139],[7830, 28138],[7824, 28137],[7758, 28137],[7734, 28134],[7726, 28132],[7721, 28131],[7718, 28131],[7710, 28130],[7705, 28129],[7703, 28128],[7695, 28127],[7692, 28126],[7685, 28125],[7678, 28123],[7655, 28123],[7631, 28120],[7617, 28116],[7611, 28115],[7588, 28108],[7573, 28100],[7572, 28100],[7558, 28096],[7552, 28095],[7529, 28088],[7526, 28086],[7515, 28083],[7508, 28081],[7503, 28080],[7481, 28073],[7475, 28072],[7466, 28068],[7465, 28068],[7464, 28068],[7461, 28066],[7459, 28066],[7436, 28059],[7415, 28048],[7412, 28046],[7406, 28044],[7400, 28041],[7397, 28040],[7392, 28039],[7382, 28036],[7377, 28034],[7370, 28031],[7366, 28031],[7348, 28025],[7337, 28023],[7332, 28023],[7309, 28017],[7298, 28013],[7295, 28012],[7292, 28012],[7289, 28011],[7284, 28010],[7283, 28010],[7278, 28009],[7272, 28009],[7264, 28007],[7262, 28007],[7260, 28006],[7249, 28004],[7240, 28000],[7239, 28000],[7238, 28000],[7233, 27997],[7225, 27995],[7223, 27994],[7219, 27993],[7213, 27992],[7190, 27985],[7187, 27983],[7176, 27980],[7167, 27975],[7166, 27975],[7157, 27970],[7156, 27970],[7147, 27965],[7146, 27965],[7144, 27964],[7131, 27960],[7122, 27955],[7121, 27955],[7120, 27955],[7109, 27950],[7105, 27947],[7102, 27946],[7100, 27945],[7087, 27941],[7085, 27940],[7072, 27936],[7051, 27925],[7042, 27918],[7027, 27910],[7008, 27895],[7003, 27890],[6998, 27885],[6993, 27880],[6988, 27875],[6983, 27870],[6978, 27866],[6973, 27861],[6968, 27856],[6964, 27851],[6959, 27846],[6955, 27841],[6944, 27827],[6942, 27824],[6929, 27807],[6918, 27787],[6913, 27779],[6912, 27778],[6912, 27776],[6909, 27773],[6907, 27769],[6905, 27767],[6901, 27762],[6896, 27754],[6895, 27753],[6894, 27752],[6892, 27748],[6891, 27747],[6888, 27744],[6884, 27738],[6880, 27733],[6878, 27730],[6875, 27725],[6870, 27716],[6865, 27704],[6864, 27703],[6864, 27702],[6863, 27701],[6861, 27697],[6851, 27689],[6847, 27683],[6843, 27681],[6840, 27679],[6835, 27675],[6834, 27675],[6826, 27674],[6823, 27674],[6815, 27673],[6810, 27672],[6808, 27671],[6800, 27670],[6788, 27665],[6787, 27665],[6786, 27665],[6777, 27661],[6767, 27655],[6766, 27654],[6765, 27653],[6757, 27648],[6752, 27644],[6747, 27639],[6746, 27638],[6741, 27634],[6737, 27629],[6735, 27627],[6731, 27622],[6726, 27615],[6724, 27612],[6721, 27607],[6720, 27606],[6718, 27603],[6716, 27599],[6713, 27596],[6711, 27592],[6705, 27583],[6703, 27579],[6700, 27573],[6699, 27570],[6693, 27557],[6693, 27556],[6687, 27545],[6685, 27540],[6685, 27539],[6683, 27532],[6682, 27531]]],[[[23601, 21504],[23552, 21504],[23552, 21373],[23549, 21366],[23544, 21351],[23536, 21328],[23530, 21314],[23529, 21312],[23315, 21312],[23318, 21320],[23320, 21329],[23321, 21334],[23328, 21352],[23328, 21353],[23331, 21359],[23334, 21368],[23336, 21372],[23339, 21378],[23341, 21384],[23346, 21394],[23348, 21400],[23350, 21406],[23355, 21420],[23356, 21423],[23363, 21441],[23363, 21442],[23366, 21448],[23369, 21457],[23371, 21461],[23374, 21467],[23376, 21473],[23381, 21483],[23383, 21489],[23386, 21498],[23386, 21499],[23393, 21516],[23393, 21517],[23396, 21523],[23400, 21535],[23405, 21549],[23408, 21561],[23411, 21573],[23413, 21581],[23415, 21591],[23416, 21592],[23426, 21622],[23427, 21624],[23434, 21647],[23435, 21655],[23437, 21659],[23439, 21666],[23442, 21673],[23443, 21678],[23444, 21682],[23445, 21685],[23452, 21702],[23454, 21711],[23457, 21725],[23459, 21731],[23459, 21732],[23460, 21735],[23467, 21752],[23469, 21761],[23469, 21762],[23472, 21768],[23473, 21770],[23477, 21778],[23478, 21780],[23482, 21788],[23483, 21790],[23487, 21798],[23490, 21809],[23492, 21812],[23499, 21835],[23499, 21840],[23504, 21855],[23504, 21860],[23509, 21875],[23511, 21899],[23511, 21904],[23511, 21909],[23511, 21914],[23511, 21919],[23511, 21924],[23511, 21929],[23511, 21949],[23511, 21954],[23511, 21964],[23511, 21974],[23511, 21984],[23511, 21993],[23511, 22003],[23511, 22008],[23511, 22013],[23511, 22018],[23511, 22023],[23511, 22028],[23511, 22033],[23511, 22038],[23511, 22043],[23511, 22053],[23511, 22063],[23511, 22068],[23511, 22078],[23511, 22088],[23511, 22093],[23511, 22107],[23511, 22113],[23511, 22119],[23510, 22131],[23509, 22134],[23509, 22137],[23506, 22146],[23506, 22147],[23506, 22167],[23506, 22172],[23506, 22177],[23506, 22182],[23506, 22185],[23506, 22191],[23505, 22200],[23504, 22206],[23503, 22210],[23502, 22215],[23499, 22221],[23499, 22226],[23496, 22235],[23496, 22237],[23496, 22241],[23495, 22250],[23494, 22256],[23493, 22260],[23492, 22265],[23489, 22272],[23552, 22272],[23552, 21888],[23616, 21888],[23616, 21557],[23608, 21534],[23601, 21504]]],[[[23395, 20919],[23388, 20897],[23387, 20888],[23385, 20879],[23378, 20856],[23374, 20844],[23364, 20816],[23359, 20801],[23352, 20786],[23348, 20775],[23344, 20763],[23337, 20745],[23335, 20742],[23324, 20715],[23296, 20659],[23284, 20637],[23278, 20627],[23263, 20603],[23250, 20585],[23242, 20574],[23238, 20568],[23233, 20560],[23229, 20549],[23225, 20538],[23218, 20523],[23218, 20522],[23215, 20514],[23212, 20505],[23210, 20497],[23203, 20474],[23190, 20442],[23182, 20426],[23170, 20404],[23161, 20389],[23151, 20374],[23145, 20365],[23132, 20345],[23121, 20331],[23091, 20293],[23076, 20275],[23066, 20265],[23048, 20250],[23029, 20235],[23016, 20225],[23001, 20215],[22986, 20206],[22964, 20194],[22931, 20180],[22925, 20178],[22912, 20170],[22910, 20169],[22903, 20164],[22892, 20157],[22891, 20156],[22889, 20155],[22870, 20140],[22842, 20121],[22820, 20109],[22782, 20093],[22759, 20086],[22749, 20083],[22726, 20075],[22710, 20070],[22686, 20064],[22674, 20062],[22671, 20061],[22669, 20061],[22650, 20055],[22643, 20054],[22631, 20049],[22613, 20044],[22601, 20040],[22584, 20034],[22561, 20027],[22552, 20024],[22547, 20023],[22496, 20006],[22488, 20003],[22442, 19985],[22425, 19979],[22402, 19972],[22401, 19972],[22397, 19970],[22372, 19960],[22355, 19954],[22332, 19947],[22291, 19939],[22267, 19937],[22250, 19936],[22146, 19936],[22129, 19937],[22105, 19939],[22089, 19941],[22059, 19946],[22034, 19952],[22011, 19959],[21988, 19967],[21969, 19975],[21962, 19977],[21960, 19978],[21940, 19982],[21920, 19988],[21905, 19993],[21895, 19996],[21877, 19999],[21848, 20006],[21833, 20010],[21832, 20010],[21815, 20013],[21797, 20017],[21791, 20019],[21790, 20019],[21777, 20022],[21763, 20025],[21748, 20029],[21733, 20032],[21727, 20034],[21722, 20035],[21699, 20042],[21688, 20046],[21676, 20049],[21655, 20057],[21632, 20067],[21596, 20085],[21574, 20097],[21544, 20115],[21529, 20125],[21516, 20135],[21497, 20150],[21479, 20165],[21472, 20172],[21438, 20207],[21428, 20218],[21415, 20230],[21405, 20240],[21393, 20253],[21375, 20271],[21369, 20278],[21360, 20289],[21351, 20301],[21347, 20307],[21345, 20309],[21330, 20327],[21321, 20338],[21270, 20390],[21234, 20426],[21215, 20448],[21214, 20450],[21196, 20472],[21164, 20472],[21147, 20473],[21123, 20475],[21082, 20483],[21059, 20490],[21021, 20506],[20999, 20518],[20971, 20537],[20952, 20552],[20919, 20585],[20904, 20604],[20885, 20632],[20873, 20654],[20859, 20687],[20852, 20707],[20845, 20730],[20837, 20771],[20835, 20795],[20834, 20812],[20834, 20814],[20805, 20829],[20790, 20835],[20759, 20845],[20738, 20854],[20735, 20854],[20718, 20857],[20716, 20858],[20705, 20859],[20670, 20864],[20643, 20869],[20626, 20865],[20617, 20864],[20613, 20862],[20603, 20858],[20593, 20854],[20581, 20847],[20579, 20845],[20560, 20818],[20545, 20799],[20530, 20781],[20525, 20776],[20507, 20761],[20488, 20746],[20475, 20736],[20460, 20726],[20445, 20717],[20433, 20710],[20414, 20696],[20401, 20686],[20386, 20676],[20371, 20667],[20349, 20655],[20333, 20647],[20301, 20634],[20278, 20627],[20237, 20619],[20213, 20617],[20196, 20616],[20146, 20616],[20129, 20617],[20105, 20619],[20083, 20622],[20058, 20627],[20039, 20632],[20018, 20638],[20005, 20642],[19982, 20649],[19962, 20656],[19941, 20664],[19939, 20664],[19902, 20671],[19878, 20678],[19857, 20686],[19833, 20696],[19810, 20707],[19790, 20718],[19730, 20752],[19731, 20745],[19732, 20728],[19732, 20723],[19731, 20706],[19729, 20682],[19721, 20641],[19714, 20618],[19698, 20580],[19686, 20558],[19667, 20530],[19652, 20511],[19619, 20478],[19600, 20463],[19587, 20453],[19572, 20443],[19557, 20434],[19535, 20422],[19534, 20421],[19528, 20417],[19522, 20413],[19493, 20384],[19475, 20369],[19456, 20354],[19428, 20335],[19406, 20323],[19390, 20315],[19363, 20304],[19347, 20298],[19340, 20295],[19313, 20284],[19293, 20277],[19270, 20270],[19242, 20265],[19234, 20262],[19211, 20255],[19188, 20249],[19185, 20249],[19179, 20247],[19156, 20240],[19115, 20232],[19091, 20230],[19074, 20229],[19001, 20229],[18996, 20226],[18974, 20214],[18936, 20198],[18913, 20191],[18872, 20183],[18848, 20181],[18831, 20180],[18807, 20180],[18780, 20182],[18765, 20184],[18748, 20187],[18743, 20188],[18728, 20191],[18708, 20195],[18689, 20200],[18666, 20207],[18634, 20220],[18627, 20223],[18617, 20228],[18601, 20236],[18573, 20252],[18549, 20269],[18530, 20283],[18530, 20278],[18528, 20255],[18520, 20214],[18513, 20191],[18497, 20153],[18485, 20131],[18466, 20103],[18451, 20084],[18436, 20066],[18431, 20061],[18413, 20046],[18394, 20031],[18366, 20012],[18344, 20000],[18311, 19986],[18291, 19979],[18268, 19972],[18259, 19969],[18239, 19964],[18207, 19959],[18183, 19957],[18166, 19956],[18121, 19956],[18104, 19957],[18080, 19959],[18048, 19964],[18031, 19969],[18024, 19970],[18001, 19977],[17973, 19987],[17955, 19994],[17952, 19996],[17925, 20007],[17909, 20015],[17887, 20027],[17872, 20036],[17827, 20066],[17814, 20075],[17803, 20084],[17791, 20094],[17777, 20106],[17762, 20121],[17747, 20139],[17732, 20158],[17713, 20186],[17701, 20208],[17688, 20234],[17675, 20266],[17668, 20289],[17664, 20308],[17593, 20379],[17578, 20397],[17563, 20416],[17556, 20425],[17542, 20445],[17529, 20464],[17520, 20479],[17508, 20501],[17503, 20510],[17500, 20514],[17499, 20517],[17489, 20529],[17482, 20539],[17473, 20552],[17458, 20579],[17452, 20592],[17444, 20613],[17441, 20622],[17434, 20644],[17428, 20674],[17426, 20690],[17425, 20703],[17421, 20708],[17401, 20732],[17386, 20754],[17376, 20771],[17364, 20793],[17350, 20826],[17343, 20829],[17321, 20841],[17293, 20860],[17274, 20875],[17241, 20908],[17226, 20927],[17207, 20955],[17195, 20977],[17189, 20992],[17280, 20992],[17280, 21056],[17344, 21056],[17344, 21184],[17377, 21184],[17376, 21182],[17375, 21180],[17371, 21172],[17364, 21149],[17362, 21125],[17362, 21120],[17364, 21096],[17371, 21073],[17383, 21051],[17398, 21032],[17417, 21017],[17439, 21005],[17462, 20998],[17476, 20997],[17479, 20994],[17484, 20991],[17501, 20977],[17502, 20976],[17504, 20975],[17507, 20972],[17526, 20957],[17527, 20956],[17528, 20952],[17531, 20937],[17531, 20936],[17533, 20912],[17540, 20889],[17552, 20867],[17558, 20859],[17567, 20845],[17580, 20831],[17582, 20829],[17583, 20828],[17584, 20827],[17585, 20826],[17586, 20826],[17587, 20824],[17592, 20819],[17597, 20814],[17601, 20809],[17606, 20805],[17607, 20804],[17611, 20799],[17616, 20795],[17618, 20793],[17623, 20789],[17630, 20784],[17634, 20782],[17638, 20779],[17636, 20774],[17634, 20770],[17632, 20765],[17631, 20761],[17629, 20754],[17628, 20752],[17627, 20747],[17627, 20745],[17626, 20739],[17625, 20731],[17625, 20723],[17625, 20715],[17626, 20707],[17627, 20701],[17627, 20699],[17628, 20694],[17629, 20692],[17631, 20685],[17632, 20681],[17634, 20676],[17636, 20672],[17640, 20663],[17644, 20657],[17646, 20655],[17646, 20654],[17648, 20652],[17649, 20650],[17653, 20644],[17657, 20640],[17659, 20637],[17661, 20634],[17674, 20617],[17676, 20614],[17680, 20608],[17681, 20608],[17684, 20597],[17696, 20575],[17702, 20568],[17706, 20560],[17716, 20547],[17720, 20540],[17735, 20521],[17740, 20516],[17746, 20512],[17750, 20506],[17755, 20501],[17765, 20491],[17780, 20476],[17790, 20466],[17795, 20461],[17800, 20456],[17805, 20451],[17811, 20447],[17815, 20441],[17827, 20432],[17828, 20430],[17829, 20429],[17836, 20422],[17837, 20420],[17838, 20418],[17840, 20414],[17842, 20408],[17845, 20403],[17846, 20400],[17847, 20398],[17848, 20396],[17852, 20383],[17858, 20372],[17858, 20371],[17860, 20347],[17867, 20324],[17871, 20316],[17872, 20314],[17876, 20306],[17877, 20304],[17889, 20282],[17904, 20263],[17909, 20258],[17914, 20253],[17919, 20248],[17928, 20241],[17931, 20238],[17934, 20236],[17938, 20233],[17946, 20229],[17953, 20223],[17968, 20213],[17976, 20209],[17983, 20203],[18005, 20191],[18007, 20190],[18015, 20186],[18028, 20182],[18030, 20181],[18032, 20180],[18035, 20179],[18040, 20176],[18047, 20174],[18054, 20171],[18061, 20169],[18068, 20166],[18073, 20165],[18077, 20164],[18082, 20164],[18097, 20159],[18121, 20157],[18166, 20157],[18190, 20159],[18205, 20164],[18210, 20164],[18233, 20171],[18235, 20172],[18248, 20176],[18270, 20188],[18289, 20203],[18291, 20206],[18294, 20208],[18309, 20227],[18321, 20249],[18328, 20272],[18330, 20296],[18330, 20301],[18330, 20306],[18330, 20311],[18330, 20316],[18330, 20317],[18333, 20327],[18335, 20351],[18335, 20356],[18335, 20366],[18335, 20376],[18335, 20381],[18335, 20390],[18335, 20400],[18335, 20410],[18335, 20421],[18335, 20425],[18335, 20430],[18334, 20438],[18334, 20446],[18333, 20448],[18333, 20454],[18330, 20463],[18330, 20464],[18330, 20466],[18333, 20476],[18334, 20486],[18336, 20491],[18337, 20494],[18339, 20499],[18340, 20502],[18347, 20525],[18348, 20541],[18353, 20555],[18354, 20561],[18356, 20565],[18360, 20572],[18361, 20576],[18363, 20580],[18366, 20589],[18374, 20589],[18395, 20587],[18400, 20585],[18415, 20580],[18430, 20575],[18436, 20574],[18438, 20573],[18477, 20563],[18478, 20563],[18484, 20561],[18494, 20560],[18501, 20559],[18504, 20559],[18514, 20556],[18523, 20555],[18524, 20555],[18531, 20554],[18539, 20551],[18544, 20551],[18559, 20546],[18561, 20546],[18566, 20543],[18567, 20543],[18572, 20540],[18573, 20540],[18578, 20537],[18579, 20536],[18585, 20532],[18589, 20526],[18594, 20521],[18599, 20516],[18604, 20511],[18611, 20505],[18614, 20500],[18618, 20494],[18629, 20475],[18635, 20468],[18639, 20460],[18654, 20441],[18673, 20426],[18695, 20414],[18696, 20414],[18701, 20410],[18708, 20407],[18714, 20404],[18716, 20403],[18724, 20399],[18747, 20392],[18756, 20391],[18767, 20388],[18778, 20387],[18783, 20385],[18788, 20384],[18792, 20383],[18798, 20383],[18807, 20381],[18813, 20381],[18816, 20381],[18831, 20381],[18855, 20383],[18878, 20390],[18900, 20402],[18919, 20417],[18925, 20425],[18940, 20425],[18964, 20427],[18974, 20430],[19074, 20430],[19098, 20432],[19121, 20439],[19123, 20440],[19136, 20444],[19138, 20445],[19141, 20446],[19153, 20447],[19176, 20454],[19178, 20455],[19191, 20459],[19193, 20460],[19195, 20461],[19196, 20461],[19212, 20462],[19235, 20469],[19237, 20470],[19250, 20474],[19266, 20483],[19270, 20484],[19272, 20485],[19285, 20489],[19287, 20490],[19300, 20494],[19308, 20498],[19310, 20499],[19332, 20511],[19351, 20526],[19353, 20529],[19356, 20531],[19358, 20534],[19361, 20536],[19363, 20539],[19366, 20541],[19368, 20544],[19371, 20546],[19373, 20549],[19376, 20551],[19380, 20556],[19385, 20560],[19393, 20570],[19397, 20572],[19402, 20575],[19411, 20580],[19415, 20583],[19418, 20585],[19421, 20588],[19425, 20591],[19427, 20592],[19429, 20593],[19437, 20597],[19438, 20598],[19439, 20598],[19461, 20610],[19468, 20616],[19476, 20620],[19495, 20635],[19510, 20654],[19522, 20676],[19529, 20699],[19531, 20723],[19531, 20728],[19529, 20752],[19522, 20775],[19510, 20797],[19495, 20816],[19476, 20831],[19454, 20843],[19431, 20850],[19407, 20852],[19396, 20851],[19389, 20860],[19384, 20867],[19382, 20869],[19381, 20870],[19379, 20872],[19368, 20894],[19364, 20902],[19361, 20907],[19358, 20912],[19353, 20929],[19347, 20940],[19346, 20945],[19343, 20952],[19342, 20954],[19342, 20956],[19341, 20963],[19340, 20970],[19337, 20980],[19329, 21008],[19328, 21014],[19327, 21017],[19326, 21024],[19326, 21032],[19325, 21034],[19325, 21040],[19322, 21049],[19321, 21055],[19312, 21083],[19312, 21089],[19311, 21098],[19310, 21104],[19309, 21108],[19308, 21113],[19305, 21120],[19303, 21126],[19302, 21137],[19302, 21145],[19302, 21155],[19302, 21165],[19302, 21175],[19302, 21189],[19302, 21199],[19302, 21204],[19302, 21209],[19302, 21214],[19302, 21224],[19302, 21229],[19302, 21239],[19302, 21244],[19302, 21264],[19302, 21274],[19302, 21279],[19302, 21284],[19302, 21289],[19302, 21294],[19302, 21299],[19302, 21304],[19302, 21309],[19302, 21314],[19302, 21317],[19304, 21317],[19308, 21315],[19323, 21310],[19330, 21309],[19338, 21306],[19344, 21306],[19346, 21305],[19349, 21305],[19354, 21303],[19356, 21303],[19368, 21299],[19370, 21298],[19381, 21295],[19384, 21293],[19386, 21292],[19391, 21289],[19397, 21285],[19407, 21278],[19408, 21277],[19410, 21275],[19412, 21272],[19412, 21269],[19414, 21245],[19421, 21222],[19433, 21200],[19448, 21181],[19453, 21176],[19472, 21161],[19483, 21155],[19492, 21146],[19501, 21139],[19504, 21136],[19507, 21134],[19511, 21131],[19514, 21129],[19531, 21116],[19532, 21115],[19558, 21096],[19562, 21092],[19592, 21068],[19598, 21064],[19601, 21062],[19616, 21052],[19619, 21050],[19643, 21035],[19646, 21032],[19665, 21017],[19680, 21007],[19689, 21002],[19694, 20999],[19695, 20999],[19697, 20997],[19732, 20977],[19740, 20974],[19747, 20970],[19776, 20955],[19777, 20955],[19778, 20954],[19788, 20949],[19791, 20948],[19792, 20947],[19799, 20944],[19806, 20940],[19808, 20940],[19808, 20939],[19815, 20934],[19821, 20931],[19823, 20930],[19843, 20920],[19845, 20919],[19874, 20903],[19889, 20893],[19910, 20881],[19934, 20871],[19958, 20864],[19982, 20862],[19988, 20862],[19990, 20861],[20003, 20857],[20005, 20856],[20007, 20855],[20015, 20851],[20017, 20850],[20025, 20846],[20038, 20842],[20040, 20841],[20063, 20834],[20067, 20834],[20072, 20832],[20074, 20831],[20097, 20824],[20109, 20823],[20122, 20819],[20146, 20817],[20196, 20817],[20220, 20819],[20243, 20826],[20251, 20830],[20253, 20831],[20275, 20843],[20282, 20849],[20290, 20853],[20309, 20868],[20311, 20871],[20314, 20873],[20317, 20876],[20323, 20880],[20327, 20881],[20349, 20893],[20356, 20899],[20364, 20903],[20383, 20918],[20385, 20921],[20388, 20923],[20403, 20942],[20415, 20964],[20416, 20966],[20420, 20974],[20424, 20986],[20438, 20997],[20441, 21000],[20445, 21002],[20449, 21005],[20453, 21007],[20457, 21009],[20461, 21010],[20468, 21014],[20475, 21017],[20479, 21020],[20483, 21022],[20488, 21026],[20490, 21027],[20494, 21030],[20498, 21032],[20502, 21035],[20508, 21037],[20517, 21040],[20523, 21042],[20533, 21047],[20539, 21049],[20545, 21052],[20547, 21053],[20570, 21060],[20571, 21061],[20587, 21062],[20600, 21066],[20612, 21067],[20627, 21072],[20632, 21072],[20644, 21076],[20647, 21076],[20650, 21074],[20673, 21067],[20692, 21065],[20703, 21062],[20726, 21060],[20733, 21058],[20749, 21057],[20753, 21055],[20758, 21054],[20762, 21053],[20768, 21053],[20777, 21051],[20783, 21051],[20786, 21051],[20787, 21051],[20789, 21050],[20796, 21048],[20803, 21045],[20807, 21044],[20824, 21035],[20847, 21028],[20848, 21028],[20853, 21025],[20876, 21018],[20878, 21018],[20883, 21015],[20885, 21014],[20893, 21010],[20894, 21010],[20895, 21009],[20903, 21005],[20915, 20999],[20925, 20994],[20929, 20992],[20932, 20990],[20936, 20987],[20945, 20982],[20950, 20979],[20958, 20975],[20960, 20974],[20963, 20973],[20968, 20970],[20973, 20968],[20975, 20967],[20997, 20955],[20999, 20954],[21004, 20952],[21010, 20947],[21011, 20945],[21014, 20941],[21016, 20937],[21021, 20930],[21022, 20930],[21023, 20927],[21026, 20922],[21031, 20914],[21032, 20897],[21035, 20887],[21035, 20877],[21035, 20872],[21035, 20857],[21035, 20852],[21035, 20847],[21035, 20842],[21035, 20837],[21035, 20832],[21035, 20827],[21035, 20812],[21037, 20788],[21044, 20765],[21045, 20763],[21049, 20750],[21061, 20728],[21076, 20709],[21095, 20694],[21117, 20682],[21140, 20675],[21164, 20673],[21188, 20673],[21191, 20673],[21197, 20673],[21206, 20675],[21212, 20675],[21216, 20676],[21221, 20677],[21228, 20680],[21235, 20682],[21237, 20683],[21250, 20687],[21272, 20699],[21279, 20705],[21287, 20709],[21294, 20715],[21298, 20717],[21298, 20713],[21300, 20689],[21307, 20666],[21311, 20658],[21312, 20656],[21316, 20649],[21317, 20646],[21320, 20642],[21324, 20634],[21329, 20628],[21330, 20626],[21332, 20624],[21339, 20615],[21342, 20613],[21344, 20610],[21348, 20604],[21363, 20585],[21367, 20581],[21372, 20574],[21373, 20572],[21374, 20571],[21376, 20568],[21388, 20556],[21390, 20554],[21393, 20551],[21398, 20547],[21403, 20544],[21413, 20531],[21423, 20521],[21428, 20516],[21438, 20506],[21448, 20496],[21458, 20486],[21468, 20476],[21470, 20474],[21472, 20470],[21487, 20451],[21492, 20446],[21498, 20442],[21502, 20436],[21505, 20433],[21507, 20429],[21510, 20425],[21512, 20421],[21517, 20414],[21521, 20409],[21523, 20407],[21527, 20402],[21536, 20395],[21538, 20393],[21540, 20391],[21547, 20382],[21552, 20377],[21557, 20372],[21566, 20365],[21569, 20362],[21571, 20361],[21572, 20359],[21575, 20356],[21582, 20347],[21587, 20342],[21592, 20337],[21597, 20332],[21602, 20327],[21607, 20322],[21612, 20317],[21616, 20312],[21621, 20307],[21640, 20292],[21648, 20288],[21655, 20282],[21667, 20276],[21670, 20273],[21692, 20261],[21696, 20260],[21699, 20258],[21704, 20255],[21712, 20251],[21714, 20250],[21717, 20249],[21722, 20246],[21729, 20244],[21736, 20241],[21738, 20241],[21750, 20237],[21752, 20236],[21759, 20234],[21766, 20231],[21771, 20230],[21775, 20229],[21780, 20229],[21786, 20226],[21791, 20225],[21795, 20224],[21798, 20224],[21800, 20223],[21803, 20222],[21814, 20219],[21823, 20218],[21824, 20218],[21825, 20218],[21830, 20216],[21835, 20215],[21839, 20214],[21844, 20214],[21850, 20211],[21855, 20210],[21859, 20209],[21865, 20209],[21874, 20207],[21878, 20207],[21880, 20207],[21884, 20206],[21895, 20201],[21904, 20200],[21915, 20197],[21924, 20194],[21936, 20193],[21940, 20192],[21953, 20188],[21968, 20183],[21983, 20178],[22006, 20173],[22009, 20173],[22013, 20172],[22015, 20171],[22022, 20169],[22029, 20166],[22034, 20165],[22038, 20164],[22039, 20164],[22047, 20160],[22050, 20159],[22055, 20156],[22062, 20154],[22069, 20151],[22092, 20144],[22111, 20142],[22122, 20139],[22146, 20137],[22250, 20137],[22274, 20139],[22297, 20146],[22305, 20150],[22307, 20151],[22309, 20152],[22322, 20156],[22335, 20163],[22344, 20164],[22367, 20171],[22375, 20175],[22377, 20176],[22385, 20180],[22387, 20181],[22392, 20184],[22394, 20184],[22417, 20191],[22420, 20193],[22431, 20196],[22436, 20199],[22438, 20199],[22461, 20206],[22466, 20209],[22468, 20209],[22491, 20216],[22494, 20218],[22496, 20218],[22503, 20219],[22526, 20226],[22529, 20228],[22534, 20230],[22555, 20236],[22560, 20239],[22562, 20239],[22566, 20240],[22571, 20241],[22578, 20244],[22585, 20246],[22587, 20247],[22597, 20249],[22601, 20250],[22606, 20251],[22611, 20253],[22621, 20256],[22623, 20257],[22629, 20258],[22637, 20259],[22642, 20260],[22645, 20261],[22658, 20265],[22661, 20265],[22680, 20273],[22681, 20273],[22685, 20274],[22690, 20275],[22696, 20278],[22701, 20278],[22724, 20285],[22746, 20297],[22765, 20312],[22767, 20315],[22770, 20317],[22773, 20320],[22786, 20327],[22800, 20338],[22802, 20339],[22804, 20340],[22812, 20344],[22817, 20347],[22826, 20352],[22830, 20355],[22832, 20356],[22837, 20360],[22839, 20360],[22846, 20363],[22853, 20365],[22855, 20366],[22868, 20370],[22890, 20382],[22897, 20388],[22905, 20392],[22924, 20407],[22926, 20410],[22929, 20412],[22931, 20415],[22934, 20417],[22949, 20436],[22964, 20455],[22972, 20470],[22976, 20475],[22979, 20478],[22981, 20481],[22984, 20485],[22988, 20493],[22994, 20500],[23006, 20522],[23007, 20524],[23011, 20532],[23018, 20555],[23018, 20558],[23019, 20560],[23021, 20566],[23024, 20575],[23025, 20577],[23028, 20586],[23029, 20589],[23030, 20592],[23032, 20597],[23036, 20608],[23037, 20611],[23040, 20616],[23042, 20623],[23045, 20630],[23045, 20632],[23046, 20635],[23048, 20639],[23052, 20650],[23054, 20653],[23058, 20659],[23062, 20667],[23068, 20674],[23075, 20687],[23078, 20690],[23093, 20709],[23098, 20718],[23102, 20726],[23108, 20733],[23120, 20755],[23121, 20759],[23130, 20775],[23132, 20782],[23133, 20783],[23145, 20805],[23149, 20818],[23150, 20820],[23151, 20822],[23152, 20825],[23155, 20830],[23157, 20837],[23160, 20844],[23161, 20847],[23161, 20848],[23164, 20855],[23166, 20860],[23167, 20866],[23169, 20870],[23174, 20879],[23181, 20902],[23181, 20904],[23184, 20909],[23186, 20916],[23189, 20923],[23190, 20928],[23191, 20932],[23192, 20938],[23193, 20947],[23194, 20949],[23196, 20956],[23199, 20963],[23200, 20968],[23201, 20972],[23201, 20976],[23202, 20978],[23204, 20983],[23205, 20988],[23206, 20992],[23208, 21000],[23210, 21005],[23211, 21008],[23214, 21013],[23216, 21020],[23219, 21027],[23220, 21032],[23221, 21036],[23221, 21038],[23224, 21043],[23231, 21066],[23232, 21079],[23233, 21080],[23234, 21083],[23241, 21106],[23242, 21114],[23244, 21118],[23246, 21125],[23249, 21132],[23250, 21137],[23251, 21141],[23251, 21142],[23254, 21147],[23258, 21160],[23259, 21162],[23263, 21175],[23265, 21180],[23269, 21187],[23270, 21191],[23272, 21195],[23275, 21204],[23280, 21214],[23281, 21217],[23284, 21222],[23286, 21229],[23289, 21236],[23290, 21241],[23291, 21245],[23291, 21249],[23294, 21254],[23295, 21257],[23296, 21258],[23296, 21248],[23360, 21248],[23360, 21184],[23296, 21184],[23296, 21120],[23360, 21120],[23360, 20928],[23397, 20928],[23396, 20924],[23395, 20919]]],[[[17088, 20992],[17092, 20992],[17088, 20980],[17088, 20992]]],[[[17396, 21397],[17401, 21402],[17406, 21410],[17408, 21413],[17408, 21376],[17382, 21376],[17392, 21389],[17396, 21397]]],[[[17441, 21457],[17442, 21447],[17442, 21443],[17442, 21442],[17442, 21440],[17428, 21440],[17436, 21451],[17441, 21457]]],[[[13184, 27328],[13203, 27328],[13184, 27325],[13184, 27328]]],[[[23486, 22281],[23486, 22282],[23485, 22285],[23484, 22287],[23484, 22290],[23483, 22294],[23482, 22299],[23481, 22301],[23481, 22306],[23481, 22311],[23481, 22314],[23481, 22320],[23480, 22329],[23479, 22335],[23478, 22339],[23477, 22344],[23476, 22347],[23476, 22349],[23476, 22355],[23475, 22364],[23474, 22370],[23473, 22374],[23472, 22379],[23471, 22381],[23471, 22390],[23471, 22395],[23471, 22405],[23471, 22410],[23471, 22415],[23471, 22420],[23471, 22425],[23471, 22430],[23471, 22440],[23469, 22464],[23466, 22474],[23466, 22479],[23465, 22488],[23464, 22494],[23463, 22498],[23462, 22503],[23459, 22509],[23459, 22514],[23455, 22528],[23488, 22528],[23488, 22276],[23487, 22279],[23486, 22281]]],[[[22772, 23342],[22768, 23344],[22750, 23351],[22749, 23352],[22735, 23360],[22784, 23360],[22784, 23337],[22777, 23340],[22772, 23342]]]]},"properties":{"objectType":"annotation","name":"B15XO_C1 Outer Rim 100 µm","color":[100, 200, 100],"classification":{"name":"Outer Rim","color":[200, 63, 239]}}},{"type":"Feature","id":"f334e5bf-132c-4e1b-bca6-260defe57351","geometry":{"type":"MultiPolygon","coordinates":[[[[8604, 11359],[8627, 11378],[8665, 11402],[8690, 11415],[8703, 11435],[8710, 11445],[8728, 11469],[8740, 11483],[8753, 11502],[8757, 11508],[8760, 11513],[8777, 11538],[8790, 11555],[8796, 11562],[8804, 11573],[8823, 11596],[8836, 11610],[8860, 11634],[8874, 11647],[8897, 11666],[8935, 11690],[8956, 11701],[8958, 11702],[8973, 11710],[8990, 11718],[8999, 11722],[9012, 11729],[9013, 11729],[9018, 11733],[9030, 11743],[9053, 11762],[9070, 11774],[9077, 11779],[9081, 11783],[9100, 11799],[9118, 11813],[9123, 11817],[9124, 11818],[9131, 11825],[9137, 11831],[9150, 11848],[9162, 11862],[9170, 11871],[9174, 11876],[9188, 11896],[9207, 11919],[9209, 11921],[9225, 11952],[9226, 11955],[9228, 11975],[9231, 11993],[9233, 12005],[9236, 12020],[9237, 12041],[9237, 12051],[9238, 12072],[9241, 12101],[9248, 12133],[9256, 12162],[9263, 12185],[9274, 12212],[9281, 12226],[9283, 12230],[9288, 12243],[9295, 12258],[9308, 12284],[9322, 12309],[9323, 12310],[9333, 12338],[9343, 12360],[9366, 12407],[9377, 12429],[9388, 12459],[9397, 12480],[9405, 12496],[9407, 12502],[9419, 12532],[9430, 12559],[9438, 12579],[9445, 12594],[9447, 12598],[9456, 12621],[9463, 12636],[9476, 12662],[9486, 12681],[9492, 12690],[9498, 12700],[9515, 12725],[9521, 12734],[9522, 12735],[9526, 12745],[9533, 12759],[9545, 12788],[9551, 12800],[9578, 12854],[9602, 12892],[9621, 12915],[9634, 12929],[9652, 12947],[9666, 12960],[9689, 12979],[9727, 13003],[9753, 13016],[9780, 13027],[9782, 13028],[9783, 13029],[9810, 13045],[9831, 13056],[9836, 13059],[9845, 13065],[9857, 13071],[9869, 13078],[9894, 13091],[9930, 13108],[9933, 13110],[9942, 13117],[9966, 13135],[9983, 13145],[9986, 13149],[10001, 13164],[10015, 13176],[10021, 13181],[10034, 13191],[10061, 13210],[10086, 13225],[10112, 13238],[10141, 13250],[10169, 13259],[10209, 13268],[10238, 13271],[10259, 13272],[10265, 13272],[10276, 13271],[10284, 13273],[10299, 13277],[10309, 13279],[10337, 13282],[10350, 13283],[10366, 13285],[10387, 13288],[10399, 13289],[10404, 13289],[10418, 13292],[10437, 13296],[10473, 13302],[10485, 13304],[10514, 13307],[10535, 13308],[10703, 13308],[10724, 13307],[10753, 13304],[10771, 13301],[10801, 13295],[10823, 13289],[10851, 13280],[10880, 13268],[10900, 13258],[10919, 13250],[10946, 13236],[10962, 13227],[10987, 13210],[11004, 13197],[11011, 13191],[11022, 13183],[11045, 13164],[11059, 13151],[11071, 13139],[11081, 13128],[11093, 13114],[11104, 13100],[11108, 13096],[11118, 13085],[11121, 13083],[11135, 13071],[11136, 13071],[11161, 13054],[11167, 13050],[11172, 13047],[11185, 13039],[11198, 13031],[11213, 13022],[11237, 13010],[11265, 12995],[11298, 12973],[11314, 12960],[11320, 12975],[11327, 12990],[11340, 13016],[11352, 13037],[11361, 13051],[11377, 13077],[11394, 13102],[11413, 13125],[11426, 13139],[11436, 13149],[11447, 13175],[11460, 13201],[11484, 13239],[11503, 13262],[11516, 13276],[11540, 13300],[11554, 13313],[11577, 13332],[11615, 13356],[11641, 13369],[11670, 13381],[11698, 13390],[11727, 13397],[11750, 13401],[11753, 13401],[11770, 13406],[11798, 13411],[11827, 13414],[11848, 13415],[11854, 13415],[11874, 13414],[11879, 13417],[11881, 13419],[11902, 13472],[11909, 13487],[11928, 13525],[11943, 13550],[11952, 13563],[11952, 13564],[11965, 13589],[11967, 13593],[11969, 13598],[11974, 13610],[11978, 13620],[11986, 13637],[11993, 13649],[11995, 13655],[12012, 13687],[12036, 13725],[12055, 13748],[12068, 13762],[12080, 13774],[12094, 13787],[12117, 13806],[12137, 13819],[12143, 13824],[12167, 13842],[12176, 13848],[12183, 13853],[12188, 13858],[12202, 13871],[12225, 13890],[12239, 13900],[12250, 13913],[12264, 13935],[12284, 13958],[12303, 13981],[12307, 13988],[12325, 14018],[12342, 14043],[12361, 14066],[12374, 14080],[12386, 14092],[12397, 14102],[12411, 14114],[12431, 14130],[12450, 14144],[12452, 14146],[12468, 14162],[12472, 14171],[12485, 14197],[12503, 14227],[12521, 14251],[12546, 14282],[12559, 14296],[12583, 14320],[12594, 14330],[12608, 14342],[12625, 14355],[12631, 14360],[12640, 14375],[12647, 14386],[12683, 14440],[12692, 14452],[12705, 14469],[12717, 14483],[12727, 14494],[12731, 14499],[12741, 14511],[12754, 14526],[12759, 14535],[12776, 14560],[12777, 14562],[12791, 14582],[12810, 14605],[12837, 14632],[12860, 14651],[12898, 14675],[12913, 14683],[12929, 14708],[12948, 14731],[12961, 14745],[12991, 14775],[13005, 14788],[13028, 14807],[13061, 14828],[13064, 14831],[13102, 14855],[13137, 14873],[13139, 14876],[13158, 14899],[13171, 14913],[13195, 14937],[13209, 14950],[13232, 14969],[13270, 14993],[13275, 14996],[13299, 15010],[13312, 15017],[13338, 15030],[13349, 15035],[13391, 15053],[13407, 15059],[13421, 15064],[13453, 15076],[13470, 15081],[13491, 15087],[13499, 15090],[13522, 15098],[13535, 15102],[13563, 15111],[13593, 15121],[13599, 15122],[13609, 15127],[13632, 15136],[13640, 15139],[13679, 15155],[13695, 15161],[13733, 15174],[13756, 15182],[13767, 15185],[13787, 15192],[13815, 15201],[13837, 15207],[13862, 15212],[13881, 15217],[13898, 15220],[13921, 15224],[13933, 15226],[13951, 15229],[13976, 15231],[13981, 15232],[13991, 15234],[13995, 15235],[14011, 15238],[14047, 15244],[14059, 15246],[14076, 15247],[14097, 15253],[14125, 15258],[14154, 15261],[14175, 15262],[14181, 15262],[14190, 15264],[14219, 15267],[14240, 15268],[14317, 15268],[14350, 15265],[14368, 15262],[14380, 15262],[14393, 15261],[14422, 15258],[14431, 15256],[14588, 15256],[14609, 15255],[14612, 15254],[14615, 15255],[14636, 15256],[14834, 15256],[14855, 15255],[14884, 15252],[14893, 15250],[14894, 15250],[14915, 15249],[14944, 15246],[14953, 15244],[14960, 15244],[14981, 15243],[15010, 15240],[15028, 15237],[15058, 15231],[15080, 15225],[15108, 15216],[15128, 15209],[15147, 15202],[15151, 15200],[15155, 15199],[15177, 15193],[15205, 15184],[15227, 15175],[15237, 15172],[15259, 15167],[15285, 15158],[15298, 15153],[15308, 15151],[15332, 15145],[15344, 15141],[15372, 15132],[15392, 15125],[15405, 15120],[15408, 15119],[15437, 15111],[15451, 15107],[15470, 15103],[15482, 15099],[15510, 15090],[15520, 15087],[15523, 15086],[15542, 15081],[15570, 15072],[15599, 15060],[15609, 15056],[15635, 15043],[15650, 15037],[15665, 15030],[15715, 15005],[15728, 14998],[15758, 14980],[15782, 14965],[15798, 14959],[15811, 14955],[15839, 14946],[15847, 14943],[15860, 14940],[15889, 14931],[15917, 14922],[15925, 14919],[15936, 14916],[15945, 14913],[15963, 14907],[15975, 14903],[16045, 14875],[16060, 14868],[16086, 14855],[16104, 14845],[16120, 14838],[16146, 14825],[16170, 14811],[16171, 14810],[16173, 14810],[16219, 14791],[16234, 14784],[16260, 14771],[16281, 14759],[16299, 14747],[16308, 14741],[16328, 14726],[16359, 14705],[16368, 14699],[16373, 14695],[16380, 14692],[16406, 14677],[16430, 14661],[16447, 14648],[16495, 14608],[16509, 14596],[16517, 14588],[16520, 14586],[16543, 14567],[16557, 14554],[16595, 14516],[16598, 14514],[16621, 14495],[16635, 14482],[16654, 14462],[16655, 14462],[16664, 14455],[16665, 14454],[16674, 14448],[16698, 14430],[16702, 14427],[16721, 14415],[16742, 14400],[16765, 14381],[16771, 14375],[16773, 14373],[16790, 14360],[16797, 14354],[16805, 14348],[16820, 14336],[16835, 14323],[16855, 14303],[16859, 14298],[16864, 14294],[16875, 14284],[16893, 14266],[16906, 14252],[16925, 14229],[16949, 14191],[16962, 14165],[16973, 14138],[16986, 14100],[16995, 14072],[17001, 14050],[17007, 14022],[17010, 14017],[17011, 14015],[17061, 13966],[17070, 13956],[17083, 13941],[17095, 13926],[17098, 13923],[17104, 13916],[17105, 13914],[17146, 13934],[17149, 13936],[17173, 13950],[17197, 13963],[17200, 13964],[17206, 13968],[17224, 13980],[17234, 13987],[17253, 13998],[17267, 14005],[17346, 14043],[17358, 14048],[17388, 14060],[17435, 14079],[17450, 14085],[17478, 14096],[17490, 14100],[17504, 14105],[17536, 14117],[17570, 14126],[17584, 14129],[17602, 14132],[17617, 14133],[17630, 14136],[17658, 14139],[17677, 14140],[17688, 14141],[17778, 14141],[17799, 14140],[17828, 14137],[17840, 14135],[17876, 14129],[17877, 14129],[17922, 14129],[17943, 14128],[17973, 14124],[18027, 14118],[18054, 14114],[18078, 14108],[18090, 14104],[18118, 14095],[18137, 14089],[18142, 14088],[18168, 14084],[18187, 14079],[18212, 14074],[18234, 14068],[18262, 14059],[18282, 14052],[18309, 14041],[18347, 14022],[18360, 14015],[18390, 13997],[18434, 13968],[18451, 13956],[18474, 13937],[18501, 13910],[18520, 13887],[18544, 13849],[18575, 13787],[18586, 13760],[18593, 13740],[18602, 13712],[18611, 13672],[18614, 13643],[18615, 13622],[18615, 13604],[18614, 13583],[18611, 13554],[18607, 13530],[18599, 13495],[18595, 13481],[18592, 13473],[18588, 13454],[18584, 13442],[18575, 13414],[18563, 13385],[18542, 13343],[18535, 13324],[18527, 13307],[18502, 13257],[18478, 13219],[18469, 13209],[18465, 13202],[18447, 13172],[18430, 13146],[18418, 13129],[18403, 13112],[18437, 13044],[18448, 13019],[18450, 13013],[18455, 13002],[18467, 12973],[18476, 12945],[18481, 12930],[18486, 12907],[18487, 12902],[18492, 12885],[18495, 12868],[18498, 12861],[18503, 12847],[18512, 12819],[18519, 12788],[18520, 12785],[18521, 12781],[18527, 12764],[18530, 12755],[18552, 12737],[18572, 12718],[18573, 12717],[18607, 12689],[18620, 12677],[18638, 12659],[18649, 12646],[18665, 12627],[18673, 12618],[18676, 12613],[18679, 12611],[18697, 12593],[18706, 12583],[18714, 12573],[18722, 12567],[18733, 12557],[18739, 12551],[18749, 12540],[18761, 12526],[18765, 12521],[18779, 12510],[18793, 12497],[18799, 12491],[18812, 12477],[18831, 12454],[18843, 12437],[18855, 12419],[18867, 12398],[18886, 12360],[18898, 12331],[18907, 12303],[18916, 12263],[18919, 12234],[18920, 12213],[18920, 12127],[18934, 12139],[18972, 12163],[18984, 12169],[18995, 12180],[19018, 12199],[19053, 12222],[19059, 12225],[19070, 12233],[19077, 12238],[19102, 12255],[19106, 12257],[19116, 12265],[19143, 12282],[19149, 12285],[19155, 12289],[19199, 12318],[19229, 12336],[19242, 12343],[19256, 12350],[19260, 12353],[19284, 12367],[19285, 12368],[19293, 12373],[19314, 12385],[19340, 12398],[19347, 12403],[19365, 12415],[19373, 12420],[19374, 12437],[19377, 12455],[19381, 12475],[19383, 12491],[19383, 12504],[19386, 12533],[19388, 12545],[19394, 12581],[19401, 12609],[19410, 12637],[19417, 12657],[19428, 12684],[19441, 12710],[19465, 12748],[19484, 12771],[19497, 12785],[19515, 12803],[19518, 12806],[19529, 12820],[19541, 12834],[19551, 12845],[19563, 12857],[19571, 12864],[19581, 12873],[19593, 12883],[19599, 12888],[19604, 12893],[19610, 12898],[19608, 12903],[19595, 12929],[19584, 12956],[19578, 12971],[19560, 13022],[19557, 13032],[19545, 13072],[19540, 13088],[19536, 13107],[19533, 13115],[19528, 13138],[19525, 13152],[19522, 13170],[19519, 13203],[19519, 13244],[19520, 13265],[19523, 13293],[19525, 13309],[19520, 13326],[19516, 13343],[19512, 13360],[19509, 13379],[19509, 13380],[19491, 13398],[19478, 13412],[19459, 13435],[19435, 13473],[19410, 13523],[19403, 13538],[19391, 13568],[19386, 13582],[19377, 13610],[19372, 13625],[19367, 13648],[19366, 13653],[19361, 13670],[19356, 13698],[19353, 13727],[19352, 13748],[19352, 13874],[19353, 13895],[19356, 13924],[19361, 13952],[19362, 13956],[19364, 13966],[19367, 13980],[19374, 14007],[19386, 14043],[19390, 14056],[19401, 14082],[19409, 14102],[19413, 14112],[19429, 14146],[19444, 14181],[19450, 14193],[19460, 14213],[19472, 14234],[19490, 14264],[19491, 14265],[19499, 14285],[19530, 14348],[19533, 14356],[19544, 14383],[19551, 14397],[19559, 14413],[19563, 14424],[19580, 14469],[19589, 14489],[19592, 14496],[19601, 14517],[19610, 14537],[19624, 14566],[19624, 14567],[19632, 14589],[19644, 14623],[19655, 14650],[19663, 14667],[19667, 14677],[19684, 14719],[19684, 14720],[19712, 14720],[19712, 14773],[19719, 14784],[19776, 14784],[19776, 14848],[19840, 14848],[19840, 14906],[19848, 14910],[19850, 14912],[19904, 14912],[19904, 15104],[19968, 15104],[19968, 15232],[19904, 15232],[19904, 15298],[19907, 15304],[19920, 15330],[19939, 15360],[19968, 15360],[19968, 15397],[19978, 15410],[19990, 15424],[20000, 15435],[20012, 15447],[20023, 15457],[20034, 15467],[20044, 15478],[20053, 15488],[20096, 15488],[20096, 15538],[20108, 15552],[20352, 15552],[20352, 15488],[20480, 15488],[20480, 15457],[20455, 15469],[20427, 15478],[20398, 15481],[20380, 15481],[20351, 15478],[20323, 15469],[20297, 15456],[20274, 15437],[20271, 15434],[20268, 15431],[20249, 15408],[20247, 15403],[20244, 15401],[20225, 15378],[20221, 15370],[20208, 15359],[20196, 15347],[20187, 15336],[20184, 15333],[20183, 15331],[20177, 15324],[20170, 15319],[20168, 15317],[20165, 15314],[20154, 15305],[20148, 15299],[20142, 15293],[20133, 15282],[20130, 15279],[20129, 15277],[20123, 15270],[20121, 15265],[20118, 15263],[20099, 15240],[20086, 15214],[20081, 15197],[20080, 15196],[20074, 15184],[20065, 15156],[20062, 15127],[20062, 15115],[20062, 15109],[20062, 15103],[20062, 15097],[20062, 15091],[20062, 15085],[20062, 15079],[20062, 15073],[20062, 15067],[20062, 15061],[20065, 15032],[20074, 15004],[20075, 15003],[20080, 14986],[20081, 14985],[20086, 14968],[20099, 14942],[20107, 14933],[20107, 14930],[20112, 14914],[20112, 14913],[20108, 14906],[20101, 14892],[20093, 14880],[20079, 14854],[20075, 14839],[20069, 14834],[20066, 14832],[20064, 14830],[20058, 14825],[20053, 14818],[20041, 14810],[20038, 14808],[20036, 14807],[20029, 14802],[20018, 14795],[20015, 14792],[20012, 14790],[20005, 14782],[19997, 14775],[19995, 14772],[19992, 14769],[19980, 14759],[19974, 14753],[19971, 14750],[19967, 14748],[19961, 14743],[19953, 14739],[19946, 14734],[19937, 14730],[19930, 14725],[19928, 14723],[19925, 14720],[19914, 14711],[19909, 14705],[19907, 14703],[19905, 14700],[19895, 14688],[19892, 14681],[19890, 14679],[19889, 14678],[19883, 14670],[19870, 14644],[19865, 14630],[19862, 14622],[19858, 14614],[19857, 14610],[19854, 14604],[19849, 14588],[19847, 14586],[19834, 14560],[19825, 14532],[19825, 14529],[19822, 14524],[19817, 14507],[19816, 14506],[19815, 14502],[19812, 14496],[19810, 14490],[19808, 14486],[19804, 14475],[19798, 14464],[19792, 14452],[19789, 14441],[19785, 14436],[19780, 14422],[19774, 14411],[19768, 14399],[19763, 14382],[19762, 14381],[19757, 14364],[19750, 14351],[19745, 14336],[19742, 14331],[19736, 14319],[19730, 14307],[19719, 14280],[19718, 14272],[19715, 14269],[19702, 14243],[19698, 14232],[19696, 14227],[19691, 14221],[19678, 14195],[19671, 14173],[19670, 14170],[19662, 14161],[19652, 14141],[19651, 14140],[19650, 14138],[19644, 14131],[19640, 14122],[19635, 14115],[19629, 14103],[19618, 14076],[19618, 14074],[19617, 14073],[19612, 14063],[19611, 14061],[19607, 14050],[19595, 14027],[19591, 14016],[19587, 14007],[19576, 13980],[19574, 13970],[19574, 13969],[19574, 13968],[19564, 13944],[19562, 13934],[19562, 13933],[19562, 13932],[19559, 13915],[19559, 13913],[19556, 13903],[19553, 13874],[19553, 13862],[19553, 13856],[19553, 13850],[19553, 13844],[19553, 13838],[19553, 13832],[19553, 13826],[19553, 13820],[19553, 13814],[19553, 13808],[19553, 13802],[19553, 13796],[19553, 13784],[19553, 13778],[19553, 13772],[19553, 13766],[19553, 13754],[19553, 13748],[19556, 13719],[19560, 13706],[19562, 13697],[19562, 13695],[19562, 13694],[19564, 13684],[19568, 13675],[19568, 13671],[19577, 13643],[19584, 13630],[19589, 13613],[19595, 13601],[19601, 13589],[19602, 13587],[19608, 13575],[19614, 13563],[19633, 13540],[19636, 13537],[19639, 13534],[19645, 13528],[19648, 13525],[19651, 13522],[19654, 13519],[19657, 13516],[19663, 13510],[19670, 13505],[19675, 13498],[19681, 13492],[19684, 13490],[19686, 13485],[19699, 13470],[19703, 13461],[19708, 13451],[19709, 13449],[19711, 13445],[19709, 13437],[19708, 13427],[19708, 13418],[19708, 13409],[19709, 13399],[19711, 13391],[19711, 13389],[19712, 13387],[19715, 13372],[19719, 13363],[19722, 13354],[19727, 13346],[19728, 13345],[19726, 13328],[19726, 13310],[19726, 13304],[19726, 13292],[19726, 13286],[19726, 13282],[19723, 13273],[19720, 13244],[19720, 13238],[19720, 13232],[19720, 13226],[19720, 13220],[19720, 13214],[19720, 13211],[19720, 13203],[19723, 13187],[19723, 13185],[19723, 13184],[19725, 13174],[19729, 13165],[19729, 13161],[19731, 13156],[19731, 13154],[19735, 13139],[19735, 13137],[19736, 13134],[19737, 13130],[19746, 13102],[19747, 13100],[19749, 13090],[19759, 13066],[19759, 13065],[19768, 13037],[19769, 13036],[19774, 13019],[19787, 12993],[19795, 12984],[19799, 12975],[19807, 12966],[19811, 12957],[19819, 12948],[19823, 12939],[19842, 12916],[19865, 12897],[19877, 12891],[19886, 12887],[19895, 12879],[19900, 12877],[19900, 12876],[19901, 12874],[19901, 12860],[19900, 12858],[19899, 12856],[19895, 12854],[19877, 12839],[19871, 12836],[19848, 12817],[19845, 12814],[19842, 12811],[19839, 12808],[19836, 12805],[19834, 12802],[19831, 12801],[19829, 12800],[19817, 12794],[19807, 12789],[19805, 12788],[19781, 12776],[19772, 12768],[19763, 12764],[19740, 12745],[19734, 12739],[19730, 12735],[19728, 12734],[19721, 12728],[19715, 12724],[19711, 12720],[19705, 12715],[19699, 12709],[19693, 12703],[19684, 12692],[19681, 12689],[19680, 12687],[19674, 12680],[19672, 12676],[19663, 12667],[19657, 12661],[19651, 12655],[19645, 12649],[19642, 12646],[19639, 12643],[19620, 12620],[19607, 12594],[19602, 12577],[19601, 12576],[19592, 12548],[19589, 12522],[19586, 12512],[19583, 12483],[19583, 12477],[19583, 12471],[19583, 12465],[19583, 12459],[19583, 12455],[19580, 12446],[19578, 12429],[19574, 12416],[19571, 12387],[19571, 12381],[19571, 12375],[19571, 12369],[19571, 12363],[19571, 12357],[19571, 12351],[19571, 12345],[19571, 12344],[19569, 12341],[19566, 12338],[19566, 12337],[19564, 12335],[19560, 12327],[19555, 12319],[19552, 12310],[19548, 12301],[19545, 12286],[19544, 12284],[19544, 12282],[19544, 12281],[19538, 12279],[19526, 12273],[19512, 12266],[19502, 12261],[19500, 12260],[19476, 12248],[19467, 12240],[19458, 12236],[19449, 12228],[19442, 12225],[19440, 12224],[19430, 12219],[19416, 12212],[19404, 12206],[19395, 12198],[19386, 12194],[19374, 12188],[19366, 12182],[19365, 12181],[19363, 12179],[19358, 12177],[19356, 12176],[19344, 12170],[19332, 12164],[19323, 12156],[19302, 12146],[19293, 12138],[19284, 12134],[19275, 12126],[19266, 12122],[19259, 12117],[19257, 12115],[19256, 12114],[19248, 12110],[19236, 12104],[19221, 12091],[19216, 12089],[19209, 12084],[19200, 12080],[19193, 12075],[19191, 12073],[19188, 12070],[19182, 12065],[19176, 12062],[19169, 12057],[19167, 12055],[19166, 12054],[19158, 12050],[19146, 12044],[19123, 12025],[19117, 12019],[19111, 12013],[19108, 12010],[19105, 12007],[19102, 12004],[19100, 12003],[19098, 12002],[19088, 11997],[19074, 11990],[19062, 11984],[19039, 11965],[19036, 11962],[19033, 11959],[19030, 11956],[19026, 11954],[19018, 11948],[19012, 11945],[19000, 11939],[18988, 11933],[18981, 11928],[18972, 11924],[18965, 11919],[18963, 11917],[18960, 11914],[18954, 11909],[18938, 11901],[18936, 11900],[18912, 11888],[18903, 11880],[18894, 11876],[18888, 11871],[18880, 11867],[18873, 11862],[18864, 11858],[18857, 11853],[18855, 11851],[18854, 11850],[18848, 11847],[18846, 11846],[18834, 11840],[18822, 11834],[18813, 11826],[18804, 11822],[18795, 11814],[18786, 11810],[18777, 11802],[18768, 11798],[18759, 11790],[18750, 11786],[18741, 11778],[18732, 11774],[18729, 11773],[18720, 11795],[18718, 11800],[18716, 11809],[18716, 11810],[18716, 11811],[18714, 11821],[18706, 11841],[18701, 11856],[18700, 11857],[18695, 11874],[18689, 11886],[18689, 11889],[18689, 11895],[18689, 11901],[18689, 11913],[18689, 11919],[18689, 11925],[18689, 11931],[18690, 11933],[18691, 11940],[18698, 11962],[18701, 11975],[18708, 11993],[18710, 12003],[18710, 12004],[18710, 12005],[18712, 12015],[18716, 12028],[18719, 12057],[18719, 12063],[18719, 12069],[18719, 12075],[18719, 12087],[18719, 12093],[18719, 12105],[18719, 12111],[18719, 12117],[18719, 12123],[18719, 12135],[18719, 12141],[18719, 12147],[18719, 12153],[18719, 12159],[18719, 12165],[18719, 12171],[18719, 12183],[18719, 12189],[18719, 12195],[18719, 12201],[18719, 12207],[18719, 12213],[18716, 12242],[18707, 12270],[18701, 12282],[18694, 12296],[18688, 12308],[18680, 12317],[18676, 12326],[18657, 12349],[18654, 12352],[18651, 12355],[18628, 12374],[18624, 12376],[18621, 12379],[18618, 12382],[18616, 12386],[18611, 12393],[18609, 12395],[18606, 12398],[18597, 12409],[18591, 12415],[18580, 12424],[18577, 12427],[18575, 12428],[18573, 12430],[18569, 12435],[18560, 12444],[18555, 12451],[18549, 12457],[18543, 12463],[18537, 12469],[18526, 12478],[18515, 12493],[18515, 12494],[18514, 12495],[18512, 12498],[18505, 12506],[18496, 12517],[18493, 12520],[18484, 12529],[18481, 12532],[18478, 12535],[18455, 12554],[18446, 12560],[18441, 12564],[18434, 12572],[18432, 12574],[18424, 12583],[18401, 12602],[18395, 12606],[18394, 12607],[18388, 12613],[18382, 12619],[18379, 12622],[18377, 12626],[18358, 12649],[18355, 12651],[18353, 12655],[18348, 12672],[18342, 12684],[18339, 12689],[18339, 12692],[18330, 12720],[18329, 12721],[18324, 12738],[18323, 12739],[18323, 12741],[18321, 12758],[18312, 12786],[18306, 12797],[18306, 12798],[18304, 12806],[18302, 12813],[18301, 12817],[18298, 12824],[18297, 12836],[18293, 12849],[18291, 12859],[18291, 12860],[18291, 12861],[18289, 12871],[18285, 12880],[18285, 12884],[18276, 12912],[18270, 12924],[18264, 12935],[18263, 12939],[18258, 12954],[18252, 12966],[18246, 12978],[18245, 12980],[18240, 12990],[18239, 12992],[18234, 13002],[18233, 13004],[18227, 13016],[18221, 13028],[18205, 13048],[18203, 13051],[18195, 13060],[18191, 13069],[18186, 13076],[18184, 13078],[18181, 13081],[18172, 13092],[18169, 13094],[18167, 13099],[18157, 13111],[18155, 13114],[18153, 13116],[18150, 13120],[18150, 13121],[18155, 13131],[18156, 13133],[18161, 13143],[18162, 13145],[18164, 13149],[18170, 13156],[18173, 13159],[18184, 13168],[18189, 13174],[18190, 13175],[18196, 13180],[18201, 13186],[18202, 13187],[18208, 13192],[18227, 13215],[18231, 13223],[18232, 13224],[18244, 13234],[18263, 13257],[18267, 13266],[18275, 13275],[18281, 13287],[18285, 13296],[18293, 13305],[18299, 13317],[18301, 13322],[18304, 13324],[18323, 13347],[18329, 13359],[18335, 13371],[18336, 13373],[18342, 13385],[18348, 13397],[18356, 13421],[18359, 13425],[18365, 13437],[18371, 13449],[18372, 13451],[18378, 13463],[18384, 13475],[18393, 13503],[18394, 13511],[18399, 13527],[18399, 13531],[18403, 13540],[18405, 13550],[18405, 13551],[18405, 13552],[18407, 13562],[18411, 13575],[18414, 13604],[18414, 13610],[18414, 13616],[18414, 13622],[18411, 13651],[18402, 13679],[18401, 13680],[18396, 13697],[18384, 13721],[18383, 13723],[18378, 13733],[18371, 13747],[18365, 13759],[18346, 13782],[18323, 13801],[18314, 13805],[18305, 13813],[18296, 13817],[18287, 13825],[18266, 13835],[18257, 13843],[18245, 13849],[18231, 13856],[18219, 13862],[18202, 13867],[18201, 13868],[18173, 13877],[18156, 13879],[18143, 13883],[18135, 13884],[18119, 13889],[18094, 13892],[18093, 13892],[18076, 13897],[18075, 13898],[18058, 13903],[18057, 13904],[18029, 13913],[18021, 13914],[18005, 13919],[17976, 13922],[17960, 13922],[17951, 13925],[17922, 13928],[17852, 13928],[17843, 13931],[17817, 13934],[17807, 13937],[17778, 13940],[17688, 13940],[17683, 13939],[17669, 13939],[17662, 13937],[17659, 13937],[17652, 13935],[17649, 13934],[17646, 13934],[17643, 13934],[17635, 13934],[17619, 13931],[17617, 13931],[17616, 13931],[17606, 13929],[17586, 13921],[17571, 13916],[17570, 13915],[17553, 13910],[17540, 13903],[17523, 13898],[17515, 13894],[17510, 13893],[17483, 13882],[17474, 13878],[17463, 13874],[17451, 13868],[17450, 13867],[17433, 13862],[17421, 13856],[17409, 13850],[17407, 13849],[17397, 13844],[17395, 13843],[17383, 13837],[17371, 13831],[17368, 13828],[17354, 13824],[17343, 13817],[17335, 13813],[17326, 13805],[17317, 13801],[17310, 13796],[17308, 13794],[17307, 13793],[17299, 13789],[17289, 13784],[17287, 13783],[17263, 13771],[17254, 13763],[17247, 13760],[17245, 13759],[17235, 13754],[17223, 13748],[17221, 13747],[17209, 13741],[17199, 13736],[17197, 13735],[17192, 13732],[17187, 13731],[17161, 13717],[17137, 13705],[17119, 13690],[17101, 13681],[17092, 13673],[17083, 13669],[17071, 13663],[17053, 13648],[17047, 13645],[17038, 13637],[17029, 13633],[17027, 13631],[17023, 13643],[17022, 13644],[17017, 13661],[17016, 13662],[17011, 13679],[17005, 13691],[16999, 13703],[16998, 13705],[16992, 13717],[16987, 13727],[16986, 13729],[16981, 13739],[16974, 13753],[16968, 13765],[16949, 13788],[16946, 13791],[16943, 13794],[16940, 13797],[16938, 13801],[16928, 13813],[16926, 13816],[16924, 13818],[16919, 13824],[16912, 13829],[16907, 13836],[16904, 13839],[16901, 13842],[16898, 13845],[16895, 13848],[16888, 13853],[16883, 13860],[16877, 13866],[16870, 13871],[16865, 13878],[16862, 13881],[16859, 13884],[16856, 13887],[16854, 13891],[16835, 13914],[16834, 13915],[16833, 13917],[16827, 13929],[16822, 13936],[16819, 13943],[16817, 13951],[16815, 13958],[16814, 13962],[16812, 13967],[16812, 13971],[16810, 13978],[16810, 13981],[16808, 13988],[16805, 13997],[16804, 14011],[16795, 14039],[16794, 14040],[16789, 14057],[16788, 14058],[16783, 14075],[16770, 14101],[16751, 14124],[16748, 14127],[16745, 14130],[16739, 14135],[16738, 14136],[16733, 14142],[16722, 14151],[16719, 14154],[16717, 14156],[16715, 14158],[16712, 14161],[16703, 14172],[16697, 14177],[16695, 14179],[16692, 14181],[16680, 14191],[16675, 14193],[16673, 14196],[16662, 14205],[16659, 14208],[16657, 14210],[16650, 14215],[16645, 14217],[16643, 14220],[16640, 14223],[16637, 14226],[16614, 14245],[16602, 14251],[16596, 14254],[16590, 14259],[16587, 14262],[16585, 14264],[16578, 14269],[16572, 14272],[16554, 14287],[16548, 14290],[16547, 14291],[16545, 14293],[16542, 14295],[16530, 14305],[16526, 14307],[16523, 14310],[16517, 14316],[16510, 14321],[16505, 14328],[16493, 14340],[16470, 14359],[16465, 14361],[16463, 14364],[16457, 14370],[16454, 14373],[16451, 14376],[16439, 14388],[16433, 14394],[16427, 14400],[16421, 14406],[16415, 14412],[16392, 14431],[16388, 14433],[16385, 14436],[16379, 14442],[16373, 14448],[16370, 14451],[16367, 14454],[16344, 14473],[16338, 14476],[16332, 14482],[16319, 14494],[16295, 14510],[16290, 14512],[16280, 14517],[16273, 14520],[16268, 14523],[16263, 14525],[16248, 14538],[16239, 14542],[16230, 14550],[16222, 14554],[16221, 14555],[16219, 14557],[16212, 14562],[16206, 14565],[16188, 14580],[16179, 14584],[16170, 14592],[16144, 14605],[16127, 14610],[16126, 14611],[16114, 14617],[16103, 14621],[16094, 14625],[16083, 14629],[16074, 14634],[16072, 14635],[16065, 14638],[16056, 14646],[16030, 14659],[16013, 14664],[16005, 14668],[15996, 14676],[15970, 14689],[15953, 14694],[15952, 14695],[15940, 14701],[15926, 14706],[15918, 14709],[15910, 14713],[15906, 14714],[15900, 14717],[15882, 14723],[15871, 14726],[15864, 14728],[15861, 14728],[15856, 14731],[15828, 14740],[15823, 14741],[15822, 14741],[15804, 14747],[15793, 14750],[15786, 14752],[15783, 14752],[15778, 14755],[15750, 14764],[15746, 14764],[15737, 14768],[15731, 14769],[15719, 14774],[15713, 14775],[15701, 14780],[15696, 14781],[15690, 14784],[15684, 14787],[15673, 14796],[15664, 14800],[15655, 14808],[15643, 14814],[15634, 14818],[15625, 14826],[15613, 14832],[15601, 14838],[15599, 14839],[15587, 14845],[15575, 14851],[15564, 14855],[15555, 14859],[15544, 14863],[15535, 14868],[15521, 14875],[15509, 14881],[15481, 14890],[15473, 14891],[15468, 14892],[15467, 14893],[15450, 14898],[15449, 14899],[15421, 14908],[15413, 14909],[15397, 14914],[15393, 14914],[15384, 14918],[15375, 14920],[15355, 14926],[15345, 14927],[15329, 14935],[15312, 14940],[15311, 14941],[15283, 14950],[15275, 14951],[15259, 14956],[15247, 14957],[15240, 14960],[15238, 14960],[15237, 14961],[15210, 14972],[15200, 14974],[15199, 14974],[15198, 14974],[15194, 14975],[15186, 14978],[15177, 14980],[15157, 14986],[15155, 14986],[15144, 14993],[15116, 15002],[15113, 15003],[15109, 15004],[15107, 15004],[15092, 15008],[15090, 15008],[15085, 15010],[15082, 15010],[15065, 15019],[15048, 15024],[15047, 15025],[15019, 15034],[15002, 15036],[14989, 15040],[14960, 15043],[14932, 15043],[14923, 15046],[14894, 15049],[14872, 15049],[14863, 15052],[14834, 15055],[14636, 15055],[14612, 15053],[14588, 15055],[14410, 15055],[14401, 15058],[14372, 15061],[14348, 15061],[14346, 15062],[14336, 15064],[14335, 15064],[14334, 15064],[14317, 15067],[14309, 15067],[14306, 15067],[14240, 15067],[14211, 15064],[14202, 15061],[14175, 15061],[14146, 15058],[14130, 15053],[14122, 15052],[14113, 15049],[14109, 15049],[14080, 15046],[14070, 15043],[14044, 15040],[14034, 15037],[14032, 15037],[14016, 15034],[14014, 15034],[14013, 15034],[14003, 15032],[14001, 15031],[13995, 15031],[13992, 15031],[13984, 15031],[13968, 15028],[13966, 15028],[13965, 15028],[13955, 15026],[13950, 15024],[13930, 15022],[13914, 15017],[13906, 15016],[13893, 15012],[13876, 15010],[13848, 15001],[13847, 15000],[13830, 14995],[13825, 14992],[13822, 14992],[13794, 14983],[13793, 14982],[13776, 14977],[13775, 14976],[13758, 14971],[13734, 14959],[13733, 14958],[13716, 14953],[13708, 14949],[13703, 14948],[13688, 14942],[13679, 14939],[13675, 14937],[13667, 14933],[13664, 14932],[13655, 14930],[13633, 14921],[13624, 14920],[13596, 14911],[13591, 14908],[13588, 14908],[13560, 14899],[13555, 14896],[13552, 14896],[13532, 14890],[13523, 14888],[13503, 14880],[13488, 14875],[13487, 14874],[13470, 14869],[13458, 14863],[13446, 14857],[13445, 14856],[13428, 14851],[13402, 14838],[13393, 14830],[13386, 14827],[13372, 14820],[13360, 14814],[13337, 14795],[13334, 14792],[13331, 14789],[13325, 14783],[13322, 14780],[13319, 14777],[13316, 14774],[13313, 14771],[13294, 14748],[13290, 14739],[13282, 14730],[13279, 14723],[13276, 14721],[13270, 14718],[13261, 14710],[13254, 14707],[13240, 14700],[13230, 14695],[13228, 14694],[13218, 14689],[13204, 14682],[13192, 14676],[13174, 14661],[13156, 14652],[13133, 14633],[13125, 14623],[13115, 14615],[13112, 14612],[13109, 14609],[13106, 14606],[13103, 14603],[13084, 14580],[13071, 14554],[13062, 14526],[13058, 14524],[13054, 14524],[13026, 14515],[13014, 14509],[13000, 14502],[12988, 14496],[12965, 14477],[12946, 14454],[12943, 14448],[12941, 14446],[12940, 14444],[12934, 14437],[12930, 14428],[12925, 14421],[12920, 14410],[12912, 14399],[12905, 14394],[12900, 14388],[12898, 14386],[12896, 14383],[12886, 14371],[12882, 14365],[12881, 14364],[12878, 14361],[12875, 14358],[12872, 14355],[12869, 14352],[12860, 14341],[12857, 14338],[12856, 14336],[12850, 14329],[12846, 14320],[12838, 14311],[12834, 14302],[12826, 14293],[12822, 14284],[12814, 14275],[12808, 14263],[12802, 14251],[12801, 14249],[12798, 14242],[12790, 14233],[12785, 14223],[12783, 14222],[12781, 14220],[12778, 14217],[12767, 14208],[12766, 14207],[12764, 14206],[12757, 14201],[12748, 14197],[12741, 14192],[12739, 14190],[12736, 14187],[12725, 14178],[12722, 14175],[12719, 14172],[12713, 14166],[12710, 14163],[12707, 14160],[12701, 14154],[12682, 14131],[12679, 14125],[12664, 14107],[12651, 14081],[12642, 14053],[12642, 14052],[12636, 14046],[12630, 14040],[12624, 14034],[12621, 14031],[12618, 14028],[12608, 14016],[12605, 14013],[12594, 14004],[12591, 14001],[12588, 13998],[12584, 13993],[12575, 13987],[12557, 13972],[12551, 13969],[12544, 13964],[12542, 13962],[12539, 13959],[12528, 13950],[12516, 13938],[12497, 13915],[12491, 13903],[12487, 13894],[12479, 13885],[12473, 13873],[12471, 13869],[12468, 13866],[12449, 13843],[12446, 13837],[12445, 13835],[12438, 13830],[12419, 13807],[12411, 13791],[12402, 13782],[12393, 13771],[12390, 13768],[12389, 13766],[12383, 13759],[12381, 13755],[12378, 13752],[12372, 13746],[12370, 13743],[12365, 13741],[12353, 13735],[12330, 13716],[12322, 13706],[12312, 13698],[12309, 13695],[12305, 13693],[12287, 13681],[12269, 13666],[12263, 13663],[12256, 13657],[12254, 13656],[12253, 13655],[12245, 13651],[12222, 13632],[12219, 13629],[12216, 13626],[12213, 13623],[12210, 13620],[12191, 13597],[12178, 13571],[12176, 13565],[12173, 13561],[12170, 13554],[12168, 13552],[12164, 13543],[12160, 13535],[12159, 13531],[12156, 13525],[12151, 13509],[12149, 13507],[12145, 13498],[12140, 13491],[12134, 13479],[12130, 13469],[12127, 13463],[12126, 13462],[12125, 13460],[12120, 13451],[12107, 13435],[12101, 13423],[12094, 13409],[12088, 13397],[12083, 13380],[12082, 13379],[12076, 13367],[12071, 13350],[12070, 13349],[12064, 13337],[12058, 13325],[12053, 13308],[12052, 13307],[12049, 13297],[12048, 13296],[12045, 13287],[12039, 13272],[12038, 13268],[12037, 13265],[12023, 13258],[12018, 13257],[11998, 13249],[11983, 13244],[11957, 13231],[11953, 13228],[11947, 13226],[11935, 13220],[11931, 13218],[11921, 13217],[11893, 13208],[11883, 13211],[11854, 13214],[11848, 13214],[11819, 13211],[11806, 13207],[11796, 13205],[11795, 13205],[11794, 13205],[11784, 13203],[11779, 13201],[11759, 13199],[11731, 13190],[11705, 13177],[11682, 13158],[11676, 13152],[11673, 13149],[11670, 13146],[11667, 13143],[11664, 13140],[11661, 13137],[11658, 13134],[11639, 13111],[11626, 13085],[11617, 13057],[11616, 13045],[11613, 13042],[11610, 13039],[11607, 13036],[11604, 13033],[11598, 13027],[11586, 13015],[11580, 13009],[11574, 13003],[11568, 12997],[11549, 12974],[11539, 12953],[11531, 12944],[11527, 12935],[11519, 12926],[11506, 12900],[11501, 12883],[11494, 12870],[11489, 12853],[11488, 12852],[11483, 12835],[11476, 12822],[11467, 12794],[11466, 12786],[11461, 12770],[11460, 12762],[11459, 12757],[11458, 12756],[11449, 12728],[11447, 12708],[11445, 12703],[11444, 12697],[11439, 12685],[11437, 12676],[11431, 12656],[11429, 12639],[11425, 12626],[11422, 12597],[11422, 12591],[11422, 12585],[11422, 12579],[11422, 12573],[11422, 12567],[11422, 12561],[11422, 12555],[11422, 12549],[11422, 12543],[11422, 12537],[11422, 12531],[11422, 12525],[11422, 12519],[11422, 12513],[11422, 12501],[11422, 12489],[11422, 12483],[11422, 12465],[11422, 12459],[11422, 12453],[11422, 12443],[11419, 12428],[11416, 12399],[11416, 12395],[11413, 12380],[11412, 12373],[11412, 12372],[11409, 12349],[11408, 12352],[11406, 12361],[11397, 12383],[11396, 12392],[11387, 12420],[11383, 12428],[11380, 12436],[11380, 12448],[11378, 12455],[11378, 12458],[11376, 12465],[11373, 12476],[11369, 12489],[11369, 12494],[11366, 12511],[11366, 12512],[11366, 12513],[11364, 12523],[11360, 12532],[11360, 12536],[11356, 12549],[11354, 12566],[11349, 12582],[11348, 12590],[11339, 12618],[11326, 12644],[11318, 12653],[11314, 12662],[11306, 12671],[11302, 12680],[11297, 12687],[11295, 12689],[11292, 12692],[11283, 12703],[11277, 12709],[11276, 12710],[11272, 12716],[11253, 12739],[11243, 12747],[11235, 12757],[11229, 12763],[11226, 12766],[11223, 12769],[11217, 12775],[11211, 12781],[11205, 12787],[11199, 12793],[11196, 12796],[11193, 12799],[11170, 12818],[11158, 12824],[11149, 12828],[11142, 12833],[11130, 12839],[11123, 12842],[11118, 12845],[11106, 12851],[11098, 12855],[11092, 12860],[11084, 12864],[11083, 12865],[11081, 12867],[11074, 12872],[11065, 12876],[11058, 12881],[11053, 12883],[11050, 12886],[11047, 12889],[11045, 12891],[11038, 12896],[11029, 12900],[11022, 12905],[11020, 12906],[11019, 12907],[11013, 12912],[11011, 12914],[11008, 12916],[10996, 12926],[10990, 12929],[10989, 12930],[10987, 12932],[10984, 12934],[10975, 12941],[10959, 12961],[10953, 12967],[10950, 12970],[10948, 12974],[10943, 12981],[10941, 12983],[10938, 12986],[10929, 12997],[10923, 13002],[10922, 13003],[10917, 13009],[10894, 13028],[10890, 13030],[10887, 13033],[10876, 13042],[10873, 13045],[10871, 13047],[10864, 13052],[10855, 13056],[10848, 13061],[10836, 13067],[10825, 13071],[10816, 13076],[10814, 13077],[10802, 13083],[10790, 13089],[10762, 13098],[10745, 13100],[10732, 13104],[10703, 13107],[10535, 13107],[10506, 13104],[10496, 13101],[10488, 13101],[10472, 13098],[10470, 13098],[10469, 13098],[10459, 13096],[10453, 13093],[10452, 13093],[10440, 13092],[10435, 13090],[10433, 13090],[10429, 13089],[10421, 13089],[10418, 13089],[10414, 13089],[10404, 13087],[10392, 13086],[10387, 13084],[10385, 13084],[10381, 13083],[10367, 13083],[10362, 13082],[10348, 13082],[10341, 13080],[10338, 13080],[10331, 13078],[10320, 13075],[10313, 13073],[10309, 13072],[10305, 13071],[10292, 13068],[10265, 13071],[10259, 13071],[10230, 13068],[10202, 13059],[10176, 13046],[10168, 13040],[10167, 13039],[10160, 13034],[10149, 13027],[10146, 13024],[10143, 13022],[10136, 13014],[10128, 13007],[10126, 13004],[10123, 13001],[10116, 12990],[10114, 12989],[10107, 12984],[10098, 12980],[10086, 12974],[10068, 12959],[10062, 12956],[10039, 12937],[10036, 12934],[10033, 12932],[10016, 12927],[9990, 12914],[9988, 12912],[9980, 12910],[9965, 12902],[9963, 12901],[9962, 12900],[9954, 12896],[9942, 12888],[9940, 12887],[9933, 12882],[9926, 12879],[9924, 12878],[9900, 12866],[9891, 12858],[9883, 12853],[9879, 12851],[9877, 12849],[9875, 12848],[9871, 12847],[9865, 12844],[9861, 12843],[9860, 12842],[9843, 12837],[9817, 12824],[9794, 12805],[9791, 12802],[9788, 12799],[9782, 12793],[9776, 12787],[9757, 12764],[9745, 12740],[9744, 12738],[9743, 12736],[9732, 12714],[9730, 12710],[9721, 12686],[9718, 12679],[9716, 12677],[9712, 12668],[9708, 12660],[9707, 12656],[9704, 12650],[9701, 12641],[9696, 12629],[9692, 12625],[9683, 12614],[9680, 12611],[9679, 12609],[9673, 12602],[9669, 12593],[9664, 12586],[9660, 12578],[9655, 12572],[9642, 12546],[9637, 12529],[9636, 12528],[9630, 12516],[9624, 12504],[9620, 12493],[9616, 12484],[9605, 12457],[9605, 12455],[9604, 12454],[9593, 12427],[9592, 12422],[9589, 12416],[9588, 12414],[9576, 12390],[9567, 12362],[9562, 12352],[9551, 12325],[9547, 12320],[9541, 12308],[9535, 12296],[9534, 12294],[9528, 12282],[9522, 12270],[9513, 12242],[9513, 12241],[9503, 12217],[9503, 12215],[9502, 12214],[9500, 12209],[9487, 12194],[9474, 12168],[9469, 12153],[9468, 12152],[9466, 12148],[9461, 12138],[9460, 12136],[9449, 12109],[9447, 12100],[9441, 12080],[9438, 12051],[9438, 12045],[9438, 12039],[9438, 12033],[9438, 12021],[9438, 12009],[9438, 12005],[9435, 11996],[9433, 11976],[9431, 11971],[9429, 11961],[9429, 11960],[9429, 11959],[9426, 11942],[9426, 11934],[9426, 11931],[9426, 11913],[9426, 11907],[9425, 11905],[9424, 11898],[9422, 11894],[9419, 11886],[9418, 11884],[9417, 11882],[9409, 11870],[9402, 11858],[9400, 11854],[9395, 11844],[9388, 11830],[9376, 11806],[9375, 11804],[9374, 11803],[9368, 11797],[9365, 11794],[9362, 11791],[9343, 11768],[9337, 11756],[9334, 11750],[9327, 11742],[9323, 11738],[9322, 11738],[9320, 11736],[9314, 11731],[9305, 11720],[9302, 11717],[9301, 11715],[9295, 11708],[9293, 11704],[9290, 11701],[9278, 11689],[9269, 11678],[9266, 11676],[9260, 11670],[9254, 11665],[9251, 11661],[9247, 11659],[9243, 11656],[9241, 11655],[9234, 11650],[9223, 11641],[9220, 11638],[9218, 11636],[9205, 11623],[9181, 11607],[9158, 11588],[9153, 11583],[9137, 11570],[9136, 11569],[9127, 11565],[9120, 11559],[9118, 11558],[9117, 11557],[9109, 11553],[9103, 11548],[9095, 11544],[9091, 11542],[9085, 11540],[9079, 11537],[9075, 11536],[9067, 11532],[9058, 11528],[9056, 11526],[9051, 11524],[9049, 11523],[9037, 11517],[9025, 11511],[9002, 11492],[8996, 11486],[8990, 11480],[8978, 11468],[8959, 11445],[8957, 11441],[8954, 11438],[8945, 11427],[8942, 11424],[8941, 11422],[8935, 11415],[8931, 11406],[8926, 11399],[8924, 11394],[8921, 11391],[8918, 11388],[8917, 11386],[8911, 11379],[8907, 11370],[8902, 11363],[8900, 11358],[8889, 11349],[8871, 11325],[8856, 11300],[8844, 11284],[8837, 11272],[8834, 11268],[8833, 11265],[8832, 11264],[8826, 11260],[8824, 11258],[8821, 11255],[8815, 11250],[8799, 11242],[8798, 11241],[8781, 11236],[8755, 11223],[8732, 11204],[8713, 11181],[8711, 11177],[8708, 11174],[8702, 11168],[8696, 11162],[8677, 11139],[8671, 11127],[8667, 11118],[8662, 11111],[8656, 11099],[8645, 11072],[8643, 11062],[8643, 11061],[8643, 11060],[8640, 11043],[8640, 11035],[8640, 11032],[8640, 11026],[8640, 11020],[8640, 11014],[8640, 11008],[8643, 10979],[8647, 10966],[8649, 10949],[8658, 10921],[8671, 10895],[8690, 10872],[8713, 10853],[8739, 10840],[8745, 10838],[8749, 10835],[8758, 10831],[8765, 10826],[8777, 10820],[8804, 10809],[8814, 10807],[8815, 10807],[8817, 10807],[8826, 10805],[8830, 10804],[8841, 10798],[8869, 10789],[8898, 10786],[8904, 10786],[8906, 10785],[8916, 10783],[8917, 10783],[8919, 10783],[8935, 10780],[8936, 10780],[8949, 10773],[8954, 10772],[8961, 10768],[8989, 10759],[9018, 10756],[9072, 10756],[9101, 10759],[9129, 10768],[9140, 10774],[9151, 10778],[9163, 10784],[9170, 10789],[9179, 10793],[9191, 10799],[9214, 10818],[9217, 10821],[9220, 10824],[9226, 10830],[9245, 10853],[9249, 10862],[9257, 10871],[9270, 10897],[9272, 10903],[9275, 10907],[9279, 10916],[9284, 10923],[9290, 10935],[9301, 10962],[9302, 10968],[9307, 10980],[9308, 10984],[9310, 10991],[9312, 10997],[9314, 11001],[9325, 11028],[9327, 11038],[9327, 11039],[9327, 11041],[9330, 11057],[9330, 11065],[9333, 11081],[9334, 11090],[9343, 11112],[9344, 11115],[9347, 11117],[9349, 11117],[9356, 11119],[9359, 11119],[9366, 11121],[9369, 11122],[9384, 11122],[9413, 11125],[9426, 11129],[9436, 11131],[9437, 11131],[9438, 11131],[9448, 11133],[9451, 11134],[9462, 11136],[9473, 11137],[9478, 11139],[9480, 11139],[9484, 11140],[9492, 11140],[9495, 11140],[9503, 11140],[9520, 11143],[9521, 11143],[9522, 11143],[9532, 11145],[9538, 11148],[9540, 11148],[9551, 11149],[9556, 11151],[9558, 11151],[9565, 11149],[9594, 11146],[9684, 11146],[9689, 11147],[9703, 11147],[9710, 11149],[9713, 11149],[9720, 11151],[9725, 11153],[9739, 11153],[9746, 11155],[9749, 11155],[9756, 11157],[9759, 11158],[9762, 11158],[9791, 11161],[9806, 11164],[9852, 11164],[9857, 11165],[9871, 11165],[9878, 11167],[9881, 11167],[9888, 11169],[9891, 11170],[9894, 11170],[9899, 11171],[9913, 11171],[9920, 11173],[9923, 11173],[9930, 11175],[9935, 11177],[9959, 11179],[9987, 11188],[9998, 11194],[10009, 11198],[10021, 11204],[10025, 11205],[10040, 11209],[10053, 11211],[10068, 11217],[10077, 11220],[10079, 11221],[10098, 11224],[10112, 11226],[10118, 11227],[10127, 11229],[10142, 11233],[10155, 11235],[10170, 11241],[10173, 11242],[10181, 11242],[10186, 11243],[10200, 11243],[10207, 11245],[10210, 11245],[10217, 11247],[10220, 11248],[10223, 11248],[10252, 11251],[10261, 11254],[10289, 11254],[10318, 11257],[10342, 11262],[10354, 11263],[10369, 11266],[10391, 11266],[10420, 11269],[10448, 11278],[10460, 11284],[10474, 11291],[10486, 11297],[10504, 11312],[10510, 11315],[10519, 11323],[10523, 11311],[10529, 11299],[10535, 11287],[10536, 11285],[10542, 11273],[10548, 11261],[10567, 11238],[10573, 11232],[10576, 11229],[10579, 11226],[10586, 11221],[10591, 11214],[10614, 11195],[10626, 11189],[10640, 11182],[10652, 11176],[10680, 11167],[10709, 11164],[10713, 11164],[10722, 11161],[10751, 11158],[10769, 11158],[10798, 11161],[10807, 11164],[10853, 11164],[10882, 11167],[10910, 11176],[10921, 11182],[10922, 11182],[10967, 11182],[10996, 11185],[11024, 11194],[11025, 11195],[11042, 11200],[11068, 11213],[11070, 11215],[11088, 11222],[11100, 11228],[11112, 11234],[11124, 11240],[11125, 11241],[11126, 11241],[11151, 11257],[11181, 11281],[11190, 11289],[11193, 11292],[11199, 11298],[11202, 11301],[11208, 11307],[11212, 11309],[11235, 11328],[11247, 11340],[11253, 11346],[11259, 11352],[11271, 11364],[11289, 11382],[11298, 11393],[11301, 11396],[11302, 11398],[11308, 11405],[11312, 11413],[11313, 11414],[11325, 11424],[11344, 11447],[11346, 11450],[11348, 11453],[11354, 11459],[11359, 11466],[11362, 11470],[11364, 11474],[11370, 11483],[11381, 11511],[11382, 11519],[11384, 11524],[11385, 11533],[11386, 11539],[11386, 11543],[11387, 11553],[11387, 11559],[11387, 11571],[11387, 11577],[11387, 11583],[11387, 11589],[11387, 11595],[11387, 11601],[11387, 11607],[11387, 11610],[11387, 11618],[11386, 11624],[11389, 11630],[11400, 11657],[11401, 11662],[11402, 11664],[11409, 11675],[11413, 11689],[11416, 11692],[11419, 11698],[11420, 11699],[11422, 11701],[11424, 11704],[11434, 11716],[11437, 11723],[11442, 11717],[11448, 11711],[11454, 11705],[11463, 11696],[11465, 11692],[11468, 11688],[11470, 11682],[11476, 11671],[11479, 11663],[11479, 11662],[11483, 11649],[11485, 11632],[11489, 11619],[11491, 11602],[11494, 11593],[11494, 11589],[11494, 11583],[11494, 11577],[11494, 11571],[11494, 11565],[11494, 11559],[11497, 11530],[11501, 11519],[11503, 11495],[11511, 11470],[11514, 11459],[11515, 11447],[11524, 11419],[11525, 11417],[11527, 11399],[11530, 11390],[11530, 11380],[11533, 11351],[11537, 11338],[11539, 11329],[11539, 11327],[11539, 11326],[11541, 11316],[11545, 11307],[11545, 11303],[11551, 11283],[11553, 11274],[11562, 11251],[11560, 11230],[11560, 11224],[11560, 11218],[11563, 11189],[11572, 11161],[11578, 11149],[11578, 11147],[11581, 11131],[11581, 11129],[11581, 11128],[11583, 11118],[11594, 11091],[11595, 11090],[11595, 11088],[11600, 11076],[11601, 11070],[11604, 11062],[11605, 11060],[11605, 11057],[11607, 11050],[11608, 11047],[11608, 11044],[11611, 11015],[11620, 10987],[11621, 10986],[11626, 10969],[11632, 10958],[11637, 10939],[11651, 10913],[11655, 10907],[11662, 10885],[11675, 10859],[11694, 10836],[11700, 10830],[11706, 10824],[11709, 10821],[11712, 10818],[11715, 10815],[11716, 10814],[11716, 10798],[11716, 10792],[11715, 10790],[11713, 10780],[11713, 10779],[11713, 10778],[11710, 10761],[11710, 10753],[11710, 10750],[11710, 10744],[11710, 10720],[11710, 10714],[11710, 10684],[11710, 10678],[11710, 10672],[11710, 10666],[11709, 10664],[11707, 10654],[11707, 10653],[11707, 10652],[11704, 10635],[11704, 10627],[11704, 10624],[11704, 10600],[11704, 10588],[11704, 10582],[11704, 10570],[11704, 10564],[11704, 10552],[11704, 10540],[11704, 10534],[11704, 10528],[11704, 10516],[11704, 10510],[11704, 10504],[11704, 10492],[11704, 10489],[11704, 10481],[11707, 10465],[11707, 10463],[11707, 10462],[11709, 10452],[11710, 10450],[11710, 10438],[11710, 10426],[11710, 10420],[11710, 10417],[11710, 10409],[11713, 10393],[11713, 10391],[11713, 10390],[11715, 10380],[11716, 10378],[11716, 10372],[11716, 10369],[11716, 10361],[11719, 10345],[11719, 10343],[11719, 10342],[11721, 10332],[11722, 10329],[11722, 10327],[11722, 10319],[11725, 10303],[11725, 10301],[11725, 10300],[11727, 10290],[11729, 10285],[11731, 10265],[11735, 10252],[11736, 10239],[11740, 10215],[11740, 10198],[11740, 10195],[11740, 10191],[11742, 10181],[11743, 10169],[11745, 10164],[11745, 10162],[11746, 10158],[11746, 10156],[11746, 10150],[11746, 10133],[11746, 10121],[11746, 10115],[11746, 10103],[11746, 10097],[11746, 10079],[11746, 10049],[11746, 10025],[11746, 10019],[11746, 10013],[11749, 9984],[11752, 9969],[11752, 9959],[11752, 9941],[11752, 9935],[11752, 9929],[11751, 9927],[11749, 9917],[11749, 9916],[11749, 9915],[11746, 9898],[11746, 9890],[11746, 9887],[11746, 9881],[11746, 9869],[11745, 9867],[11743, 9857],[11743, 9856],[11743, 9855],[11742, 9851],[11739, 9843],[11738, 9839],[11736, 9832],[11730, 9814],[11727, 9803],[11725, 9796],[11725, 9793],[11723, 9786],[11723, 9777],[11722, 9776],[11717, 9761],[11709, 9741],[11707, 9731],[11707, 9730],[11707, 9729],[11704, 9715],[11703, 9711],[11701, 9701],[11701, 9700],[11701, 9699],[11698, 9682],[11698, 9680],[11695, 9670],[11692, 9641],[11692, 9631],[11689, 9622],[11687, 9602],[11685, 9597],[11683, 9587],[11683, 9586],[11683, 9585],[11680, 9568],[11680, 9561],[11679, 9557],[11677, 9550],[11677, 9547],[11675, 9540],[11675, 9526],[11674, 9521],[11674, 9510],[11674, 9506],[11674, 9504],[11671, 9496],[11669, 9486],[11665, 9466],[11663, 9444],[11661, 9437],[11661, 9435],[11659, 9430],[11658, 9419],[11656, 9408],[11656, 9404],[11656, 9401],[11656, 9377],[11656, 9366],[11652, 9342],[11651, 9326],[11650, 9317],[11650, 9312],[11650, 9311],[11650, 9305],[11650, 9302],[11650, 9294],[11653, 9278],[11653, 9276],[11653, 9275],[11655, 9265],[11656, 9263],[11656, 9257],[11659, 9228],[11668, 9200],[11669, 9199],[11674, 9182],[11675, 9180],[11677, 9170],[11677, 9168],[11677, 9167],[11679, 9157],[11682, 9149],[11683, 9146],[11683, 9144],[11683, 9143],[11685, 9133],[11687, 9128],[11689, 9108],[11692, 9098],[11692, 9096],[11695, 9080],[11695, 9078],[11695, 9077],[11697, 9067],[11700, 9060],[11701, 9048],[11710, 9020],[11712, 9012],[11718, 8994],[11721, 8988],[11722, 8984],[11725, 8979],[11725, 8976],[11734, 8948],[11735, 8947],[11736, 8942],[11737, 8934],[11746, 8906],[11747, 8905],[11752, 8888],[11754, 8883],[11752, 8861],[11752, 8855],[11752, 8843],[11751, 8841],[11749, 8831],[11749, 8830],[11749, 8829],[11746, 8812],[11746, 8804],[11746, 8801],[11746, 8791],[11743, 8782],[11742, 8771],[11739, 8764],[11737, 8754],[11737, 8753],[11737, 8752],[11734, 8735],[11734, 8727],[11734, 8724],[11734, 8718],[11734, 8712],[11734, 8709],[11733, 8706],[11731, 8699],[11731, 8696],[11729, 8689],[11729, 8675],[11728, 8670],[11728, 8659],[11728, 8658],[11728, 8652],[11728, 8640],[11728, 8628],[11728, 8622],[11731, 8593],[11734, 8584],[11734, 8580],[11737, 8551],[11746, 8523],[11747, 8522],[11752, 8505],[11758, 8493],[11764, 8481],[11765, 8480],[11770, 8463],[11783, 8437],[11802, 8414],[11825, 8395],[11828, 8393],[11818, 8373],[11813, 8358],[11805, 8338],[11804, 8333],[11803, 8330],[11795, 8321],[11789, 8309],[11782, 8295],[11776, 8283],[11767, 8255],[11767, 8252],[11764, 8247],[11755, 8219],[11752, 8193],[11749, 8183],[11748, 8175],[11743, 8159],[11740, 8130],[11740, 8127],[11739, 8124],[11737, 8117],[11737, 8114],[11735, 8107],[11735, 8106],[11727, 8086],[11725, 8076],[11725, 8075],[11725, 8074],[11723, 8064],[11723, 8062],[11722, 8061],[11716, 8049],[11710, 8037],[11705, 8020],[11704, 8019],[11695, 7991],[11695, 7989],[11690, 7982],[11687, 7979],[11687, 7978],[11685, 7976],[11681, 7968],[11676, 7960],[11673, 7951],[11669, 7942],[11666, 7927],[11665, 7925],[11665, 7923],[11663, 7915],[11662, 7905],[11662, 7896],[11662, 7887],[11663, 7877],[11665, 7869],[11665, 7867],[11666, 7865],[11669, 7850],[11673, 7841],[11676, 7832],[11681, 7824],[11685, 7816],[11687, 7814],[11687, 7813],[11690, 7810],[11697, 7800],[11703, 7793],[11706, 7790],[11709, 7787],[11715, 7782],[11713, 7775],[11710, 7746],[11710, 7740],[11710, 7728],[11710, 7722],[11710, 7716],[11710, 7710],[11710, 7704],[11710, 7692],[11713, 7663],[11722, 7635],[11726, 7627],[11728, 7621],[11728, 7620],[11728, 7617],[11728, 7609],[11731, 7593],[11731, 7591],[11731, 7590],[11733, 7580],[11735, 7575],[11737, 7555],[11741, 7542],[11743, 7533],[11743, 7531],[11743, 7530],[11745, 7520],[11755, 7496],[11755, 7495],[11755, 7494],[11757, 7484],[11761, 7475],[11761, 7471],[11765, 7458],[11767, 7449],[11767, 7447],[11767, 7446],[11769, 7436],[11777, 7416],[11782, 7401],[11795, 7375],[11799, 7370],[11810, 7343],[11815, 7333],[11815, 7332],[11817, 7322],[11828, 7295],[11834, 7283],[11839, 7276],[11843, 7267],[11849, 7260],[11850, 7258],[11853, 7255],[11862, 7244],[11868, 7239],[11869, 7238],[11874, 7232],[11878, 7228],[11880, 7223],[11882, 7221],[11885, 7214],[11895, 7202],[11897, 7199],[11899, 7197],[11904, 7191],[11907, 7188],[11909, 7184],[11928, 7161],[11951, 7142],[11955, 7140],[11958, 7137],[11964, 7131],[11967, 7128],[11970, 7125],[11973, 7122],[11976, 7119],[11979, 7116],[11982, 7113],[11985, 7110],[11993, 7094],[12003, 7082],[12004, 7078],[12011, 7065],[12016, 7048],[12022, 7036],[12023, 7035],[12028, 7018],[12040, 6995],[12044, 6984],[12050, 6972],[12056, 6960],[12068, 6936],[12074, 6924],[12077, 6919],[12078, 6917],[12083, 6910],[12090, 6899],[12093, 6896],[12095, 6893],[12100, 6888],[12107, 6878],[12126, 6855],[12132, 6849],[12138, 6843],[12144, 6837],[12150, 6831],[12156, 6825],[12162, 6819],[12168, 6813],[12174, 6807],[12180, 6801],[12186, 6795],[12192, 6789],[12204, 6777],[12210, 6771],[12216, 6765],[12239, 6746],[12247, 6742],[12248, 6741],[12250, 6740],[12257, 6734],[12266, 6730],[12275, 6722],[12293, 6713],[12311, 6698],[12332, 6688],[12341, 6680],[12352, 6672],[12365, 6662],[12377, 6656],[12383, 6653],[12401, 6638],[12405, 6636],[12408, 6633],[12420, 6621],[12432, 6609],[12438, 6603],[12448, 6595],[12456, 6585],[12462, 6579],[12465, 6576],[12467, 6572],[12482, 6554],[12485, 6548],[12504, 6525],[12527, 6506],[12539, 6500],[12555, 6490],[12557, 6487],[12558, 6485],[12561, 6482],[12570, 6471],[12576, 6466],[12578, 6464],[12581, 6462],[12593, 6452],[12598, 6450],[12600, 6447],[12603, 6444],[12606, 6441],[12617, 6432],[12620, 6429],[12622, 6428],[12629, 6422],[12635, 6419],[12650, 6407],[12653, 6403],[12654, 6401],[12657, 6398],[12662, 6392],[12664, 6389],[12666, 6387],[12671, 6381],[12682, 6372],[12685, 6369],[12687, 6368],[12694, 6362],[12698, 6360],[12701, 6357],[12713, 6345],[12719, 6339],[12729, 6331],[12737, 6321],[12747, 6313],[12755, 6303],[12761, 6297],[12784, 6278],[12788, 6276],[12791, 6273],[12797, 6267],[12803, 6261],[12826, 6242],[12838, 6236],[12856, 6224],[12882, 6210],[12904, 6204],[12928, 6196],[12929, 6196],[12953, 6186],[12957, 6185],[12958, 6185],[12966, 6181],[12978, 6175],[12984, 6173],[12988, 6170],[12994, 6167],[12996, 6166],[13001, 6159],[13008, 6154],[13013, 6147],[13019, 6141],[13031, 6129],[13037, 6123],[13043, 6117],[13066, 6098],[13072, 6094],[13079, 6087],[13082, 6084],[13085, 6081],[13108, 6062],[13112, 6060],[13115, 6057],[13121, 6051],[13144, 6032],[13153, 6028],[13162, 6020],[13174, 6014],[13188, 6007],[13200, 6001],[13206, 5999],[13210, 5996],[13217, 5993],[13219, 5991],[13220, 5990],[13228, 5984],[13240, 5978],[13249, 5974],[13258, 5966],[13264, 5963],[13282, 5948],[13294, 5942],[13306, 5936],[13308, 5935],[13320, 5929],[13332, 5923],[13360, 5914],[13368, 5913],[13384, 5908],[13392, 5907],[13408, 5902],[13412, 5902],[13421, 5898],[13427, 5897],[13438, 5888],[13442, 5886],[13445, 5883],[13451, 5877],[13457, 5871],[13480, 5852],[13492, 5846],[13504, 5840],[13506, 5839],[13516, 5834],[13518, 5833],[13525, 5830],[13534, 5822],[13546, 5816],[13560, 5809],[13572, 5803],[13588, 5798],[13594, 5793],[13620, 5780],[13648, 5771],[13665, 5769],[13667, 5769],[13668, 5768],[13696, 5759],[13705, 5758],[13727, 5749],[13737, 5747],[13738, 5747],[13740, 5747],[13749, 5745],[13751, 5745],[13752, 5744],[13769, 5739],[13782, 5732],[13799, 5727],[13800, 5726],[13812, 5720],[13840, 5711],[13848, 5710],[13864, 5705],[13893, 5702],[14019, 5702],[14022, 5702],[14030, 5702],[14047, 5705],[14048, 5705],[14049, 5705],[14059, 5707],[14061, 5708],[14085, 5708],[14114, 5711],[14123, 5714],[14127, 5714],[14156, 5717],[14166, 5720],[14192, 5723],[14201, 5726],[14204, 5726],[14233, 5729],[14261, 5738],[14262, 5739],[14279, 5744],[14291, 5750],[14302, 5756],[14306, 5757],[14321, 5762],[14345, 5774],[14347, 5775],[14357, 5780],[14368, 5785],[14384, 5792],[14399, 5797],[14400, 5798],[14409, 5800],[14418, 5802],[14445, 5813],[14454, 5817],[14465, 5821],[14478, 5828],[14495, 5833],[14496, 5834],[14505, 5836],[14514, 5838],[14530, 5844],[14543, 5848],[14556, 5850],[14571, 5856],[14580, 5859],[14581, 5859],[14587, 5860],[14600, 5864],[14617, 5866],[14645, 5875],[14646, 5876],[14663, 5881],[14668, 5884],[14671, 5884],[14699, 5893],[14703, 5895],[14713, 5896],[14741, 5905],[14746, 5908],[14749, 5908],[14774, 5916],[14789, 5920],[14791, 5920],[14795, 5921],[14798, 5922],[14826, 5931],[14830, 5934],[14832, 5934],[14849, 5941],[14857, 5943],[14875, 5949],[14881, 5952],[14885, 5953],[14893, 5957],[14901, 5960],[14915, 5965],[14927, 5971],[14938, 5977],[14949, 5981],[14958, 5985],[14969, 5989],[14995, 6002],[15001, 6007],[15006, 6009],[15017, 6013],[15029, 6019],[15043, 6026],[15055, 6032],[15061, 6037],[15069, 6041],[15076, 6046],[15082, 6049],[15093, 6053],[15102, 6057],[15113, 6061],[15139, 6074],[15148, 6082],[15151, 6082],[15179, 6091],[15205, 6104],[15211, 6109],[15219, 6113],[15226, 6118],[15235, 6122],[15247, 6128],[15253, 6133],[15261, 6137],[15266, 6140],[15268, 6141],[15275, 6146],[15286, 6153],[15289, 6156],[15292, 6158],[15294, 6160],[15297, 6161],[15309, 6167],[15316, 6172],[15325, 6176],[15332, 6182],[15334, 6183],[15335, 6184],[15355, 6194],[15364, 6202],[15373, 6206],[15385, 6212],[15408, 6231],[15411, 6234],[15414, 6237],[15425, 6250],[15433, 6254],[15456, 6273],[15467, 6286],[15480, 6297],[15483, 6300],[15487, 6302],[15510, 6321],[15513, 6324],[15516, 6327],[15535, 6350],[15537, 6355],[15540, 6357],[15543, 6360],[15546, 6363],[15565, 6386],[15578, 6412],[15583, 6429],[15584, 6430],[15590, 6442],[15599, 6470],[15599, 6471],[15609, 6495],[15610, 6500],[15614, 6508],[15623, 6536],[15626, 6565],[15626, 6571],[15627, 6573],[15629, 6583],[15629, 6584],[15629, 6586],[15631, 6595],[15635, 6608],[15638, 6637],[15638, 6643],[15638, 6649],[15638, 6655],[15638, 6661],[15638, 6667],[15635, 6696],[15626, 6724],[15620, 6736],[15614, 6748],[15613, 6750],[15607, 6762],[15601, 6774],[15586, 6792],[15584, 6796],[15583, 6798],[15571, 6822],[15558, 6837],[15556, 6842],[15551, 6849],[15547, 6858],[15541, 6870],[15533, 6879],[15529, 6888],[15514, 6906],[15511, 6912],[15503, 6921],[15499, 6930],[15491, 6939],[15490, 6943],[15524, 6943],[15553, 6946],[15559, 6948],[15561, 6948],[15566, 6946],[15575, 6945],[15581, 6944],[15585, 6944],[15595, 6943],[15625, 6943],[15654, 6946],[15682, 6955],[15708, 6968],[15731, 6987],[15734, 6990],[15737, 6993],[15756, 7016],[15769, 7042],[15771, 7048],[15790, 7039],[15818, 7030],[15847, 7027],[15853, 7027],[15882, 7030],[15910, 7039],[15936, 7052],[15959, 7071],[15976, 7092],[15998, 7109],[16002, 7111],[16005, 7112],[16010, 7115],[16030, 7127],[16063, 7150],[16065, 7152],[16067, 7152],[16094, 7163],[16142, 7187],[16146, 7190],[16153, 7193],[16160, 7199],[16167, 7203],[16173, 7208],[16176, 7211],[16181, 7215],[16188, 7219],[16211, 7238],[16230, 7261],[16236, 7273],[16242, 7285],[16243, 7287],[16248, 7297],[16249, 7299],[16255, 7311],[16261, 7323],[16270, 7351],[16273, 7380],[16273, 7386],[16273, 7389],[16274, 7387],[16293, 7364],[16296, 7361],[16298, 7357],[16317, 7334],[16323, 7328],[16326, 7325],[16329, 7322],[16335, 7316],[16338, 7313],[16341, 7310],[16344, 7307],[16347, 7304],[16358, 7295],[16361, 7292],[16363, 7291],[16370, 7285],[16379, 7281],[16388, 7273],[16400, 7267],[16414, 7260],[16426, 7254],[16428, 7253],[16448, 7237],[16452, 7235],[16461, 7226],[16467, 7221],[16471, 7217],[16477, 7212],[16483, 7208],[16490, 7202],[16494, 7200],[16501, 7195],[16528, 7184],[16538, 7182],[16544, 7180],[16551, 7179],[16557, 7178],[16563, 7178],[16573, 7177],[16591, 7177],[16620, 7180],[16648, 7189],[16674, 7202],[16697, 7221],[16716, 7244],[16717, 7246],[16721, 7250],[16727, 7256],[16730, 7259],[16734, 7261],[16757, 7280],[16776, 7303],[16779, 7309],[16784, 7315],[16787, 7318],[16788, 7320],[16794, 7327],[16797, 7334],[16805, 7340],[16811, 7346],[16817, 7352],[16836, 7375],[16838, 7380],[16841, 7382],[16844, 7385],[16847, 7388],[16850, 7391],[16853, 7394],[16856, 7397],[16859, 7400],[16862, 7403],[16865, 7406],[16867, 7409],[16872, 7411],[16890, 7426],[16896, 7429],[16908, 7435],[16917, 7443],[16926, 7447],[16933, 7453],[16935, 7454],[16936, 7455],[16944, 7459],[16956, 7465],[16965, 7473],[16974, 7477],[16982, 7483],[16996, 7488],[17022, 7501],[17045, 7520],[17048, 7523],[17051, 7526],[17054, 7529],[17057, 7532],[17076, 7555],[17089, 7581],[17098, 7609],[17101, 7638],[17101, 7644],[17101, 7650],[17101, 7656],[17101, 7662],[17101, 7668],[17101, 7674],[17101, 7680],[17101, 7686],[17101, 7689],[17101, 7697],[17098, 7714],[17098, 7715],[17098, 7716],[17096, 7726],[17095, 7729],[17092, 7757],[17083, 7785],[17082, 7786],[17077, 7803],[17071, 7815],[17070, 7816],[17065, 7833],[17063, 7837],[17062, 7847],[17053, 7875],[17047, 7887],[17046, 7889],[17044, 7907],[17041, 7917],[17038, 7943],[17034, 7956],[17032, 7973],[17027, 7989],[17026, 7997],[17021, 8013],[17020, 8021],[17015, 8037],[17014, 8045],[17005, 8073],[17004, 8074],[16999, 8091],[16998, 8092],[16993, 8109],[16992, 8110],[16992, 8112],[16990, 8129],[16984, 8149],[16982, 8158],[16978, 8167],[16978, 8171],[16975, 8180],[16975, 8184],[16975, 8196],[16975, 8202],[16975, 8208],[16975, 8214],[16975, 8220],[16975, 8226],[16975, 8230],[16978, 8239],[16979, 8247],[16983, 8255],[16986, 8261],[16992, 8269],[16994, 8274],[16997, 8276],[17000, 8279],[17003, 8282],[17006, 8285],[17009, 8288],[17012, 8291],[17015, 8294],[17034, 8317],[17040, 8329],[17046, 8341],[17047, 8343],[17050, 8350],[17058, 8359],[17064, 8371],[17070, 8383],[17071, 8385],[17076, 8395],[17077, 8397],[17082, 8407],[17083, 8409],[17088, 8419],[17089, 8421],[17095, 8433],[17101, 8445],[17106, 8462],[17107, 8463],[17113, 8475],[17118, 8492],[17119, 8493],[17123, 8507],[17127, 8512],[17131, 8523],[17132, 8525],[17133, 8529],[17142, 8547],[17147, 8564],[17148, 8565],[17154, 8577],[17163, 8605],[17166, 8634],[17166, 8640],[17166, 8646],[17166, 8652],[17163, 8681],[17160, 8690],[17160, 8694],[17157, 8723],[17154, 8733],[17151, 8759],[17146, 8776],[17145, 8782],[17143, 8788],[17141, 8798],[17139, 8802],[17131, 8828],[17130, 8829],[17126, 8842],[17120, 8864],[17109, 8885],[17108, 8889],[17100, 8909],[17095, 8924],[17089, 8936],[17083, 8948],[17082, 8950],[17076, 8962],[17070, 8974],[17055, 8992],[17051, 9001],[17049, 9003],[17046, 9010],[17036, 9022],[17034, 9025],[17032, 9027],[17031, 9028],[17028, 9034],[17022, 9046],[17014, 9055],[17010, 9064],[17004, 9076],[16989, 9094],[16986, 9100],[16978, 9109],[16974, 9118],[16968, 9125],[16967, 9127],[16966, 9128],[16962, 9136],[16954, 9145],[16950, 9154],[16942, 9163],[16938, 9172],[16923, 9190],[16921, 9194],[16920, 9196],[16914, 9208],[16908, 9220],[16900, 9229],[16896, 9238],[16890, 9250],[16885, 9256],[16881, 9264],[16878, 9269],[16875, 9276],[16869, 9288],[16864, 9295],[16861, 9301],[16860, 9304],[16861, 9311],[16861, 9317],[16861, 9323],[16858, 9352],[16849, 9380],[16843, 9392],[16840, 9397],[16840, 9400],[16831, 9428],[16825, 9440],[16819, 9452],[16818, 9454],[16813, 9464],[16812, 9466],[16806, 9478],[16800, 9490],[16781, 9513],[16778, 9516],[16775, 9519],[16769, 9525],[16766, 9528],[16758, 9544],[16739, 9567],[16733, 9573],[16721, 9585],[16715, 9591],[16715, 9598],[16738, 9605],[16764, 9618],[16787, 9637],[16790, 9640],[16793, 9643],[16796, 9646],[16799, 9649],[16803, 9654],[16809, 9652],[16811, 9652],[16812, 9651],[16824, 9645],[16851, 9634],[16860, 9632],[16880, 9626],[16897, 9624],[16910, 9620],[16939, 9617],[16969, 9617],[16998, 9620],[17007, 9623],[17043, 9623],[17053, 9618],[17055, 9617],[17079, 9605],[17096, 9600],[17097, 9599],[17114, 9594],[17127, 9587],[17155, 9578],[17184, 9575],[17220, 9575],[17238, 9577],[17238, 9575],[17241, 9546],[17250, 9518],[17263, 9492],[17282, 9469],[17305, 9450],[17331, 9437],[17359, 9428],[17388, 9425],[17394, 9425],[17423, 9428],[17451, 9437],[17477, 9450],[17500, 9469],[17503, 9472],[17506, 9475],[17514, 9484],[17519, 9479],[17521, 9477],[17523, 9475],[17528, 9469],[17539, 9460],[17542, 9457],[17544, 9456],[17551, 9450],[17561, 9445],[17567, 9441],[17579, 9435],[17580, 9434],[17581, 9434],[17582, 9433],[17605, 9414],[17613, 9410],[17624, 9397],[17634, 9389],[17642, 9379],[17648, 9373],[17651, 9370],[17654, 9367],[17660, 9361],[17666, 9355],[17675, 9346],[17677, 9342],[17683, 9334],[17688, 9320],[17694, 9308],[17700, 9296],[17701, 9294],[17703, 9291],[17703, 9288],[17707, 9275],[17709, 9265],[17709, 9264],[17709, 9263],[17711, 9253],[17714, 9246],[17715, 9234],[17724, 9206],[17725, 9205],[17725, 9203],[17727, 9186],[17730, 9177],[17730, 9173],[17730, 9167],[17733, 9138],[17742, 9110],[17744, 9106],[17745, 9096],[17754, 9068],[17760, 9056],[17761, 9055],[17766, 9038],[17772, 9026],[17779, 9012],[17785, 9000],[17804, 8977],[17810, 8971],[17813, 8968],[17816, 8965],[17822, 8959],[17845, 8940],[17854, 8936],[17863, 8928],[17875, 8922],[17887, 8916],[17889, 8915],[17899, 8910],[17901, 8909],[17911, 8904],[17913, 8903],[17925, 8897],[17937, 8891],[17965, 8882],[17994, 8879],[18030, 8879],[18032, 8878],[18042, 8876],[18043, 8876],[18045, 8876],[18061, 8873],[18069, 8873],[18072, 8873],[18117, 8873],[18134, 8868],[18147, 8861],[18161, 8856],[18169, 8850],[18181, 8844],[18193, 8838],[18195, 8837],[18199, 8835],[18217, 8820],[18222, 8818],[18224, 8815],[18247, 8796],[18251, 8794],[18254, 8791],[18260, 8785],[18263, 8783],[18265, 8778],[18278, 8763],[18282, 8754],[18288, 8742],[18296, 8733],[18300, 8724],[18306, 8717],[18307, 8715],[18310, 8712],[18319, 8701],[18322, 8698],[18325, 8695],[18331, 8689],[18334, 8687],[18336, 8682],[18355, 8659],[18362, 8654],[18367, 8647],[18370, 8644],[18373, 8641],[18396, 8622],[18405, 8618],[18420, 8605],[18426, 8602],[18444, 8587],[18450, 8584],[18468, 8569],[18480, 8563],[18492, 8557],[18494, 8556],[18500, 8553],[18501, 8552],[18503, 8551],[18510, 8545],[18519, 8541],[18528, 8533],[18537, 8529],[18546, 8521],[18555, 8517],[18564, 8509],[18569, 8507],[18571, 8504],[18577, 8498],[18583, 8492],[18589, 8486],[18595, 8480],[18598, 8477],[18600, 8473],[18606, 8461],[18614, 8452],[18618, 8443],[18624, 8431],[18643, 8408],[18649, 8402],[18655, 8396],[18661, 8390],[18667, 8384],[18673, 8378],[18680, 8373],[18685, 8366],[18691, 8361],[18693, 8359],[18696, 8357],[18708, 8347],[18715, 8344],[18717, 8342],[18718, 8341],[18726, 8335],[18738, 8329],[18747, 8325],[18756, 8317],[18768, 8311],[18782, 8304],[18792, 8299],[18794, 8298],[18818, 8286],[18835, 8281],[18836, 8280],[18853, 8275],[18854, 8274],[18882, 8265],[18894, 8264],[18901, 8261],[18911, 8259],[18912, 8259],[18914, 8259],[18923, 8257],[18936, 8253],[18965, 8250],[18971, 8250],[18973, 8249],[18983, 8247],[18984, 8247],[18986, 8247],[19002, 8244],[19010, 8244],[19013, 8244],[19019, 8244],[19021, 8243],[19030, 8241],[19039, 8239],[19040, 8238],[19057, 8233],[19058, 8232],[19075, 8227],[19076, 8226],[19083, 8223],[19092, 8215],[19118, 8202],[19135, 8197],[19136, 8196],[19148, 8190],[19165, 8185],[19166, 8184],[19178, 8178],[19195, 8173],[19196, 8172],[19224, 8163],[19253, 8160],[19281, 8160],[19290, 8157],[19319, 8154],[19433, 8154],[19436, 8154],[19444, 8154],[19461, 8157],[19462, 8157],[19463, 8157],[19473, 8159],[19476, 8160],[19504, 8163],[19532, 8172],[19533, 8173],[19550, 8178],[19576, 8191],[19585, 8199],[19594, 8203],[19603, 8211],[19612, 8215],[19624, 8221],[19647, 8240],[19649, 8243],[19654, 8245],[19672, 8260],[19676, 8262],[19678, 8263],[19702, 8275],[19725, 8294],[19728, 8297],[19730, 8298],[19732, 8299],[19744, 8305],[19754, 8310],[19755, 8311],[19772, 8316],[19784, 8322],[19796, 8328],[19797, 8329],[19814, 8334],[19840, 8347],[19849, 8355],[19858, 8359],[19870, 8369],[19873, 8370],[19885, 8376],[19899, 8383],[19909, 8388],[19911, 8389],[19935, 8401],[19939, 8404],[19945, 8406],[19957, 8412],[19958, 8413],[19975, 8418],[19992, 8427],[19995, 8427],[20004, 8430],[20020, 8430],[20023, 8430],[20031, 8430],[20048, 8433],[20049, 8433],[20050, 8433],[20060, 8435],[20065, 8437],[20085, 8439],[20113, 8448],[20114, 8448],[20139, 8451],[20148, 8454],[20152, 8454],[20177, 8457],[20178, 8456],[20201, 8437],[20213, 8431],[20225, 8425],[20227, 8424],[20237, 8419],[20239, 8418],[20246, 8415],[20253, 8410],[20265, 8404],[20292, 8393],[20302, 8391],[20303, 8391],[20305, 8391],[20314, 8389],[20327, 8385],[20347, 8383],[20352, 8381],[20362, 8379],[20363, 8379],[20365, 8379],[20381, 8376],[20389, 8376],[20392, 8376],[20402, 8376],[20411, 8373],[20440, 8370],[20468, 8370],[20477, 8367],[20506, 8364],[20570, 8364],[20579, 8361],[20589, 8360],[20593, 8358],[20605, 8352],[20633, 8343],[20641, 8342],[20646, 8341],[20647, 8340],[20664, 8335],[20665, 8334],[20693, 8325],[20710, 8323],[20723, 8319],[20752, 8316],[20780, 8316],[20789, 8313],[20818, 8310],[20836, 8310],[20865, 8313],[20893, 8322],[20897, 8324],[20904, 8318],[20906, 8316],[20910, 8312],[20911, 8311],[20916, 8306],[20918, 8304],[20927, 8296],[20935, 8291],[20937, 8290],[20948, 8279],[20957, 8274],[20962, 8267],[20965, 8264],[20968, 8259],[20970, 8253],[20971, 8250],[20972, 8248],[20975, 8240],[20988, 8219],[20989, 8216],[20992, 8210],[20992, 8209],[20999, 8192],[20999, 8191],[21004, 8176],[21007, 8170],[21007, 8168],[21010, 8162],[21010, 8157],[21017, 8134],[21018, 8132],[21022, 8119],[21030, 8104],[21032, 8099],[21034, 8095],[21038, 8086],[21038, 8085],[21039, 8078],[21042, 8068],[21042, 8057],[21039, 8047],[21039, 8044],[21037, 8041],[21036, 8038],[21032, 8031],[21025, 8008],[21023, 7984],[21023, 7979],[21023, 7974],[21023, 7969],[21023, 7964],[21023, 7959],[21023, 7954],[21025, 7930],[21032, 7907],[21044, 7886],[21059, 7867],[21078, 7852],[21099, 7840],[21122, 7833],[21132, 7832],[21146, 7828],[21170, 7826],[21205, 7826],[21206, 7826],[21215, 7823],[21227, 7822],[21233, 7821],[21237, 7821],[21239, 7821],[21248, 7821],[21263, 7819],[21270, 7816],[21278, 7815],[21280, 7814],[21284, 7814],[21294, 7812],[21347, 7808],[21359, 7793],[21378, 7778],[21399, 7766],[21422, 7759],[21446, 7757],[21456, 7757],[21480, 7759],[21503, 7766],[21508, 7769],[21510, 7769],[21533, 7776],[21540, 7780],[21545, 7782],[21550, 7785],[21552, 7786],[21554, 7787],[21567, 7791],[21588, 7803],[21607, 7818],[21622, 7837],[21633, 7857],[21634, 7857],[21638, 7857],[21639, 7857],[21648, 7858],[21659, 7861],[21660, 7862],[21662, 7862],[21668, 7862],[21670, 7862],[21677, 7863],[21686, 7866],[21687, 7866],[21693, 7866],[21696, 7866],[21701, 7866],[21708, 7867],[21717, 7868],[21723, 7870],[21724, 7870],[21728, 7871],[21742, 7871],[21745, 7871],[21750, 7871],[21757, 7872],[21766, 7873],[21772, 7875],[21773, 7875],[21792, 7880],[21794, 7881],[21795, 7881],[21806, 7881],[21809, 7881],[21814, 7881],[21822, 7882],[21830, 7883],[21835, 7884],[21838, 7885],[21855, 7885],[21858, 7885],[21864, 7885],[21873, 7887],[21879, 7887],[21883, 7888],[21888, 7889],[21895, 7892],[21902, 7894],[21904, 7895],[21905, 7895],[21908, 7895],[21917, 7897],[21923, 7897],[21927, 7898],[21932, 7899],[21939, 7902],[21945, 7904],[21947, 7904],[21954, 7907],[21961, 7909],[21963, 7910],[21976, 7914],[21983, 7918],[21986, 7919],[22007, 7931],[22026, 7946],[22041, 7965],[22053, 7986],[22060, 8009],[22060, 8014],[22063, 8020],[22063, 8022],[22070, 8044],[22072, 8068],[22072, 8072],[22073, 8074],[22074, 8079],[22075, 8083],[22076, 8089],[22077, 8096],[22078, 8099],[22079, 8104],[22080, 8108],[22081, 8114],[22082, 8123],[22082, 8127],[22085, 8137],[22087, 8161],[22087, 8164],[22089, 8173],[22089, 8175],[22093, 8197],[22094, 8201],[22095, 8210],[22095, 8211],[22100, 8226],[22100, 8228],[22102, 8231],[22102, 8232],[22103, 8235],[22104, 8238],[22105, 8242],[22106, 8246],[22108, 8249],[22112, 8257],[22118, 8269],[22119, 8273],[22122, 8277],[22122, 8278],[22123, 8279],[22127, 8287],[22128, 8289],[22129, 8293],[22132, 8297],[22133, 8299],[22134, 8300],[22135, 8302],[22141, 8311],[22144, 8315],[22156, 8336],[22157, 8341],[22164, 8349],[22168, 8355],[22169, 8356],[22173, 8363],[22174, 8364],[22175, 8365],[22182, 8377],[22193, 8385],[22203, 8394],[22206, 8397],[22208, 8398],[22209, 8399],[22217, 8404],[22221, 8406],[22223, 8407],[22236, 8414],[22241, 8418],[22242, 8419],[22248, 8425],[22254, 8430],[22255, 8431],[22259, 8435],[22262, 8439],[22264, 8442],[22267, 8444],[22272, 8449],[22277, 8454],[22282, 8459],[22287, 8463],[22302, 8482],[22307, 8490],[22312, 8497],[22324, 8518],[22328, 8531],[22329, 8533],[22336, 8556],[22338, 8575],[22341, 8586],[22343, 8610],[22343, 8615],[22343, 8619],[22343, 8624],[22343, 8629],[22343, 8634],[22343, 8639],[22343, 8644],[22343, 8649],[22343, 8654],[22343, 8664],[22343, 8669],[22343, 8683],[22343, 8688],[22343, 8693],[22343, 8698],[22343, 8703],[22343, 8708],[22343, 8713],[22343, 8718],[22343, 8723],[22343, 8726],[22343, 8732],[22342, 8741],[22341, 8747],[22340, 8751],[22339, 8756],[22337, 8760],[22336, 8776],[22329, 8798],[22329, 8800],[22328, 8802],[22328, 8807],[22328, 8812],[22328, 8817],[22328, 8822],[22328, 8826],[22328, 8831],[22327, 8840],[22327, 8846],[22327, 8848],[22326, 8855],[22323, 8864],[22322, 8870],[22319, 8879],[22317, 8885],[22315, 8889],[22315, 8891],[22310, 8911],[22307, 8918],[22307, 8919],[22306, 8921],[22306, 8924],[22299, 8947],[22295, 8954],[22294, 8957],[22293, 8959],[22289, 8972],[22285, 8979],[22284, 8982],[22283, 8984],[22282, 8986],[22277, 9000],[22276, 9001],[22275, 9006],[22271, 9012],[22267, 9022],[22259, 9032],[22255, 9041],[22251, 9049],[22244, 9061],[22243, 9062],[22238, 9070],[22234, 9074],[22220, 9093],[22217, 9096],[22212, 9103],[22211, 9104],[22211, 9105],[22210, 9107],[22209, 9109],[22203, 9119],[22199, 9126],[22197, 9129],[22189, 9141],[22174, 9160],[22169, 9165],[22164, 9170],[22159, 9175],[22155, 9178],[22154, 9180],[22139, 9199],[22120, 9214],[22119, 9215],[22117, 9217],[22115, 9220],[22100, 9239],[22098, 9241],[22097, 9242],[22097, 9243],[22096, 9245],[22092, 9258],[22091, 9260],[22091, 9265],[22091, 9270],[22091, 9275],[22091, 9280],[22091, 9285],[22091, 9290],[22091, 9294],[22091, 9299],[22091, 9304],[22091, 9309],[22091, 9314],[22091, 9319],[22091, 9324],[22091, 9329],[22091, 9334],[22091, 9339],[22091, 9344],[22091, 9349],[22091, 9354],[22091, 9359],[22091, 9363],[22091, 9368],[22091, 9373],[22091, 9378],[22091, 9383],[22091, 9388],[22091, 9393],[22091, 9398],[22091, 9403],[22091, 9408],[22091, 9413],[22091, 9418],[22091, 9423],[22091, 9428],[22091, 9432],[22091, 9442],[22091, 9447],[22091, 9452],[22091, 9472],[22091, 9482],[22094, 9492],[22094, 9495],[22095, 9497],[22096, 9503],[22099, 9512],[22100, 9519],[22100, 9521],[22100, 9527],[22100, 9529],[22104, 9541],[22105, 9550],[22105, 9551],[22105, 9555],[22106, 9565],[22106, 9570],[22106, 9576],[22106, 9585],[22106, 9595],[22106, 9600],[22106, 9605],[22106, 9625],[22109, 9635],[22111, 9659],[22111, 9660],[22114, 9670],[22116, 9694],[22116, 9699],[22116, 9703],[22116, 9708],[22116, 9713],[22116, 9718],[22116, 9723],[22114, 9747],[22107, 9770],[22095, 9791],[22092, 9795],[22080, 9816],[22065, 9835],[22062, 9837],[22060, 9840],[22055, 9845],[22036, 9860],[22015, 9872],[21992, 9879],[21968, 9881],[21959, 9881],[21935, 9879],[21912, 9872],[21905, 9868],[21902, 9867],[21881, 9855],[21862, 9840],[21860, 9837],[21858, 9836],[21853, 9831],[21852, 9830],[21850, 9828],[21846, 9823],[21842, 9820],[21837, 9814],[21835, 9826],[21835, 9827],[21834, 9837],[21834, 9841],[21834, 9842],[21833, 9851],[21830, 9861],[21830, 9866],[21830, 9871],[21830, 9876],[21830, 9881],[21830, 9891],[21830, 9896],[21830, 9901],[21830, 9905],[21830, 9910],[21830, 9915],[21830, 9920],[21830, 9925],[21830, 9930],[21828, 9954],[21821, 9977],[21817, 9984],[21816, 9987],[21810, 9998],[21807, 10007],[21803, 10014],[21802, 10017],[21798, 10024],[21796, 10029],[21793, 10034],[21792, 10036],[21788, 10043],[21787, 10046],[21775, 10067],[21770, 10074],[21765, 10082],[21760, 10089],[21755, 10097],[21740, 10116],[21737, 10120],[21732, 10128],[21730, 10131],[21729, 10133],[21722, 10145],[21721, 10146],[21716, 10154],[21714, 10156],[21712, 10160],[21711, 10161],[21706, 10169],[21702, 10173],[21701, 10175],[21686, 10194],[21683, 10196],[21681, 10199],[21678, 10201],[21676, 10204],[21657, 10219],[21652, 10222],[21643, 10233],[21640, 10236],[21637, 10239],[21636, 10240],[21760, 10240],[21760, 10176],[21824, 10176],[21824, 9984],[21888, 9984],[21888, 9920],[22080, 9920],[22080, 10061],[22115, 10046],[22136, 10034],[22160, 10017],[22179, 10002],[22197, 9987],[22207, 9977],[22222, 9959],[22237, 9940],[22252, 9919],[22267, 9894],[22281, 9870],[22299, 9828],[22306, 9805],[22314, 9764],[22316, 9740],[22317, 9723],[22317, 9694],[22316, 9677],[22314, 9653],[22313, 9642],[22308, 9612],[22307, 9591],[22307, 9565],[22306, 9551],[22305, 9537],[22304, 9521],[22301, 9502],[22298, 9490],[22293, 9460],[22292, 9444],[22292, 9328],[22296, 9323],[22304, 9314],[22316, 9302],[22331, 9284],[22346, 9265],[22356, 9252],[22366, 9237],[22372, 9228],[22380, 9214],[22396, 9194],[22408, 9176],[22414, 9167],[22422, 9154],[22430, 9140],[22437, 9129],[22446, 9112],[22454, 9096],[22465, 9069],[22466, 9068],[22468, 9063],[22468, 9062],[22479, 9035],[22481, 9030],[22491, 9005],[22498, 8983],[22502, 8970],[22505, 8960],[22508, 8947],[22512, 8933],[22516, 8922],[22520, 8907],[22525, 8877],[22527, 8859],[22528, 8844],[22529, 8832],[22534, 8806],[22536, 8793],[22537, 8791],[22540, 8774],[22542, 8759],[22544, 8732],[22544, 8610],[22543, 8593],[22541, 8569],[22539, 8553],[22534, 8523],[22528, 8498],[22521, 8475],[22514, 8455],[22498, 8418],[22486, 8397],[22479, 8386],[22469, 8371],[22459, 8358],[22444, 8339],[22425, 8318],[22411, 8304],[22409, 8302],[22401, 8293],[22390, 8282],[22378, 8271],[22364, 8260],[22331, 8237],[22317, 8213],[22310, 8203],[22306, 8197],[22293, 8170],[22291, 8164],[22284, 8109],[22281, 8095],[22280, 8089],[22279, 8081],[22276, 8064],[22275, 8059],[22272, 8046],[22272, 8043],[22270, 8024],[22263, 7988],[22256, 7966],[22252, 7951],[22245, 7928],[22227, 7886],[22215, 7865],[22198, 7841],[22183, 7822],[22150, 7789],[22131, 7774],[22107, 7757],[22086, 7745],[22076, 7740],[22066, 7735],[22039, 7724],[22026, 7719],[22010, 7714],[21995, 7709],[21976, 7703],[21967, 7701],[21950, 7698],[21948, 7698],[21932, 7693],[21923, 7691],[21906, 7688],[21891, 7686],[21864, 7684],[21863, 7684],[21850, 7683],[21839, 7682],[21825, 7681],[21818, 7679],[21791, 7674],[21775, 7672],[21758, 7671],[21741, 7669],[21739, 7669],[21731, 7661],[21712, 7646],[21688, 7629],[21667, 7617],[21635, 7603],[21623, 7597],[21591, 7584],[21576, 7579],[21561, 7574],[21538, 7567],[21497, 7559],[21473, 7557],[21456, 7556],[21446, 7556],[21429, 7557],[21405, 7559],[21364, 7567],[21341, 7574],[21299, 7592],[21278, 7604],[21264, 7614],[21252, 7615],[21241, 7617],[21234, 7619],[21218, 7621],[21211, 7622],[21193, 7624],[21184, 7625],[21170, 7625],[21153, 7626],[21129, 7628],[21105, 7632],[21081, 7637],[21064, 7641],[21041, 7648],[20999, 7666],[20978, 7678],[20954, 7695],[20935, 7710],[20902, 7743],[20887, 7762],[20870, 7786],[20858, 7807],[20840, 7849],[20833, 7872],[20825, 7913],[20823, 7937],[20822, 7954],[20822, 7984],[20823, 8001],[20825, 8025],[20831, 8057],[20825, 8076],[20818, 8099],[20816, 8106],[20815, 8110],[20797, 8110],[20768, 8113],[20759, 8115],[20752, 8115],[20731, 8116],[20702, 8119],[20684, 8122],[20654, 8128],[20632, 8134],[20604, 8143],[20594, 8146],[20591, 8147],[20572, 8152],[20544, 8161],[20538, 8163],[20506, 8163],[20485, 8164],[20456, 8167],[20447, 8169],[20440, 8169],[20419, 8170],[20390, 8173],[20380, 8175],[20371, 8176],[20348, 8178],[20330, 8181],[20318, 8183],[20295, 8187],[20282, 8189],[20247, 8197],[20216, 8207],[20189, 8218],[20175, 8225],[20161, 8232],[20135, 8245],[20117, 8241],[20094, 8237],[20082, 8235],[20064, 8232],[20047, 8231],[20027, 8223],[19977, 8198],[19969, 8192],[19951, 8180],[19930, 8168],[19904, 8155],[19893, 8150],[19835, 8125],[19829, 8120],[19792, 8096],[19783, 8091],[19778, 8087],[19749, 8064],[19714, 8042],[19713, 8041],[19687, 8024],[19666, 8012],[19640, 7999],[19613, 7988],[19593, 7981],[19565, 7972],[19530, 7964],[19504, 7961],[19495, 7959],[19477, 7956],[19444, 7953],[19319, 7953],[19298, 7954],[19269, 7957],[19260, 7959],[19253, 7959],[19232, 7960],[19203, 7963],[19163, 7972],[19135, 7981],[19115, 7988],[19103, 7992],[19043, 8016],[19028, 8023],[19002, 8036],[18988, 8044],[18985, 8045],[18969, 8046],[18951, 8049],[18944, 8050],[18914, 8054],[18891, 8057],[18858, 8065],[18841, 8069],[18821, 8074],[18793, 8083],[18755, 8096],[18728, 8107],[18666, 8138],[18653, 8145],[18623, 8163],[18603, 8177],[18601, 8178],[18583, 8190],[18568, 8202],[18553, 8215],[18543, 8224],[18501, 8266],[18488, 8280],[18469, 8303],[18452, 8328],[18437, 8352],[18404, 8374],[18368, 8395],[18348, 8408],[18302, 8443],[18280, 8458],[18268, 8467],[18245, 8486],[18231, 8499],[18213, 8517],[18200, 8531],[18182, 8553],[18177, 8559],[18167, 8570],[18155, 8584],[18142, 8601],[18133, 8613],[18121, 8631],[18111, 8648],[18102, 8655],[18080, 8670],[18079, 8671],[18076, 8672],[18061, 8672],[18028, 8675],[18012, 8678],[17989, 8678],[17973, 8679],[17944, 8682],[17904, 8691],[17876, 8700],[17847, 8712],[17773, 8749],[17752, 8761],[17734, 8773],[17717, 8785],[17694, 8804],[17680, 8817],[17662, 8835],[17649, 8849],[17630, 8872],[17606, 8910],[17587, 8948],[17580, 8963],[17568, 8993],[17563, 9007],[17552, 9041],[17540, 9083],[17533, 9117],[17531, 9144],[17520, 9185],[17515, 9212],[17513, 9221],[17510, 9227],[17509, 9228],[17496, 9241],[17484, 9237],[17444, 9228],[17415, 9225],[17394, 9224],[17388, 9224],[17367, 9225],[17338, 9228],[17298, 9237],[17270, 9246],[17241, 9258],[17215, 9271],[17177, 9295],[17154, 9314],[17127, 9341],[17108, 9364],[17093, 9387],[17057, 9399],[17052, 9401],[17058, 9373],[17059, 9358],[17062, 9353],[17080, 9323],[17087, 9310],[17091, 9302],[17099, 9292],[17105, 9283],[17129, 9247],[17134, 9238],[17141, 9229],[17150, 9216],[17165, 9196],[17176, 9179],[17194, 9149],[17199, 9139],[17203, 9135],[17221, 9109],[17234, 9089],[17249, 9064],[17274, 9014],[17283, 8994],[17293, 8968],[17301, 8951],[17312, 8923],[17322, 8889],[17331, 8861],[17336, 8847],[17339, 8832],[17345, 8810],[17349, 8792],[17355, 8756],[17357, 8744],[17358, 8727],[17359, 8726],[17363, 8702],[17366, 8673],[17367, 8652],[17367, 8634],[17366, 8613],[17363, 8584],[17354, 8544],[17345, 8516],[17340, 8502],[17328, 8472],[17321, 8457],[17318, 8451],[17315, 8441],[17301, 8404],[17287, 8370],[17280, 8355],[17237, 8269],[17232, 8259],[17208, 8217],[17189, 8189],[17183, 8183],[17183, 8182],[17188, 8159],[17189, 8156],[17196, 8134],[17205, 8106],[17209, 8094],[17229, 8012],[17236, 7976],[17241, 7943],[17244, 7936],[17253, 7908],[17257, 7893],[17263, 7878],[17267, 7866],[17274, 7846],[17283, 7818],[17291, 7783],[17294, 7757],[17296, 7748],[17299, 7730],[17302, 7697],[17302, 7638],[17301, 7617],[17298, 7588],[17289, 7548],[17280, 7520],[17268, 7491],[17255, 7465],[17231, 7427],[17212, 7404],[17199, 7390],[17187, 7378],[17173, 7365],[17150, 7346],[17112, 7322],[17086, 7309],[17079, 7306],[17067, 7298],[17046, 7286],[17043, 7284],[17037, 7280],[17019, 7268],[17004, 7259],[16996, 7253],[16993, 7250],[16991, 7247],[16972, 7224],[16959, 7210],[16953, 7204],[16950, 7201],[16947, 7197],[16938, 7184],[16931, 7175],[16912, 7152],[16885, 7125],[16864, 7108],[16852, 7093],[16825, 7066],[16802, 7047],[16764, 7023],[16738, 7010],[16709, 6998],[16681, 6989],[16641, 6980],[16612, 6977],[16591, 6976],[16573, 6976],[16560, 6977],[16544, 6978],[16526, 6980],[16513, 6982],[16495, 6985],[16479, 6989],[16452, 6998],[16425, 7009],[16393, 7026],[16382, 7033],[16368, 7043],[16355, 7053],[16337, 7068],[16329, 7075],[16316, 7064],[16299, 7052],[16298, 7051],[16284, 7040],[16270, 7030],[16249, 7017],[16232, 7008],[16184, 6984],[16170, 6977],[16162, 6974],[16142, 6961],[16133, 6955],[16114, 6943],[16087, 6916],[16064, 6897],[16026, 6873],[16000, 6860],[15971, 6848],[15943, 6839],[15903, 6830],[15874, 6827],[15853, 6826],[15852, 6826],[15836, 6813],[15812, 6798],[15817, 6785],[15826, 6757],[15835, 6717],[15838, 6688],[15839, 6667],[15839, 6637],[15838, 6616],[15835, 6587],[15831, 6563],[15825, 6540],[15823, 6514],[15814, 6475],[15805, 6447],[15801, 6436],[15797, 6425],[15779, 6374],[15764, 6337],[15757, 6322],[15744, 6296],[15720, 6258],[15701, 6235],[15694, 6228],[15690, 6222],[15671, 6199],[15658, 6185],[15652, 6179],[15638, 6166],[15615, 6147],[15612, 6145],[15598, 6131],[15584, 6118],[15561, 6099],[15558, 6098],[15556, 6095],[15550, 6089],[15536, 6076],[15513, 6057],[15475, 6033],[15474, 6032],[15466, 6027],[15448, 6016],[15439, 6011],[15423, 6001],[15407, 5992],[15401, 5989],[15397, 5986],[15379, 5974],[15368, 5967],[15365, 5965],[15356, 5959],[15337, 5949],[15329, 5945],[15323, 5941],[15314, 5935],[15295, 5925],[15269, 5912],[15240, 5900],[15235, 5898],[15229, 5895],[15203, 5882],[15188, 5875],[15175, 5870],[15168, 5866],[15164, 5863],[15145, 5853],[15059, 5810],[15044, 5803],[15029, 5797],[15000, 5783],[14990, 5779],[14950, 5763],[14938, 5759],[14925, 5754],[14898, 5744],[14887, 5740],[14859, 5731],[14812, 5717],[14802, 5714],[14768, 5703],[14734, 5693],[14726, 5691],[14706, 5684],[14678, 5675],[14656, 5669],[14633, 5665],[14626, 5662],[14611, 5657],[14569, 5645],[14558, 5642],[14540, 5635],[14493, 5616],[14469, 5608],[14458, 5605],[14407, 5581],[14358, 5560],[14342, 5554],[14322, 5547],[14294, 5538],[14254, 5529],[14238, 5528],[14225, 5525],[14189, 5519],[14177, 5517],[14160, 5516],[14159, 5515],[14135, 5511],[14106, 5508],[14093, 5507],[14081, 5507],[14063, 5504],[14030, 5501],[13893, 5501],[13872, 5502],[13843, 5505],[13815, 5510],[13791, 5516],[13779, 5520],[13751, 5529],[13737, 5534],[13708, 5546],[13694, 5551],[13691, 5552],[13665, 5558],[13621, 5572],[13587, 5580],[13559, 5589],[13530, 5601],[13508, 5612],[13489, 5620],[13444, 5643],[13434, 5648],[13397, 5669],[13390, 5673],[13352, 5697],[13332, 5714],[13311, 5719],[13299, 5723],[13271, 5732],[13242, 5744],[13192, 5769],[13162, 5787],[13146, 5799],[13125, 5812],[13112, 5821],[13072, 5841],[13051, 5853],[13033, 5865],[13016, 5877],[12993, 5896],[12986, 5903],[12980, 5907],[12957, 5926],[12944, 5938],[12915, 5963],[12901, 5975],[12875, 6001],[12861, 6007],[12824, 6018],[12787, 6033],[12753, 6052],[12723, 6070],[12698, 6087],[12675, 6106],[12661, 6119],[12659, 6121],[12656, 6123],[12633, 6142],[12619, 6155],[12570, 6204],[12554, 6217],[12540, 6229],[12520, 6249],[12511, 6259],[12503, 6266],[12489, 6277],[12475, 6289],[12471, 6293],[12468, 6295],[12453, 6307],[12438, 6320],[12424, 6334],[12399, 6351],[12376, 6370],[12349, 6397],[12324, 6428],[12310, 6447],[12308, 6449],[12279, 6478],[12254, 6495],[12245, 6501],[12229, 6513],[12208, 6526],[12183, 6543],[12182, 6545],[12164, 6555],[12128, 6579],[12111, 6591],[12088, 6610],[12074, 6623],[11984, 6713],[11971, 6727],[11952, 6750],[11940, 6766],[11936, 6771],[11923, 6788],[11911, 6806],[11904, 6817],[11900, 6824],[11895, 6834],[11862, 6899],[11846, 6933],[11842, 6943],[11826, 6983],[11823, 6987],[11800, 7006],[11773, 7033],[11754, 7056],[11746, 7067],[11740, 7074],[11728, 7089],[11717, 7105],[11710, 7113],[11698, 7127],[11685, 7144],[11668, 7169],[11659, 7185],[11649, 7205],[11642, 7219],[11631, 7246],[11612, 7292],[11603, 7311],[11594, 7331],[11581, 7366],[11572, 7400],[11571, 7405],[11568, 7417],[11566, 7423],[11555, 7457],[11548, 7484],[11547, 7489],[11542, 7506],[11539, 7523],[11535, 7546],[11533, 7558],[11530, 7576],[11530, 7577],[11522, 7602],[11513, 7642],[11510, 7671],[11509, 7692],[11509, 7719],[11501, 7734],[11489, 7759],[11482, 7777],[11474, 7804],[11470, 7821],[11466, 7838],[11463, 7857],[11462, 7867],[11461, 7887],[11461, 7905],[11462, 7925],[11463, 7935],[11466, 7954],[11470, 7971],[11474, 7988],[11482, 8015],[11489, 8033],[11501, 8058],[11510, 8074],[11512, 8078],[11513, 8080],[11520, 8100],[11531, 8127],[11531, 8128],[11539, 8157],[11540, 8160],[11544, 8187],[11548, 8208],[11552, 8224],[11557, 8252],[11564, 8280],[11574, 8310],[11586, 8346],[11594, 8366],[11591, 8373],[11586, 8384],[11568, 8426],[11562, 8442],[11555, 8462],[11546, 8490],[11537, 8530],[11536, 8547],[11535, 8548],[11531, 8572],[11528, 8601],[11527, 8622],[11527, 8670],[11528, 8681],[11529, 8700],[11532, 8728],[11533, 8731],[11534, 8738],[11536, 8768],[11539, 8786],[11543, 8808],[11546, 8819],[11546, 8822],[11548, 8845],[11550, 8859],[11544, 8879],[11534, 8913],[11532, 8919],[11528, 8931],[11520, 8953],[11509, 8989],[11505, 9007],[11501, 9026],[11497, 9045],[11495, 9055],[11494, 9059],[11491, 9076],[11488, 9097],[11487, 9098],[11482, 9121],[11480, 9129],[11477, 9139],[11468, 9167],[11459, 9207],[11457, 9234],[11457, 9235],[11455, 9243],[11452, 9261],[11449, 9294],[11449, 9317],[11450, 9333],[11452, 9357],[11455, 9408],[11457, 9435],[11461, 9463],[11467, 9499],[11473, 9528],[11474, 9538],[11475, 9551],[11478, 9579],[11480, 9586],[11485, 9619],[11487, 9631],[11490, 9650],[11496, 9695],[11500, 9719],[11501, 9723],[11503, 9733],[11506, 9750],[11512, 9780],[11521, 9811],[11526, 9825],[11528, 9835],[11532, 9850],[11537, 9868],[11540, 9877],[11544, 9890],[11545, 9894],[11545, 9896],[11545, 9898],[11548, 9931],[11551, 9948],[11551, 9950],[11549, 9963],[11546, 9992],[11545, 10013],[11545, 10134],[11544, 10142],[11541, 10164],[11540, 10182],[11537, 10210],[11534, 10227],[11529, 10256],[11527, 10268],[11524, 10286],[11522, 10304],[11522, 10306],[11521, 10310],[11518, 10328],[11516, 10353],[11515, 10358],[11512, 10376],[11509, 10409],[11509, 10428],[11509, 10430],[11506, 10448],[11503, 10481],[11503, 10635],[11506, 10668],[11509, 10683],[11509, 10748],[11496, 10769],[11480, 10801],[11455, 10855],[11449, 10870],[11438, 10900],[11429, 10926],[11420, 10954],[11411, 10994],[11410, 11009],[11407, 11019],[11397, 11043],[11386, 11082],[11385, 11084],[11380, 11103],[11372, 11128],[11363, 11168],[11363, 11173],[11343, 11157],[11328, 11143],[11317, 11133],[11306, 11124],[11276, 11100],[11259, 11088],[11234, 11072],[11216, 11062],[11175, 11041],[11129, 11019],[11105, 11010],[11085, 11003],[11057, 10994],[11017, 10985],[10988, 10982],[10969, 10981],[10960, 10981],[10943, 10976],[10903, 10967],[10874, 10964],[10853, 10963],[10828, 10963],[10819, 10961],[10790, 10958],[10769, 10957],[10751, 10957],[10730, 10958],[10694, 10962],[10652, 10968],[10619, 10976],[10591, 10985],[10562, 10997],[10524, 11016],[10486, 11040],[10463, 11059],[10450, 11071],[10441, 11069],[10407, 11066],[10379, 11064],[10351, 11059],[10339, 11057],[10310, 11054],[10289, 11053],[10282, 11053],[10273, 11051],[10256, 11050],[10255, 11049],[10239, 11046],[10214, 11043],[10207, 11041],[10197, 11039],[10169, 11033],[10151, 11029],[10140, 11027],[10131, 11026],[10123, 11023],[10095, 11015],[10087, 11013],[10070, 11005],[10048, 10997],[10020, 10988],[9992, 10981],[9959, 10976],[9952, 10974],[9924, 10971],[9921, 10971],[9910, 10968],[9882, 10965],[9863, 10964],[9852, 10963],[9824, 10963],[9812, 10961],[9795, 10960],[9794, 10959],[9778, 10956],[9760, 10954],[9752, 10952],[9742, 10950],[9714, 10947],[9695, 10946],[9684, 10945],[9594, 10945],[9573, 10946],[9566, 10947],[9554, 10945],[9536, 10942],[9513, 10940],[9505, 10939],[9501, 10927],[9497, 10917],[9491, 10899],[9487, 10886],[9476, 10859],[9469, 10845],[9459, 10825],[9452, 10813],[9436, 10781],[9424, 10760],[9412, 10742],[9400, 10725],[9381, 10702],[9368, 10688],[9356, 10676],[9342, 10663],[9319, 10644],[9281, 10620],[9273, 10616],[9261, 10609],[9234, 10595],[9212, 10585],[9190, 10577],[9162, 10568],[9122, 10559],[9093, 10556],[9072, 10555],[9018, 10555],[8997, 10556],[8968, 10559],[8928, 10568],[8900, 10577],[8884, 10583],[8875, 10587],[8847, 10590],[8808, 10598],[8780, 10607],[8768, 10612],[8728, 10623],[8701, 10634],[8687, 10641],[8667, 10651],[8655, 10658],[8623, 10674],[8585, 10698],[8562, 10717],[8535, 10744],[8516, 10767],[8492, 10805],[8479, 10831],[8467, 10860],[8458, 10888],[8452, 10910],[8446, 10940],[8443, 10958],[8440, 10987],[8439, 11008],[8439, 11043],[8442, 11076],[8445, 11094],[8448, 11108],[8459, 11148],[8470, 11175],[8477, 11189],[8485, 11206],[8500, 11234],[8522, 11267],[8541, 11290],[8554, 11304],[8556, 11306],[8558, 11309],[8577, 11332],[8604, 11359]]],[[[22699, 13910],[22674, 13904],[22648, 13898],[22634, 13894],[22629, 13893],[22622, 13870],[22615, 13850],[22604, 13823],[22591, 13797],[22567, 13759],[22548, 13736],[22535, 13722],[22505, 13692],[22491, 13679],[22468, 13660],[22430, 13636],[22404, 13623],[22383, 13614],[22408, 13562],[22417, 13540],[22419, 13534],[22430, 13511],[22439, 13490],[22451, 13459],[22458, 13444],[22464, 13429],[22482, 13378],[22489, 13369],[22507, 13339],[22518, 13318],[22523, 13309],[22528, 13299],[22530, 13296],[22532, 13293],[22543, 13276],[22555, 13255],[22574, 13218],[22579, 13210],[22589, 13192],[22591, 13191],[22606, 13169],[22624, 13141],[22633, 13127],[22650, 13093],[22661, 13056],[22665, 13018],[22665, 13010],[22670, 13006],[22695, 12975],[22713, 12941],[22725, 12903],[22729, 12864],[22729, 12800],[22720, 12800],[22720, 12736],[22656, 12736],[22656, 12800],[22592, 12800],[22592, 13056],[22528, 13056],[22528, 13184],[22400, 13184],[22400, 13120],[22464, 13120],[22464, 13018],[22458, 13025],[22454, 13034],[22445, 13045],[22436, 13063],[22421, 13081],[22418, 13087],[22412, 13099],[22404, 13108],[22400, 13117],[22395, 13124],[22393, 13125],[22389, 13139],[22376, 13165],[22368, 13174],[22364, 13183],[22358, 13191],[22355, 13197],[22349, 13209],[22344, 13216],[22341, 13223],[22340, 13225],[22334, 13237],[22328, 13249],[22313, 13267],[22310, 13273],[22298, 13291],[22296, 13299],[22294, 13308],[22284, 13332],[22284, 13333],[22275, 13361],[22269, 13372],[22265, 13383],[22260, 13393],[22251, 13421],[22245, 13433],[22238, 13447],[22233, 13456],[22232, 13460],[22227, 13475],[22221, 13487],[22215, 13499],[22214, 13501],[22209, 13511],[22208, 13513],[22203, 13522],[22199, 13533],[22193, 13545],[22187, 13557],[22181, 13569],[22176, 13576],[22172, 13585],[22166, 13592],[22165, 13594],[22164, 13595],[22160, 13603],[22154, 13615],[22146, 13624],[22142, 13633],[22136, 13640],[22135, 13642],[22134, 13643],[22130, 13651],[22124, 13663],[22105, 13686],[22102, 13688],[22100, 13693],[22090, 13705],[22088, 13708],[22086, 13710],[22081, 13716],[22075, 13721],[22075, 13722],[22077, 13722],[22081, 13723],[22108, 13734],[22118, 13739],[22119, 13739],[22129, 13741],[22156, 13752],[22168, 13758],[22174, 13761],[22181, 13763],[22184, 13763],[22191, 13765],[22202, 13768],[22220, 13774],[22226, 13777],[22230, 13778],[22238, 13782],[22239, 13782],[22243, 13783],[22251, 13786],[22255, 13787],[22256, 13787],[22257, 13787],[22267, 13789],[22274, 13792],[22286, 13793],[22314, 13802],[22340, 13815],[22363, 13834],[22366, 13837],[22369, 13840],[22375, 13846],[22381, 13852],[22384, 13855],[22387, 13858],[22390, 13861],[22393, 13864],[22412, 13887],[22425, 13913],[22430, 13930],[22431, 13931],[22440, 13959],[22443, 13988],[22443, 13994],[22443, 14000],[22443, 14018],[22443, 14024],[22443, 14030],[22443, 14036],[22443, 14042],[22443, 14054],[22443, 14060],[22443, 14061],[22454, 14063],[22470, 14066],[22474, 14066],[22485, 14068],[22496, 14069],[22501, 14071],[22503, 14071],[22510, 14073],[22516, 14073],[22523, 14075],[22526, 14075],[22533, 14077],[22544, 14080],[22551, 14082],[22555, 14083],[22559, 14085],[22570, 14085],[22577, 14087],[22580, 14087],[22587, 14089],[22598, 14092],[22615, 14098],[22628, 14099],[22644, 14104],[22652, 14105],[22657, 14107],[22665, 14108],[22671, 14110],[22674, 14111],[22675, 14111],[22676, 14111],[22686, 14113],[22698, 14118],[22704, 14119],[22709, 14121],[22729, 14123],[22759, 14129],[22760, 14129],[22770, 14131],[22772, 14132],[22778, 14132],[22783, 14133],[22797, 14133],[22804, 14135],[22807, 14135],[22814, 14137],[22818, 14138],[22821, 14138],[22832, 14140],[22843, 14141],[22848, 14143],[22850, 14143],[22854, 14144],[22856, 14144],[22872, 14146],[22877, 14146],[22881, 14147],[22885, 14147],[22886, 14147],[22905, 14150],[22920, 14150],[22929, 14147],[22958, 14144],[22987, 14147],[23015, 14156],[23041, 14169],[23064, 14188],[23083, 14211],[23096, 14237],[23105, 14265],[23108, 14294],[23108, 14300],[23105, 14329],[23096, 14357],[23083, 14383],[23064, 14406],[23058, 14412],[23055, 14415],[23052, 14418],[23049, 14421],[23046, 14424],[23043, 14426],[23041, 14431],[23025, 14451],[23023, 14454],[23008, 14472],[23005, 14478],[22990, 14496],[22987, 14502],[22979, 14511],[22975, 14520],[22970, 14526],[22966, 14534],[22961, 14541],[22957, 14550],[22951, 14562],[22944, 14570],[22941, 14577],[22940, 14579],[22927, 14604],[22908, 14627],[22896, 14637],[22893, 14640],[22884, 14651],[22880, 14655],[22868, 14671],[22865, 14675],[22861, 14682],[22855, 14689],[22854, 14691],[22851, 14694],[22846, 14700],[22843, 14706],[22837, 14713],[22836, 14715],[22833, 14718],[22825, 14728],[22816, 14750],[22809, 14764],[22804, 14774],[22802, 14778],[22798, 14784],[22848, 14784],[22848, 14720],[22912, 14720],[22912, 14656],[23040, 14656],[23040, 14592],[23104, 14592],[23104, 14336],[23168, 14336],[23168, 14208],[23104, 14208],[23104, 14144],[23040, 14144],[23040, 14080],[22912, 14080],[22912, 14016],[22784, 14016],[22784, 13952],[22720, 13952],[22720, 13915],[22710, 13912],[22699, 13910]]],[[[21911, 10679],[21882, 10676],[21861, 10675],[21855, 10675],[21834, 10676],[21805, 10679],[21765, 10688],[21737, 10697],[21708, 10709],[21682, 10722],[21644, 10746],[21621, 10765],[21594, 10792],[21577, 10813],[21578, 10810],[21582, 10781],[21587, 10754],[21588, 10746],[21594, 10732],[21605, 10702],[21617, 10666],[21618, 10662],[21630, 10633],[21633, 10626],[21638, 10612],[21640, 10606],[21650, 10587],[21662, 10561],[21674, 10530],[21674, 10528],[21681, 10518],[21690, 10504],[21703, 10483],[21715, 10467],[21725, 10453],[21736, 10435],[21744, 10425],[21760, 10401],[21760, 10400],[21760, 10368],[21568, 10368],[21568, 10324],[21565, 10328],[21562, 10331],[21554, 10347],[21539, 10365],[21536, 10371],[21528, 10380],[21524, 10389],[21518, 10401],[21500, 10423],[21499, 10425],[21498, 10429],[21486, 10455],[21483, 10464],[21480, 10477],[21468, 10503],[21456, 10523],[21447, 10551],[21445, 10555],[21445, 10556],[21445, 10557],[21429, 10593],[21427, 10599],[21427, 10600],[21426, 10605],[21417, 10633],[21411, 10644],[21406, 10663],[21400, 10673],[21400, 10676],[21396, 10685],[21396, 10689],[21391, 10705],[21390, 10713],[21387, 10723],[21384, 10749],[21380, 10771],[21379, 10781],[21375, 10805],[21375, 10810],[21375, 10816],[21375, 10822],[21375, 10828],[21375, 10840],[21375, 10846],[21375, 10864],[21375, 10870],[21375, 10876],[21375, 10882],[21375, 10888],[21375, 10900],[21372, 10929],[21364, 10955],[21362, 10963],[21360, 10967],[21352, 10993],[21339, 11019],[21331, 11028],[21327, 11037],[21323, 11044],[21330, 11052],[21334, 11054],[21394, 11084],[21401, 11089],[21410, 11093],[21416, 11098],[21436, 11108],[21443, 11113],[21446, 11113],[21455, 11116],[21465, 11116],[21494, 11119],[21504, 11122],[21530, 11125],[21558, 11134],[21567, 11134],[21596, 11137],[21609, 11141],[21619, 11143],[21620, 11143],[21621, 11143],[21631, 11145],[21634, 11146],[21638, 11146],[21655, 11149],[21656, 11149],[21657, 11149],[21667, 11151],[21687, 11159],[21688, 11159],[21690, 11151],[21692, 11142],[21699, 11125],[21701, 11117],[21707, 11100],[21708, 11087],[21711, 11078],[21711, 11074],[21711, 11070],[21708, 11061],[21705, 11032],[21705, 11026],[21708, 10997],[21717, 10969],[21730, 10943],[21749, 10920],[21772, 10901],[21798, 10888],[21826, 10879],[21855, 10876],[21861, 10876],[21890, 10879],[21918, 10888],[21919, 10889],[21936, 10894],[21948, 10900],[21960, 10906],[21961, 10907],[21978, 10912],[21979, 10913],[21996, 10918],[22022, 10931],[22045, 10950],[22050, 10957],[22057, 10962],[22060, 10965],[22063, 10968],[22080, 10989],[22080, 10880],[22016, 10880],[22016, 10816],[21952, 10816],[21952, 10688],[21951, 10688],[21911, 10679]]],[[[21625, 10251],[21619, 10256],[21615, 10260],[21610, 10265],[21608, 10269],[21593, 10287],[21590, 10293],[21585, 10304],[21632, 10304],[21632, 10244],[21631, 10245],[21625, 10251]]],[[[22098, 11018],[22106, 11027],[22112, 11039],[22119, 11053],[22125, 11065],[22134, 11093],[22135, 11105],[22138, 11112],[22140, 11122],[22140, 11123],[22140, 11125],[22143, 11141],[22143, 11143],[22146, 11153],[22149, 11182],[22149, 11192],[22152, 11201],[22153, 11213],[22156, 11220],[22158, 11230],[22158, 11231],[22158, 11233],[22161, 11249],[22161, 11257],[22161, 11260],[22161, 11266],[22161, 11272],[22162, 11274],[22164, 11284],[22164, 11285],[22164, 11287],[22167, 11303],[22167, 11311],[22167, 11314],[22167, 11326],[22167, 11332],[22167, 11335],[22176, 11363],[22179, 11391],[22180, 11394],[22182, 11404],[22182, 11405],[22182, 11407],[22185, 11423],[22185, 11430],[22186, 11434],[22188, 11441],[22188, 11444],[22190, 11451],[22190, 11465],[22191, 11470],[22191, 11476],[22191, 11481],[22191, 11492],[22194, 11507],[22195, 11518],[22198, 11525],[22200, 11535],[22200, 11536],[22200, 11538],[22203, 11554],[22203, 11562],[22203, 11565],[22203, 11577],[22203, 11585],[22204, 11589],[22204, 11591],[22206, 11596],[22207, 11607],[22207, 11609],[22210, 11615],[22212, 11625],[22212, 11626],[22212, 11627],[22215, 11644],[22215, 11648],[22216, 11651],[22218, 11661],[22218, 11662],[22218, 11664],[22221, 11680],[22221, 11688],[22221, 11690],[22222, 11693],[22224, 11703],[22224, 11704],[22224, 11706],[22225, 11712],[22272, 11712],[22272, 11840],[22336, 11840],[22336, 11584],[22272, 11584],[22272, 11392],[22208, 11392],[22208, 11136],[22144, 11136],[22144, 11008],[22093, 11008],[22094, 11009],[22098, 11018]]],[[[22503, 12102],[22512, 12130],[22513, 12138],[22518, 12154],[22521, 12183],[22521, 12189],[22521, 12195],[22521, 12201],[22521, 12207],[22521, 12219],[22521, 12225],[22521, 12231],[22521, 12237],[22521, 12243],[22521, 12249],[22521, 12255],[22521, 12261],[22521, 12267],[22521, 12273],[22521, 12279],[22521, 12283],[22524, 12292],[22527, 12320],[22528, 12323],[22528, 12096],[22501, 12096],[22502, 12101],[22503, 12102]]],[[[22546, 12441],[22548, 12448],[22548, 12451],[22550, 12458],[22550, 12470],[22555, 12484],[22558, 12495],[22560, 12502],[22560, 12505],[22562, 12512],[22562, 12514],[22563, 12516],[22572, 12544],[22575, 12573],[22575, 12579],[22575, 12585],[22572, 12614],[22563, 12642],[22550, 12668],[22547, 12672],[22592, 12672],[22592, 12416],[22542, 12416],[22544, 12436],[22546, 12441]]],[[[22781, 14850],[22780, 14853],[22779, 14857],[22778, 14862],[22777, 14867],[22777, 14873],[22776, 14879],[22775, 14886],[22773, 14892],[22771, 14902],[22770, 14905],[22769, 14912],[22784, 14912],[22784, 14837],[22781, 14848],[22781, 14850]]],[[[22491, 15145],[22486, 15144],[22472, 15144],[22465, 15142],[22462, 15142],[22455, 15140],[22452, 15139],[22347, 15139],[22344, 15139],[22336, 15139],[22320, 15136],[22318, 15136],[22317, 15136],[22307, 15134],[22305, 15133],[22293, 15133],[22264, 15130],[22255, 15127],[22208, 15127],[22208, 15168],[22528, 15168],[22528, 15147],[22510, 15145],[22491, 15145]]],[[[22051, 15094],[22034, 15087],[22022, 15081],[22016, 15078],[22016, 15104],[22069, 15104],[22054, 15096],[22051, 15094]]],[[[21962, 15036],[21952, 15024],[21952, 15040],[21965, 15040],[21964, 15039],[21962, 15036]]],[[[21907, 14969],[21905, 14967],[21898, 14964],[21888, 14956],[21888, 14976],[21922, 14976],[21916, 14973],[21907, 14969]]],[[[21751, 15113],[21748, 15116],[21745, 15119],[21722, 15138],[21710, 15144],[21698, 15150],[21696, 15151],[21684, 15157],[21672, 15163],[21657, 15168],[21760, 15168],[21760, 15104],[21757, 15107],[21751, 15113]]],[[[21312, 15039],[21312, 15040],[21315, 15040],[21312, 15039]]],[[[20851, 15229],[20845, 15232],[20864, 15232],[20864, 15225],[20852, 15228],[20851, 15229]]],[[[20528, 15423],[20527, 15424],[20544, 15424],[20544, 15413],[20535, 15420],[20528, 15423]]]]},"properties":{"objectType":"annotation","name":"B15XO_D1 Outer Rim 100 µm","color":[100, 200, 100],"classification":{"name":"Outer Rim","color":[200, 63, 239]}}},{"type":"Feature","id":"d7c816c7-853f-4cfb-8b96-641b61d32b74","geometry":{"type":"MultiPolygon","coordinates":[[[[23038, 17728],[23052, 17745],[23059, 17753],[23073, 17768],[23087, 17783],[23112, 17817],[23126, 17840],[23148, 17874],[23161, 17889],[23190, 17914],[23202, 17925],[23205, 17929],[23222, 17943],[23258, 17965],[23262, 17967],[23284, 17975],[23298, 17980],[23315, 17984],[23344, 17988],[23376, 17991],[23419, 17990],[23433, 17988],[23446, 17986],[23468, 17984],[23481, 17982],[23492, 17978],[23508, 17973],[23529, 17962],[23540, 17957],[23554, 17949],[23580, 17932],[23605, 17913],[23617, 17904],[23650, 17883],[23679, 17868],[23711, 17857],[23745, 17852],[23753, 17851],[23768, 17849],[23785, 17845],[23793, 17843],[23811, 17836],[23820, 17830],[23831, 17824],[23862, 17802],[23886, 17780],[23914, 17759],[23945, 17743],[23978, 17729],[23992, 17723],[24016, 17715],[24041, 17709],[24042, 17709],[24065, 17702],[24093, 17689],[24114, 17681],[24137, 17674],[24139, 17674],[24150, 17670],[24166, 17667],[24187, 17660],[24206, 17652],[24220, 17647],[24290, 17624],[24311, 17616],[24348, 17597],[24378, 17584],[24398, 17578],[24444, 17563],[24466, 17552],[24472, 17548],[24510, 17518],[24531, 17502],[24545, 17490],[24549, 17486],[24574, 17455],[24586, 17440],[24594, 17428],[24600, 17418],[24605, 17408],[24616, 17392],[24636, 17362],[24645, 17346],[24663, 17317],[24696, 17278],[24702, 17272],[24729, 17248],[24751, 17232],[24795, 17202],[24827, 17178],[24832, 17172],[24832, 17152],[24849, 17152],[24869, 17128],[24887, 17102],[24895, 17085],[24896, 17078],[24896, 16978],[24896, 16832],[24958, 16832],[24959, 16830],[24960, 16822],[24960, 16722],[24960, 16576],[25022, 16576],[25023, 16574],[25024, 16566],[25024, 16522],[25023, 16513],[25021, 16512],[24960, 16512],[24960, 16450],[24958, 16448],[24768, 16448],[24768, 16384],[24719, 16384],[24727, 16429],[24753, 16498],[24792, 16560],[24794, 16563],[24787, 16577],[24767, 16643],[24759, 16712],[24758, 16764],[24752, 16773],[24721, 16838],[24702, 16907],[24695, 16978],[24695, 17023],[24690, 17029],[24689, 17031],[24679, 17038],[24639, 17065],[24596, 17098],[24569, 17122],[24558, 17132],[24494, 17210],[24471, 17246],[24465, 17256],[24449, 17281],[24437, 17299],[24426, 17317],[24423, 17322],[24417, 17330],[24402, 17348],[24387, 17360],[24364, 17378],[24336, 17387],[24317, 17393],[24257, 17418],[24225, 17434],[24220, 17436],[24159, 17456],[24131, 17466],[24118, 17471],[24111, 17473],[24103, 17475],[24079, 17482],[24076, 17483],[24054, 17490],[24012, 17506],[23994, 17513],[23980, 17518],[23953, 17525],[23930, 17533],[23900, 17544],[23867, 17557],[23805, 17590],[23750, 17633],[23736, 17645],[23726, 17653],[23665, 17662],[23601, 17683],[23541, 17715],[23509, 17735],[23485, 17752],[23464, 17768],[23448, 17778],[23446, 17779],[23440, 17782],[23433, 17786],[23425, 17787],[23405, 17789],[23403, 17789],[23382, 17790],[23368, 17789],[23353, 17787],[23351, 17786],[23347, 17784],[23339, 17780],[23321, 17763],[23307, 17750],[23296, 17733],[23284, 17714],[23234, 17647],[23219, 17630],[23211, 17622],[23183, 17589],[23164, 17569],[23147, 17548],[23126, 17521],[23125, 17521],[23125, 17520],[23124, 17506],[23125, 17388],[23126, 17382],[23129, 17370],[23132, 17361],[23137, 17349],[23169, 17285],[23174, 17275],[23179, 17265],[23184, 17264],[23253, 17238],[23315, 17200],[23370, 17152],[23414, 17094],[23448, 17030],[23472, 16972],[23487, 16931],[23495, 16912],[23518, 16857],[23519, 16857],[23533, 16830],[23546, 16806],[23551, 16797],[23562, 16777],[23574, 16754],[23586, 16737],[23603, 16712],[23620, 16683],[23630, 16666],[23658, 16614],[23673, 16583],[23688, 16546],[23694, 16534],[23698, 16522],[23702, 16512],[23715, 16481],[23723, 16463],[23727, 16453],[23744, 16422],[23762, 16386],[23772, 16369],[23825, 16295],[23843, 16268],[23880, 16224],[23914, 16179],[23924, 16164],[23930, 16158],[23941, 16144],[23968, 16108],[23976, 16095],[23981, 16086],[23997, 16059],[23999, 16054],[24000, 16053],[24006, 16044],[24023, 16020],[24051, 15975],[24067, 15947],[24070, 15941],[24077, 15930],[24105, 15881],[24135, 15829],[24140, 15818],[24149, 15797],[24156, 15779],[24165, 15760],[24179, 15732],[24199, 15682],[24199, 15681],[24204, 15669],[24214, 15648],[24220, 15636],[24224, 15626],[24234, 15601],[24254, 15544],[24258, 15533],[24266, 15512],[24272, 15492],[24286, 15441],[24294, 15414],[24304, 15373],[24308, 15353],[24314, 15334],[24320, 15307],[24331, 15257],[24335, 15239],[24342, 15204],[24342, 15203],[24342, 15201],[24343, 15198],[24352, 15168],[24358, 15149],[24360, 15143],[24367, 15124],[24380, 15101],[24399, 15063],[24405, 15053],[24412, 15043],[24417, 15036],[24448, 14990],[24460, 14970],[24473, 14948],[24475, 14946],[24487, 14927],[24498, 14909],[24515, 14881],[24526, 14860],[24543, 14824],[24554, 14801],[24563, 14777],[24583, 14727],[24593, 14699],[24605, 14662],[24611, 14641],[24616, 14623],[24617, 14620],[24625, 14601],[24631, 14580],[24635, 14568],[24640, 14556],[24647, 14541],[24655, 14522],[24666, 14492],[24670, 14482],[24687, 14438],[24695, 14413],[24703, 14386],[24704, 14386],[24720, 14347],[24741, 14293],[24745, 14283],[24759, 14242],[24773, 14221],[24803, 14179],[24819, 14209],[24821, 14212],[24823, 14387],[24832, 14467],[24857, 14543],[24886, 14595],[24885, 14718],[24875, 14731],[24842, 14804],[24824, 14882],[24822, 14904],[24819, 14980],[24831, 15054],[24857, 15125],[24887, 15176],[24884, 15743],[24880, 15749],[24849, 15814],[24830, 15883],[24823, 15954],[24823, 16042],[24808, 16058],[24792, 16080],[24753, 16142],[24727, 16211],[24719, 16256],[24768, 16256],[24768, 16192],[24958, 16192],[24960, 16190],[24960, 16128],[25021, 16128],[25023, 16127],[25024, 16118],[25024, 15954],[25024, 15808],[25086, 15808],[25087, 15806],[25088, 15798],[25088, 15114],[25087, 15106],[25085, 15104],[25024, 15104],[25024, 15040],[24896, 15040],[24896, 14976],[24960, 14976],[24960, 14912],[25023, 14912],[25024, 14907],[25024, 14905],[25024, 14784],[25086, 14784],[25087, 14782],[25088, 14774],[25088, 14538],[25087, 14530],[25086, 14528],[25024, 14528],[25024, 14382],[25024, 14154],[25023, 14146],[25022, 14144],[24960, 14144],[24960, 14021],[24959, 14017],[24958, 14016],[24896, 14016],[24896, 13925],[24896, 13924],[24890, 13922],[24872, 13917],[24862, 13915],[24852, 13914],[24833, 13915],[24801, 13920],[24777, 13929],[24749, 13946],[24728, 13964],[24711, 13981],[24683, 14008],[24664, 14029],[24643, 14057],[24607, 14109],[24586, 14140],[24580, 14151],[24574, 14164],[24556, 14215],[24554, 14220],[24533, 14274],[24518, 14310],[24513, 14321],[24503, 14354],[24499, 14367],[24482, 14411],[24479, 14420],[24467, 14450],[24463, 14460],[24455, 14479],[24446, 14501],[24440, 14521],[24435, 14534],[24432, 14544],[24427, 14555],[24418, 14584],[24413, 14602],[24401, 14639],[24397, 14653],[24377, 14703],[24368, 14725],[24363, 14737],[24346, 14772],[24340, 14782],[24328, 14804],[24317, 14822],[24310, 14831],[24305, 14838],[24288, 14867],[24275, 14889],[24259, 14912],[24249, 14925],[24235, 14947],[24222, 14968],[24203, 15006],[24185, 15039],[24170, 15077],[24165, 15093],[24161, 15108],[24151, 15140],[24147, 15152],[24144, 15168],[24143, 15176],[24140, 15193],[24135, 15214],[24124, 15266],[24121, 15279],[24113, 15307],[24107, 15335],[24102, 15356],[24094, 15384],[24079, 15437],[24076, 15447],[24070, 15462],[24066, 15475],[24045, 15534],[24040, 15547],[24037, 15553],[24033, 15563],[24021, 15587],[24011, 15610],[24008, 15620],[23998, 15645],[23986, 15670],[23973, 15696],[23962, 15722],[23956, 15737],[23951, 15748],[23928, 15788],[23925, 15792],[23903, 15830],[23895, 15843],[23890, 15854],[23881, 15868],[23853, 15913],[23845, 15925],[23834, 15940],[23824, 15955],[23818, 15967],[23811, 15980],[23805, 15989],[23799, 15999],[23786, 16017],[23776, 16029],[23765, 16041],[23750, 16063],[23724, 16097],[23683, 16147],[23661, 16179],[23606, 16257],[23587, 16287],[23564, 16333],[23545, 16368],[23536, 16389],[23532, 16401],[23516, 16436],[23511, 16450],[23508, 16457],[23504, 16467],[23488, 16503],[23481, 16519],[23453, 16571],[23448, 16580],[23431, 16608],[23422, 16621],[23402, 16649],[23384, 16685],[23378, 16695],[23370, 16709],[23355, 16740],[23347, 16753],[23339, 16766],[23310, 16835],[23302, 16853],[23283, 16903],[23263, 16953],[23246, 16986],[23223, 17014],[23196, 17039],[23165, 17057],[23131, 17070],[23109, 17076],[23078, 17091],[23061, 17102],[23047, 17112],[23020, 17142],[23013, 17151],[22995, 17183],[22989, 17196],[22954, 17267],[22945, 17290],[22938, 17307],[22930, 17337],[22924, 17371],[22923, 17513],[22926, 17545],[22930, 17569],[22936, 17591],[22949, 17621],[22969, 17648],[22977, 17656],[22988, 17669],[23011, 17700],[23038, 17728]]],[[[9133, 24167],[9173, 24173],[9187, 24177],[9195, 24178],[9231, 24182],[9252, 24181],[9299, 24174],[9336, 24161],[9375, 24138],[9387, 24129],[9401, 24115],[9423, 24087],[9451, 24058],[9484, 24035],[9522, 24019],[9562, 24011],[9602, 24011],[9642, 24020],[9679, 24036],[9712, 24059],[9740, 24089],[9761, 24124],[9765, 24130],[9777, 24163],[9780, 24174],[9785, 24191],[9798, 24222],[9812, 24251],[9818, 24262],[9854, 24349],[9857, 24358],[9864, 24377],[9873, 24408],[9876, 24441],[9877, 24505],[9881, 24533],[9889, 24563],[9897, 24590],[9901, 24606],[9907, 24633],[9921, 24675],[9924, 24686],[9937, 24740],[9956, 24810],[9960, 24825],[9963, 24845],[9968, 24862],[9977, 24884],[9992, 24914],[10023, 24976],[10042, 25006],[10065, 25033],[10071, 25039],[10096, 25060],[10124, 25088],[10146, 25120],[10161, 25156],[10169, 25194],[10169, 25233],[10162, 25272],[10136, 25362],[10129, 25389],[10125, 25413],[10123, 25502],[10126, 25541],[10133, 25573],[10140, 25611],[10144, 25626],[10153, 25674],[10150, 25723],[10143, 25757],[10140, 25786],[10140, 25811],[10139, 25835],[10137, 25852],[10134, 25875],[10131, 25890],[10126, 25912],[10123, 25945],[10125, 26026],[10129, 26050],[10136, 26076],[10153, 26124],[10175, 26162],[10196, 26186],[10204, 26193],[10239, 26219],[10290, 26244],[10313, 26253],[10360, 26265],[10393, 26268],[10424, 26267],[10479, 26259],[10517, 26253],[10558, 26238],[10605, 26212],[10636, 26195],[10653, 26184],[10671, 26171],[10703, 26145],[10727, 26120],[10759, 26078],[10780, 26049],[10805, 26021],[10835, 25998],[10869, 25981],[10905, 25970],[10943, 25967],[10981, 25971],[11017, 25982],[11051, 25999],[11080, 26022],[11105, 26051],[11124, 26084],[11125, 26086],[11132, 26102],[11165, 26193],[11169, 26204],[11181, 26237],[11202, 26279],[11231, 26328],[11247, 26348],[11258, 26361],[11280, 26393],[11288, 26404],[11311, 26441],[11320, 26452],[11332, 26468],[11350, 26496],[11377, 26528],[11400, 26561],[11407, 26575],[11418, 26596],[11424, 26609],[11431, 26624],[11451, 26655],[11457, 26664],[11473, 26686],[11509, 26724],[11563, 26761],[11590, 26780],[11628, 26798],[11648, 26804],[11648, 26688],[11712, 26688],[11712, 26752],[11904, 26752],[11904, 26714],[11886, 26697],[11823, 26657],[11812, 26652],[11760, 26629],[11737, 26622],[11717, 26615],[11700, 26610],[11692, 26606],[11678, 26596],[11640, 26570],[11628, 26557],[11619, 26546],[11617, 26542],[11607, 26527],[11605, 26522],[11600, 26511],[11583, 26479],[11576, 26465],[11531, 26399],[11511, 26376],[11495, 26352],[11450, 26285],[11425, 26250],[11373, 26173],[11365, 26157],[11358, 26136],[11353, 26124],[11320, 26033],[11308, 26002],[11306, 25999],[11268, 25934],[11219, 25877],[11159, 25830],[11092, 25795],[11020, 25774],[10944, 25766],[10869, 25773],[10796, 25794],[10729, 25828],[10669, 25874],[10618, 25930],[10598, 25958],[10574, 25989],[10566, 25998],[10550, 26011],[10541, 26018],[10533, 26023],[10507, 26037],[10475, 26055],[10466, 26058],[10448, 26061],[10407, 26067],[10400, 26067],[10394, 26067],[10376, 26062],[10372, 26060],[10342, 26046],[10338, 26043],[10336, 26039],[10327, 26015],[10325, 26007],[10324, 25951],[10325, 25942],[10327, 25933],[10332, 25903],[10336, 25880],[10339, 25847],[10341, 25814],[10341, 25797],[10342, 25785],[10347, 25761],[10354, 25679],[10344, 25597],[10328, 25524],[10325, 25512],[10324, 25496],[10325, 25431],[10329, 25416],[10355, 25328],[10369, 25251],[10369, 25173],[10353, 25096],[10322, 25024],[10279, 24960],[10223, 24905],[10209, 24893],[10205, 24889],[10198, 24878],[10171, 24823],[10161, 24803],[10159, 24799],[10157, 24787],[10150, 24758],[10132, 24689],[10118, 24637],[10112, 24614],[10101, 24580],[10097, 24562],[10088, 24530],[10082, 24510],[10079, 24495],[10078, 24488],[10077, 24436],[10070, 24372],[10053, 24309],[10046, 24290],[10039, 24272],[10003, 24185],[9992, 24162],[9981, 24140],[9974, 24123],[9972, 24116],[9970, 24109],[9945, 24043],[9942, 24036],[9900, 23967],[9844, 23908],[9778, 23861],[9703, 23829],[9624, 23812],[9543, 23811],[9463, 23827],[9388, 23858],[9321, 23904],[9265, 23963],[9257, 23973],[9251, 23978],[9250, 23979],[9237, 23981],[9226, 23980],[9222, 23979],[9178, 23972],[9174, 23965],[9172, 23961],[9170, 23948],[9170, 23916],[9171, 23907],[9174, 23897],[9185, 23847],[9187, 23839],[9190, 23827],[9192, 23822],[9196, 23814],[9211, 23771],[9225, 23723],[9230, 23713],[9242, 23679],[9287, 23560],[9308, 23487],[9310, 23471],[9327, 23411],[9334, 23378],[9339, 23352],[9349, 23299],[9357, 23257],[9365, 23195],[9370, 23140],[9372, 23130],[9379, 23084],[9383, 23046],[9386, 22991],[9391, 22965],[9393, 22945],[9397, 22931],[9406, 22886],[9412, 22850],[9424, 22803],[9436, 22768],[9456, 22708],[9466, 22688],[9488, 22630],[9500, 22570],[9502, 22555],[9525, 22450],[9532, 22414],[9538, 22395],[9547, 22372],[9576, 22313],[9587, 22295],[9606, 22270],[9627, 22244],[9667, 22193],[9739, 22096],[9765, 22065],[9794, 22030],[9954, 21871],[10007, 21806],[10045, 21731],[10067, 21649],[10071, 21565],[10069, 21531],[10073, 21521],[10076, 21516],[10120, 21451],[10144, 21422],[10172, 21386],[10225, 21326],[10315, 21228],[10389, 21152],[10458, 21078],[10483, 21054],[10507, 21030],[10533, 21000],[10560, 20968],[10628, 20907],[10675, 20868],[10680, 20864],[10717, 20829],[10730, 20816],[10747, 20804],[10752, 20800],[10780, 20779],[10828, 20739],[10855, 20714],[10967, 20601],[11023, 20553],[11079, 20502],[11088, 20496],[11094, 20493],[11151, 20450],[11162, 20440],[11176, 20430],[11232, 20389],[11267, 20360],[11273, 20354],[11276, 20352],[11291, 20343],[11326, 20319],[11327, 20319],[11360, 20290],[11381, 20270],[11423, 20235],[11466, 20209],[11471, 20206],[11518, 20173],[11541, 20154],[11581, 20134],[11645, 20100],[11670, 20090],[11698, 20084],[11775, 20057],[11784, 20053],[11835, 20029],[11863, 20015],[11887, 20002],[11899, 19996],[11946, 19977],[11969, 19967],[11990, 19957],[12023, 19939],[12050, 19928],[12110, 19902],[12164, 19878],[12201, 19861],[12232, 19848],[12253, 19838],[12316, 19808],[12348, 19792],[12366, 19783],[12375, 19780],[12415, 19762],[12449, 19745],[12482, 19730],[12500, 19723],[12555, 19700],[12690, 19648],[12702, 19645],[12724, 19638],[12780, 19616],[12801, 19606],[12833, 19591],[12886, 19564],[12922, 19546],[12953, 19531],[12992, 19511],[13004, 19507],[13032, 19494],[13050, 19486],[13065, 19479],[13120, 19463],[13130, 19461],[13200, 19450],[13245, 19445],[13531, 19445],[13539, 19446],[13547, 19447],[13636, 19450],[13733, 19442],[13757, 19440],[13769, 19438],[14040, 19437],[14089, 19433],[14120, 19429],[14181, 19429],[14204, 19431],[14218, 19433],[14281, 19442],[14356, 19449],[14468, 19471],[14509, 19481],[14514, 19483],[14570, 19499],[14580, 19501],[14589, 19503],[14610, 19508],[14635, 19514],[14672, 19522],[14679, 19524],[14739, 19545],[14770, 19554],[14831, 19568],[14857, 19571],[14864, 19573],[14890, 19582],[14901, 19588],[14944, 19607],[14979, 19620],[15003, 19628],[15021, 19634],[15034, 19640],[15063, 19660],[15111, 19689],[15138, 19703],[15158, 19712],[15185, 19726],[15212, 19740],[15226, 19746],[15245, 19754],[15274, 19765],[15314, 19779],[15327, 19783],[15342, 19789],[15381, 19803],[15420, 19814],[15480, 19832],[15514, 19845],[15527, 19851],[15562, 19870],[15602, 19889],[15663, 19915],[15668, 19923],[15675, 19940],[15691, 19976],[15727, 20041],[15774, 20097],[15831, 20144],[15895, 20180],[15965, 20203],[16038, 20213],[16112, 20210],[16153, 20204],[16154, 20204],[16163, 20205],[16210, 20216],[16275, 20226],[16342, 20225],[16375, 20221],[16381, 20222],[16381, 20223],[16382, 20223],[16384, 20227],[16391, 20253],[16398, 20278],[16432, 20376],[16442, 20402],[16449, 20420],[16459, 20453],[16466, 20480],[16512, 20480],[16512, 20544],[16576, 20544],[16576, 20864],[16640, 20864],[16640, 20928],[16704, 20928],[16704, 20992],[16768, 20992],[16768, 21056],[16894, 21056],[16895, 21039],[16895, 21037],[16872, 21020],[16808, 20984],[16788, 20971],[16772, 20959],[16759, 20949],[16740, 20931],[16715, 20905],[16693, 20877],[16676, 20846],[16665, 20812],[16661, 20777],[16662, 20741],[16668, 20694],[16669, 20489],[16666, 20454],[16652, 20400],[16638, 20352],[16627, 20325],[16622, 20311],[16588, 20213],[16585, 20201],[16573, 20157],[16554, 20118],[16530, 20085],[16520, 20075],[16486, 20050],[16450, 20033],[16407, 20022],[16375, 20019],[16368, 20020],[16326, 20025],[16291, 20026],[16256, 20021],[16194, 20006],[16160, 20003],[16137, 20004],[16084, 20011],[16048, 20013],[16011, 20008],[15976, 19996],[15944, 19978],[15916, 19955],[15892, 19926],[15874, 19894],[15861, 19866],[15849, 19834],[15827, 19798],[15804, 19770],[15799, 19765],[15761, 19737],[15720, 19718],[15696, 19710],[15659, 19694],[15619, 19673],[15593, 19660],[15544, 19642],[15477, 19622],[15436, 19610],[15417, 19603],[15394, 19594],[15374, 19588],[15347, 19578],[15318, 19567],[15308, 19563],[15294, 19556],[15280, 19550],[15248, 19532],[15244, 19531],[15229, 19524],[15202, 19510],[15178, 19495],[15136, 19466],[15094, 19446],[15062, 19436],[15050, 19432],[15014, 19419],[14993, 19409],[14969, 19397],[14921, 19381],[14896, 19374],[14859, 19369],[14828, 19362],[14805, 19355],[14743, 19334],[14724, 19327],[14674, 19317],[14662, 19314],[14634, 19307],[14618, 19304],[14611, 19302],[14583, 19294],[14566, 19288],[14505, 19274],[14428, 19256],[14411, 19254],[14393, 19251],[14386, 19250],[14300, 19242],[14254, 19236],[14230, 19232],[14189, 19228],[14107, 19229],[14064, 19234],[14039, 19236],[13755, 19238],[13730, 19241],[13718, 19242],[13620, 19250],[13576, 19248],[13561, 19246],[13539, 19244],[13232, 19244],[13172, 19252],[13100, 19263],[13082, 19266],[13069, 19269],[12997, 19290],[12967, 19303],[12946, 19313],[12931, 19319],[12911, 19327],[12862, 19352],[12833, 19366],[12796, 19385],[12742, 19412],[12716, 19425],[12694, 19435],[12666, 19446],[12646, 19452],[12536, 19487],[12494, 19508],[12483, 19513],[12424, 19537],[12402, 19546],[12361, 19565],[12326, 19583],[12305, 19591],[12284, 19599],[12255, 19614],[12229, 19627],[12165, 19658],[12155, 19662],[12118, 19678],[12084, 19694],[12030, 19718],[11970, 19744],[11957, 19749],[11942, 19754],[11895, 19780],[11882, 19786],[11871, 19791],[11820, 19812],[11796, 19823],[11765, 19840],[11751, 19847],[11700, 19871],[11690, 19875],[11652, 19888],[11611, 19898],[11562, 19917],[11487, 19956],[11443, 19978],[11423, 19991],[11390, 20018],[11367, 20034],[11362, 20037],[11311, 20068],[11298, 20077],[11271, 20098],[11251, 20117],[11222, 20145],[11205, 20159],[11188, 20171],[11164, 20185],[11144, 20200],[11131, 20212],[11113, 20227],[11057, 20268],[11035, 20285],[11017, 20301],[10989, 20322],[10978, 20329],[10952, 20347],[10919, 20374],[10897, 20396],[10887, 20405],[10830, 20455],[10713, 20573],[10699, 20585],[10651, 20625],[10637, 20636],[10632, 20639],[10602, 20660],[10593, 20668],[10571, 20691],[10553, 20709],[10547, 20713],[10497, 20755],[10417, 20827],[10414, 20830],[10379, 20872],[10357, 20897],[10345, 20909],[10315, 20937],[10248, 21010],[10244, 21014],[10231, 21027],[10190, 21065],[10182, 21075],[10172, 21087],[10076, 21192],[10018, 21257],[9989, 21295],[9959, 21330],[9903, 21412],[9888, 21442],[9874, 21484],[9870, 21501],[9868, 21530],[9871, 21576],[9869, 21618],[9858, 21659],[9839, 21696],[9812, 21729],[9646, 21895],[9611, 21937],[9581, 21971],[9506, 22074],[9470, 22119],[9448, 22147],[9420, 22183],[9400, 22217],[9364, 22290],[9349, 22329],[9338, 22364],[9329, 22407],[9304, 22521],[9301, 22544],[9295, 22574],[9284, 22603],[9268, 22637],[9258, 22662],[9246, 22701],[9231, 22747],[9215, 22809],[9208, 22854],[9202, 22884],[9196, 22908],[9192, 22938],[9189, 22954],[9187, 22966],[9183, 23034],[9181, 23053],[9173, 23099],[9171, 23113],[9166, 23171],[9158, 23233],[9151, 23265],[9150, 23271],[9141, 23316],[9137, 23342],[9133, 23359],[9114, 23428],[9110, 23452],[9098, 23493],[9065, 23574],[9059, 23596],[9055, 23608],[9042, 23642],[9036, 23657],[9019, 23714],[9011, 23736],[9007, 23745],[9001, 23759],[8991, 23793],[8987, 23814],[8982, 23839],[8975, 23863],[8973, 23870],[8969, 23905],[8970, 23964],[8977, 24010],[8991, 24049],[9012, 24086],[9027, 24121],[9036, 24159],[9037, 24187],[9054, 24179],[9093, 24169],[9133, 24167]]],[[[11721, 26830],[11731, 26836],[11763, 26856],[11776, 26868],[11776, 26816],[11686, 26816],[11695, 26819],[11721, 26830]]],[[[11801, 26893],[11811, 26903],[11840, 26924],[11840, 26880],[11789, 26880],[11790, 26882],[11801, 26893]]],[[[11895, 26964],[11912, 26974],[11952, 26997],[11965, 27004],[11968, 27005],[11968, 26944],[11865, 26944],[11870, 26948],[11895, 26964]]],[[[12063, 27056],[12078, 27062],[12106, 27071],[12126, 27079],[12132, 27081],[12201, 27111],[12232, 27124],[12256, 27135],[12285, 27145],[12334, 27169],[12351, 27181],[12352, 27181],[12352, 27136],[12288, 27136],[12288, 27072],[12224, 27072],[12224, 27008],[11973, 27008],[12034, 27041],[12063, 27056]]],[[[12415, 27209],[12416, 27206],[12416, 27200],[12391, 27200],[12413, 27208],[12415, 27209]]],[[[12682, 27072],[12782, 27072],[12928, 27072],[12928, 27133],[12932, 27136],[12992, 27136],[12992, 27197],[12993, 27199],[12995, 27200],[13056, 27200],[13056, 27261],[13057, 27263],[13059, 27263],[13062, 27264],[13184, 27264],[13184, 27323],[13186, 27324],[13199, 27327],[13241, 27328],[13247, 27327],[13248, 27325],[13248, 27264],[13309, 27264],[13311, 27263],[13312, 27254],[13312, 27168],[13312, 26944],[13632, 26944],[13632, 27006],[13635, 27007],[13642, 27008],[13750, 27008],[13759, 27007],[13760, 27005],[13760, 26944],[13821, 26944],[13824, 26942],[13824, 26653],[13771, 26686],[13710, 26743],[13670, 26801],[13646, 26790],[13572, 26772],[13496, 26767],[13420, 26778],[13347, 26803],[13281, 26841],[13223, 26891],[13175, 26951],[13140, 27019],[13131, 27051],[13077, 26996],[13037, 26963],[12980, 26924],[12917, 26895],[12851, 26877],[12782, 26871],[12707, 26871],[12679, 26866],[12602, 26860],[12544, 26867],[12544, 27008],[12672, 27008],[12672, 27071],[12682, 27072]]],[[[14090, 26816],[14262, 26816],[14271, 26815],[14272, 26813],[14272, 26752],[14333, 26752],[14336, 26750],[14336, 26624],[14528, 26624],[14528, 26687],[14539, 26688],[14582, 26688],[14590, 26687],[14592, 26686],[14592, 26624],[14656, 26624],[14656, 26560],[14720, 26560],[14720, 26624],[14738, 26624],[14966, 26624],[14975, 26623],[14976, 26614],[14976, 26578],[14976, 26432],[15039, 26432],[15040, 26431],[15040, 26368],[15186, 26368],[15222, 26368],[15230, 26367],[15232, 26366],[15232, 26304],[15355, 26304],[15359, 26303],[15360, 26301],[15360, 26112],[15424, 26112],[15424, 26176],[15547, 26176],[15606, 26176],[15615, 26175],[15616, 26173],[15616, 26112],[15677, 26112],[15679, 26111],[15680, 26109],[15680, 26048],[15741, 26048],[15743, 26046],[15744, 26044],[15744, 25920],[15807, 25920],[15808, 25919],[15808, 25856],[15932, 25856],[15935, 25855],[15936, 25851],[15936, 25728],[15998, 25728],[16000, 25725],[16000, 25477],[15984, 25483],[15920, 25524],[15865, 25575],[15835, 25609],[15795, 25662],[15777, 25697],[15729, 25724],[15672, 25771],[15659, 25784],[15612, 25841],[15575, 25906],[15564, 25941],[15540, 25965],[15527, 25976],[15456, 25986],[15383, 26010],[15316, 26048],[15257, 26098],[15232, 26130],[15225, 26132],[15167, 26163],[15158, 26169],[15095, 26178],[15024, 26201],[14959, 26238],[14902, 26285],[14893, 26294],[14846, 26351],[14809, 26416],[14807, 26422],[14733, 26423],[14663, 26431],[14595, 26450],[14532, 26481],[14525, 26485],[14449, 26484],[14368, 26500],[14292, 26532],[14225, 26579],[14185, 26614],[14113, 26615],[14086, 26610],[14003, 26604],[13920, 26615],[13894, 26624],[14080, 26624],[14080, 26688],[14016, 26688],[14016, 26752],[14080, 26752],[14080, 26815],[14090, 26816]]],[[[16261, 25664],[16384, 25664],[16384, 25726],[16386, 25727],[16394, 25728],[16502, 25728],[16510, 25727],[16512, 25726],[16512, 25664],[16658, 25664],[16694, 25664],[16703, 25663],[16704, 25661],[16704, 25600],[16764, 25600],[16768, 25597],[16768, 25536],[16891, 25536],[16895, 25535],[16896, 25533],[16896, 25472],[16957, 25472],[16959, 25471],[16960, 25462],[16960, 25234],[16960, 25088],[17023, 25088],[17024, 25087],[17024, 25024],[17147, 25024],[17151, 25023],[17152, 25021],[17152, 24960],[17214, 24960],[17216, 24958],[17216, 24832],[17344, 24832],[17344, 24768],[17472, 24768],[17472, 24832],[17600, 24832],[17600, 24896],[17536, 24896],[17536, 25022],[17537, 25023],[17546, 25024],[17654, 25024],[17662, 25023],[17664, 25022],[17664, 24960],[17787, 24960],[17789, 24960],[17792, 24957],[17792, 24896],[17856, 24896],[17856, 24832],[17984, 24832],[17984, 24895],[17995, 24896],[18166, 24896],[18175, 24895],[18176, 24894],[18176, 24768],[18302, 24768],[18304, 24765],[18304, 24704],[18365, 24704],[18367, 24703],[18368, 24694],[18368, 24650],[18367, 24642],[18365, 24640],[18304, 24640],[18304, 24576],[18176, 24576],[18176, 24512],[18240, 24512],[18240, 24448],[18303, 24448],[18304, 24437],[18304, 24274],[18304, 24128],[18366, 24128],[18367, 24126],[18368, 24118],[18368, 24010],[18367, 24000],[18304, 24000],[18304, 23936],[18367, 23936],[18368, 23926],[18368, 23698],[18368, 23552],[18429, 23552],[18432, 23548],[18432, 23488],[18493, 23488],[18495, 23487],[18496, 23483],[18496, 23360],[18558, 23360],[18559, 23358],[18560, 23355],[18560, 23232],[18622, 23232],[18623, 23230],[18624, 23222],[18624, 23114],[18623, 23106],[18622, 23104],[18560, 23104],[18560, 22958],[18560, 22922],[18559, 22913],[18557, 22912],[18496, 22912],[18496, 22851],[18495, 22849],[18486, 22848],[18376, 22848],[18112, 22848],[18112, 22912],[18075, 22912],[18077, 22915],[18139, 22971],[18212, 23014],[18292, 23040],[18370, 23048],[18370, 23051],[18395, 23123],[18420, 23167],[18410, 23182],[18376, 23258],[18374, 23269],[18355, 23295],[18324, 23353],[18316, 23380],[18292, 23403],[18259, 23443],[18210, 23519],[18179, 23604],[18167, 23693],[18164, 23963],[18164, 24063],[18161, 24067],[18130, 24129],[18111, 24196],[18103, 24265],[18099, 24481],[18104, 24557],[18124, 24630],[18127, 24637],[18082, 24674],[18066, 24694],[18003, 24695],[17987, 24693],[17913, 24692],[17839, 24704],[17769, 24730],[17706, 24768],[17693, 24777],[17657, 24788],[17620, 24808],[17569, 24767],[17496, 24731],[17417, 24709],[17335, 24705],[17255, 24717],[17178, 24745],[17109, 24788],[17077, 24812],[17045, 24844],[17008, 24856],[16942, 24894],[16884, 24943],[16873, 24955],[16824, 25015],[16789, 25083],[16767, 25157],[16759, 25234],[16759, 25367],[16736, 25376],[16658, 25427],[16616, 25462],[16610, 25468],[16565, 25474],[16493, 25499],[16449, 25524],[16430, 25512],[16349, 25478],[16278, 25457],[16204, 25442],[16192, 25442],[16192, 25600],[16256, 25600],[16256, 25663],[16261, 25664]]],[[[18048, 22656],[18048, 22592],[18175, 22592],[18176, 22582],[18176, 22528],[18048, 22528],[17866, 22528],[17857, 22529],[17856, 22538],[17856, 22646],[17857, 22656],[17920, 22656],[17920, 22848],[17856, 22848],[17856, 22912],[17730, 22912],[17729, 22912],[17728, 22915],[17728, 23040],[17550, 23040],[17537, 23041],[17536, 23050],[17536, 23415],[17536, 23424],[17600, 23424],[17600, 23552],[17664, 23552],[17664, 23616],[17335, 23616],[17290, 23616],[17280, 23617],[17280, 23808],[17152, 23808],[17152, 23744],[17088, 23744],[17088, 23617],[17078, 23616],[16914, 23616],[16768, 23616],[16768, 23555],[16764, 23552],[16704, 23552],[16704, 23491],[16703, 23489],[16701, 23488],[16640, 23488],[16640, 23427],[16639, 23425],[16637, 23424],[16576, 23424],[16576, 23362],[16574, 23360],[16512, 23360],[16512, 23296],[16448, 23296],[16448, 23168],[16512, 23168],[16512, 23104],[16574, 23104],[16576, 23102],[16576, 23040],[16637, 23040],[16639, 23039],[16640, 23030],[16640, 22994],[16640, 22848],[16702, 22848],[16703, 22846],[16704, 22838],[16704, 22793],[16704, 22656],[16640, 22656],[16640, 22720],[16511, 22720],[16504, 22776],[16504, 22778],[16496, 22789],[16465, 22854],[16446, 22923],[16443, 22950],[16424, 22970],[16408, 22992],[16369, 23054],[16343, 23123],[16330, 23195],[16330, 23269],[16343, 23341],[16369, 23410],[16408, 23472],[16424, 23494],[16492, 23564],[16493, 23564],[16500, 23571],[16557, 23628],[16619, 23692],[16659, 23725],[16734, 23774],[16818, 23805],[16907, 23817],[17053, 23819],[17111, 23836],[17184, 23842],[17257, 23836],[17321, 23818],[17352, 23816],[17427, 23806],[17499, 23782],[17566, 23744],[17624, 23695],[17671, 23635],[17707, 23568],[17729, 23495],[17737, 23419],[17739, 23188],[17798, 23148],[17855, 23090],[17870, 23066],[17901, 23048],[17958, 22999],[18004, 22940],[18039, 22873],[18041, 22866],[18048, 22875],[18048, 22784],[18112, 22784],[18112, 22720],[18176, 22720],[18176, 22666],[18175, 22656],[18048, 22656]]],[[[18542, 22400],[18688, 22400],[18688, 22461],[18692, 22464],[18752, 22464],[18752, 22525],[18753, 22527],[18762, 22528],[18870, 22528],[18880, 22527],[18880, 22464],[18944, 22464],[18944, 22526],[18994, 22528],[19136, 22528],[19136, 22589],[19140, 22592],[19200, 22592],[19200, 22653],[19201, 22655],[19203, 22656],[19264, 22656],[19264, 22716],[19267, 22720],[19328, 22720],[19328, 22866],[19328, 23030],[19329, 23038],[19330, 23040],[19392, 23040],[19392, 23163],[19393, 23166],[19394, 23168],[19456, 23168],[19456, 23291],[19457, 23295],[19461, 23296],[19584, 23296],[19584, 23358],[19586, 23359],[19594, 23360],[19830, 23360],[19839, 23359],[19840, 23357],[19840, 23296],[19901, 23296],[19903, 23295],[19904, 23291],[19904, 23168],[19966, 23168],[19967, 23166],[19968, 23158],[19968, 23008],[19968, 22720],[19904, 22720],[19904, 22709],[19882, 22727],[19835, 22786],[19799, 22853],[19776, 22925],[19767, 23001],[19766, 23099],[19763, 23103],[19734, 23158],[19652, 23157],[19649, 23155],[19615, 23137],[19584, 23083],[19576, 23072],[19564, 23033],[19533, 22975],[19531, 22971],[19529, 22859],[19517, 22770],[19486, 22686],[19437, 22611],[19404, 22571],[19344, 22512],[19285, 22452],[19245, 22419],[19172, 22371],[19092, 22340],[19006, 22328],[18928, 22325],[18904, 22324],[18839, 22326],[18837, 22324],[18797, 22291],[18740, 22252],[18677, 22223],[18611, 22205],[18542, 22199],[18464, 22199],[18439, 22196],[18429, 22195],[18416, 22147],[18384, 22083],[18351, 22038],[18350, 22037],[18308, 21966],[18253, 21905],[18187, 21857],[18112, 21824],[18032, 21806],[17950, 21805],[17911, 21812],[17891, 21813],[17888, 21809],[17822, 21757],[17747, 21721],[17728, 21716],[17728, 21888],[17792, 21888],[17792, 22014],[17793, 22015],[17802, 22016],[17910, 22016],[17920, 22015],[17920, 21952],[18112, 21952],[18112, 22016],[18176, 22016],[18176, 22141],[18178, 22144],[18240, 22144],[18240, 22263],[18242, 22272],[18304, 22272],[18304, 22336],[18432, 22336],[18432, 22399],[18442, 22400],[18542, 22400]]],[[[20293, 22848],[20416, 22848],[20416, 22910],[20418, 22911],[20426, 22912],[20471, 22912],[20544, 22912],[20544, 22848],[20608, 22848],[20608, 22912],[20672, 22912],[20672, 23113],[20672, 23158],[20673, 23167],[20682, 23168],[20741, 23168],[20928, 23168],[20928, 23293],[20929, 23295],[20931, 23296],[20992, 23296],[20992, 23357],[20993, 23359],[21002, 23360],[21038, 23360],[21184, 23360],[21184, 23423],[21185, 23424],[21248, 23424],[21248, 23547],[21249, 23551],[21251, 23552],[21312, 23552],[21312, 23613],[21313, 23615],[21317, 23616],[21440, 23616],[21440, 23678],[21442, 23679],[21450, 23680],[22134, 23680],[22142, 23679],[22144, 23678],[22144, 23616],[22267, 23616],[22271, 23615],[22272, 23613],[22272, 23552],[22333, 23552],[22335, 23551],[22336, 23549],[22336, 23424],[22400, 23424],[22400, 23360],[22464, 23360],[22464, 23424],[22523, 23424],[22582, 23424],[22590, 23423],[22592, 23422],[22592, 23360],[22656, 23360],[22656, 23296],[22720, 23296],[22720, 23360],[22724, 23360],[22735, 23359],[22745, 23355],[22760, 23348],[22784, 23335],[22784, 23333],[22784, 23232],[22847, 23232],[22848, 23227],[22848, 23104],[22911, 23104],[22912, 23103],[22912, 22976],[22976, 22976],[22976, 23040],[23058, 23040],[23094, 23040],[23102, 23039],[23104, 23038],[23104, 22976],[23227, 22976],[23231, 22975],[23232, 22973],[23232, 22912],[23293, 22912],[23295, 22911],[23296, 22902],[23296, 22724],[23296, 22720],[23232, 22720],[23232, 22848],[23168, 22848],[23168, 22784],[23095, 22784],[23095, 22805],[23039, 22835],[23030, 22841],[22968, 22850],[22899, 22872],[22835, 22907],[22779, 22953],[22767, 22964],[22721, 23017],[22685, 23077],[22661, 23142],[22638, 23173],[22614, 23179],[22540, 23211],[22524, 23223],[22508, 23224],[22432, 23234],[22359, 23258],[22292, 23296],[22233, 23346],[22186, 23407],[22171, 23430],[22165, 23436],[22126, 23449],[22074, 23479],[21507, 23476],[21505, 23475],[21447, 23444],[21426, 23437],[21416, 23408],[21378, 23342],[21329, 23284],[21317, 23273],[21257, 23224],[21189, 23189],[21115, 23167],[21087, 23164],[21080, 23157],[21052, 23115],[20992, 23055],[20920, 23009],[20849, 22983],[20839, 22952],[20803, 22886],[20755, 22829],[20698, 22781],[20632, 22745],[20562, 22722],[20488, 22712],[20481, 22707],[20423, 22676],[20360, 22656],[20357, 22655],[20303, 22630],[20230, 22612],[20224, 22611],[20224, 22656],[20160, 22656],[20160, 22720],[20224, 22720],[20224, 22784],[20288, 22784],[20288, 22846],[20291, 22848],[20293, 22848]]],[[[23460, 22511],[23463, 22497],[23466, 22480],[23469, 22461],[23471, 22397],[23473, 22376],[23477, 22349],[23482, 22308],[23487, 22279],[23488, 22277],[23488, 22272],[23489, 22272],[23494, 22257],[23496, 22242],[23499, 22225],[23503, 22210],[23505, 22198],[23506, 22168],[23507, 22157],[23508, 22143],[23511, 22116],[23511, 21905],[23510, 21886],[23499, 21836],[23495, 21821],[23473, 21770],[23470, 21760],[23458, 21727],[23443, 21677],[23437, 21660],[23434, 21646],[23418, 21596],[23415, 21587],[23403, 21544],[23391, 21512],[23379, 21479],[23372, 21463],[23363, 21441],[23355, 21420],[23344, 21389],[23337, 21374],[23330, 21358],[23326, 21347],[23317, 21320],[23314, 21312],[23296, 21312],[23296, 21263],[23293, 21251],[23291, 21244],[23285, 21225],[23278, 21210],[23272, 21194],[23261, 21167],[23253, 21146],[23250, 21135],[23243, 21115],[23237, 21092],[23234, 21081],[23229, 21061],[23222, 21038],[23210, 21002],[23205, 20987],[23202, 20976],[23195, 20951],[23192, 20936],[23190, 20929],[23184, 20908],[23161, 20847],[23150, 20820],[23142, 20799],[23109, 20735],[23097, 20715],[23081, 20693],[23073, 20683],[23064, 20668],[23046, 20633],[23032, 20596],[23028, 20587],[23020, 20563],[23014, 20543],[23003, 20516],[22991, 20495],[22979, 20478],[22961, 20451],[22929, 20413],[22919, 20403],[22901, 20390],[22890, 20382],[22841, 20360],[22826, 20352],[22811, 20343],[22796, 20334],[22778, 20322],[22766, 20313],[22755, 20304],[22733, 20291],[22684, 20273],[22656, 20264],[22625, 20257],[22591, 20248],[22578, 20244],[22569, 20240],[22537, 20231],[22504, 20219],[22495, 20217],[22484, 20214],[22433, 20197],[22416, 20190],[22360, 20169],[22344, 20164],[22325, 20157],[22302, 20148],[22286, 20143],[22251, 20138],[22152, 20137],[22127, 20139],[22100, 20143],[22072, 20150],[22041, 20162],[22027, 20167],[22014, 20171],[21949, 20189],[21878, 20206],[21868, 20208],[21857, 20210],[21839, 20214],[21834, 20215],[21794, 20224],[21780, 20228],[21749, 20237],[21730, 20243],[21689, 20263],[21651, 20285],[21638, 20294],[21616, 20312],[21573, 20357],[21536, 20394],[21521, 20409],[21507, 20428],[21499, 20438],[21473, 20468],[21465, 20477],[21417, 20527],[21345, 20606],[21315, 20634],[21279, 20655],[21240, 20668],[21199, 20673],[21164, 20673],[21133, 20678],[21109, 20687],[21092, 20697],[21070, 20718],[21058, 20734],[21046, 20761],[21041, 20775],[21035, 20814],[21035, 20821],[21029, 20863],[21015, 20902],[20993, 20937],[20964, 20967],[20929, 20991],[20900, 21006],[20873, 21018],[20806, 21042],[20773, 21051],[20751, 21055],[20735, 21058],[20673, 21067],[20640, 21069],[20606, 21066],[20580, 21061],[20550, 21053],[20537, 21048],[20517, 21040],[20487, 21025],[20473, 21016],[20442, 20992],[20415, 20962],[20389, 20925],[20386, 20921],[20366, 20905],[20353, 20896],[20333, 20884],[20311, 20870],[20286, 20851],[20270, 20840],[20251, 20831],[20229, 20822],[20196, 20818],[20152, 20817],[20129, 20819],[20102, 20823],[20074, 20831],[20045, 20840],[20011, 20852],[19978, 20861],[19951, 20866],[19934, 20872],[19823, 20930],[19788, 20944],[19750, 20952],[19712, 20952],[19674, 20945],[19638, 20930],[19606, 20910],[19578, 20883],[19556, 20852],[19540, 20817],[19532, 20779],[19530, 20741],[19531, 20726],[19531, 20725],[19526, 20692],[19517, 20668],[19507, 20651],[19484, 20626],[19472, 20618],[19455, 20607],[19438, 20598],[19421, 20587],[19409, 20579],[19383, 20558],[19347, 20523],[19322, 20506],[19307, 20498],[19275, 20486],[19243, 20472],[19221, 20465],[19205, 20462],[19183, 20456],[19159, 20449],[19140, 20444],[19126, 20441],[19112, 20436],[19075, 20431],[19000, 20430],[18966, 20427],[18933, 20418],[18902, 20404],[18889, 20396],[18862, 20386],[18831, 20381],[18814, 20381],[18793, 20383],[18781, 20385],[18754, 20391],[18732, 20397],[18710, 20406],[18702, 20410],[18641, 20450],[18605, 20469],[18565, 20481],[18524, 20484],[18483, 20478],[18444, 20464],[18409, 20443],[18379, 20414],[18355, 20381],[18339, 20343],[18332, 20308],[18325, 20265],[18316, 20241],[18303, 20220],[18291, 20205],[18287, 20202],[18264, 20185],[18237, 20173],[18213, 20165],[18200, 20162],[18169, 20158],[18127, 20157],[18106, 20158],[18077, 20164],[18063, 20168],[18029, 20181],[18010, 20189],[17989, 20200],[17941, 20231],[17928, 20240],[17917, 20251],[17902, 20266],[17884, 20291],[17872, 20315],[17862, 20342],[17861, 20346],[17850, 20383],[17832, 20418],[17808, 20448],[17729, 20529],[17718, 20543],[17700, 20570],[17679, 20608],[17668, 20625],[17658, 20638],[17648, 20651],[17637, 20670],[17633, 20681],[17630, 20689],[17623, 20733],[17615, 20768],[17600, 20801],[17580, 20831],[17563, 20851],[17552, 20869],[17532, 20911],[17509, 20949],[17478, 20980],[17442, 21004],[17426, 21013],[17407, 21026],[17386, 21048],[17376, 21065],[17368, 21087],[17360, 21139],[17351, 21179],[17348, 21184],[17472, 21184],[17472, 21312],[17508, 21312],[17540, 21247],[17559, 21167],[17559, 21166],[17607, 21134],[17668, 21071],[17713, 20997],[17727, 20968],[17735, 20958],[17775, 20899],[17805, 20833],[17822, 20763],[17824, 20752],[17832, 20740],[17854, 20705],[17871, 20675],[17880, 20661],[17881, 20661],[17951, 20588],[18009, 20514],[18047, 20428],[18058, 20394],[18091, 20373],[18093, 20372],[18125, 20359],[18132, 20358],[18138, 20358],[18147, 20402],[18180, 20478],[18227, 20546],[18287, 20602],[18358, 20645],[18436, 20673],[18517, 20684],[18600, 20678],[18679, 20656],[18752, 20617],[18799, 20586],[18800, 20586],[18814, 20583],[18865, 20607],[18931, 20624],[18998, 20631],[19059, 20631],[19067, 20632],[19067, 20633],[19094, 20640],[19106, 20643],[19139, 20652],[19181, 20664],[19203, 20673],[19219, 20679],[19244, 20703],[19296, 20745],[19309, 20753],[19331, 20767],[19333, 20807],[19351, 20882],[19382, 20951],[19427, 21014],[19482, 21067],[19547, 21109],[19618, 21137],[19693, 21151],[19770, 21151],[19845, 21136],[19916, 21108],[20007, 21060],[20015, 21059],[20081, 21040],[20108, 21030],[20129, 21024],[20146, 21019],[20153, 21018],[20157, 21018],[20175, 21018],[20189, 21029],[20232, 21058],[20241, 21063],[20252, 21078],[20304, 21138],[20367, 21187],[20381, 21195],[20441, 21226],[20461, 21234],[20483, 21242],[20544, 21258],[20570, 21263],[20636, 21270],[20702, 21265],[20764, 21256],[20786, 21253],[20808, 21249],[20874, 21231],[20942, 21207],[20994, 21183],[21024, 21168],[21093, 21121],[21151, 21061],[21195, 20990],[21224, 20911],[21229, 20870],[21284, 20864],[21362, 20838],[21434, 20796],[21495, 20741],[21564, 20664],[21609, 20617],[21625, 20599],[21651, 20569],[21667, 20549],[21674, 20540],[21679, 20535],[21718, 20496],[21753, 20459],[21759, 20454],[21783, 20440],[21805, 20430],[21810, 20428],[21833, 20421],[21841, 20419],[21879, 20411],[21886, 20409],[21898, 20406],[21903, 20405],[21923, 20401],[22003, 20382],[22068, 20364],[22085, 20359],[22113, 20350],[22134, 20341],[22141, 20339],[22149, 20338],[22158, 20338],[22235, 20338],[22238, 20339],[22248, 20343],[22287, 20356],[22296, 20359],[22343, 20378],[22370, 20387],[22420, 20404],[22443, 20411],[22446, 20411],[22474, 20421],[22507, 20431],[22513, 20433],[22539, 20441],[22579, 20452],[22601, 20457],[22619, 20463],[22643, 20472],[22664, 20487],[22683, 20500],[22712, 20518],[22727, 20527],[22756, 20542],[22787, 20556],[22800, 20571],[22813, 20591],[22820, 20601],[22823, 20606],[22825, 20612],[22828, 20620],[22839, 20653],[22845, 20669],[22859, 20706],[22895, 20776],[22905, 20791],[22919, 20812],[22930, 20827],[22934, 20834],[22959, 20882],[22974, 20919],[22994, 20973],[22996, 20980],[23002, 21004],[23008, 21028],[23011, 21037],[23020, 21068],[23032, 21102],[23036, 21114],[23038, 21126],[23044, 21147],[23051, 21171],[23058, 21195],[23065, 21215],[23074, 21240],[23085, 21268],[23094, 21290],[23096, 21295],[23098, 21300],[23099, 21305],[23106, 21329],[23130, 21393],[23136, 21410],[23144, 21432],[23154, 21455],[23158, 21464],[23166, 21489],[23177, 21516],[23189, 21544],[23193, 21555],[23203, 21581],[23212, 21604],[23221, 21639],[23227, 21658],[23241, 21703],[23246, 21719],[23251, 21736],[23266, 21786],[23281, 21828],[23288, 21847],[23305, 21887],[23310, 21913],[23310, 22107],[23309, 22125],[23307, 22137],[23306, 22160],[23305, 22175],[23304, 22178],[23298, 22210],[23297, 22214],[23294, 22226],[23283, 22283],[23278, 22323],[23274, 22349],[23271, 22390],[23270, 22395],[23228, 22426],[23172, 22489],[23130, 22561],[23120, 22592],[23232, 22592],[23232, 22464],[23296, 22464],[23296, 22528],[23451, 22528],[23453, 22527],[23460, 22511]]],[[[17088, 21376],[17024, 21376],[17024, 21440],[16859, 21440],[16869, 21448],[16938, 21483],[17011, 21505],[17088, 21513],[17162, 21513],[17243, 21504],[17321, 21480],[17393, 21439],[17408, 21426],[17408, 21376],[17280, 21376],[17280, 21312],[17162, 21312],[17088, 21312],[17088, 21376]]],[[[16959, 22591],[16960, 22589],[16960, 22528],[17020, 22528],[17024, 22525],[17024, 22464],[17147, 22464],[17151, 22463],[17152, 22461],[17152, 22400],[17213, 22400],[17215, 22399],[17216, 22390],[17216, 22290],[17216, 22272],[17152, 22272],[17152, 22208],[17216, 22208],[17216, 22144],[17279, 22144],[17280, 22143],[17280, 22080],[17403, 22080],[17407, 22079],[17408, 22075],[17408, 21952],[17472, 21952],[17472, 21888],[17536, 21888],[17536, 21760],[17472, 21760],[17472, 21723],[17424, 21742],[17354, 21788],[17352, 21790],[17291, 21852],[17248, 21922],[17198, 21950],[17140, 21999],[17129, 22011],[17080, 22071],[17045, 22139],[17023, 22213],[17015, 22290],[17015, 22295],[16992, 22304],[16914, 22355],[16872, 22390],[16868, 22394],[16814, 22402],[16744, 22425],[16704, 22447],[16704, 22528],[16768, 22528],[16768, 22592],[16905, 22592],[16950, 22592],[16959, 22591]]],[[[16463, 20716],[16460, 20787],[16470, 20857],[16492, 20925],[16525, 20987],[16570, 21043],[16576, 21050],[16576, 20928],[16512, 20928],[16512, 20672],[16468, 20672],[16467, 20680],[16463, 20716]]],[[[16704, 21223],[16704, 21184],[16695, 21184],[16697, 21202],[16704, 21223]]],[[[16759, 21342],[16768, 21352],[16768, 21248],[16712, 21248],[16721, 21275],[16759, 21342]]],[[[23104, 22656],[23104, 22642],[23103, 22656],[23104, 22656]]],[[[12032, 26816],[12040, 26816],[12032, 26811],[12032, 26816]]],[[[6638, 27255],[6641, 27281],[6645, 27303],[6655, 27340],[6661, 27365],[6663, 27384],[6665, 27404],[6668, 27472],[6673, 27504],[6681, 27528],[6687, 27542],[6695, 27561],[6701, 27574],[6707, 27587],[6716, 27600],[6721, 27607],[6728, 27617],[6735, 27627],[6746, 27638],[6753, 27645],[6761, 27650],[6767, 27655],[6806, 27673],[6846, 27698],[6879, 27732],[6894, 27751],[6906, 27768],[6913, 27780],[6934, 27814],[6954, 27840],[6961, 27848],[6970, 27858],[7003, 27890],[7022, 27906],[7048, 27923],[7064, 27932],[7097, 27945],[7107, 27949],[7131, 27960],[7180, 27981],[7212, 27992],[7228, 27996],[7254, 28005],[7284, 28011],[7296, 28013],[7366, 28031],[7371, 28032],[7382, 28036],[7390, 28038],[7402, 28043],[7465, 28068],[7480, 28073],[7517, 28084],[7551, 28095],[7558, 28096],[7571, 28101],[7611, 28115],[7623, 28118],[7653, 28123],[7675, 28124],[7694, 28127],[7719, 28131],[7733, 28134],[7844, 28141],[7856, 28142],[7909, 28147],[8060, 28146],[8072, 28144],[8109, 28140],[8168, 28127],[8189, 28124],[8224, 28121],[8239, 28120],[8309, 28118],[8350, 28115],[8377, 28113],[8411, 28107],[8426, 28102],[8473, 28093],[8488, 28092],[8536, 28086],[8569, 28079],[8645, 28066],[8655, 28064],[8670, 28062],[8706, 28054],[8740, 28049],[8775, 28050],[8809, 28057],[8818, 28059],[8842, 28064],[8880, 28073],[8903, 28078],[8941, 28090],[8950, 28094],[8959, 28098],[8977, 28107],[8996, 28118],[9017, 28126],[9070, 28138],[9109, 28142],[9194, 28141],[9219, 28136],[9244, 28127],[9269, 28114],[9293, 28100],[9307, 28090],[9327, 28073],[9337, 28063],[9362, 28029],[9378, 28007],[9389, 27993],[9416, 27962],[9423, 27954],[9447, 27929],[9472, 27905],[9501, 27882],[9533, 27865],[9568, 27853],[9604, 27849],[9640, 27851],[9676, 27859],[9701, 27868],[9731, 27875],[9752, 27877],[9755, 27876],[9783, 27871],[9806, 27863],[9824, 27852],[9846, 27832],[9858, 27815],[9868, 27793],[9874, 27766],[9874, 27747],[9870, 27724],[9862, 27701],[9848, 27678],[9837, 27664],[9835, 27663],[9786, 27630],[9775, 27622],[9747, 27601],[9733, 27589],[9674, 27535],[9657, 27519],[9619, 27489],[9589, 27468],[9569, 27452],[9552, 27438],[9527, 27414],[9501, 27395],[9485, 27387],[9472, 27381],[9453, 27375],[9417, 27359],[9385, 27336],[9358, 27307],[9337, 27274],[9321, 27241],[9308, 27219],[9270, 27164],[9250, 27129],[9238, 27090],[9233, 27050],[9238, 27009],[9250, 26970],[9270, 26934],[9293, 26901],[9303, 26879],[9309, 26852],[9309, 26833],[9305, 26810],[9297, 26787],[9286, 26769],[9266, 26747],[9249, 26735],[9223, 26724],[9199, 26716],[9165, 26706],[9158, 26704],[9125, 26692],[9096, 26674],[9069, 26652],[9059, 26642],[9035, 26614],[9017, 26581],[9006, 26546],[9000, 26510],[9002, 26473],[9010, 26437],[9015, 26422],[9024, 26388],[9026, 26366],[9025, 26337],[9013, 26280],[9010, 26222],[9011, 26213],[9012, 26202],[9015, 26177],[9016, 26163],[9015, 26063],[9010, 26038],[9000, 26010],[8993, 25991],[8985, 25976],[8965, 25946],[8947, 25913],[8935, 25878],[8930, 25841],[8932, 25804],[8941, 25767],[8957, 25734],[8978, 25703],[9019, 25655],[9030, 25644],[9053, 25620],[9069, 25603],[9078, 25591],[9093, 25572],[9102, 25557],[9107, 25548],[9125, 25521],[9137, 25497],[9148, 25461],[9153, 25445],[9162, 25417],[9171, 25361],[9172, 25352],[9173, 25323],[9184, 25268],[9186, 25263],[9190, 25251],[9204, 25218],[9224, 25150],[9236, 25118],[9256, 25064],[9263, 25049],[9269, 25037],[9279, 25009],[9279, 25005],[9282, 24985],[9282, 24918],[9279, 24885],[9277, 24874],[9275, 24855],[9273, 24845],[9267, 24828],[9250, 24789],[9243, 24775],[9223, 24742],[9205, 24719],[9198, 24710],[9190, 24699],[9179, 24686],[9160, 24668],[9140, 24648],[9131, 24638],[9096, 24604],[9086, 24594],[9078, 24585],[9057, 24565],[9010, 24533],[8979, 24508],[8954, 24477],[8936, 24441],[8925, 24402],[8923, 24365],[8906, 24373],[8868, 24383],[8830, 24385],[8791, 24380],[8755, 24368],[8728, 24356],[8710, 24349],[8695, 24345],[8656, 24328],[8640, 24319],[8614, 24310],[8588, 24305],[8562, 24304],[8544, 24306],[8536, 24308],[8521, 24313],[8503, 24321],[8481, 24336],[8438, 24357],[8391, 24368],[8355, 24372],[8321, 24377],[8293, 24383],[8280, 24387],[8263, 24394],[8245, 24403],[8222, 24416],[8193, 24437],[8182, 24445],[8169, 24456],[8153, 24473],[8140, 24489],[8123, 24517],[8114, 24537],[8106, 24560],[8101, 24584],[8096, 24628],[8088, 24660],[8083, 24677],[8072, 24743],[8062, 24785],[8055, 24812],[8050, 24824],[8034, 24858],[8012, 24888],[7985, 24913],[7953, 24933],[7919, 24947],[7882, 24954],[7845, 24955],[7831, 24953],[7796, 24953],[7773, 24955],[7749, 24961],[7729, 24970],[7689, 25000],[7661, 25022],[7654, 25029],[7641, 25038],[7627, 25048],[7591, 25071],[7550, 25097],[7507, 25116],[7489, 25122],[7416, 25155],[7393, 25164],[7360, 25178],[7342, 25184],[7284, 25204],[7272, 25208],[7252, 25213],[7243, 25216],[7229, 25220],[7220, 25222],[7195, 25230],[7161, 25246],[7136, 25258],[7109, 25277],[7088, 25297],[7082, 25304],[7070, 25319],[7052, 25342],[7020, 25384],[7010, 25401],[6991, 25438],[6972, 25496],[6954, 25535],[6928, 25570],[6895, 25598],[6878, 25610],[6859, 25623],[6848, 25630],[6820, 25646],[6798, 25663],[6772, 25688],[6747, 25717],[6738, 25729],[6714, 25773],[6705, 25794],[6696, 25821],[6686, 25860],[6679, 25889],[6677, 25915],[6673, 25941],[6672, 26009],[6671, 26027],[6667, 26059],[6671, 26206],[6672, 26219],[6676, 26267],[6679, 26298],[6682, 26312],[6691, 26352],[6699, 26392],[6701, 26403],[6703, 26420],[6705, 26444],[6706, 26457],[6704, 26487],[6703, 26493],[6702, 26532],[6700, 26550],[6698, 26569],[6697, 26592],[6695, 26608],[6693, 26628],[6692, 26647],[6690, 26665],[6686, 26692],[6682, 26718],[6676, 26768],[6672, 26804],[6672, 26847],[6667, 26891],[6663, 26909],[6659, 26925],[6653, 26945],[6647, 26971],[6645, 26988],[6644, 26997],[6643, 27008],[6648, 27053],[6648, 27098],[6646, 27119],[6644, 27136],[6643, 27154],[6642, 27167],[6639, 27184],[6638, 27255]],[[6848, 27120],[6848, 27031],[6845, 27006],[6847, 26995],[6851, 26984],[6859, 26953],[6863, 26935],[6872, 26869],[6877, 26780],[6881, 26744],[6885, 26720],[6888, 26694],[6892, 26659],[6893, 26646],[6894, 26633],[6897, 26601],[6898, 26587],[6899, 26575],[6902, 26540],[6904, 26492],[6906, 26452],[6906, 26439],[6902, 26392],[6900, 26375],[6895, 26351],[6887, 26312],[6878, 26269],[6878, 26268],[6873, 26212],[6868, 26066],[6870, 26050],[6873, 26013],[6874, 25956],[6876, 25936],[6878, 25921],[6881, 25906],[6888, 25877],[6892, 25866],[6894, 25862],[6906, 25839],[6918, 25825],[6928, 25816],[6931, 25813],[6949, 25803],[6970, 25790],[6989, 25777],[7008, 25764],[7074, 25708],[7127, 25638],[7163, 25559],[7178, 25514],[7185, 25498],[7186, 25498],[7210, 25465],[7227, 25444],[7234, 25436],[7236, 25433],[7240, 25431],[7249, 25426],[7268, 25417],[7273, 25415],[7275, 25415],[7302, 25408],[7308, 25406],[7325, 25401],[7348, 25394],[7406, 25374],[7436, 25364],[7469, 25350],[7498, 25338],[7561, 25310],[7568, 25307],[7654, 25268],[7696, 25243],[7738, 25215],[7756, 25203],[7781, 25184],[7789, 25178],[7812, 25158],[7818, 25154],[7822, 25154],[7828, 25155],[7903, 25154],[7976, 25139],[8045, 25112],[8108, 25072],[8162, 25021],[8206, 24961],[8238, 24894],[8243, 24882],[8259, 24828],[8269, 24778],[8279, 24724],[8280, 24719],[8295, 24654],[8299, 24618],[8300, 24613],[8301, 24610],[8302, 24609],[8304, 24605],[8307, 24602],[8308, 24601],[8310, 24600],[8330, 24586],[8343, 24578],[8347, 24576],[8357, 24574],[8380, 24571],[8413, 24567],[8506, 24546],[8576, 24511],[8636, 24536],[8647, 24540],[8654, 24542],[8673, 24551],[8746, 24576],[8783, 24581],[8786, 24586],[8836, 24648],[8897, 24699],[8931, 24722],[8935, 24726],[8939, 24731],[8956, 24748],[8988, 24778],[8993, 24785],[9022, 24813],[9033, 24825],[9034, 24825],[9070, 24879],[9078, 24896],[9078, 24900],[9080, 24908],[9081, 24926],[9081, 24964],[9069, 24992],[9048, 25046],[9033, 25092],[9015, 25151],[9005, 25175],[8996, 25197],[8994, 25202],[8973, 25313],[8972, 25333],[8966, 25371],[8962, 25382],[8956, 25403],[8949, 25424],[8942, 25434],[8915, 25474],[8909, 25481],[8887, 25502],[8866, 25525],[8826, 25573],[8783, 25634],[8752, 25702],[8734, 25774],[8730, 25849],[8740, 25922],[8763, 25993],[8799, 26059],[8811, 26077],[8813, 26081],[8814, 26085],[8815, 26158],[8813, 26175],[8811, 26196],[8810, 26206],[8817, 26320],[8824, 26358],[8822, 26366],[8820, 26373],[8803, 26445],[8800, 26519],[8810, 26593],[8834, 26663],[8870, 26727],[8917, 26784],[8928, 26794],[8980, 26838],[9040, 26873],[9069, 26884],[9065, 26891],[9041, 26969],[9033, 27050],[9041, 27131],[9066, 27208],[9105, 27280],[9139, 27328],[9145, 27337],[9157, 27363],[9199, 27430],[9253, 27487],[9317, 27533],[9389, 27565],[9398, 27568],[9399, 27569],[9412, 27582],[9447, 27611],[9472, 27630],[9499, 27650],[9513, 27661],[9454, 27680],[9390, 27715],[9333, 27760],[9308, 27785],[9279, 27814],[9264, 27831],[9237, 27861],[9215, 27890],[9199, 27911],[9185, 27930],[9184, 27931],[9171, 27939],[9168, 27940],[9119, 27941],[9103, 27939],[9079, 27934],[9076, 27932],[9040, 27915],[9032, 27911],[9021, 27906],[8946, 27882],[8923, 27877],[8885, 27868],[8868, 27865],[8866, 27864],[8798, 27850],[8728, 27848],[8659, 27859],[8634, 27865],[8630, 27865],[8610, 27868],[8534, 27882],[8504, 27887],[8468, 27892],[8458, 27893],[8364, 27911],[8362, 27912],[8353, 27913],[8333, 27915],[8298, 27918],[8235, 27919],[8204, 27921],[8169, 27924],[8127, 27931],[8077, 27942],[8067, 27943],[7915, 27946],[7874, 27942],[7857, 27941],[7757, 27934],[7753, 27934],[7730, 27929],[7690, 27924],[7677, 27923],[7667, 27922],[7638, 27912],[7611, 27903],[7608, 27902],[7578, 27893],[7540, 27882],[7536, 27880],[7477, 27857],[7454, 27848],[7446, 27846],[7423, 27839],[7415, 27837],[7345, 27819],[7322, 27814],[7305, 27810],[7290, 27805],[7270, 27800],[7251, 27793],[7213, 27777],[7191, 27767],[7171, 27758],[7150, 27750],[7142, 27744],[7137, 27740],[7114, 27718],[7112, 27716],[7111, 27715],[7100, 27700],[7084, 27675],[7069, 27652],[7058, 27635],[7039, 27610],[6972, 27542],[6891, 27491],[6882, 27487],[6881, 27485],[6878, 27480],[6872, 27466],[6870, 27461],[6869, 27456],[6868, 27451],[6866, 27396],[6862, 27355],[6859, 27337],[6849, 27286],[6840, 27255],[6839, 27251],[6839, 27248],[6840, 27198],[6841, 27192],[6843, 27167],[6844, 27156],[6846, 27141],[6848, 27120]]]]},"properties":{"objectType":"annotation","name":"B15XO_C1 Inner Rim 100 µm","color":[200, 100, 100],"classification":{"name":"Inner Rim","color":[5, 170, 172]}}},{"type":"Feature","id":"f8c25cb6-d81d-45f0-aa4c-2199ca07d1a9","geometry":{"type":"MultiPolygon","coordinates":[[[[23408, 35926],[23408, 35927],[23410, 35935],[23423, 35961],[23435, 35995],[23441, 36028],[23444, 36039],[23446, 36043],[23455, 36055],[23476, 36099],[23478, 36103],[23480, 36107],[23494, 36131],[23518, 36150],[23526, 36154],[23568, 36165],[23593, 36170],[23612, 36172],[23651, 36170],[23655, 36169],[23671, 36158],[23682, 36141],[23682, 36139],[23683, 36121],[23683, 36120],[23681, 36111],[23671, 36097],[23655, 36082],[23638, 36069],[23612, 36047],[23604, 36040],[23575, 36007],[23566, 35994],[23556, 35982],[23549, 35972],[23545, 35967],[23535, 35951],[23512, 35918],[23505, 35908],[23503, 35905],[23495, 35895],[23493, 35892],[23472, 35879],[23464, 35877],[23446, 35876],[23445, 35876],[23436, 35878],[23431, 35880],[23422, 35887],[23413, 35898],[23410, 35905],[23409, 35910],[23408, 35926]]],[[[22568, 37046],[22571, 37053],[22577, 37067],[22588, 37087],[22602, 37118],[22606, 37133],[22614, 37151],[22616, 37153],[22627, 37168],[22629, 37171],[22640, 37182],[22654, 37193],[22659, 37195],[22666, 37198],[22671, 37200],[22723, 37202],[22730, 37201],[22744, 37198],[22758, 37193],[22777, 37187],[22806, 37175],[22830, 37165],[22851, 37156],[22873, 37142],[22881, 37137],[22895, 37128],[22902, 37122],[22919, 37106],[22930, 37093],[22943, 37077],[22956, 37060],[22958, 37056],[22971, 37036],[22972, 37034],[22981, 37003],[22988, 36979],[22990, 36972],[23000, 36933],[23004, 36917],[23006, 36902],[23005, 36879],[23003, 36872],[23000, 36866],[22990, 36854],[22968, 36841],[22966, 36840],[22948, 36835],[22928, 36833],[22900, 36833],[22871, 36837],[22870, 36838],[22866, 36839],[22830, 36850],[22793, 36853],[22786, 36853],[22738, 36847],[22693, 36830],[22684, 36825],[22677, 36822],[22675, 36822],[22656, 36821],[22655, 36821],[22646, 36823],[22641, 36825],[22616, 36845],[22589, 36861],[22569, 36874],[22562, 36880],[22559, 36884],[22555, 36891],[22551, 36902],[22550, 36904],[22549, 36911],[22547, 36935],[22548, 36961],[22562, 37026],[22565, 37037],[22568, 37046]]],[[[16094, 38459],[16098, 38499],[16099, 38500],[16101, 38508],[16112, 38538],[16121, 38562],[16122, 38562],[16128, 38577],[16145, 38609],[16161, 38639],[16166, 38651],[16169, 38656],[16183, 38700],[16188, 38727],[16195, 38751],[16200, 38762],[16201, 38766],[16216, 38788],[16226, 38797],[16250, 38825],[16268, 38856],[16280, 38889],[16288, 38919],[16296, 38946],[16301, 38964],[16304, 38975],[16308, 38988],[16319, 39018],[16321, 39022],[16330, 39038],[16345, 39054],[16357, 39063],[16384, 39086],[16407, 39113],[16425, 39144],[16429, 39152],[16437, 39166],[16442, 39175],[16444, 39178],[16462, 39226],[16462, 39227],[16465, 39241],[16465, 39244],[16472, 39282],[16474, 39304],[16476, 39337],[16479, 39354],[16481, 39361],[16485, 39373],[16488, 39378],[16489, 39380],[16498, 39393],[16516, 39411],[16522, 39416],[16545, 39431],[16557, 39435],[16578, 39441],[16605, 39449],[16616, 39453],[16636, 39461],[16652, 39467],[16656, 39469],[16672, 39475],[16685, 39479],[16694, 39481],[16703, 39482],[16812, 39483],[16831, 39482],[16892, 39480],[16907, 39478],[16940, 39475],[16950, 39475],[17028, 39472],[17110, 39470],[17170, 39468],[17204, 39465],[17242, 39463],[17256, 39461],[17268, 39459],[17284, 39455],[17312, 39451],[17338, 39446],[17351, 39443],[17362, 39439],[17389, 39428],[17407, 39420],[17425, 39408],[17428, 39406],[17438, 39399],[17445, 39392],[17456, 39381],[17462, 39372],[17469, 39363],[17470, 39362],[17486, 39339],[17495, 39326],[17536, 39274],[17547, 39261],[17571, 39236],[17576, 39231],[17580, 39224],[17590, 39209],[17594, 39204],[17603, 39184],[17608, 39175],[17610, 39170],[17617, 39159],[17632, 39136],[17648, 39113],[17667, 39085],[17695, 39053],[17697, 39051],[17720, 39032],[17752, 39010],[17761, 39004],[17789, 38987],[17823, 38968],[17836, 38961],[17876, 38937],[17886, 38929],[17906, 38913],[17923, 38900],[17963, 38867],[17983, 38848],[17996, 38837],[18007, 38829],[18025, 38812],[18043, 38796],[18060, 38780],[18082, 38761],[18090, 38756],[18116, 38738],[18128, 38729],[18137, 38721],[18140, 38718],[18159, 38701],[18172, 38691],[18189, 38675],[18202, 38664],[18224, 38647],[18236, 38634],[18242, 38624],[18245, 38618],[18247, 38607],[18246, 38597],[18244, 38586],[18243, 38583],[18231, 38567],[18216, 38557],[18212, 38555],[18196, 38552],[18195, 38552],[18159, 38561],[18134, 38565],[18114, 38567],[18082, 38569],[18036, 38575],[18010, 38579],[17986, 38581],[17968, 38585],[17933, 38590],[17896, 38589],[17872, 38586],[17857, 38583],[17837, 38579],[17821, 38575],[17803, 38570],[17785, 38563],[17746, 38547],[17681, 38518],[17666, 38511],[17617, 38485],[17595, 38472],[17567, 38459],[17547, 38451],[17532, 38447],[17523, 38445],[17507, 38443],[17497, 38441],[17490, 38440],[17454, 38436],[17395, 38427],[17352, 38418],[17332, 38414],[17322, 38412],[17306, 38408],[17282, 38404],[17264, 38401],[17235, 38395],[17222, 38394],[17208, 38392],[17117, 38377],[17105, 38375],[17091, 38374],[17070, 38374],[17032, 38379],[17024, 38380],[17023, 38381],[16998, 38390],[16976, 38405],[16970, 38411],[16941, 38435],[16907, 38452],[16871, 38463],[16833, 38467],[16795, 38464],[16758, 38454],[16724, 38437],[16717, 38433],[16696, 38422],[16657, 38405],[16638, 38395],[16621, 38386],[16602, 38375],[16593, 38371],[16576, 38368],[16575, 38368],[16570, 38369],[16554, 38372],[16540, 38377],[16524, 38386],[16510, 38393],[16498, 38398],[16455, 38413],[16454, 38413],[16443, 38415],[16438, 38415],[16404, 38418],[16366, 38417],[16308, 38415],[16271, 38411],[16235, 38399],[16201, 38380],[16172, 38356],[16171, 38355],[16163, 38348],[16154, 38340],[16151, 38339],[16145, 38336],[16135, 38334],[16129, 38333],[16119, 38334],[16110, 38336],[16105, 38338],[16099, 38341],[16099, 38342],[16092, 38347],[16086, 38354],[16084, 38356],[16082, 38360],[16079, 38366],[16077, 38376],[16077, 38379],[16077, 38388],[16078, 38394],[16087, 38425],[16094, 38459]],[[16474, 38613],[16494, 38609],[16495, 38609],[16569, 38585],[16576, 38588],[16610, 38603],[16618, 38607],[16686, 38641],[16759, 38662],[16835, 38668],[16911, 38660],[16983, 38638],[17051, 38602],[17085, 38575],[17086, 38575],[17175, 38590],[17198, 38593],[17204, 38594],[17226, 38598],[17250, 38602],[17265, 38605],[17272, 38607],[17293, 38611],[17313, 38615],[17365, 38625],[17424, 38634],[17459, 38638],[17479, 38641],[17481, 38642],[17506, 38652],[17521, 38661],[17570, 38687],[17600, 38702],[17665, 38731],[17709, 38749],[17746, 38762],[17764, 38767],[17766, 38768],[17762, 38771],[17761, 38772],[17736, 38787],[17725, 38792],[17684, 38816],[17655, 38834],[17637, 38845],[17606, 38867],[17559, 38905],[17557, 38907],[17502, 38972],[17484, 38998],[17464, 39027],[17449, 39050],[17437, 39069],[17432, 39079],[17422, 39097],[17418, 39106],[17401, 39124],[17379, 39150],[17338, 39202],[17319, 39227],[17308, 39244],[17307, 39245],[17293, 39250],[17292, 39251],[17277, 39253],[17253, 39257],[17227, 39262],[17222, 39263],[17186, 39265],[17158, 39268],[17104, 39269],[17023, 39271],[16943, 39274],[16922, 39275],[16890, 39278],[16879, 39279],[16823, 39281],[16808, 39282],[16728, 39282],[16707, 39273],[16687, 39265],[16671, 39260],[16670, 39248],[16663, 39211],[16663, 39208],[16657, 39180],[16657, 39179],[16621, 39083],[16618, 39079],[16610, 39065],[16601, 39049],[16572, 38998],[16526, 38944],[16497, 38919],[16488, 38885],[16481, 38863],[16474, 38838],[16450, 38770],[16413, 38708],[16381, 38671],[16380, 38663],[16366, 38618],[16401, 38618],[16468, 38614],[16474, 38613]]],[[[1509, 40360],[1511, 40366],[1517, 40378],[1522, 40384],[1536, 40384],[1536, 40404],[1555, 40430],[1576, 40443],[1585, 40447],[1612, 40448],[1614, 40448],[1624, 40445],[1642, 40437],[1647, 40434],[1664, 40422],[1664, 40384],[1746, 40384],[1754, 40382],[1758, 40381],[1775, 40377],[1784, 40373],[1791, 40371],[1803, 40365],[1810, 40361],[1825, 40351],[1829, 40349],[1853, 40331],[1883, 40307],[1894, 40299],[1929, 40278],[1968, 40264],[1972, 40263],[2007, 40258],[2042, 40259],[2077, 40266],[2110, 40280],[2114, 40282],[2140, 40298],[2159, 40311],[2184, 40333],[2186, 40334],[2197, 40347],[2202, 40353],[2208, 40360],[2221, 40378],[2231, 40394],[2238, 40404],[2255, 40424],[2268, 40437],[2328, 40483],[2395, 40537],[2423, 40561],[2439, 40575],[2449, 40584],[2461, 40592],[2470, 40599],[2493, 40611],[2534, 40634],[2553, 40645],[2563, 40651],[2582, 40664],[2591, 40669],[2606, 40678],[2631, 40697],[2659, 40723],[2666, 40729],[2690, 40744],[2695, 40746],[2717, 40750],[2738, 40750],[2748, 40749],[2767, 40746],[2774, 40744],[2787, 40739],[2789, 40738],[2823, 40719],[2861, 40707],[2900, 40703],[2939, 40706],[2977, 40717],[3012, 40736],[3043, 40761],[3068, 40791],[3076, 40802],[3082, 40812],[3085, 40817],[3094, 40832],[3107, 40847],[3111, 40852],[3130, 40869],[3150, 40880],[3156, 40883],[3182, 40893],[3212, 40908],[3222, 40915],[3241, 40928],[3248, 40933],[3265, 40948],[3279, 40962],[3286, 40968],[3315, 40988],[3319, 40991],[3355, 41015],[3391, 41036],[3394, 41038],[3404, 41043],[3414, 41046],[3443, 41058],[3471, 41071],[3503, 41086],[3523, 41096],[3551, 41112],[3559, 41117],[3578, 41129],[3600, 41139],[3612, 41142],[3623, 41146],[3625, 41146],[3636, 41150],[3644, 41154],[3661, 41160],[3676, 41166],[3715, 41175],[3743, 41180],[3782, 41185],[3803, 41188],[3804, 41189],[3839, 41200],[3871, 41218],[3899, 41241],[3923, 41270],[3939, 41293],[3959, 41316],[3972, 41329],[3996, 41346],[4011, 41356],[4038, 41370],[4068, 41382],[4110, 41401],[4205, 41445],[4238, 41463],[4260, 41479],[4304, 41503],[4316, 41510],[4436, 41586],[4463, 41607],[4486, 41631],[4500, 41649],[4514, 41669],[4521, 41681],[4535, 41705],[4571, 41750],[4605, 41792],[4627, 41823],[4632, 41833],[4645, 41855],[4674, 41893],[4686, 41911],[4698, 41930],[4734, 41983],[4754, 42009],[4771, 42028],[4804, 42055],[4839, 42086],[4876, 42122],[4899, 42140],[4934, 42162],[4948, 42171],[4967, 42186],[5009, 42219],[5030, 42239],[5126, 42343],[5138, 42357],[5154, 42378],[5187, 42415],[5198, 42430],[5267, 42524],[5310, 42573],[5337, 42614],[5348, 42636],[5352, 42646],[5357, 42656],[5373, 42695],[5406, 42751],[5426, 42788],[5448, 42819],[5524, 42911],[5580, 42977],[5607, 43002],[5650, 43033],[5696, 43067],[5723, 43083],[5756, 43098],[5769, 43105],[5799, 43122],[5831, 43137],[5853, 43149],[5879, 43166],[5955, 43206],[6035, 43245],[6072, 43268],[6091, 43284],[6109, 43296],[6137, 43317],[6141, 43320],[6174, 43361],[6192, 43389],[6213, 43425],[6257, 43501],[6268, 43523],[6281, 43555],[6295, 43580],[6316, 43610],[6321, 43618],[6346, 43658],[6388, 43704],[6421, 43736],[6432, 43747],[6442, 43759],[6453, 43769],[6500, 43805],[6532, 43822],[6594, 43857],[6610, 43864],[6651, 43876],[6695, 43887],[6711, 43891],[6742, 43902],[6837, 43923],[6851, 43926],[6895, 43930],[6929, 43935],[6984, 43940],[7032, 43940],[7056, 43941],[7114, 43948],[7130, 43951],[7159, 43957],[7189, 43960],[7204, 43962],[7218, 43964],[7229, 43966],[7312, 43985],[7343, 43994],[7366, 44003],[7406, 44015],[7478, 44032],[7505, 44037],[7517, 44041],[7560, 44053],[7579, 44057],[7672, 44078],[7704, 44085],[7728, 44088],[7744, 44090],[7769, 44095],[7820, 44099],[7905, 44099],[7929, 44100],[7999, 44109],[8017, 44111],[8062, 44118],[8083, 44119],[8110, 44122],[8150, 44128],[8177, 44129],[8197, 44131],[8316, 44149],[8362, 44158],[8383, 44163],[8405, 44170],[8453, 44179],[8460, 44180],[8515, 44189],[8540, 44195],[8624, 44221],[8655, 44231],[8709, 44249],[8741, 44261],[8766, 44271],[8798, 44282],[8845, 44292],[8856, 44294],[8871, 44298],[8922, 44311],[8946, 44316],[8959, 44319],[8977, 44324],[9029, 44340],[9047, 44344],[9084, 44348],[9100, 44350],[9142, 44359],[9158, 44365],[9176, 44372],[9219, 44392],[9287, 44415],[9393, 44449],[9408, 44454],[9422, 44460],[9455, 44471],[9469, 44474],[9485, 44478],[9517, 44488],[9536, 44495],[9555, 44503],[9562, 44506],[9601, 44520],[9625, 44527],[9688, 44544],[9746, 44554],[9768, 44556],[9796, 44561],[9875, 44581],[9932, 44594],[9953, 44600],[9977, 44608],[10017, 44619],[10047, 44628],[10102, 44637],[10164, 44649],[10177, 44652],[10231, 44667],[10273, 44679],[10291, 44683],[10338, 44687],[10379, 44696],[10428, 44711],[10456, 44718],[10555, 44748],[10631, 44773],[10678, 44785],[10711, 44796],[10742, 44810],[10778, 44821],[10794, 44827],[10824, 44840],[10860, 44851],[10941, 44867],[10984, 44874],[11002, 44878],[11022, 44884],[11037, 44888],[11075, 44902],[11103, 44909],[11121, 44913],[11155, 44916],[11187, 44916],[11202, 44916],[11225, 44918],[11292, 44928],[11364, 44937],[11373, 44938],[11419, 44945],[11440, 44946],[11466, 44950],[11491, 44955],[11589, 44966],[11608, 44969],[11619, 44971],[11641, 44974],[11671, 44976],[11845, 44974],[11970, 44961],[11984, 44959],[11997, 44956],[12053, 44947],[12113, 44927],[12177, 44908],[12181, 44907],[12290, 44876],[12328, 44864],[12359, 44852],[12381, 44841],[12406, 44827],[12420, 44818],[12444, 44797],[12470, 44769],[12485, 44755],[12521, 44722],[12540, 44708],[12586, 44676],[12611, 44651],[12620, 44640],[12647, 44604],[12674, 44561],[12682, 44548],[12698, 44526],[12735, 44465],[12748, 44445],[12765, 44424],[12784, 44391],[12796, 44365],[12803, 44351],[12809, 44340],[12824, 44308],[12841, 44258],[12848, 44241],[12865, 44204],[12878, 44157],[12883, 44122],[12890, 44081],[12891, 44009],[12893, 43986],[12901, 43923],[12910, 43886],[12926, 43850],[12949, 43819],[12977, 43792],[13056, 43730],[13076, 43716],[13084, 43710],[13097, 43701],[13139, 43676],[13175, 43654],[13203, 43632],[13219, 43621],[13274, 43585],[13298, 43572],[13322, 43561],[13371, 43538],[13401, 43526],[13441, 43510],[13505, 43477],[13522, 43466],[13546, 43447],[13582, 43412],[13589, 43404],[13610, 43377],[13632, 43342],[13638, 43332],[13661, 43300],[13670, 43284],[13695, 43247],[13697, 43245],[13722, 43209],[13760, 43146],[13798, 43086],[13821, 43042],[13850, 42975],[13872, 42920],[13905, 42844],[13920, 42812],[13933, 42770],[13943, 42746],[13971, 42686],[13978, 42663],[13982, 42646],[13986, 42597],[13985, 42550],[13981, 42503],[13972, 42414],[13968, 42392],[13966, 42375],[13965, 42366],[13958, 42324],[13957, 42304],[13956, 42284],[13948, 42219],[13946, 42194],[13946, 42160],[13948, 42134],[13951, 42105],[13961, 42024],[13966, 41998],[13978, 41953],[13981, 41934],[13987, 41882],[13995, 41830],[13996, 41815],[13997, 41801],[14001, 41775],[14006, 41720],[14006, 41603],[14008, 41575],[14016, 41519],[14023, 41489],[14027, 41474],[14039, 41412],[14047, 41353],[14049, 41340],[14058, 41296],[14064, 41273],[14090, 41194],[14095, 41179],[14121, 41116],[14129, 41100],[14143, 41073],[14149, 41057],[14163, 41014],[14169, 40997],[14208, 40903],[14233, 40829],[14245, 40801],[14259, 40775],[14278, 40744],[14300, 40716],[14313, 40695],[14340, 40639],[14345, 40628],[14366, 40591],[14379, 40570],[14392, 40552],[14399, 40539],[14417, 40515],[14432, 40497],[14455, 40462],[14466, 40446],[14488, 40418],[14499, 40401],[14513, 40373],[14520, 40359],[14526, 40347],[14567, 40267],[14572, 40257],[14583, 40236],[14635, 40150],[14643, 40136],[14655, 40115],[14722, 40018],[14733, 40004],[14799, 39924],[14815, 39903],[14838, 39868],[14845, 39857],[14903, 39776],[14945, 39723],[14970, 39683],[15006, 39631],[15027, 39594],[15053, 39522],[15063, 39492],[15072, 39439],[15074, 39429],[15078, 39411],[15082, 39372],[15082, 39209],[15073, 39117],[15072, 39100],[15072, 39067],[15069, 39033],[15064, 39008],[15062, 38989],[15061, 38983],[15049, 38915],[15043, 38868],[15037, 38814],[15030, 38775],[15028, 38763],[15023, 38716],[15019, 38674],[15015, 38656],[15012, 38630],[15010, 38598],[15008, 38578],[15000, 38546],[14992, 38522],[14987, 38504],[14985, 38496],[14982, 38476],[14976, 38425],[14976, 38379],[14981, 38331],[14982, 38201],[14978, 38152],[14974, 38136],[14954, 38072],[14950, 38061],[14941, 38043],[14929, 38016],[14908, 37954],[14862, 37853],[14819, 37767],[14769, 37679],[14730, 37615],[14692, 37550],[14687, 37541],[14661, 37510],[14613, 37463],[14552, 37409],[14499, 37359],[14442, 37313],[14421, 37294],[14393, 37264],[14299, 37188],[14219, 37133],[14192, 37111],[14023, 36944],[13997, 36912],[13978, 36875],[13967, 36835],[13964, 36794],[13970, 36753],[13984, 36714],[14012, 36655],[14033, 36596],[14037, 36585],[14050, 36555],[14058, 36528],[14062, 36511],[14066, 36463],[14066, 36457],[14063, 36423],[14060, 36406],[14051, 36376],[14044, 36359],[14031, 36334],[14021, 36318],[14003, 36296],[13994, 36288],[13952, 36288],[13952, 36254],[13938, 36241],[13914, 36215],[13895, 36185],[13882, 36153],[13874, 36118],[13872, 36097],[13870, 36096],[13760, 36096],[13760, 36035],[13756, 36032],[13696, 36032],[13696, 35971],[13695, 35969],[13686, 35968],[13586, 35968],[13440, 35968],[13440, 35906],[13439, 35905],[13430, 35904],[13386, 35904],[13377, 35905],[13376, 35907],[13376, 35968],[13315, 35968],[13314, 35968],[13312, 36005],[13312, 36288],[13376, 36288],[13376, 36299],[13401, 36277],[13449, 36217],[13482, 36153],[13515, 36162],[13586, 36169],[13607, 36169],[13649, 36205],[13703, 36243],[13717, 36278],[13755, 36337],[13803, 36389],[13829, 36413],[13846, 36428],[13859, 36439],[13861, 36443],[13864, 36452],[13865, 36461],[13864, 36471],[13858, 36494],[13853, 36506],[13844, 36529],[13827, 36577],[13803, 36627],[13775, 36704],[13763, 36786],[13769, 36869],[13791, 36949],[13829, 37022],[13882, 37086],[14050, 37253],[14106, 37299],[14179, 37349],[14257, 37411],[14275, 37431],[14317, 37470],[14367, 37510],[14419, 37559],[14476, 37610],[14513, 37647],[14524, 37659],[14559, 37719],[14596, 37781],[14641, 37861],[14681, 37940],[14722, 38029],[14739, 38081],[14758, 38125],[14766, 38143],[14770, 38155],[14780, 38192],[14781, 38209],[14780, 38320],[14776, 38356],[14777, 38448],[14783, 38499],[14789, 38539],[14791, 38548],[14801, 38583],[14807, 38601],[14810, 38616],[14811, 38617],[14812, 38641],[14818, 38694],[14820, 38702],[14823, 38740],[14829, 38786],[14833, 38811],[14838, 38843],[14844, 38890],[14852, 38949],[14862, 39010],[14867, 39045],[14870, 39060],[14871, 39076],[14871, 39102],[14873, 39137],[14881, 39218],[14881, 39362],[14879, 39380],[14878, 39385],[14874, 39405],[14868, 39444],[14864, 39457],[14844, 39510],[14836, 39525],[14805, 39569],[14781, 39607],[14741, 39659],[14683, 39739],[14668, 39761],[14651, 39787],[14643, 39798],[14578, 39876],[14557, 39904],[14490, 40001],[14465, 40042],[14460, 40051],[14411, 40132],[14389, 40174],[14387, 40179],[14348, 40253],[14336, 40278],[14332, 40287],[14325, 40300],[14324, 40302],[14308, 40323],[14286, 40353],[14271, 40377],[14264, 40385],[14228, 40435],[14224, 40441],[14216, 40453],[14190, 40494],[14170, 40531],[14158, 40553],[14137, 40599],[14135, 40601],[14120, 40621],[14081, 40682],[14067, 40708],[14043, 40765],[14020, 40832],[13984, 40920],[13971, 40955],[13961, 40989],[13951, 41006],[13936, 41038],[13910, 41101],[13899, 41131],[13873, 41211],[13861, 41256],[13852, 41300],[13848, 41326],[13840, 41381],[13832, 41427],[13830, 41431],[13817, 41491],[13809, 41546],[13806, 41591],[13800, 41762],[13799, 41771],[13796, 41799],[13795, 41807],[13787, 41860],[13783, 41905],[13782, 41909],[13772, 41948],[13762, 41999],[13752, 42080],[13749, 42109],[13745, 42160],[13745, 42194],[13748, 42244],[13756, 42301],[13756, 42314],[13760, 42353],[13765, 42390],[13766, 42394],[13770, 42427],[13773, 42442],[13781, 42523],[13785, 42561],[13785, 42590],[13784, 42606],[13780, 42621],[13762, 42660],[13742, 42709],[13732, 42740],[13722, 42763],[13688, 42839],[13664, 42898],[13639, 42956],[13624, 42985],[13588, 43042],[13553, 43100],[13527, 43137],[13508, 43163],[13464, 43232],[13445, 43263],[13437, 43273],[13413, 43296],[13405, 43303],[13357, 43327],[13326, 43340],[13289, 43356],[13239, 43378],[13213, 43390],[13165, 43417],[13110, 43452],[13078, 43475],[13059, 43489],[13035, 43505],[12994, 43529],[12967, 43547],[12957, 43554],[12933, 43572],[12854, 43634],[12798, 43687],[12753, 43750],[12720, 43821],[12703, 43896],[12694, 43959],[12690, 44005],[12689, 44064],[12687, 44078],[12672, 44143],[12665, 44159],[12652, 44192],[12638, 44232],[12631, 44248],[12628, 44253],[12614, 44281],[12606, 44298],[12598, 44312],[12588, 44324],[12562, 44362],[12531, 44415],[12511, 44443],[12461, 44517],[12458, 44520],[12425, 44543],[12388, 44572],[12351, 44605],[12323, 44633],[12305, 44653],[12299, 44657],[12288, 44663],[12279, 44668],[12260, 44675],[12233, 44684],[12128, 44713],[12120, 44715],[12048, 44737],[12005, 44752],[11973, 44757],[11830, 44774],[11675, 44775],[11661, 44774],[11653, 44773],[11649, 44772],[11611, 44766],[11522, 44756],[11505, 44753],[11452, 44746],[11440, 44745],[11403, 44740],[11389, 44738],[11318, 44729],[11254, 44720],[11208, 44716],[11189, 44715],[11164, 44715],[11149, 44714],[11135, 44710],[11103, 44699],[11074, 44690],[11054, 44684],[11018, 44677],[10978, 44670],[10909, 44656],[10892, 44651],[10873, 44643],[10840, 44630],[10814, 44622],[10791, 44612],[10727, 44590],[10686, 44580],[10613, 44556],[10514, 44526],[10484, 44518],[10440, 44504],[10357, 44488],[10331, 44485],[10275, 44471],[10229, 44458],[10202, 44452],[10136, 44439],[10093, 44432],[10068, 44425],[10036, 44416],[10020, 44411],[9977, 44398],[9922, 44385],[9844, 44366],[9788, 44356],[9772, 44355],[9731, 44348],[9680, 44334],[9663, 44329],[9638, 44320],[9602, 44305],[9578, 44297],[9546, 44287],[9514, 44278],[9509, 44277],[9490, 44271],[9483, 44268],[9454, 44258],[9349, 44225],[9294, 44206],[9261, 44190],[9223, 44175],[9208, 44170],[9133, 44152],[9069, 44142],[9038, 44133],[9003, 44123],[8985, 44119],[8967, 44116],[8923, 44104],[8892, 44097],[8885, 44096],[8851, 44088],[8834, 44083],[8811, 44073],[8774, 44060],[8720, 44041],[8682, 44029],[8598, 44003],[8549, 43991],[8495, 43982],[8488, 43981],[8452, 43975],[8443, 43972],[8401, 43961],[8346, 43951],[8227, 43933],[8187, 43929],[8169, 43928],[8139, 43924],[8095, 43919],[8083, 43918],[8047, 43913],[8023, 43910],[7953, 43901],[7920, 43899],[7786, 43894],[7773, 43891],[7706, 43880],[7624, 43861],[7608, 43858],[7572, 43848],[7548, 43842],[7522, 43836],[7457, 43821],[7431, 43814],[7417, 43808],[7356, 43789],[7273, 43770],[7251, 43766],[7237, 43764],[7207, 43760],[7188, 43758],[7170, 43754],[7138, 43749],[7080, 43742],[7051, 43740],[6945, 43735],[6916, 43731],[6879, 43727],[6876, 43726],[6796, 43708],[6774, 43701],[6743, 43692],[6704, 43682],[6688, 43678],[6653, 43661],[6629, 43646],[6610, 43636],[6584, 43617],[6582, 43614],[6560, 43591],[6531, 43564],[6506, 43536],[6492, 43514],[6458, 43457],[6452, 43445],[6430, 43400],[6386, 43324],[6365, 43288],[6344, 43254],[6277, 43173],[6273, 43170],[6218, 43127],[6208, 43121],[6197, 43112],[6123, 43065],[6046, 43027],[5980, 42992],[5962, 42980],[5916, 42955],[5891, 42943],[5867, 42930],[5839, 42916],[5817, 42906],[5807, 42900],[5769, 42872],[5735, 42847],[5726, 42839],[5678, 42782],[5608, 42697],[5597, 42682],[5579, 42650],[5553, 42605],[5541, 42578],[5536, 42565],[5527, 42547],[5516, 42525],[5474, 42458],[5353, 42302],[5337, 42282],[5309, 42251],[5297, 42235],[5273, 42207],[5177, 42103],[5135, 42063],[5093, 42030],[5068, 42010],[5039, 41991],[5014, 41975],[5009, 41971],[4978, 41942],[4932, 41900],[4909, 41881],[4907, 41878],[4897, 41865],[4867, 41821],[4858, 41807],[4833, 41771],[4811, 41742],[4806, 41733],[4803, 41728],[4761, 41665],[4727, 41624],[4701, 41590],[4693, 41577],[4685, 41565],[4657, 41525],[4643, 41507],[4597, 41458],[4544, 41417],[4423, 41341],[4399, 41326],[4366, 41309],[4354, 41300],[4289, 41262],[4194, 41218],[4149, 41198],[4122, 41187],[4111, 41182],[4110, 41181],[4104, 41176],[4098, 41169],[4088, 41155],[4041, 41099],[3984, 41052],[3920, 41017],[3851, 40993],[3849, 40993],[3808, 40986],[3773, 40981],[3755, 40978],[3735, 40973],[3734, 40973],[3716, 40966],[3712, 40965],[3692, 40957],[3690, 40956],[3671, 40950],[3670, 40950],[3665, 40946],[3609, 40914],[3590, 40905],[3559, 40890],[3517, 40872],[3488, 40860],[3487, 40860],[3461, 40844],[3432, 40825],[3429, 40823],[3412, 40811],[3406, 40805],[3371, 40774],[3365, 40769],[3327, 40743],[3316, 40737],[3255, 40707],[3251, 40705],[3242, 40690],[3234, 40678],[3181, 40615],[3116, 40564],[3042, 40527],[2962, 40507],[2880, 40503],[2798, 40516],[2748, 40535],[2714, 40509],[2693, 40496],[2688, 40493],[2673, 40484],[2652, 40471],[2633, 40460],[2592, 40436],[2576, 40427],[2568, 40422],[2558, 40413],[2520, 40380],[2451, 40324],[2401, 40286],[2397, 40281],[2389, 40269],[2364, 40234],[2355, 40224],[2350, 40218],[2328, 40193],[2327, 40192],[2276, 40148],[2258, 40135],[2206, 40103],[2201, 40101],[2135, 40074],[2131, 40074],[2135, 40069],[2175, 39996],[2199, 39916],[2203, 39865],[2224, 39821],[2242, 39756],[2249, 39688],[2252, 39467],[2262, 39443],[2276, 39410],[2283, 39397],[2285, 39394],[2289, 39386],[2345, 39389],[2427, 39384],[2506, 39362],[2511, 39360],[2527, 39356],[2603, 39330],[2672, 39289],[2731, 39236],[2778, 39171],[2812, 39100],[2850, 39082],[2910, 39038],[2961, 38984],[3001, 38922],[3029, 38853],[3040, 38816],[3041, 38815],[3067, 38815],[3070, 38815],[3080, 38817],[3087, 38818],[3094, 38821],[3126, 38830],[3208, 38846],[3291, 38845],[3372, 38826],[3432, 38805],[3491, 38786],[3495, 38785],[3565, 38760],[3629, 38724],[3685, 38676],[3731, 38618],[3766, 38553],[3780, 38522],[3795, 38469],[3821, 38474],[3908, 38472],[3992, 38452],[4010, 38445],[4038, 38434],[4057, 38425],[4077, 38416],[4087, 38411],[4096, 38407],[4097, 38407],[4112, 38403],[4187, 38373],[4255, 38328],[4312, 38271],[4357, 38204],[4362, 38190],[4408, 38234],[4470, 38277],[4522, 38299],[4539, 38306],[4555, 38314],[4558, 38315],[4531, 38345],[4491, 38414],[4465, 38489],[4454, 38568],[4459, 38648],[4480, 38725],[4516, 38796],[4565, 38859],[4625, 38911],[4695, 38950],[4771, 38975],[4850, 38984],[4917, 38978],[4925, 39003],[4963, 39073],[4978, 39095],[5005, 39171],[5016, 39195],[5017, 39198],[5034, 39236],[5038, 39244],[5038, 39251],[5046, 39337],[5072, 39420],[5080, 39432],[5056, 39471],[5027, 39546],[5014, 39625],[5017, 39705],[5036, 39783],[5070, 39856],[5118, 39920],[5177, 39974],[5247, 40014],[5275, 40024],[5280, 40077],[5302, 40151],[5338, 40219],[5353, 40244],[5360, 40255],[5363, 40262],[5394, 40316],[5401, 40327],[5405, 40335],[5416, 40352],[5417, 40356],[5418, 40360],[5422, 40378],[5423, 40377],[5446, 40452],[5489, 40527],[5547, 40591],[5617, 40642],[5696, 40676],[5762, 40696],[5790, 40711],[5840, 40747],[5916, 40799],[5942, 40815],[5957, 40823],[5980, 40835],[6046, 40867],[6079, 40885],[6171, 40949],[6247, 40990],[6330, 41014],[6355, 41019],[6376, 41022],[6427, 41028],[6534, 41027],[6565, 41022],[6652, 40999],[6711, 40977],[6730, 40974],[6774, 40973],[6838, 40966],[6921, 40951],[6942, 40946],[6948, 40945],[7138, 40915],[7227, 40891],[7308, 40847],[7329, 40832],[7368, 40812],[7381, 40806],[7423, 40791],[7462, 40777],[7481, 40774],[7510, 40768],[7522, 40765],[7562, 40755],[7638, 40728],[7707, 40686],[7708, 40685],[7751, 40717],[7819, 40750],[7892, 40769],[7967, 40775],[7982, 40774],[8065, 40764],[8095, 40757],[8117, 40755],[8196, 40755],[8248, 40759],[8324, 40758],[8398, 40743],[8409, 40740],[8436, 40736],[8440, 40736],[8470, 40744],[8502, 40756],[8533, 40767],[8567, 40777],[8595, 40791],[8613, 40801],[8683, 40837],[8759, 40858],[8838, 40864],[8916, 40854],[8991, 40829],[9060, 40790],[9119, 40739],[9168, 40676],[9203, 40606],[9209, 40590],[9226, 40541],[9245, 40459],[9248, 40435],[9254, 40413],[9263, 40371],[9267, 40354],[9273, 40329],[9277, 40316],[9286, 40284],[9305, 40202],[9315, 40121],[9309, 40040],[9287, 39961],[9249, 39889],[9242, 39878],[9210, 39824],[9198, 39797],[9172, 39730],[9164, 39710],[9152, 39674],[9149, 39648],[9148, 39486],[9150, 39463],[9156, 39435],[9160, 39409],[9164, 39378],[9166, 39358],[9171, 39296],[9174, 39276],[9177, 39250],[9180, 39216],[9179, 39163],[9186, 39152],[9202, 39122],[9210, 39110],[9240, 39084],[9265, 39065],[9297, 39044],[9360, 38993],[9412, 38931],[9450, 38859],[9472, 38781],[9479, 38700],[9469, 38620],[9443, 38543],[9402, 38473],[9382, 38445],[9353, 38404],[9328, 38372],[9229, 38260],[9216, 38242],[9195, 38214],[9193, 38211],[9171, 38188],[9117, 38132],[9081, 38086],[9070, 38067],[9041, 38012],[9039, 38005],[9038, 37989],[9038, 37942],[9042, 37914],[9055, 37866],[9064, 37825],[9069, 37793],[9074, 37710],[9061, 37628],[9054, 37599],[9040, 37554],[9016, 37493],[9001, 37436],[8983, 37381],[8943, 37286],[8934, 37256],[8921, 37223],[8914, 37205],[8902, 37167],[8894, 37128],[8868, 37050],[8827, 36979],[8771, 36918],[8705, 36869],[8630, 36835],[8550, 36816],[8467, 36815],[8425, 36819],[8309, 36829],[8260, 36836],[8258, 36836],[8244, 36838],[8220, 36842],[8153, 36854],[8136, 36857],[8042, 36878],[7969, 36894],[7907, 36902],[7868, 36905],[7860, 36903],[7852, 36901],[7844, 36896],[7837, 36890],[7831, 36883],[7828, 36875],[7824, 36861],[7824, 36856],[7827, 36838],[7829, 36830],[7834, 36822],[7845, 36810],[7862, 36797],[7888, 36774],[7896, 36766],[7901, 36762],[7909, 36757],[7916, 36753],[8011, 36709],[8054, 36688],[8065, 36683],[8070, 36682],[8081, 36680],[8130, 36672],[8156, 36670],[8243, 36654],[8250, 36652],[8325, 36621],[8392, 36575],[8420, 36546],[8421, 36546],[8501, 36535],[8511, 36533],[8557, 36525],[8560, 36524],[8640, 36505],[8715, 36471],[8781, 36421],[8823, 36382],[8828, 36379],[8836, 36377],[8845, 36375],[8861, 36376],[8877, 36380],[8960, 36390],[9044, 36382],[9124, 36357],[9197, 36316],[9260, 36261],[9310, 36194],[9322, 36174],[9336, 36146],[9357, 36105],[9385, 36065],[9451, 35968],[9479, 35932],[9522, 35860],[9526, 35851],[9541, 35815],[9563, 35751],[9581, 35693],[9601, 35655],[9619, 35617],[9665, 35535],[9680, 35512],[9696, 35483],[9753, 35375],[9767, 35345],[9807, 35251],[9810, 35245],[9847, 35157],[9870, 35084],[9877, 35050],[9891, 34996],[9904, 34967],[9908, 34960],[9915, 34948],[9926, 34935],[9928, 34934],[9959, 34909],[9988, 34890],[9995, 34887],[10012, 34879],[10077, 34843],[10127, 34809],[10175, 34771],[10216, 34727],[10222, 34720],[10247, 34684],[10284, 34625],[10337, 34563],[10404, 34487],[10426, 34466],[10431, 34461],[10481, 34409],[10520, 34362],[10536, 34346],[10544, 34339],[10545, 34339],[10552, 34335],[10565, 34330],[10610, 34315],[10626, 34311],[10630, 34311],[10667, 34303],[10678, 34300],[10786, 34256],[10800, 34248],[10841, 34249],[10854, 34281],[10852, 34286],[10831, 34358],[10824, 34432],[10831, 34506],[10852, 34578],[10883, 34640],[10900, 34695],[10901, 34696],[10887, 34709],[10849, 34755],[10840, 34769],[10801, 34838],[10776, 34914],[10767, 34993],[10774, 35072],[10796, 35148],[10832, 35219],[10869, 35264],[10944, 35264],[10944, 35328],[11136, 35328],[11136, 35264],[11263, 35264],[11264, 35254],[11264, 35210],[11263, 35201],[11254, 35200],[11168, 35200],[11008, 35200],[11008, 35136],[10880, 35136],[10880, 34944],[10944, 34944],[10944, 34880],[11007, 34880],[11008, 34879],[11008, 34816],[11069, 34816],[11071, 34815],[11072, 34813],[11072, 34752],[11133, 34752],[11135, 34751],[11136, 34742],[11136, 34698],[11135, 34690],[11134, 34688],[11072, 34688],[11072, 34565],[11071, 34561],[11071, 34560],[11008, 34560],[11008, 34432],[10944, 34432],[10944, 34368],[11008, 34368],[11008, 34304],[11071, 34304],[11072, 34294],[11072, 34250],[11071, 34242],[11070, 34240],[11008, 34240],[11008, 34094],[11008, 34058],[11007, 34049],[10999, 34048],[10752, 34048],[10752, 34047],[10743, 34050],[10738, 34052],[10705, 34070],[10690, 34080],[10661, 34095],[10630, 34106],[10624, 34107],[10624, 34112],[10601, 34112],[10600, 34112],[10587, 34114],[10555, 34122],[10496, 34141],[10469, 34152],[10444, 34165],[10427, 34176],[10403, 34195],[10371, 34226],[10325, 34284],[10300, 34309],[10290, 34318],[10259, 34349],[10186, 34431],[10127, 34500],[10097, 34541],[10083, 34567],[10065, 34595],[10059, 34602],[10039, 34624],[10015, 34643],[9964, 34677],[9932, 34695],[9908, 34706],[9887, 34717],[9842, 34746],[9799, 34780],[9788, 34789],[9781, 34796],[9757, 34824],[9750, 34833],[9731, 34864],[9722, 34882],[9701, 34929],[9682, 35004],[9674, 35042],[9662, 35079],[9625, 35166],[9622, 35172],[9583, 35267],[9575, 35282],[9519, 35390],[9510, 35404],[9492, 35433],[9441, 35525],[9420, 35569],[9396, 35613],[9393, 35622],[9374, 35684],[9351, 35749],[9344, 35767],[9340, 35775],[9318, 35812],[9289, 35851],[9220, 35952],[9184, 36002],[9157, 36057],[9149, 36071],[9137, 36091],[9112, 36125],[9081, 36152],[9044, 36173],[9004, 36185],[8963, 36189],[8921, 36184],[8884, 36176],[8857, 36173],[8837, 36173],[8808, 36176],[8789, 36180],[8761, 36188],[8743, 36196],[8718, 36209],[8702, 36220],[8681, 36237],[8654, 36265],[8619, 36294],[8578, 36315],[8534, 36325],[8528, 36326],[8470, 36336],[8453, 36340],[8413, 36346],[8373, 36343],[8334, 36333],[8325, 36328],[8314, 36358],[8292, 36392],[8263, 36421],[8230, 36444],[8192, 36460],[8185, 36462],[8141, 36470],[8107, 36472],[8044, 36482],[8019, 36488],[7998, 36494],[7971, 36505],[7926, 36527],[7826, 36574],[7805, 36585],[7782, 36600],[7763, 36616],[7750, 36628],[7737, 36640],[7702, 36667],[7689, 36681],[7670, 36704],[7659, 36720],[7646, 36745],[7638, 36763],[7630, 36791],[7626, 36808],[7622, 36854],[7623, 36862],[7631, 36922],[7638, 36945],[7646, 36964],[7659, 36989],[7671, 37006],[7689, 37028],[7702, 37041],[7726, 37060],[7742, 37071],[7767, 37084],[7785, 37092],[7813, 37100],[7832, 37104],[7861, 37107],[7880, 37107],[7994, 37094],[8045, 37084],[8085, 37074],[8179, 37053],[8188, 37051],[8256, 37039],[8268, 37037],[8291, 37035],[8302, 37032],[8326, 37029],[8442, 37019],[8485, 37015],[8526, 37016],[8566, 37025],[8604, 37042],[8637, 37066],[8664, 37097],[8685, 37133],[8698, 37172],[8708, 37217],[8724, 37273],[8737, 37302],[8743, 37318],[8755, 37356],[8798, 37458],[8809, 37497],[8814, 37522],[8825, 37558],[8852, 37626],[8860, 37650],[8867, 37678],[8874, 37719],[8871, 37761],[8866, 37793],[8862, 37813],[8845, 37875],[8838, 37928],[8837, 37996],[8841, 38045],[8845, 38062],[8853, 38090],[8859, 38104],[8892, 38160],[8915, 38199],[8966, 38264],[9028, 38328],[9039, 38340],[9041, 38343],[9052, 38356],[9071, 38384],[9177, 38505],[9189, 38520],[9220, 38562],[9240, 38591],[9260, 38626],[9273, 38664],[9278, 38704],[9275, 38745],[9264, 38784],[9245, 38820],[9219, 38851],[9188, 38877],[9152, 38900],[9075, 38959],[9063, 38972],[9044, 38995],[9034, 39010],[9008, 39059],[8986, 39093],[8967, 39112],[8972, 39123],[8980, 39161],[8980, 39200],[8977, 39233],[8976, 39246],[8972, 39273],[8966, 39342],[8965, 39352],[8961, 39383],[8959, 39396],[8952, 39432],[8947, 39476],[8948, 39663],[8956, 39718],[8975, 39779],[8984, 39802],[9013, 39877],[9033, 39917],[9071, 39984],[9081, 40000],[9100, 40036],[9112, 40075],[9115, 40116],[9110, 40156],[9090, 40239],[9086, 40254],[9080, 40273],[9071, 40310],[9067, 40328],[9059, 40365],[9051, 40399],[9046, 40433],[9037, 40475],[9019, 40524],[9015, 40534],[8998, 40569],[8975, 40599],[8946, 40625],[8913, 40645],[8876, 40658],[8838, 40663],[8800, 40661],[8762, 40652],[8727, 40636],[8658, 40596],[8644, 40591],[8581, 40572],[8493, 40541],[8480, 40538],[8438, 40535],[8392, 40538],[8330, 40554],[8298, 40559],[8264, 40559],[8204, 40554],[8108, 40554],[8063, 40558],[8019, 40568],[7977, 40574],[7962, 40574],[7925, 40571],[7888, 40562],[7854, 40545],[7824, 40523],[7798, 40495],[7778, 40463],[7765, 40428],[7758, 40391],[7758, 40353],[7765, 40316],[7779, 40272],[7782, 40258],[7795, 40224],[7813, 40192],[7832, 40167],[7832, 40166],[7838, 40155],[7873, 40109],[7874, 40108],[7879, 40103],[7883, 40096],[7891, 40078],[7891, 40062],[7885, 40045],[7882, 40041],[7866, 40024],[7843, 39993],[7826, 39959],[7816, 39921],[7813, 39883],[7818, 39844],[7830, 39808],[7848, 39774],[7873, 39744],[7878, 39740],[7885, 39733],[7897, 39716],[7900, 39712],[7907, 39699],[7920, 39677],[7932, 39660],[7938, 39653],[7944, 39644],[7951, 39633],[7955, 39625],[7964, 39607],[7970, 39595],[7976, 39581],[7981, 39565],[7987, 39551],[7997, 39526],[7999, 39522],[8000, 39520],[8018, 39487],[8042, 39458],[8071, 39433],[8104, 39415],[8140, 39403],[8143, 39402],[8164, 39393],[8170, 39389],[8170, 39388],[8174, 39383],[8182, 39362],[8193, 39323],[8212, 39287],[8238, 39256],[8269, 39231],[8305, 39212],[8344, 39201],[8348, 39200],[8369, 39195],[8381, 39191],[8392, 39186],[8397, 39184],[8407, 39179],[8421, 39169],[8431, 39160],[8465, 39135],[8486, 39122],[8502, 39114],[8519, 39106],[8522, 39105],[8534, 39100],[8571, 39088],[8575, 39086],[8577, 39085],[8592, 39078],[8610, 39066],[8624, 39057],[8626, 39055],[8630, 39050],[8643, 39038],[8637, 39021],[8633, 39007],[8626, 38997],[8619, 38992],[8615, 38990],[8611, 38988],[8591, 38986],[8589, 38986],[8586, 38987],[8557, 38998],[8514, 39017],[8500, 39022],[8484, 39028],[8452, 39038],[8440, 39042],[8430, 39044],[8411, 39052],[8409, 39053],[8367, 39070],[8322, 39077],[8277, 39074],[8276, 39074],[8275, 39074],[8255, 39077],[8217, 39096],[8186, 39109],[8154, 39117],[8120, 39119],[8069, 39118],[8055, 39120],[8016, 39120],[7979, 39112],[7943, 39098],[7911, 39077],[7883, 39050],[7861, 39018],[7846, 38983],[7837, 38945],[7836, 38907],[7837, 38886],[7839, 38845],[7840, 38836],[7842, 38820],[7844, 38806],[7848, 38787],[7849, 38777],[7847, 38730],[7843, 38714],[7838, 38684],[7837, 38654],[7839, 38612],[7837, 38595],[7835, 38574],[7834, 38562],[7832, 38553],[7831, 38545],[7828, 38537],[7822, 38521],[7818, 38515],[7816, 38513],[7805, 38500],[7789, 38488],[7755, 38450],[7749, 38441],[7737, 38423],[7727, 38407],[7723, 38401],[7715, 38390],[7705, 38375],[7692, 38357],[7677, 38341],[7653, 38311],[7635, 38276],[7624, 38240],[7620, 38201],[7624, 38165],[7625, 38141],[7624, 38124],[7619, 38104],[7618, 38100],[7612, 38084],[7610, 38081],[7597, 38062],[7585, 38045],[7565, 38022],[7556, 38009],[7548, 37998],[7546, 37995],[7526, 37973],[7512, 37963],[7497, 37950],[7487, 37944],[7482, 37941],[7455, 37932],[7442, 37931],[7422, 37932],[7408, 37933],[7388, 37937],[7381, 37938],[7371, 37941],[7348, 37953],[7341, 37959],[7333, 37968],[7328, 37976],[7303, 38008],[7273, 38034],[7238, 38054],[7200, 38067],[7161, 38071],[7121, 38068],[7082, 38057],[7047, 38038],[7016, 38013],[6990, 37982],[6983, 37971],[6977, 37965],[6974, 37964],[6964, 37960],[6959, 37960],[6953, 37960],[6952, 37961],[6943, 37967],[6935, 37974],[6899, 38005],[6855, 38035],[6832, 38046],[6816, 38058],[6804, 38070],[6775, 38097],[6774, 38098],[6764, 38113],[6758, 38124],[6754, 38137],[6753, 38147],[6754, 38162],[6759, 38181],[6761, 38183],[6768, 38188],[6796, 38197],[6836, 38215],[6855, 38226],[6864, 38232],[6864, 38233],[6893, 38256],[6917, 38284],[6935, 38316],[6948, 38350],[6953, 38387],[6952, 38423],[6950, 38446],[6948, 38468],[6946, 38481],[6945, 38489],[6944, 38514],[6947, 38541],[6947, 38553],[6949, 38594],[6950, 38605],[6957, 38642],[6966, 38666],[6970, 38674],[6982, 38692],[6990, 38705],[6992, 38709],[6997, 38718],[7006, 38735],[7020, 38770],[7027, 38806],[7028, 38844],[7026, 38872],[7025, 38899],[7023, 38921],[7024, 39050],[7026, 39105],[7026, 39138],[7026, 39150],[7023, 39195],[7022, 39220],[7025, 39253],[7028, 39262],[7029, 39266],[7036, 39303],[7037, 39340],[7031, 39377],[7027, 39392],[7023, 39411],[7018, 39434],[7016, 39448],[7012, 39482],[7002, 39522],[6984, 39559],[6959, 39592],[6947, 39605],[6941, 39613],[6936, 39624],[6934, 39632],[6933, 39639],[6934, 39644],[6934, 39645],[6941, 39664],[6943, 39666],[6948, 39672],[6953, 39675],[6982, 39688],[7002, 39699],[7024, 39712],[7036, 39720],[7075, 39747],[7077, 39748],[7096, 39758],[7110, 39765],[7131, 39775],[7138, 39779],[7170, 39801],[7197, 39829],[7218, 39862],[7232, 39898],[7235, 39907],[7237, 39914],[7240, 39920],[7244, 39927],[7251, 39934],[7257, 39940],[7263, 39945],[7272, 39952],[7312, 39986],[7324, 39996],[7337, 40009],[7383, 40055],[7395, 40068],[7407, 40081],[7412, 40087],[7424, 40097],[7437, 40106],[7445, 40112],[7450, 40115],[7471, 40128],[7481, 40134],[7491, 40141],[7497, 40144],[7530, 40157],[7563, 40173],[7593, 40195],[7617, 40221],[7637, 40252],[7651, 40286],[7657, 40308],[7665, 40348],[7664, 40389],[7656, 40428],[7639, 40465],[7616, 40498],[7586, 40526],[7552, 40547],[7513, 40561],[7473, 40571],[7465, 40573],[7450, 40576],[7419, 40580],[7402, 40585],[7356, 40602],[7308, 40619],[7283, 40630],[7225, 40660],[7193, 40683],[7152, 40705],[7108, 40717],[6909, 40748],[6894, 40751],[6876, 40755],[6836, 40760],[6813, 40766],[6769, 40772],[6708, 40774],[6677, 40777],[6658, 40781],[6634, 40788],[6591, 40808],[6536, 40824],[6505, 40828],[6452, 40829],[6401, 40823],[6390, 40821],[6365, 40817],[6320, 40803],[6279, 40779],[6225, 40739],[6207, 40728],[6197, 40722],[6185, 40714],[6137, 40688],[6067, 40655],[6056, 40649],[6042, 40641],[6028, 40632],[5952, 40581],[5896, 40540],[5836, 40509],[5785, 40491],[5775, 40489],[5737, 40478],[5703, 40459],[5672, 40434],[5647, 40404],[5629, 40369],[5619, 40335],[5618, 40335],[5613, 40308],[5607, 40290],[5603, 40279],[5595, 40259],[5589, 40248],[5588, 40247],[5576, 40229],[5571, 40221],[5560, 40205],[5545, 40178],[5538, 40162],[5525, 40139],[5506, 40110],[5488, 40076],[5477, 40039],[5474, 40000],[5474, 39933],[5474, 39927],[5469, 39904],[5467, 39900],[5450, 39876],[5448, 39875],[5433, 39864],[5432, 39863],[5410, 39855],[5369, 39845],[5331, 39832],[5296, 39812],[5266, 39785],[5242, 39753],[5225, 39716],[5216, 39677],[5214, 39637],[5221, 39598],[5235, 39560],[5257, 39526],[5284, 39497],[5289, 39493],[5293, 39489],[5307, 39467],[5309, 39462],[5312, 39443],[5312, 39437],[5308, 39418],[5306, 39415],[5278, 39376],[5256, 39338],[5243, 39297],[5238, 39254],[5239, 39222],[5239, 39218],[5230, 39182],[5229, 39178],[5214, 39147],[5206, 39128],[5201, 39116],[5185, 39084],[5171, 39043],[5165, 39019],[5163, 39010],[5162, 39009],[5129, 38961],[5110, 38925],[5098, 38887],[5095, 38847],[5099, 38807],[5111, 38769],[5130, 38734],[5156, 38703],[5188, 38679],[5202, 38670],[5212, 38659],[5224, 38636],[5244, 38604],[5258, 38589],[5234, 38580],[5200, 38558],[5170, 38530],[5165, 38524],[5142, 38492],[5126, 38456],[5118, 38417],[5117, 38378],[5124, 38340],[5138, 38303],[5159, 38270],[5186, 38242],[5218, 38219],[5254, 38203],[5263, 38200],[5300, 38191],[5338, 38190],[5376, 38196],[5412, 38209],[5445, 38228],[5473, 38254],[5496, 38284],[5514, 38318],[5524, 38355],[5527, 38393],[5523, 38430],[5512, 38467],[5508, 38476],[5489, 38512],[5467, 38538],[5484, 38543],[5518, 38562],[5525, 38567],[5539, 38576],[5544, 38578],[5550, 38580],[5554, 38580],[5558, 38580],[5567, 38576],[5572, 38573],[5573, 38572],[5580, 38564],[5584, 38558],[5595, 38542],[5603, 38530],[5607, 38526],[5613, 38516],[5619, 38505],[5632, 38475],[5651, 38441],[5676, 38411],[5707, 38387],[5741, 38368],[5779, 38357],[5818, 38354],[5857, 38358],[5895, 38370],[5929, 38389],[5959, 38414],[5988, 38443],[5994, 38446],[5999, 38448],[6028, 38456],[6042, 38458],[6044, 38458],[6050, 38455],[6061, 38448],[6071, 38437],[6076, 38429],[6081, 38413],[6085, 38392],[6086, 38387],[6087, 38375],[6086, 38358],[6085, 38352],[6082, 38345],[6080, 38340],[6076, 38330],[6073, 38325],[6060, 38311],[6052, 38306],[6046, 38303],[6036, 38297],[5999, 38285],[5963, 38269],[5943, 38258],[5930, 38250],[5914, 38242],[5907, 38238],[5883, 38227],[5881, 38226],[5865, 38221],[5854, 38220],[5834, 38222],[5831, 38222],[5803, 38231],[5792, 38234],[5788, 38235],[5777, 38238],[5737, 38244],[5696, 38241],[5656, 38230],[5619, 38212],[5587, 38186],[5561, 38154],[5542, 38118],[5530, 38078],[5527, 38037],[5529, 37979],[5534, 37939],[5547, 37901],[5568, 37866],[5595, 37836],[5628, 37812],[5664, 37795],[5703, 37786],[5716, 37784],[5737, 37777],[5743, 37774],[5750, 37771],[5758, 37766],[5810, 37749],[5823, 37746],[5835, 37744],[5847, 37743],[5875, 37741],[5934, 37742],[5948, 37741],[5964, 37739],[5969, 37738],[5991, 37735],[6005, 37733],[6019, 37731],[6033, 37728],[6052, 37724],[6069, 37719],[6095, 37712],[6145, 37695],[6160, 37691],[6188, 37681],[6202, 37676],[6215, 37672],[6225, 37669],[6249, 37661],[6256, 37659],[6276, 37651],[6293, 37645],[6332, 37633],[6344, 37629],[6372, 37618],[6386, 37611],[6394, 37608],[6405, 37603],[6406, 37602],[6422, 37591],[6429, 37582],[6430, 37581],[6435, 37565],[6436, 37557],[6436, 37554],[6434, 37548],[6433, 37546],[6419, 37533],[6413, 37529],[6381, 37503],[6356, 37471],[6337, 37435],[6326, 37396],[6323, 37355],[6328, 37315],[6341, 37276],[6352, 37254],[6356, 37213],[6358, 37186],[6359, 37170],[6356, 37138],[6353, 37118],[6353, 37078],[6360, 37039],[6375, 37002],[6397, 36968],[6421, 36940],[6429, 36922],[6459, 36879],[6466, 36870],[6472, 36861],[6476, 36853],[6481, 36834],[6487, 36806],[6489, 36785],[6503, 36732],[6506, 36724],[6513, 36709],[6514, 36705],[6515, 36678],[6517, 36629],[6519, 36610],[6521, 36596],[6523, 36582],[6528, 36554],[6530, 36539],[6528, 36494],[6527, 36492],[6523, 36482],[6519, 36476],[6516, 36472],[6502, 36461],[6482, 36452],[6471, 36447],[6470, 36446],[6458, 36441],[6436, 36437],[6416, 36436],[6374, 36429],[6333, 36413],[6297, 36390],[6267, 36358],[6245, 36322],[6234, 36299],[6228, 36291],[6220, 36284],[6193, 36256],[6172, 36224],[6157, 36188],[6150, 36149],[6151, 36111],[6158, 36073],[6174, 36037],[6195, 36004],[6230, 35961],[6232, 35959],[6238, 35950],[6248, 35927],[6255, 35907],[6257, 35896],[6262, 35872],[6270, 35837],[6283, 35798],[6304, 35762],[6332, 35732],[6366, 35708],[6404, 35691],[6444, 35683],[6486, 35683],[6526, 35691],[6564, 35708],[6567, 35709],[6585, 35717],[6603, 35721],[6657, 35732],[6692, 35742],[6724, 35758],[6753, 35781],[6778, 35807],[6797, 35838],[6810, 35872],[6814, 35887],[6831, 35944],[6842, 35970],[6849, 35987],[6855, 36002],[6861, 36015],[6866, 36025],[6876, 36047],[6880, 36053],[6886, 36062],[6894, 36071],[6904, 36079],[6909, 36081],[6924, 36088],[6927, 36090],[6936, 36092],[6962, 36097],[6987, 36097],[6998, 36096],[7016, 36093],[7031, 36090],[7046, 36085],[7072, 36073],[7081, 36069],[7105, 36054],[7120, 36045],[7145, 36025],[7174, 36004],[7190, 35991],[7199, 35984],[7208, 35977],[7211, 35974],[7233, 35953],[7272, 35923],[7281, 35918],[7295, 35909],[7308, 35899],[7323, 35887],[7353, 35868],[7386, 35855],[7421, 35847],[7456, 35846],[7474, 35847],[7487, 35847],[7516, 35842],[7533, 35834],[7543, 35828],[7548, 35824],[7559, 35813],[7564, 35808],[7570, 35799],[7598, 35770],[7630, 35746],[7667, 35730],[7706, 35721],[7747, 35720],[7768, 35722],[7792, 35721],[7803, 35719],[7830, 35710],[7867, 35701],[7905, 35699],[7942, 35705],[7978, 35717],[8010, 35736],[8039, 35760],[8062, 35790],[8080, 35823],[8091, 35859],[8095, 35896],[8092, 35934],[8088, 35959],[8087, 35978],[8089, 35993],[8091, 36004],[8098, 36022],[8110, 36040],[8115, 36046],[8132, 36058],[8150, 36066],[8177, 36071],[8215, 36084],[8222, 36065],[8242, 36029],[8245, 36024],[8279, 35978],[8312, 35943],[8352, 35917],[8357, 35914],[8380, 35899],[8392, 35888],[8399, 35880],[8425, 35855],[8441, 35843],[8472, 35818],[8484, 35808],[8492, 35801],[8504, 35788],[8512, 35777],[8515, 35774],[8527, 35754],[8551, 35708],[8569, 35680],[8591, 35656],[8598, 35650],[8609, 35640],[8626, 35622],[8648, 35603],[8659, 35595],[8672, 35586],[8681, 35580],[8685, 35577],[8706, 35558],[8722, 35542],[8737, 35521],[8740, 35516],[8772, 35471],[8789, 35453],[8799, 35441],[8810, 35427],[8813, 35422],[8823, 35404],[8829, 35389],[8836, 35369],[8841, 35349],[8847, 35328],[8850, 35316],[8852, 35302],[8853, 35285],[8849, 35256],[8843, 35226],[8834, 35187],[8828, 35165],[8823, 35140],[8817, 35116],[8813, 35103],[8805, 35071],[8805, 35068],[8804, 35057],[8802, 35039],[8799, 35016],[8796, 35001],[8788, 34982],[8778, 34966],[8770, 34956],[8759, 34943],[8752, 34937],[8724, 34916],[8694, 34890],[8671, 34859],[8654, 34824],[8643, 34786],[8641, 34747],[8646, 34709],[8658, 34672],[8678, 34638],[8695, 34614],[8703, 34594],[8705, 34587],[8707, 34545],[8713, 34508],[8726, 34473],[8745, 34441],[8770, 34413],[8799, 34390],[8833, 34372],[8842, 34369],[8843, 34368],[8868, 34352],[8880, 34342],[8889, 34335],[8900, 34324],[8905, 34318],[8908, 34314],[8913, 34305],[8919, 34289],[8923, 34273],[8924, 34265],[8925, 34256],[8926, 34238],[8925, 34228],[8916, 34205],[8907, 34191],[8889, 34177],[8861, 34149],[8839, 34117],[8824, 34080],[8816, 34042],[8816, 34003],[8819, 33986],[8786, 34006],[8749, 34020],[8711, 34026],[8672, 34025],[8634, 34016],[8599, 34000],[8567, 33977],[8558, 33970],[8549, 33961],[8528, 33939],[8511, 33919],[8503, 33908],[8495, 33898],[8481, 33884],[8473, 33877],[8466, 33872],[8449, 33863],[8440, 33857],[8433, 33853],[8404, 33830],[8393, 33820],[8384, 33813],[8358, 33786],[8337, 33755],[8322, 33720],[8314, 33683],[8313, 33646],[8319, 33609],[8332, 33573],[8352, 33541],[8376, 33513],[8388, 33502],[8423, 33476],[8463, 33458],[8476, 33454],[8490, 33448],[8506, 33443],[8535, 33435],[8552, 33429],[8559, 33427],[8598, 33415],[8639, 33413],[8640, 33413],[8640, 33263],[8636, 33250],[8632, 33227],[8619, 33201],[8611, 33179],[8608, 33172],[8605, 33164],[8597, 33154],[8595, 33152],[8576, 33152],[8576, 33137],[8569, 33133],[8557, 33129],[8536, 33121],[8527, 33118],[8499, 33112],[8463, 33100],[8440, 33087],[8439, 33088],[8410, 33071],[8391, 33063],[8375, 33060],[8363, 33057],[8345, 33053],[8315, 33046],[8299, 33042],[8277, 33035],[8263, 33030],[8258, 33028],[8230, 33024],[8102, 33024],[8093, 33025],[8089, 33036],[8088, 33037],[8087, 33039],[8083, 33051],[8078, 33063],[8074, 33075],[8074, 33076],[8071, 33093],[8070, 33108],[8071, 33120],[8072, 33125],[8075, 33137],[8079, 33146],[8085, 33163],[8091, 33182],[8095, 33193],[8102, 33217],[8109, 33253],[8113, 33294],[8108, 33335],[8095, 33375],[8087, 33393],[8084, 33401],[8082, 33409],[8074, 33437],[8071, 33455],[8070, 33464],[8071, 33488],[8073, 33497],[8076, 33506],[8082, 33514],[8109, 33536],[8127, 33548],[8155, 33578],[8177, 33613],[8191, 33651],[8197, 33692],[8195, 33733],[8184, 33772],[8166, 33809],[8140, 33841],[8109, 33867],[8073, 33887],[8052, 33895],[8041, 33901],[8032, 33906],[8025, 33911],[8021, 33916],[8006, 33937],[7999, 33952],[7990, 33975],[7985, 33988],[7984, 33996],[7983, 34002],[7986, 34046],[7991, 34079],[7989, 34118],[7979, 34156],[7963, 34191],[7940, 34222],[7911, 34249],[7877, 34269],[7841, 34282],[7802, 34288],[7763, 34287],[7734, 34283],[7723, 34283],[7705, 34288],[7694, 34291],[7688, 34293],[7667, 34306],[7659, 34319],[7653, 34333],[7653, 34335],[7652, 34343],[7653, 34348],[7653, 34351],[7660, 34370],[7670, 34385],[7678, 34392],[7683, 34395],[7708, 34411],[7720, 34417],[7733, 34423],[7777, 34447],[7797, 34457],[7831, 34478],[7861, 34505],[7884, 34537],[7901, 34574],[7910, 34613],[7911, 34653],[7904, 34693],[7889, 34730],[7867, 34764],[7861, 34771],[7838, 34805],[7812, 34835],[7782, 34859],[7746, 34877],[7709, 34888],[7669, 34891],[7648, 34891],[7601, 34888],[7591, 34887],[7568, 34885],[7557, 34883],[7518, 34877],[7489, 34872],[7450, 34865],[7420, 34856],[7391, 34843],[7370, 34831],[7359, 34825],[7342, 34814],[7338, 34812],[7314, 34804],[7296, 34801],[7269, 34798],[7260, 34799],[7249, 34801],[7228, 34808],[7217, 34816],[7207, 34825],[7198, 34837],[7190, 34856],[7189, 34860],[7188, 34888],[7189, 34891],[7196, 34912],[7206, 34927],[7212, 34933],[7219, 34940],[7233, 34952],[7265, 34974],[7277, 34980],[7311, 35003],[7340, 35032],[7362, 35066],[7377, 35104],[7384, 35144],[7383, 35185],[7381, 35193],[7372, 35232],[7356, 35268],[7332, 35300],[7303, 35327],[7269, 35348],[7232, 35361],[7230, 35361],[7204, 35368],[7187, 35372],[7165, 35375],[7126, 35380],[7104, 35382],[7093, 35382],[7063, 35387],[7055, 35390],[7043, 35394],[7029, 35399],[6995, 35413],[6965, 35426],[6954, 35433],[6947, 35437],[6908, 35455],[6865, 35464],[6822, 35463],[6812, 35462],[6806, 35462],[6803, 35462],[6775, 35469],[6765, 35474],[6743, 35488],[6708, 35506],[6671, 35516],[6633, 35520],[6595, 35516],[6558, 35504],[6524, 35486],[6498, 35469],[6492, 35467],[6468, 35462],[6384, 35462],[6370, 35463],[6362, 35464],[6341, 35469],[6321, 35478],[6291, 35487],[6261, 35492],[6229, 35494],[6199, 35494],[6180, 35492],[6149, 35490],[6124, 35486],[6103, 35481],[6075, 35476],[6020, 35466],[6011, 35465],[5997, 35462],[5989, 35460],[5959, 35455],[5940, 35454],[5926, 35453],[5916, 35452],[5860, 35444],[5828, 35440],[5787, 35430],[5750, 35412],[5717, 35387],[5705, 35375],[5690, 35364],[5666, 35346],[5663, 35344],[5646, 35336],[5629, 35330],[5604, 35323],[5577, 35317],[5571, 35316],[5512, 35315],[5480, 35313],[5453, 35313],[5427, 35318],[5410, 35324],[5397, 35331],[5374, 35344],[5350, 35361],[5343, 35366],[5330, 35376],[5325, 35379],[5316, 35386],[5296, 35404],[5280, 35417],[5279, 35419],[5270, 35429],[5261, 35443],[5255, 35455],[5252, 35464],[5242, 35505],[5239, 35528],[5239, 35536],[5240, 35544],[5244, 35569],[5247, 35608],[5247, 35638],[5248, 35646],[5252, 35668],[5262, 35702],[5270, 35741],[5270, 35780],[5262, 35819],[5247, 35856],[5230, 35880],[5260, 35894],[5293, 35919],[5320, 35949],[5337, 35974],[5356, 36006],[5369, 36042],[5375, 36079],[5373, 36107],[5380, 36106],[5419, 36104],[5458, 36110],[5495, 36124],[5501, 36127],[5521, 36138],[5530, 36144],[5559, 36166],[5583, 36193],[5601, 36217],[5602, 36218],[5622, 36231],[5625, 36233],[5634, 36236],[5638, 36237],[5663, 36241],[5668, 36241],[5672, 36241],[5712, 36232],[5751, 36227],[5790, 36230],[5828, 36241],[5863, 36259],[5894, 36283],[5920, 36313],[5939, 36347],[5942, 36355],[5959, 36376],[5975, 36400],[5978, 36406],[5985, 36415],[6003, 36436],[6016, 36450],[6043, 36486],[6045, 36489],[6074, 36525],[6094, 36556],[6108, 36590],[6110, 36594],[6118, 36613],[6120, 36617],[6141, 36642],[6147, 36646],[6160, 36652],[6195, 36673],[6226, 36701],[6250, 36735],[6267, 36773],[6276, 36813],[6276, 36854],[6267, 36895],[6251, 36933],[6240, 36952],[6231, 36968],[6226, 36978],[6223, 36985],[6221, 36992],[6219, 37011],[6220, 37038],[6221, 37044],[6224, 37077],[6222, 37111],[6221, 37119],[6220, 37145],[6221, 37150],[6224, 37165],[6230, 37206],[6227, 37247],[6217, 37286],[6198, 37322],[6172, 37354],[6141, 37380],[6127, 37389],[6119, 37400],[6109, 37424],[6103, 37443],[6089, 37479],[6069, 37512],[6042, 37540],[6011, 37562],[5976, 37578],[5938, 37588],[5928, 37589],[5889, 37608],[5854, 37622],[5817, 37629],[5779, 37628],[5742, 37621],[5707, 37607],[5676, 37587],[5648, 37561],[5626, 37530],[5610, 37496],[5601, 37459],[5600, 37453],[5598, 37414],[5603, 37376],[5605, 37369],[5608, 37341],[5610, 37318],[5609, 37295],[5608, 37286],[5603, 37269],[5595, 37258],[5591, 37255],[5587, 37252],[5564, 37245],[5551, 37244],[5531, 37242],[5521, 37243],[5518, 37244],[5513, 37246],[5484, 37256],[5454, 37262],[5443, 37263],[5407, 37264],[5371, 37258],[5328, 37247],[5319, 37245],[5303, 37242],[5261, 37229],[5212, 37209],[5201, 37203],[5171, 37185],[5165, 37187],[5128, 37191],[5119, 37191],[5078, 37187],[5039, 37175],[5003, 37156],[4971, 37129],[4946, 37097],[4928, 37060],[4918, 37020],[4916, 36979],[4922, 36939],[4937, 36900],[4959, 36866],[4961, 36863],[4991, 36833],[5026, 36809],[5066, 36794],[5108, 36787],[5150, 36789],[5154, 36790],[5187, 36798],[5218, 36812],[5241, 36827],[5254, 36823],[5255, 36823],[5274, 36810],[5284, 36804],[5289, 36801],[5317, 36783],[5327, 36774],[5334, 36766],[5337, 36761],[5341, 36751],[5343, 36737],[5343, 36723],[5340, 36703],[5335, 36697],[5321, 36685],[5301, 36668],[5289, 36659],[5259, 36630],[5234, 36596],[5218, 36557],[5210, 36516],[5211, 36474],[5215, 36443],[5213, 36408],[5213, 36406],[5206, 36372],[5205, 36337],[5207, 36293],[5208, 36288],[5199, 36290],[5164, 36294],[5124, 36295],[5127, 36308],[5130, 36346],[5129, 36367],[5131, 36382],[5131, 36383],[5138, 36402],[5141, 36408],[5147, 36420],[5158, 36443],[5173, 36483],[5179, 36525],[5175, 36567],[5163, 36608],[5143, 36645],[5115, 36677],[5114, 36679],[5094, 36706],[5085, 36724],[5063, 36758],[5035, 36787],[5001, 36809],[4964, 36825],[4924, 36832],[4883, 36836],[4881, 36836],[4868, 36839],[4865, 36840],[4837, 36848],[4830, 36850],[4825, 36851],[4820, 36853],[4809, 36856],[4797, 36859],[4764, 36864],[4731, 36864],[4709, 36862],[4688, 36863],[4687, 36863],[4682, 36868],[4679, 36873],[4678, 36886],[4675, 36936],[4669, 36974],[4656, 37010],[4637, 37043],[4612, 37071],[4582, 37095],[4548, 37112],[4511, 37122],[4473, 37126],[4435, 37122],[4432, 37121],[4401, 37112],[4377, 37101],[4361, 37097],[4357, 37097],[4341, 37099],[4329, 37105],[4323, 37108],[4269, 37129],[4261, 37131],[4258, 37132],[4235, 37138],[4215, 37148],[4177, 37162],[4138, 37169],[4099, 37167],[4090, 37166],[4081, 37165],[4059, 37161],[4044, 37160],[4017, 37162],[3986, 37162],[3982, 37162],[3969, 37163],[3968, 37163],[3962, 37167],[3951, 37179],[3942, 37201],[3926, 37233],[3905, 37262],[3904, 37263],[3903, 37265],[3878, 37294],[3869, 37310],[3849, 37339],[3825, 37364],[3796, 37384],[3764, 37399],[3752, 37404],[3745, 37406],[3726, 37414],[3714, 37419],[3688, 37435],[3685, 37438],[3682, 37441],[3676, 37453],[3676, 37454],[3673, 37470],[3670, 37482],[3663, 37515],[3662, 37527],[3661, 37532],[3654, 37571],[3645, 37595],[3640, 37616],[3640, 37618],[3641, 37632],[3641, 37633],[3645, 37639],[3657, 37650],[3672, 37655],[3685, 37656],[3689, 37656],[3703, 37654],[3723, 37651],[3742, 37645],[3743, 37645],[3755, 37637],[3764, 37629],[3766, 37626],[3773, 37617],[3783, 37603],[3810, 37572],[3817, 37565],[3835, 37548],[3842, 37540],[3848, 37533],[3863, 37515],[3896, 37482],[3908, 37474],[3930, 37451],[3941, 37439],[3953, 37427],[3965, 37416],[3991, 37394],[4020, 37363],[4050, 37338],[4084, 37319],[4120, 37307],[4159, 37302],[4291, 37298],[4298, 37297],[4310, 37295],[4318, 37294],[4336, 37289],[4343, 37288],[4380, 37283],[4418, 37285],[4454, 37295],[4488, 37311],[4518, 37332],[4544, 37359],[4564, 37390],[4574, 37409],[4589, 37449],[4596, 37490],[4594, 37533],[4584, 37574],[4564, 37611],[4538, 37644],[4536, 37646],[4520, 37661],[4501, 37676],[4484, 37689],[4464, 37702],[4461, 37704],[4440, 37719],[4432, 37729],[4411, 37767],[4390, 37798],[4364, 37825],[4333, 37846],[4298, 37861],[4261, 37870],[4223, 37871],[4215, 37871],[4188, 37873],[4177, 37880],[4170, 37890],[4169, 37901],[4170, 37908],[4175, 37916],[4192, 37953],[4201, 37992],[4202, 38033],[4194, 38073],[4179, 38110],[4157, 38144],[4128, 38173],[4094, 38195],[4057, 38210],[4041, 38214],[4030, 38218],[4006, 38227],[3991, 38234],[3971, 38244],[3956, 38251],[3942, 38256],[3924, 38263],[3882, 38273],[3839, 38274],[3796, 38266],[3756, 38248],[3750, 38245],[3738, 38240],[3724, 38238],[3718, 38237],[3692, 38241],[3689, 38242],[3683, 38245],[3675, 38250],[3665, 38259],[3662, 38262],[3649, 38288],[3648, 38289],[3632, 38322],[3617, 38345],[3616, 38349],[3609, 38394],[3595, 38443],[3582, 38474],[3564, 38507],[3541, 38536],[3513, 38560],[3481, 38578],[3446, 38590],[3435, 38593],[3368, 38615],[3307, 38636],[3267, 38645],[3225, 38646],[3184, 38638],[3156, 38630],[3137, 38624],[3115, 38619],[3099, 38617],[3082, 38614],[3029, 38614],[3006, 38616],[2988, 38618],[2986, 38618],[2968, 38623],[2958, 38627],[2933, 38643],[2928, 38647],[2905, 38666],[2888, 38683],[2876, 38699],[2872, 38705],[2862, 38724],[2850, 38747],[2844, 38763],[2842, 38774],[2830, 38814],[2810, 38850],[2784, 38882],[2751, 38907],[2714, 38925],[2708, 38927],[2689, 38934],[2684, 38936],[2660, 38954],[2655, 38959],[2637, 38991],[2623, 39033],[2606, 39069],[2582, 39101],[2552, 39128],[2518, 39148],[2480, 39161],[2452, 39168],[2434, 39175],[2394, 39186],[2354, 39188],[2279, 39185],[2219, 39186],[2198, 39189],[2193, 39191],[2172, 39204],[2151, 39225],[2144, 39234],[2137, 39246],[2131, 39259],[2117, 39284],[2113, 39291],[2112, 39292],[2112, 39296],[2109, 39296],[2094, 39324],[2077, 39366],[2066, 39392],[2061, 39403],[2059, 39407],[2050, 39429],[2050, 39431],[2048, 39449],[2048, 39682],[2048, 39808],[2005, 39808],[2005, 39837],[2002, 39879],[1990, 39919],[1984, 39930],[1984, 39936],[1981, 39936],[1970, 39955],[1943, 39987],[1910, 40012],[1897, 40021],[1880, 40030],[1856, 40042],[1856, 40064],[1817, 40064],[1816, 40065],[1808, 40068],[1796, 40076],[1793, 40079],[1792, 40081],[1792, 40128],[1761, 40128],[1759, 40130],[1758, 40134],[1740, 40166],[1728, 40181],[1728, 40192],[1719, 40192],[1717, 40195],[1689, 40219],[1657, 40237],[1622, 40250],[1600, 40253],[1600, 40256],[1576, 40256],[1572, 40256],[1549, 40261],[1539, 40266],[1537, 40267],[1536, 40269],[1536, 40320],[1507, 40320],[1506, 40321],[1506, 40322],[1507, 40351],[1509, 40360]],[[4603, 37718],[4610, 37716],[4645, 37709],[4681, 37709],[4695, 37710],[4733, 37710],[4785, 37716],[4814, 37724],[4824, 37727],[4838, 37731],[4841, 37732],[4846, 37734],[4861, 37739],[4874, 37745],[4890, 37752],[4924, 37760],[4934, 37762],[4942, 37762],[5007, 37764],[5044, 37768],[5080, 37780],[5113, 37797],[5142, 37821],[5166, 37849],[5185, 37881],[5197, 37916],[5199, 37927],[5202, 37941],[5206, 37978],[5203, 38014],[5194, 38050],[5179, 38083],[5157, 38113],[5131, 38138],[5129, 38140],[5115, 38151],[5104, 38165],[5076, 38192],[5043, 38213],[5007, 38227],[4969, 38234],[4930, 38233],[4893, 38226],[4883, 38223],[4870, 38218],[4852, 38212],[4820, 38201],[4798, 38194],[4753, 38180],[4752, 38180],[4733, 38173],[4724, 38169],[4714, 38164],[4674, 38147],[4656, 38139],[4649, 38136],[4640, 38132],[4619, 38122],[4605, 38116],[4601, 38115],[4566, 38100],[4535, 38079],[4508, 38053],[4486, 38021],[4471, 37987],[4467, 37974],[4459, 37936],[4458, 37897],[4464, 37859],[4478, 37822],[4499, 37789],[4526, 37760],[4558, 37738],[4559, 37737],[4576, 37728],[4603, 37718]],[[4775, 38766],[4740, 38747],[4710, 38721],[4685, 38689],[4667, 38654],[4657, 38615],[4654, 38575],[4660, 38536],[4673, 38498],[4693, 38464],[4720, 38434],[4752, 38410],[4788, 38393],[4807, 38387],[4823, 38381],[4861, 38373],[4900, 38372],[4938, 38379],[4975, 38393],[5008, 38414],[5036, 38440],[5059, 38472],[5075, 38508],[5084, 38546],[5085, 38585],[5085, 38589],[5079, 38627],[5066, 38662],[5047, 38695],[5022, 38723],[4992, 38746],[4958, 38763],[4922, 38774],[4892, 38779],[4853, 38783],[4813, 38779],[4775, 38766]],[[4751, 37316],[4742, 37297],[4710, 37248],[4749, 37218],[4771, 37193],[4776, 37203],[4826, 37268],[4889, 37321],[4961, 37360],[5039, 37384],[5121, 37392],[5130, 37392],[5134, 37393],[5182, 37414],[5267, 37439],[5284, 37443],[5285, 37443],[5321, 37452],[5392, 37464],[5401, 37464],[5402, 37484],[5403, 37490],[5421, 37563],[5453, 37631],[5482, 37671],[5460, 37687],[5406, 37747],[5371, 37808],[5367, 37798],[5330, 37733],[5281, 37676],[5223, 37630],[5157, 37595],[5086, 37572],[5012, 37563],[4960, 37562],[4955, 37561],[4954, 37561],[4937, 37554],[4908, 37543],[4903, 37541],[4886, 37536],[4865, 37530],[4836, 37522],[4795, 37517],[4797, 37478],[4783, 37395],[4751, 37316]],[[5483, 35832],[5467, 35814],[5469, 35800],[5470, 35721],[5454, 35643],[5448, 35623],[5448, 35611],[5445, 35554],[5443, 35541],[5465, 35526],[5470, 35522],[5481, 35514],[5508, 35516],[5550, 35516],[5557, 35518],[5564, 35520],[5570, 35524],[5574, 35528],[5579, 35532],[5645, 35583],[5720, 35619],[5800, 35639],[5834, 35643],[5889, 35651],[5910, 35653],[5930, 35654],[5936, 35654],[5948, 35657],[5952, 35658],[5979, 35663],[5986, 35664],[6039, 35674],[6065, 35678],[6080, 35681],[6117, 35687],[6101, 35713],[6074, 35791],[6064, 35835],[6061, 35851],[6040, 35877],[5997, 35942],[5967, 36013],[5953, 36080],[5901, 36054],[5826, 36033],[5747, 36027],[5706, 36031],[5695, 36019],[5638, 35975],[5628, 35969],[5588, 35946],[5583, 35944],[5541, 35928],[5538, 35922],[5501, 35857],[5483, 35832]],[[7054, 35606],[7055, 35606],[7074, 35598],[7099, 35587],[7106, 35585],[7113, 35582],[7116, 35582],[7152, 35579],[7191, 35574],[7219, 35570],[7253, 35563],[7280, 35556],[7281, 35556],[7356, 35529],[7424, 35487],[7482, 35434],[7529, 35369],[7562, 35297],[7580, 35220],[7581, 35211],[7584, 35130],[7577, 35088],[7591, 35089],[7638, 35091],[7666, 35092],[7745, 35086],[7820, 35064],[7890, 35028],[7952, 34979],[8003, 34919],[8022, 34891],[8023, 34890],[8067, 34823],[8097, 34748],[8111, 34669],[8109, 34588],[8091, 34510],[8058, 34437],[8035, 34405],[8089, 34357],[8135, 34294],[8168, 34224],[8187, 34148],[8192, 34070],[8189, 34051],[8221, 34034],[8278, 33986],[8326, 34023],[8333, 34027],[8349, 34036],[8356, 34045],[8372, 34065],[8414, 34110],[8424, 34119],[8435, 34128],[8499, 34174],[8569, 34206],[8645, 34223],[8671, 34224],[8676, 34232],[8632, 34267],[8583, 34323],[8545, 34388],[8519, 34458],[8507, 34532],[8507, 34533],[8475, 34590],[8450, 34664],[8440, 34741],[8446, 34819],[8466, 34895],[8500, 34965],[8548, 35027],[8604, 35077],[8606, 35095],[8607, 35098],[8621, 35163],[8623, 35170],[8628, 35187],[8633, 35209],[8639, 35236],[8647, 35267],[8650, 35286],[8649, 35292],[8644, 35311],[8642, 35316],[8638, 35320],[8628, 35332],[8583, 35394],[8582, 35393],[8569, 35411],[8567, 35413],[8559, 35420],[8542, 35432],[8527, 35443],[8483, 35482],[8469, 35496],[8463, 35501],[8455, 35509],[8410, 35558],[8375, 35613],[8352, 35655],[8350, 35659],[8345, 35663],[8316, 35686],[8302, 35697],[8260, 35736],[8230, 35679],[8183, 35621],[8126, 35572],[8060, 35534],[7989, 35510],[7915, 35499],[7839, 35502],[7766, 35520],[7764, 35520],[7763, 35520],[7682, 35522],[7604, 35539],[7530, 35572],[7465, 35619],[7440, 35647],[7396, 35648],[7326, 35663],[7261, 35690],[7201, 35728],[7186, 35740],[7180, 35744],[7176, 35747],[7171, 35750],[7092, 35811],[7079, 35823],[7061, 35837],[7050, 35846],[7022, 35867],[7018, 35870],[7007, 35830],[7003, 35816],[6976, 35748],[6938, 35686],[6912, 35658],[6970, 35645],[7049, 35609],[7054, 35606]],[[8312, 33251],[8328, 33255],[8340, 33262],[8341, 33261],[8374, 33279],[8321, 33303],[8312, 33310],[8313, 33296],[8309, 33251],[8312, 33251]],[[7817, 39439],[7813, 39446],[7803, 39471],[7791, 39501],[7788, 39510],[7788, 39511],[7783, 39520],[7777, 39533],[7775, 39535],[7773, 39538],[7749, 39573],[7736, 39594],[7730, 39605],[7683, 39660],[7646, 39728],[7622, 39801],[7612, 39878],[7618, 39955],[7625, 39980],[7602, 39969],[7584, 39962],[7576, 39957],[7561, 39948],[7560, 39947],[7552, 39942],[7550, 39940],[7542, 39932],[7526, 39914],[7481, 39868],[7454, 39843],[7442, 39833],[7411, 39807],[7396, 39770],[7354, 39704],[7300, 39648],[7236, 39603],[7223, 39596],[7201, 39585],[7193, 39582],[7211, 39510],[7215, 39476],[7216, 39466],[7219, 39451],[7222, 39438],[7225, 39428],[7237, 39355],[7236, 39281],[7224, 39222],[7224, 39220],[7223, 39213],[7223, 39203],[7226, 39162],[7227, 39138],[7226, 39099],[7225, 39046],[7224, 38927],[7225, 38913],[7226, 38884],[7228, 38860],[7227, 38785],[7212, 38711],[7184, 38642],[7175, 38625],[7168, 38612],[7165, 38606],[7150, 38583],[7149, 38578],[7148, 38546],[7147, 38523],[7145, 38508],[7145, 38505],[7148, 38484],[7149, 38466],[7151, 38447],[7153, 38374],[7142, 38301],[7131, 38269],[7164, 38272],[7244, 38263],[7320, 38238],[7389, 38198],[7423, 38169],[7420, 38201],[7427, 38278],[7449, 38352],[7484, 38420],[7532, 38480],[7536, 38484],[7539, 38488],[7548, 38502],[7561, 38519],[7566, 38528],[7580, 38550],[7591, 38566],[7638, 38617],[7636, 38645],[7638, 38705],[7647, 38756],[7648, 38766],[7647, 38767],[7644, 38788],[7640, 38820],[7639, 38834],[7637, 38874],[7636, 38894],[7639, 38976],[7659, 39057],[7695, 39131],[7745, 39196],[7808, 39250],[7880, 39290],[7917, 39301],[7900, 39315],[7853, 39373],[7817, 39439]],[[7721, 39981],[7718, 39984],[7720, 39980],[7721, 39981]]],[[[12982, 36160],[12923, 36160],[12800, 36160],[12800, 36288],[12864, 36288],[12864, 36355],[12923, 36361],[12940, 36361],[12978, 36378],[13052, 36396],[13128, 36401],[13184, 36393],[13184, 36352],[13120, 36352],[13120, 36224],[12992, 36224],[12992, 36162],[12989, 36161],[12982, 36160]]],[[[12734, 36032],[12672, 36032],[12672, 35909],[12672, 35907],[12669, 35904],[12608, 35904],[12608, 35840],[12544, 35840],[12544, 35776],[12480, 35776],[12480, 35712],[12607, 35712],[12608, 35701],[12608, 35658],[12607, 35650],[12606, 35648],[12544, 35648],[12544, 35525],[12543, 35521],[12534, 35520],[12426, 35520],[12417, 35521],[12416, 35523],[12416, 35584],[12355, 35584],[12353, 35585],[12352, 35587],[12352, 35648],[12290, 35648],[12288, 35649],[12288, 35712],[12224, 35712],[12224, 35776],[12032, 35776],[12032, 35840],[11971, 35840],[12030, 35868],[12106, 35887],[12183, 35891],[12260, 35880],[12334, 35854],[12401, 35815],[12408, 35810],[12416, 35857],[12442, 35927],[12480, 35990],[12489, 36003],[12500, 36039],[12531, 36097],[12570, 36150],[12571, 36151],[12604, 36204],[12654, 36258],[12672, 36271],[12672, 36096],[12736, 36096],[12736, 36035],[12736, 36034],[12734, 36032]]],[[[11965, 35520],[11904, 35520],[11904, 35459],[11903, 35457],[11894, 35456],[11594, 35456],[11584, 35457],[11584, 35520],[11648, 35520],[11648, 35659],[11712, 35659],[11712, 35648],[11776, 35648],[11776, 35584],[11904, 35584],[11904, 35648],[11968, 35648],[11968, 35527],[11966, 35521],[11965, 35520]]],[[[8833, 33599],[8834, 33600],[8896, 33600],[8896, 33742],[8898, 33792],[8960, 33792],[8960, 33829],[8996, 33822],[9021, 33820],[9061, 33818],[9100, 33812],[9110, 33810],[9121, 33809],[9149, 33803],[9194, 33789],[9215, 33780],[9227, 33774],[9240, 33766],[9254, 33757],[9262, 33751],[9308, 33711],[9348, 33674],[9357, 33664],[9368, 33647],[9377, 33623],[9379, 33609],[9380, 33600],[9378, 33582],[9376, 33576],[9369, 33557],[9363, 33547],[9361, 33545],[9359, 33542],[9353, 33537],[9344, 33536],[9344, 33600],[9280, 33600],[9280, 33536],[9216, 33536],[9216, 33475],[9212, 33472],[9152, 33472],[9152, 33411],[9151, 33409],[9142, 33408],[8879, 33408],[8852, 33411],[8832, 33410],[8832, 33592],[8832, 33593],[8833, 33599]]],[[[11177, 35581],[11240, 35633],[11264, 35646],[11264, 35584],[11200, 35584],[11200, 35456],[11093, 35456],[11125, 35518],[11177, 35581]]],[[[11328, 35676],[11328, 35648],[11268, 35648],[11313, 35671],[11328, 35676]]],[[[12736, 36313],[12736, 36288],[12695, 36288],[12713, 36302],[12736, 36313]]],[[[4951, 35926],[4937, 35924],[4855, 35924],[4842, 35925],[4827, 35928],[4802, 35931],[4782, 35934],[4771, 35937],[4764, 35940],[4755, 35942],[4742, 35946],[4723, 35950],[4708, 35953],[4691, 35960],[4682, 35964],[4665, 35971],[4651, 35977],[4641, 35981],[4600, 35992],[4557, 35995],[4541, 35995],[4528, 35996],[4522, 36001],[4519, 36005],[4517, 36010],[4511, 36039],[4508, 36047],[4506, 36060],[4507, 36084],[4508, 36087],[4509, 36092],[4517, 36114],[4520, 36119],[4522, 36122],[4523, 36124],[4534, 36138],[4551, 36164],[4552, 36167],[4560, 36184],[4561, 36186],[4566, 36194],[4574, 36204],[4577, 36206],[4597, 36216],[4640, 36245],[4654, 36254],[4661, 36255],[4666, 36254],[4686, 36242],[4718, 36226],[4752, 36216],[4763, 36214],[4770, 36211],[4803, 36185],[4835, 36164],[4870, 36149],[4907, 36141],[4944, 36140],[4939, 36107],[4941, 36066],[4951, 36026],[4968, 35989],[4974, 35980],[4977, 35976],[4980, 35970],[4997, 35946],[4973, 35936],[4959, 35928],[4951, 35926]]]]},"properties":{"objectType":"annotation","name":"B15XO_A1 Inner Rim 100 µm","color":[200, 100, 100],"classification":{"name":"Inner Rim","color":[5, 170, 172]}}},{"type":"Feature","id":"04e256ba-04af-4bce-9437-f33e549c7ffd","geometry":{"type":"Polygon","coordinates":[[[8640, 11012],[8642, 11055],[8643, 11058],[8656, 11099],[8662, 11110],[8685, 11148],[8708, 11174],[8724, 11194],[8748, 11216],[8792, 11242],[8828, 11269],[8856, 11303],[8873, 11327],[8898, 11360],[8905, 11369],[8926, 11399],[8939, 11420],[8952, 11436],[8974, 11463],[8998, 11488],[9015, 11502],[9055, 11526],[9061, 11529],[9083, 11539],[9095, 11545],[9108, 11553],[9120, 11560],[9126, 11563],[9147, 11578],[9176, 11603],[9194, 11616],[9212, 11630],[9228, 11645],[9245, 11658],[9259, 11669],[9260, 11670],[9269, 11680],[9282, 11693],[9289, 11701],[9323, 11740],[9334, 11755],[9348, 11773],[9363, 11793],[9388, 11830],[9405, 11864],[9418, 11894],[9425, 11927],[9434, 11992],[9436, 12004],[9438, 12034],[9439, 12053],[9444, 12089],[9452, 12116],[9467, 12151],[9475, 12170],[9499, 12213],[9510, 12237],[9526, 12278],[9546, 12318],[9562, 12352],[9590, 12418],[9615, 12482],[9631, 12519],[9644, 12548],[9664, 12586],[9688, 12623],[9704, 12651],[9715, 12675],[9753, 12756],[9763, 12771],[9778, 12789],[9812, 12819],[9824, 12827],[9864, 12845],[9880, 12853],[9930, 12881],[9942, 12888],[9957, 12897],[9984, 12912],[10019, 12928],[10050, 12947],[10099, 12982],[10126, 13004],[10139, 13018],[10146, 13024],[10168, 13040],[10195, 13055],[10220, 13064],[10256, 13070],[10279, 13070],[10325, 13077],[10336, 13079],[10390, 13086],[10421, 13089],[10442, 13092],[10472, 13098],[10509, 13104],[10543, 13107],[10711, 13106],[10737, 13103],[10764, 13097],[10819, 13075],[10849, 13060],[10870, 13047],[10885, 13035],[10912, 13013],[10925, 13001],[10956, 12965],[10964, 12956],[10974, 12946],[10994, 12927],[11011, 12914],[11022, 12906],[11054, 12884],[11091, 12860],[11120, 12844],[11159, 12824],[11196, 12797],[11231, 12777],[11269, 12764],[11308, 12759],[11348, 12762],[11387, 12773],[11422, 12791],[11454, 12816],[11479, 12846],[11498, 12881],[11507, 12901],[11533, 12947],[11554, 12980],[11586, 13016],[11604, 13039],[11619, 13066],[11636, 13104],[11645, 13118],[11660, 13136],[11700, 13172],[11712, 13180],[11735, 13191],[11793, 13205],[11827, 13212],[11852, 13214],[11866, 13213],[11899, 13215],[11932, 13222],[11963, 13234],[11969, 13237],[12005, 13260],[12036, 13291],[12059, 13327],[12060, 13330],[12066, 13343],[12089, 13399],[12126, 13464],[12146, 13501],[12154, 13519],[12158, 13531],[12167, 13549],[12175, 13565],[12186, 13587],[12197, 13604],[12214, 13624],[12224, 13634],[12258, 13659],[12284, 13679],[12297, 13688],[12320, 13706],[12333, 13719],[12364, 13743],[12391, 13769],[12402, 13782],[12409, 13791],[12462, 13859],[12475, 13878],[12491, 13906],[12514, 13935],[12526, 13947],[12539, 13960],[12572, 13985],[12582, 13993],[12594, 14004],[12610, 14020],[12632, 14046],[12649, 14075],[12659, 14097],[12682, 14130],[12706, 14159],[12727, 14180],[12756, 14203],[12783, 14228],[12804, 14257],[12817, 14279],[12853, 14332],[12868, 14351],[12874, 14358],[12885, 14370],[12908, 14397],[12922, 14417],[12941, 14446],[12958, 14468],[12981, 14490],[13017, 14511],[13049, 14535],[13075, 14564],[13102, 14601],[13129, 14629],[13149, 14646],[13172, 14661],[13203, 14682],[13227, 14693],[13263, 14716],[13293, 14746],[13308, 14765],[13333, 14791],[13352, 14807],[13379, 14824],[13407, 14840],[13430, 14852],[13490, 14876],[13554, 14897],[13585, 14907],[13624, 14920],[13659, 14931],[13673, 14936],[13717, 14954],[13764, 14973],[13819, 14991],[13845, 15000],[13907, 15016],[13954, 15026],[14002, 15032],[14034, 15038],[14047, 15040],[14105, 15049],[14117, 15051],[14153, 15058],[14196, 15062],[14207, 15063],[14233, 15066],[14307, 15067],[14345, 15063],[14357, 15062],[14374, 15061],[14405, 15057],[14429, 15055],[14610, 15054],[14624, 15054],[14641, 15055],[14841, 15054],[14867, 15051],[14883, 15049],[14897, 15049],[14927, 15045],[14945, 15043],[14965, 15042],[14994, 15039],[15027, 15031],[15060, 15021],[15077, 15014],[15098, 15007],[15116, 15002],[15158, 14986],[15174, 14981],[15180, 14980],[15238, 14961],[15251, 14958],[15278, 14951],[15308, 14942],[15337, 14931],[15352, 14927],[15397, 14914],[15426, 14906],[15458, 14896],[15469, 14893],[15479, 14890],[15558, 14858],[15580, 14849],[15629, 14823],[15676, 14794],[15718, 14774],[15736, 14768],[15785, 14752],[15830, 14739],[15862, 14729],[15885, 14722],[15904, 14715],[15974, 14687],[16009, 14668],[16019, 14663],[16052, 14648],[16068, 14638],[16088, 14628],[16096, 14624],[16148, 14603],[16175, 14588],[16212, 14562],[16260, 14529],[16277, 14519],[16301, 14506],[16324, 14490],[16385, 14437],[16409, 14417],[16455, 14372],[16468, 14361],[16487, 14345],[16515, 14318],[16529, 14305],[16539, 14298],[16548, 14291],[16556, 14285],[16590, 14261],[16620, 14240],[16642, 14221],[16671, 14198],[16688, 14184],[16720, 14154],[16733, 14142],[16765, 14106],[16773, 14094],[16786, 14065],[16801, 14019],[16811, 13977],[16826, 13935],[16849, 13897],[16854, 13891],[16869, 13874],[16921, 13822],[16942, 13795],[16955, 13780],[16983, 13755],[17014, 13736],[17048, 13722],[17084, 13715],[17121, 13714],[17158, 13721],[17192, 13734],[17233, 13753],[17243, 13758],[17297, 13788],[17313, 13798],[17331, 13811],[17349, 13821],[17428, 13860],[17464, 13874],[17522, 13898],[17570, 13916],[17615, 13930],[17646, 13935],[17678, 13939],[17691, 13940],[17786, 13939],[17812, 13936],[17844, 13931],[17874, 13928],[17930, 13927],[17995, 13920],[18026, 13913],[18076, 13898],[18097, 13892],[18145, 13883],[18181, 13874],[18209, 13865],[18254, 13844],[18283, 13827],[18326, 13798],[18355, 13771],[18358, 13768],[18369, 13751],[18400, 13686],[18407, 13665],[18413, 13623],[18414, 13609],[18412, 13583],[18403, 13543],[18398, 13524],[18392, 13502],[18379, 13465],[18361, 13428],[18328, 13357],[18304, 13323],[18297, 13312],[18279, 13283],[18241, 13230],[18220, 13193],[18207, 13152],[18203, 13110],[18208, 13067],[18222, 13027],[18267, 12930],[18279, 12903],[18287, 12877],[18292, 12857],[18300, 12822],[18307, 12798],[18312, 12786],[18326, 12733],[18336, 12702],[18344, 12682],[18347, 12673],[18368, 12637],[18396, 12606],[18442, 12565],[18482, 12531],[18499, 12513],[18521, 12487],[18535, 12471],[18552, 12454],[18566, 12439],[18580, 12424],[18593, 12413],[18600, 12406],[18611, 12392],[18633, 12370],[18654, 12352],[18660, 12346],[18678, 12322],[18690, 12303],[18708, 12264],[18717, 12229],[18719, 12205],[18719, 12127],[18723, 12088],[18734, 12050],[18753, 12015],[18778, 11985],[18808, 11960],[18843, 11941],[18880, 11930],[18919, 11926],[18958, 11930],[18996, 11941],[19031, 11960],[19095, 12002],[19114, 12017],[19138, 12037],[19167, 12056],[19177, 12063],[19185, 12069],[19216, 12090],[19261, 12118],[19304, 12147],[19354, 12175],[19386, 12194],[19437, 12223],[19449, 12230],[19482, 12251],[19515, 12278],[19541, 12311],[19560, 12348],[19571, 12389],[19580, 12445],[19581, 12456],[19583, 12473],[19586, 12508],[19590, 12538],[19600, 12571],[19618, 12615],[19625, 12625],[19664, 12668],[19673, 12678],[19690, 12700],[19703, 12713],[19712, 12721],[19725, 12732],[19744, 12748],[19770, 12776],[19790, 12808],[19803, 12843],[19810, 12880],[19810, 12918],[19803, 12955],[19789, 12990],[19778, 13011],[19767, 13041],[19748, 13093],[19729, 13160],[19724, 13181],[19722, 13191],[19720, 13239],[19725, 13292],[19725, 13327],[19718, 13362],[19712, 13387],[19707, 13414],[19697, 13451],[19681, 13484],[19658, 13515],[19619, 13558],[19609, 13572],[19587, 13619],[19575, 13648],[19566, 13678],[19562, 13696],[19555, 13727],[19553, 13755],[19554, 13879],[19561, 13924],[19562, 13934],[19575, 13978],[19586, 14005],[19613, 14065],[19630, 14105],[19646, 14135],[19662, 14162],[19672, 14179],[19711, 14262],[19717, 14274],[19728, 14302],[19740, 14327],[19745, 14339],[19749, 14349],[19777, 14417],[19807, 14483],[19813, 14500],[19820, 14519],[19850, 14593],[19866, 14634],[19891, 14681],[19905, 14700],[19921, 14716],[19932, 14726],[19956, 14741],[19977, 14756],[19981, 14760],[19992, 14770],[20023, 14800],[20050, 14832],[20069, 14869],[20080, 14909],[20083, 14951],[20077, 14993],[20064, 15045],[20062, 15068],[20063, 15130],[20069, 15169],[20075, 15186],[20095, 15230],[20120, 15266],[20132, 15281],[20144, 15294],[20171, 15320],[20184, 15333],[20200, 15350],[20209, 15360],[20225, 15377],[20241, 15398],[20250, 15410],[20269, 15431],[20287, 15447],[20319, 15466],[20341, 15474],[20379, 15480],[20393, 15481],[20414, 15479],[20450, 15470],[20475, 15459],[20479, 15456],[20480, 15456],[20480, 15455],[20480, 15424],[20527, 15424],[20541, 15414],[20543, 15412],[20543, 15411],[20544, 15406],[20544, 15232],[20836, 15232],[20842, 15231],[20860, 15226],[20863, 15224],[20864, 15223],[20864, 15168],[21046, 15168],[21055, 15167],[21056, 15165],[21056, 15104],[21117, 15104],[21120, 15102],[21120, 15040],[21184, 15040],[21184, 14976],[21312, 14976],[21312, 15039],[21327, 15040],[21504, 15040],[21504, 15165],[21505, 15167],[21514, 15168],[21654, 15168],[21665, 15165],[21714, 15142],[21729, 15132],[21750, 15114],[21760, 15104],[21760, 14976],[21824, 14976],[21824, 14912],[21888, 14912],[21888, 14976],[21952, 14976],[21952, 15040],[22016, 15040],[22016, 15076],[22062, 15100],[22069, 15103],[22080, 15104],[22208, 15104],[22208, 15125],[22246, 15127],[22258, 15128],[22306, 15134],[22322, 15137],[22435, 15140],[22451, 15141],[22491, 15145],[22528, 15145],[22528, 15104],[22642, 15104],[22655, 15103],[22656, 15101],[22656, 15040],[22717, 15040],[22719, 15039],[22720, 15030],[22720, 14912],[22767, 14912],[22772, 14897],[22776, 14880],[22779, 14862],[22783, 14834],[22784, 14832],[22784, 14784],[22800, 14784],[22801, 14779],[22819, 14743],[22839, 14711],[22853, 14693],[22869, 14671],[22875, 14662],[22877, 14659],[22889, 14646],[22908, 14626],[22934, 14591],[22940, 14580],[22964, 14538],[22969, 14529],[22976, 14519],[22984, 14507],[22990, 14498],[23022, 14456],[23041, 14431],[23048, 14422],[23077, 14389],[23086, 14376],[23097, 14352],[23106, 14316],[23108, 14296],[23108, 14294],[23101, 14255],[23091, 14227],[23088, 14221],[23079, 14207],[23053, 14179],[23019, 14159],[22997, 14151],[22967, 14146],[22916, 14148],[22881, 14147],[22876, 14146],[22827, 14139],[22815, 14137],[22805, 14135],[22777, 14132],[22762, 14129],[22715, 14121],[22701, 14118],[22672, 14110],[22651, 14105],[22601, 14093],[22577, 14086],[22540, 14072],[22506, 14051],[22478, 14024],[22455, 13991],[22439, 13955],[22428, 13923],[22415, 13894],[22406, 13880],[22390, 13862],[22348, 13822],[22314, 13803],[22307, 13800],[22271, 13781],[22240, 13755],[22215, 13724],[22196, 13688],[22185, 13650],[22182, 13609],[22187, 13570],[22200, 13531],[22235, 13453],[22265, 13384],[22295, 13306],[22310, 13275],[22344, 13218],[22354, 13200],[22359, 13192],[22399, 13120],[22423, 13081],[22452, 13037],[22463, 13017],[22464, 13002],[22464, 12864],[22526, 12864],[22527, 12862],[22528, 12854],[22528, 12759],[22528, 12672],[22548, 12672],[22550, 12668],[22558, 12652],[22568, 12624],[22574, 12586],[22575, 12578],[22573, 12556],[22562, 12512],[22556, 12487],[22554, 12476],[22549, 12454],[22540, 12416],[22528, 12416],[22528, 12349],[22522, 12267],[22521, 12254],[22520, 12177],[22516, 12145],[22511, 12126],[22503, 12103],[22500, 12097],[22500, 12096],[22464, 12096],[22464, 12037],[22462, 12033],[22454, 12032],[22336, 12032],[22336, 12096],[22208, 12096],[22208, 12160],[22170, 12160],[22236, 12198],[22309, 12222],[22320, 12224],[22320, 12256],[22322, 12282],[22329, 12373],[22338, 12435],[22353, 12496],[22357, 12515],[22361, 12536],[22368, 12561],[22371, 12576],[22371, 12578],[22340, 12661],[22327, 12748],[22326, 12796],[22319, 12806],[22288, 12871],[22269, 12942],[22267, 12952],[22256, 12969],[22224, 13022],[22182, 13096],[22178, 13104],[22169, 13119],[22137, 13173],[22108, 13234],[22079, 13308],[22051, 13372],[22017, 13449],[21993, 13520],[21982, 13594],[21985, 13669],[22002, 13742],[22033, 13810],[22075, 13872],[22129, 13925],[22191, 13966],[22236, 13991],[22239, 13994],[22242, 13998],[22248, 14017],[22280, 14090],[22326, 14155],[22384, 14210],[22451, 14252],[22525, 14280],[22554, 14288],[22604, 14300],[22623, 14304],[22650, 14312],[22678, 14318],[22725, 14327],[22755, 14331],[22774, 14333],[22775, 14333],[22799, 14337],[22847, 14344],[22854, 14345],[22830, 14377],[22817, 14395],[22809, 14407],[22800, 14420],[22790, 14438],[22773, 14467],[22750, 14501],[22744, 14507],[22721, 14534],[22719, 14537],[22706, 14553],[22691, 14574],[22678, 14591],[22639, 14654],[22621, 14690],[22586, 14800],[22581, 14828],[22580, 14830],[22550, 14888],[22540, 14920],[22531, 14922],[22484, 14942],[22471, 14941],[22440, 14939],[22339, 14936],[22330, 14935],[22282, 14929],[22258, 14927],[22250, 14927],[22198, 14912],[22139, 14904],[22116, 14903],[22101, 14894],[22032, 14863],[21959, 14846],[21884, 14843],[21810, 14853],[21739, 14878],[21674, 14915],[21617, 14963],[21616, 14964],[21612, 14966],[21608, 14966],[21575, 14933],[21508, 14888],[21434, 14857],[21355, 14841],[21315, 14837],[21315, 14838],[21289, 14834],[21213, 14838],[21139, 14856],[21070, 14887],[21009, 14931],[20964, 14970],[20963, 14971],[20917, 14977],[20849, 14998],[20788, 15030],[20733, 15031],[20659, 15040],[20588, 15062],[20523, 15097],[20465, 15143],[20416, 15199],[20384, 15255],[20381, 15252],[20350, 15217],[20345, 15212],[20334, 15200],[20308, 15173],[20287, 15154],[20287, 15153],[20264, 15118],[20263, 15112],[20263, 15077],[20272, 15042],[20284, 14959],[20278, 14876],[20255, 14795],[20216, 14720],[20163, 14656],[20132, 14626],[20110, 14606],[20106, 14603],[20064, 14572],[20059, 14569],[20048, 14548],[20036, 14519],[20008, 14448],[20002, 14432],[19989, 14400],[19961, 14338],[19935, 14274],[19931, 14264],[19921, 14240],[19912, 14221],[19903, 14199],[19892, 14175],[19853, 14092],[19834, 14058],[19821, 14035],[19811, 14017],[19796, 13984],[19771, 13927],[19765, 13912],[19758, 13888],[19755, 13864],[19754, 13763],[19754, 13755],[19758, 13739],[19759, 13731],[19765, 13715],[19771, 13699],[19780, 13680],[19788, 13669],[19799, 13658],[19848, 13596],[19883, 13525],[19905, 13449],[19908, 13430],[19912, 13415],[19925, 13346],[19925, 13275],[19921, 13234],[19922, 13216],[19923, 13212],[19939, 13154],[19955, 13110],[19961, 13093],[19968, 13081],[19995, 13011],[20010, 12937],[20010, 12862],[19996, 12788],[19969, 12718],[19929, 12654],[19878, 12599],[19852, 12576],[19844, 12570],[19840, 12566],[19827, 12550],[19813, 12534],[19791, 12509],[19787, 12495],[19785, 12484],[19783, 12456],[19781, 12437],[19778, 12414],[19769, 12358],[19748, 12277],[19710, 12202],[19657, 12136],[19591, 12083],[19558, 12062],[19535, 12047],[19486, 12020],[19453, 12001],[19409, 11976],[19372, 11951],[19327, 11922],[19301, 11905],[19296, 11901],[19276, 11887],[19258, 11876],[19244, 11864],[19206, 11835],[19142, 11792],[19073, 11756],[18999, 11733],[18922, 11725],[18845, 11732],[18771, 11754],[18702, 11790],[18641, 11838],[18591, 11897],[18553, 11964],[18528, 12038],[18519, 12115],[18516, 12202],[18514, 12207],[18511, 12210],[18502, 12218],[18458, 12263],[18452, 12270],[18446, 12275],[18417, 12304],[18407, 12315],[18394, 12328],[18365, 12360],[18349, 12380],[18344, 12385],[18311, 12413],[18262, 12457],[18206, 12519],[18164, 12591],[18161, 12600],[18145, 12641],[18132, 12681],[18121, 12725],[18119, 12727],[18105, 12777],[18097, 12811],[18094, 12824],[18091, 12833],[18084, 12848],[18040, 12941],[18012, 13022],[18002, 13107],[18010, 13193],[18036, 13274],[18079, 13348],[18112, 13393],[18124, 13414],[18168, 13488],[18173, 13500],[18203, 13572],[18204, 13576],[18208, 13590],[18212, 13610],[18211, 13614],[18198, 13642],[18176, 13658],[18161, 13666],[18135, 13678],[18127, 13681],[18103, 13686],[18058, 13696],[18015, 13706],[17975, 13719],[17964, 13722],[17918, 13727],[17871, 13727],[17810, 13733],[17784, 13737],[17774, 13738],[17696, 13739],[17674, 13736],[17661, 13734],[17636, 13726],[17595, 13711],[17539, 13688],[17511, 13677],[17444, 13644],[17439, 13641],[17426, 13632],[17394, 13613],[17340, 13583],[17321, 13573],[17280, 13553],[17210, 13527],[17138, 13514],[17064, 13515],[16991, 13529],[16922, 13557],[16860, 13596],[16806, 13647],[16787, 13668],[16772, 13687],[16726, 13733],[16697, 13766],[16692, 13772],[16645, 13848],[16615, 13933],[16608, 13965],[16600, 13990],[16596, 13995],[16595, 13996],[16580, 14010],[16556, 14033],[16545, 14042],[16512, 14068],[16499, 14080],[16477, 14095],[16438, 14123],[16433, 14127],[16414, 14141],[16405, 14148],[16376, 14173],[16354, 14194],[16340, 14206],[16314, 14229],[16275, 14267],[16254, 14285],[16200, 14331],[16195, 14335],[16182, 14342],[16147, 14364],[16096, 14399],[16070, 14417],[16062, 14421],[16020, 14439],[16005, 14445],[15966, 14466],[15958, 14470],[15934, 14481],[15914, 14491],[15889, 14505],[15833, 14528],[15824, 14531],[15799, 14538],[15771, 14548],[15723, 14562],[15674, 14577],[15655, 14584],[15569, 14624],[15530, 14649],[15495, 14667],[15481, 14673],[15414, 14700],[15396, 14705],[15369, 14714],[15344, 14721],[15298, 14733],[15268, 14743],[15244, 14752],[15225, 14758],[15204, 14763],[15178, 14770],[15123, 14787],[15120, 14788],[15089, 14798],[15055, 14810],[15045, 14813],[15002, 14828],[14991, 14832],[14974, 14838],[14960, 14841],[14949, 14842],[14937, 14843],[14901, 14846],[14879, 14849],[14873, 14849],[14841, 14852],[14828, 14853],[14647, 14854],[14636, 14854],[14609, 14853],[14428, 14854],[14379, 14858],[14356, 14861],[14346, 14861],[14323, 14863],[14297, 14866],[14247, 14866],[14233, 14864],[14210, 14861],[14181, 14859],[14158, 14854],[14133, 14850],[14082, 14843],[14076, 14841],[14028, 14833],[13987, 14828],[13953, 14821],[13903, 14808],[13881, 14800],[13834, 14785],[13794, 14768],[13746, 14749],[13719, 14740],[13686, 14729],[13648, 14717],[13617, 14706],[13559, 14687],[13512, 14668],[13502, 14663],[13484, 14653],[13471, 14645],[13458, 14632],[13448, 14619],[13398, 14568],[13341, 14527],[13285, 14494],[13258, 14474],[13255, 14471],[13236, 14445],[13184, 14387],[13122, 14340],[13105, 14330],[13091, 14308],[13062, 14269],[13039, 14242],[13022, 14221],[13019, 14218],[13013, 14212],[12986, 14171],[12977, 14155],[12934, 14096],[12881, 14046],[12860, 14029],[12853, 14022],[12842, 14009],[12834, 13997],[12830, 13989],[12796, 13930],[12752, 13878],[12736, 13862],[12712, 13840],[12695, 13826],[12667, 13805],[12666, 13804],[12658, 13793],[12648, 13776],[12620, 13736],[12568, 13668],[12554, 13651],[12543, 13638],[12489, 13586],[12465, 13567],[12457, 13559],[12411, 13522],[12401, 13516],[12379, 13499],[12362, 13486],[12347, 13460],[12343, 13452],[12340, 13445],[12324, 13410],[12301, 13365],[12270, 13311],[12252, 13267],[12240, 13240],[12239, 13238],[12192, 13165],[12132, 13104],[12059, 13058],[12053, 13055],[11991, 13030],[11925, 13016],[11858, 13013],[11855, 13013],[11833, 13008],[11812, 13004],[11809, 12999],[11801, 12983],[11772, 12930],[11736, 12882],[11714, 12858],[11704, 12843],[11687, 12812],[11683, 12803],[11645, 12733],[11593, 12672],[11531, 12622],[11460, 12586],[11383, 12564],[11303, 12558],[11224, 12568],[11148, 12594],[11079, 12634],[11054, 12652],[11028, 12666],[10985, 12690],[10941, 12718],[10909, 12740],[10887, 12756],[10870, 12770],[10829, 12806],[10819, 12817],[10803, 12835],[10780, 12862],[10759, 12879],[10753, 12883],[10752, 12884],[10738, 12891],[10704, 12905],[10698, 12905],[10550, 12906],[10533, 12905],[10507, 12901],[10481, 12896],[10443, 12890],[10413, 12886],[10347, 12878],[10281, 12870],[10275, 12870],[10269, 12864],[10216, 12819],[10167, 12783],[10104, 12746],[10074, 12732],[10056, 12723],[10047, 12717],[10028, 12706],[9978, 12678],[9947, 12662],[9929, 12654],[9910, 12621],[9901, 12599],[9887, 12568],[9856, 12511],[9836, 12482],[9824, 12461],[9815, 12440],[9801, 12405],[9775, 12341],[9743, 12265],[9689, 12146],[9675, 12117],[9656, 12082],[9651, 12072],[9641, 12047],[9640, 12045],[9639, 12035],[9638, 12027],[9636, 11988],[9633, 11964],[9624, 11898],[9609, 11834],[9584, 11773],[9567, 11739],[9518, 11664],[9507, 11651],[9498, 11639],[9475, 11609],[9441, 11570],[9427, 11554],[9415, 11541],[9395, 11522],[9394, 11521],[9367, 11498],[9357, 11491],[9346, 11481],[9312, 11453],[9299, 11444],[9275, 11424],[9234, 11394],[9228, 11391],[9204, 11376],[9190, 11369],[9166, 11357],[9157, 11353],[9133, 11338],[9124, 11330],[9108, 11310],[9102, 11302],[9094, 11290],[9070, 11255],[9056, 11236],[9035, 11210],[9023, 11191],[8965, 11123],[8894, 11069],[8869, 11054],[8860, 11043],[8848, 11030],[8841, 11019],[8841, 11016],[8842, 11013],[8847, 11010],[8857, 11005],[8896, 10992],[8907, 10988],[8942, 10982],[9008, 10965],[9028, 10958],[9033, 10957],[9056, 10957],[9062, 10958],[9063, 10959],[9065, 10960],[9082, 10972],[9096, 10998],[9110, 11024],[9113, 11034],[9119, 11050],[9129, 11078],[9134, 11090],[9172, 11163],[9225, 11226],[9290, 11277],[9363, 11314],[9443, 11335],[9460, 11338],[9512, 11345],[9592, 11348],[9607, 11347],[9675, 11347],[9682, 11348],[9697, 11350],[9732, 11356],[9775, 11362],[9815, 11365],[9848, 11365],[9863, 11368],[9885, 11371],[9924, 11380],[9933, 11384],[9974, 11398],[10018, 11411],[10069, 11422],[10079, 11424],[10107, 11430],[10116, 11432],[10151, 11439],[10193, 11446],[10226, 11451],[10253, 11454],[10293, 11457],[10336, 11463],[10407, 11470],[10489, 11471],[10569, 11455],[10644, 11423],[10711, 11376],[10719, 11369],[10728, 11364],[10747, 11361],[10761, 11359],[10776, 11361],[10806, 11364],[10844, 11366],[10865, 11371],[10931, 11382],[10952, 11383],[10966, 11387],[10970, 11388],[11023, 11414],[11032, 11419],[11050, 11434],[11061, 11443],[11087, 11466],[11107, 11483],[11175, 11528],[11250, 11558],[11330, 11573],[11411, 11572],[11490, 11554],[11564, 11521],[11630, 11473],[11684, 11414],[11726, 11344],[11753, 11268],[11767, 11211],[11788, 11143],[11791, 11136],[11795, 11122],[11801, 11098],[11815, 11038],[11821, 11020],[11839, 10982],[11860, 10944],[11888, 10880],[11905, 10813],[11911, 10743],[11910, 10678],[11908, 10639],[11905, 10616],[11907, 10478],[11910, 10449],[11912, 10420],[11914, 10402],[11920, 10355],[11921, 10343],[11925, 10325],[11933, 10279],[11936, 10253],[11944, 10177],[11947, 10137],[11948, 10015],[11950, 9993],[11952, 9937],[11952, 9935],[11950, 9906],[11944, 9853],[11935, 9798],[11932, 9789],[11926, 9767],[11922, 9756],[11919, 9744],[11914, 9722],[11898, 9664],[11897, 9658],[11887, 9590],[11883, 9563],[11877, 9529],[11873, 9491],[11868, 9461],[11856, 9389],[11851, 9313],[11852, 9305],[11852, 9301],[11859, 9262],[11862, 9253],[11871, 9219],[11882, 9171],[11890, 9129],[11894, 9106],[11896, 9095],[11907, 9062],[11910, 9055],[11919, 9027],[11935, 8973],[11950, 8894],[11949, 8813],[11945, 8776],[11939, 8741],[11936, 8724],[11933, 8695],[11929, 8659],[11929, 8637],[11930, 8624],[11936, 8587],[11938, 8581],[11952, 8548],[11956, 8539],[11983, 8466],[11995, 8389],[11991, 8311],[11973, 8235],[11952, 8174],[11946, 8147],[11935, 8086],[11926, 8049],[11917, 8017],[11901, 7973],[11896, 7960],[11893, 7951],[11869, 7897],[11897, 7822],[11910, 7740],[11912, 7703],[11919, 7675],[11926, 7644],[11930, 7620],[11937, 7584],[11950, 7538],[11951, 7534],[11969, 7475],[11983, 7447],[12011, 7380],[12012, 7378],[12018, 7371],[12038, 7347],[12056, 7322],[12080, 7296],[12125, 7252],[12163, 7201],[12165, 7197],[12197, 7135],[12213, 7097],[12250, 7022],[12251, 7019],[12253, 7017],[12279, 6986],[12355, 6911],[12361, 6906],[12397, 6883],[12459, 6842],[12509, 6807],[12563, 6762],[12592, 6733],[12614, 6709],[12625, 6696],[12644, 6671],[12652, 6664],[12655, 6662],[12698, 6627],[12714, 6612],[12729, 6600],[12761, 6573],[12769, 6566],[12800, 6537],[12813, 6524],[12825, 6514],[12851, 6491],[12901, 6441],[12914, 6431],[12931, 6416],[12933, 6414],[12945, 6405],[12956, 6399],[12997, 6384],[13024, 6374],[13088, 6341],[13146, 6298],[13209, 6240],[13245, 6210],[13261, 6196],[13300, 6175],[13327, 6160],[13354, 6143],[13413, 6109],[13419, 6106],[13434, 6102],[13499, 6079],[13559, 6045],[13610, 6010],[13630, 5998],[13677, 5976],[13693, 5968],[13733, 5958],[13806, 5936],[13833, 5928],[13896, 5904],[13901, 5904],[14009, 5903],[14048, 5907],[14085, 5910],[14093, 5911],[14114, 5914],[14131, 5916],[14158, 5921],[14209, 5933],[14292, 5970],[14321, 5982],[14397, 6010],[14409, 6015],[14449, 6028],[14491, 6040],[14503, 6044],[14530, 6053],[14591, 6068],[14616, 6077],[14694, 6101],[14759, 6120],[14783, 6129],[14834, 6149],[14858, 6160],[14956, 6207],[14966, 6213],[14989, 6225],[14996, 6229],[15018, 6239],[15032, 6245],[15051, 6255],[15073, 6266],[15111, 6282],[15123, 6289],[15161, 6311],[15162, 6311],[15175, 6321],[15196, 6334],[15233, 6356],[15263, 6373],[15272, 6379],[15284, 6390],[15306, 6410],[15319, 6420],[15335, 6435],[15352, 6451],[15372, 6468],[15377, 6474],[15397, 6501],[15419, 6560],[15424, 6574],[15430, 6608],[15436, 6643],[15437, 6649],[15437, 6650],[15436, 6658],[15433, 6666],[15415, 6737],[15411, 6810],[15420, 6883],[15442, 6953],[15476, 7018],[15522, 7075],[15577, 7123],[15617, 7152],[15683, 7191],[15756, 7216],[15825, 7226],[15829, 7227],[15842, 7238],[15882, 7271],[15898, 7282],[15946, 7312],[15988, 7336],[16043, 7362],[16046, 7364],[16054, 7370],[16083, 7392],[16148, 7433],[16220, 7461],[16296, 7475],[16374, 7474],[16449, 7458],[16520, 7428],[16578, 7389],[16579, 7391],[16627, 7439],[16644, 7460],[16660, 7478],[16670, 7489],[16683, 7505],[16709, 7534],[16712, 7537],[16755, 7574],[16763, 7580],[16787, 7597],[16827, 7622],[16880, 7654],[16899, 7665],[16899, 7690],[16893, 7719],[16889, 7732],[16883, 7748],[16874, 7772],[16859, 7822],[16847, 7871],[16836, 7927],[16819, 7995],[16807, 8031],[16796, 8075],[16790, 8101],[16782, 8178],[16789, 8255],[16810, 8330],[16845, 8398],[16883, 8458],[16915, 8523],[16927, 8551],[16949, 8608],[16964, 8642],[16964, 8647],[16964, 8652],[16961, 8670],[16954, 8716],[16952, 8727],[16942, 8761],[16922, 8815],[16896, 8872],[16886, 8887],[16869, 8912],[16853, 8936],[16839, 8961],[16823, 8983],[16799, 9019],[16775, 9055],[16767, 9065],[16737, 9114],[16731, 9125],[16716, 9150],[16683, 9217],[16664, 9289],[16656, 9332],[16650, 9407],[16659, 9482],[16681, 9554],[16716, 9620],[16763, 9679],[16820, 9728],[16885, 9766],[16956, 9791],[17030, 9802],[17105, 9799],[17179, 9782],[17220, 9768],[17295, 9734],[17361, 9686],[17410, 9632],[17485, 9642],[17566, 9636],[17645, 9614],[17717, 9576],[17780, 9525],[17793, 9512],[17806, 9498],[17843, 9451],[17873, 9398],[17876, 9391],[17904, 9311],[17922, 9234],[17927, 9205],[17932, 9172],[17943, 9137],[17948, 9124],[17952, 9116],[17958, 9108],[17962, 9104],[18007, 9081],[18015, 9079],[18045, 9078],[18110, 9072],[18202, 9053],[18287, 9014],[18303, 9004],[18325, 8989],[18358, 8965],[18367, 8957],[18411, 8915],[18448, 8866],[18466, 8838],[18469, 8835],[18476, 8827],[18512, 8787],[18517, 8782],[18532, 8772],[18627, 8708],[18660, 8686],[18717, 8640],[18765, 8584],[18797, 8538],[18820, 8515],[18834, 8505],[18838, 8502],[18854, 8493],[18904, 8469],[18930, 8460],[18939, 8458],[19005, 8447],[19039, 8442],[19111, 8426],[19115, 8425],[19170, 8401],[19208, 8382],[19251, 8365],[19258, 8363],[19273, 8360],[19276, 8360],[19301, 8359],[19336, 8355],[19439, 8357],[19466, 8362],[19467, 8362],[19475, 8366],[19490, 8375],[19546, 8415],[19566, 8429],[19618, 8462],[19676, 8493],[19729, 8516],[19743, 8524],[19751, 8529],[19798, 8557],[19848, 8582],[19878, 8595],[19898, 8603],[19991, 8628],[20028, 8633],[20058, 8639],[20147, 8646],[20235, 8634],[20318, 8602],[20345, 8588],[20347, 8588],[20369, 8582],[20379, 8580],[20421, 8574],[20451, 8571],[20463, 8570],[20499, 8567],[20515, 8565],[20546, 8565],[20607, 8559],[20666, 8544],[20686, 8537],[20695, 8535],[20718, 8528],[20738, 8521],[20752, 8518],[20763, 8517],[20775, 8516],[20801, 8514],[20857, 8509],[20929, 8494],[20998, 8467],[21060, 8427],[21114, 8376],[21158, 8317],[21191, 8250],[21192, 8246],[21199, 8225],[21214, 8176],[21231, 8088],[21229, 8024],[21234, 8024],[21267, 8019],[21300, 8014],[21329, 8010],[21390, 7995],[21448, 7970],[21459, 7964],[21488, 7980],[21543, 8018],[21614, 8050],[21689, 8067],[21694, 8067],[21721, 8070],[21731, 8071],[21742, 8074],[21789, 8081],[21814, 8083],[21837, 8085],[21843, 8085],[21845, 8086],[21872, 8092],[21878, 8120],[21880, 8132],[21884, 8154],[21895, 8224],[21901, 8258],[21903, 8264],[21934, 8350],[21948, 8377],[21965, 8407],[21989, 8448],[22037, 8510],[22096, 8562],[22119, 8579],[22123, 8583],[22138, 8599],[22139, 8602],[22142, 8612],[22142, 8614],[22142, 8715],[22142, 8717],[22135, 8756],[22128, 8804],[22127, 8820],[22121, 8839],[22115, 8862],[22106, 8888],[22098, 8908],[22089, 8929],[22084, 8936],[22074, 8953],[22058, 8975],[22040, 9001],[22026, 9023],[22025, 9025],[22011, 9040],[21985, 9069],[21945, 9127],[21915, 9191],[21897, 9258],[21890, 9328],[21890, 9444],[21891, 9475],[21893, 9490],[21898, 9530],[21905, 9572],[21905, 9596],[21907, 9626],[21911, 9666],[21914, 9688],[21855, 9704],[21786, 9737],[21724, 9783],[21673, 9840],[21633, 9906],[21618, 9936],[21613, 9945],[21610, 9951],[21604, 9962],[21566, 10016],[21555, 10033],[21552, 10038],[21542, 10052],[21532, 10063],[21513, 10080],[21487, 10105],[21469, 10124],[21432, 10170],[21404, 10209],[21371, 10257],[21337, 10311],[21302, 10377],[21286, 10418],[21285, 10419],[21261, 10475],[21258, 10482],[21247, 10508],[21236, 10541],[21226, 10570],[21214, 10603],[21199, 10649],[21197, 10657],[21191, 10688],[21186, 10719],[21181, 10748],[21180, 10758],[21177, 10836],[21189, 10913],[21215, 10987],[21256, 11053],[21309, 11111],[21371, 11157],[21442, 11191],[21518, 11210],[21595, 11214],[21673, 11203],[21746, 11177],[21814, 11137],[21872, 11085],[21896, 11095],[21910, 11101],[21913, 11102],[21926, 11120],[21930, 11126],[21937, 11139],[21940, 11147],[21941, 11153],[21944, 11166],[21953, 11229],[21961, 11268],[21963, 11296],[21969, 11347],[21972, 11371],[21983, 11431],[21988, 11461],[21992, 11495],[21993, 11509],[21998, 11549],[22002, 11571],[22003, 11588],[22005, 11588],[22010, 11638],[22015, 11663],[22019, 11687],[22020, 11694],[22013, 11720],[22006, 11754],[21999, 11831],[22006, 11907],[22024, 11968],[22080, 11968],[22080, 11904],[22144, 11904],[22144, 11776],[22206, 11776],[22208, 11767],[22208, 11712],[22224, 11712],[22222, 11688],[22220, 11675],[22216, 11653],[22212, 11628],[22207, 11599],[22204, 11574],[22203, 11575],[22202, 11546],[22196, 11513],[22193, 11493],[22191, 11476],[22187, 11433],[22181, 11397],[22170, 11336],[22168, 11324],[22162, 11273],[22160, 11242],[22152, 11198],[22142, 11133],[22138, 11112],[22133, 11089],[22121, 11057],[22101, 11021],[22093, 11008],[22080, 11008],[22080, 10991],[22065, 10971],[22049, 10954],[22033, 10940],[21998, 10920],[21973, 10910],[21930, 10892],[21904, 10883],[21861, 10876],[21859, 10876],[21839, 10878],[21803, 10887],[21779, 10898],[21768, 10905],[21740, 10931],[21732, 10941],[21704, 10969],[21670, 10991],[21633, 11006],[21594, 11013],[21554, 11012],[21515, 11004],[21479, 10988],[21446, 10965],[21419, 10936],[21397, 10902],[21383, 10865],[21377, 10826],[21378, 10786],[21379, 10779],[21384, 10750],[21389, 10721],[21392, 10705],[21394, 10698],[21401, 10675],[21416, 10636],[21427, 10602],[21433, 10585],[21446, 10554],[21450, 10540],[21463, 10513],[21468, 10502],[21488, 10452],[21505, 10419],[21537, 10370],[21568, 10324],[21568, 10304],[21582, 10304],[21596, 10285],[21614, 10262],[21632, 10244],[21632, 10240],[21636, 10240],[21647, 10230],[21675, 10204],[21700, 10176],[21714, 10157],[21718, 10151],[21726, 10139],[21731, 10130],[21773, 10070],[21786, 10048],[21791, 10038],[21797, 10027],[21813, 9993],[21833, 9960],[21859, 9932],[21890, 9909],[21925, 9892],[21962, 9882],[21998, 9876],[22024, 9866],[22042, 9855],[22058, 9841],[22068, 9831],[22084, 9809],[22100, 9782],[22111, 9754],[22116, 9723],[22116, 9699],[22114, 9673],[22110, 9639],[22107, 9608],[22106, 9594],[22106, 9560],[22104, 9547],[22095, 9495],[22093, 9475],[22092, 9460],[22091, 9444],[22091, 9328],[22094, 9293],[22103, 9259],[22118, 9228],[22138, 9199],[22157, 9177],[22178, 9155],[22191, 9138],[22210, 9108],[22219, 9094],[22241, 9065],[22257, 9038],[22268, 9020],[22283, 8986],[22294, 8959],[22306, 8922],[22315, 8893],[22322, 8870],[22326, 8849],[22328, 8818],[22332, 8793],[22339, 8755],[22341, 8746],[22343, 8723],[22342, 8604],[22340, 8583],[22333, 8547],[22328, 8530],[22311, 8497],[22305, 8486],[22292, 8470],[22267, 8444],[22258, 8434],[22249, 8426],[22213, 8400],[22184, 8374],[22160, 8343],[22136, 8302],[22127, 8287],[22114, 8260],[22098, 8217],[22096, 8211],[22093, 8194],[22082, 8121],[22077, 8095],[22073, 8075],[22067, 8032],[22064, 8022],[22057, 8000],[22042, 7968],[22033, 7956],[22009, 7934],[21986, 7919],[21983, 7918],[21958, 7908],[21937, 7901],[21924, 7897],[21914, 7896],[21897, 7892],[21881, 7888],[21869, 7886],[21850, 7885],[21832, 7883],[21807, 7881],[21783, 7877],[21761, 7873],[21740, 7871],[21717, 7868],[21714, 7868],[21677, 7859],[21641, 7843],[21609, 7821],[21593, 7808],[21572, 7794],[21553, 7786],[21543, 7781],[21510, 7769],[21492, 7763],[21455, 7757],[21450, 7757],[21435, 7758],[21407, 7765],[21378, 7778],[21376, 7780],[21338, 7800],[21297, 7812],[21267, 7816],[21242, 7820],[21209, 7824],[21189, 7826],[21167, 7826],[21139, 7830],[21122, 7833],[21090, 7846],[21076, 7855],[21052, 7877],[21043, 7889],[21031, 7915],[21024, 7943],[21023, 7959],[21023, 7985],[21030, 8028],[21031, 8073],[21023, 8116],[21008, 8165],[21004, 8176],[21003, 8180],[20987, 8213],[20965, 8243],[20938, 8268],[20906, 8288],[20872, 8302],[20836, 8309],[20780, 8315],[20767, 8316],[20747, 8317],[20718, 8320],[20685, 8328],[20656, 8337],[20645, 8340],[20629, 8344],[20602, 8354],[20572, 8361],[20542, 8364],[20500, 8365],[20473, 8368],[20455, 8370],[20435, 8371],[20396, 8375],[20348, 8382],[20326, 8386],[20282, 8397],[20260, 8406],[20226, 8424],[20185, 8440],[20141, 8446],[20096, 8442],[20061, 8435],[20019, 8429],[19972, 8417],[19953, 8409],[19938, 8402],[19888, 8377],[19864, 8363],[19847, 8352],[19816, 8335],[19755, 8309],[19727, 8294],[19675, 8260],[19661, 8250],[19653, 8244],[19632, 8228],[19606, 8211],[19570, 8189],[19540, 8175],[19516, 8167],[19473, 8159],[19433, 8154],[19312, 8155],[19286, 8158],[19268, 8160],[19253, 8160],[19210, 8167],[19183, 8177],[19126, 8199],[19079, 8223],[19052, 8234],[19048, 8235],[19012, 8244],[18975, 8249],[18898, 8262],[18875, 8267],[18829, 8282],[18760, 8315],[18731, 8332],[18717, 8341],[18694, 8359],[18682, 8369],[18640, 8412],[18618, 8441],[18609, 8456],[18582, 8491],[18548, 8519],[18508, 8546],[18460, 8575],[18422, 8603],[18393, 8625],[18372, 8643],[18326, 8693],[18318, 8702],[18304, 8720],[18279, 8757],[18261, 8782],[18239, 8803],[18230, 8810],[18213, 8822],[18191, 8837],[18182, 8843],[18139, 8863],[18093, 8872],[18028, 8878],[17994, 8879],[17955, 8886],[17928, 8896],[17856, 8933],[17841, 8944],[17820, 8961],[17790, 8995],[17781, 9009],[17764, 9044],[17753, 9072],[17736, 9127],[17729, 9175],[17726, 9189],[17708, 9266],[17695, 9306],[17692, 9312],[17677, 9339],[17658, 9363],[17651, 9370],[17638, 9383],[17607, 9408],[17571, 9427],[17531, 9438],[17491, 9441],[17450, 9436],[17412, 9427],[17390, 9425],[17388, 9425],[17349, 9432],[17327, 9440],[17297, 9457],[17277, 9476],[17255, 9506],[17227, 9537],[17194, 9561],[17157, 9577],[17115, 9591],[17078, 9600],[17041, 9601],[17004, 9596],[16968, 9583],[16936, 9565],[16907, 9540],[16884, 9511],[16866, 9477],[16855, 9442],[16851, 9404],[16854, 9367],[16861, 9324],[16871, 9288],[16887, 9254],[16905, 9224],[16914, 9208],[16929, 9184],[16940, 9169],[16967, 9129],[16987, 9099],[17008, 9070],[17026, 9038],[17034, 9026],[17053, 8998],[17073, 8968],[17109, 8887],[17123, 8854],[17130, 8831],[17146, 8779],[17152, 8754],[17160, 8698],[17163, 8677],[17166, 8647],[17165, 8633],[17159, 8592],[17153, 8574],[17134, 8530],[17114, 8478],[17098, 8439],[17058, 8359],[17014, 8291],[16997, 8256],[16986, 8219],[16983, 8180],[16987, 8142],[16992, 8115],[16998, 8094],[17012, 8051],[17033, 7970],[17044, 7907],[17050, 7882],[17066, 7832],[17070, 7821],[17078, 7799],[17088, 7769],[17097, 7722],[17099, 7710],[17101, 7643],[17099, 7622],[17090, 7586],[17079, 7562],[17070, 7548],[17055, 7531],[17028, 7506],[17013, 7497],[16992, 7487],[16975, 7478],[16935, 7453],[16896, 7428],[16884, 7420],[16875, 7414],[16854, 7395],[16851, 7392],[16838, 7377],[16821, 7357],[16806, 7341],[16797, 7330],[16787, 7318],[16776, 7304],[16746, 7271],[16736, 7263],[16718, 7246],[16687, 7213],[16683, 7209],[16667, 7199],[16643, 7188],[16607, 7179],[16584, 7177],[16570, 7177],[16553, 7179],[16542, 7181],[16524, 7186],[16492, 7201],[16488, 7204],[16456, 7230],[16424, 7251],[16389, 7266],[16351, 7274],[16313, 7275],[16275, 7268],[16239, 7254],[16206, 7234],[16176, 7210],[16158, 7197],[16137, 7185],[16075, 7155],[16054, 7143],[16006, 7113],[15998, 7107],[15978, 7091],[15940, 7056],[15929, 7049],[15905, 7038],[15870, 7029],[15836, 7026],[15800, 7020],[15766, 7008],[15734, 6989],[15695, 6961],[15667, 6937],[15644, 6908],[15627, 6875],[15616, 6840],[15611, 6804],[15614, 6767],[15622, 6732],[15631, 6708],[15637, 6669],[15638, 6643],[15636, 6615],[15627, 6574],[15619, 6524],[15608, 6493],[15580, 6416],[15569, 6395],[15558, 6378],[15541, 6358],[15519, 6331],[15513, 6325],[15482, 6298],[15473, 6290],[15451, 6269],[15432, 6254],[15414, 6237],[15412, 6236],[15392, 6218],[15368, 6203],[15336, 6184],[15298, 6161],[15288, 6155],[15271, 6143],[15263, 6138],[15223, 6115],[15203, 6103],[15154, 6082],[15143, 6077],[15117, 6063],[15096, 6054],[15086, 6049],[15079, 6046],[15067, 6040],[15051, 6030],[14944, 5978],[14912, 5964],[14854, 5942],[14823, 5930],[14753, 5909],[14675, 5885],[14649, 5876],[14582, 5859],[14568, 5854],[14551, 5849],[14504, 5835],[14483, 5828],[14468, 5822],[14390, 5794],[14375, 5788],[14283, 5746],[14267, 5740],[14198, 5725],[14160, 5718],[14137, 5715],[14127, 5714],[14110, 5711],[14065, 5707],[14019, 5702],[13887, 5703],[13855, 5707],[13839, 5712],[13763, 5739],[13750, 5744],[13677, 5765],[13626, 5779],[13592, 5794],[13537, 5820],[13500, 5842],[13470, 5860],[13459, 5869],[13423, 5893],[13383, 5908],[13359, 5915],[13325, 5927],[13270, 5957],[13266, 5960],[13253, 5969],[13219, 5990],[13206, 5998],[13156, 6025],[13139, 6036],[13115, 6056],[13076, 6089],[13010, 6149],[12982, 6171],[12950, 6187],[12929, 6195],[12871, 6216],[12834, 6238],[12804, 6260],[12795, 6269],[12786, 6276],[12767, 6292],[12710, 6348],[12697, 6359],[12677, 6376],[12656, 6398],[12640, 6412],[12632, 6420],[12600, 6446],[12584, 6460],[12561, 6480],[12540, 6498],[12525, 6508],[12497, 6534],[12467, 6571],[12461, 6579],[12450, 6591],[12421, 6620],[12394, 6642],[12344, 6678],[12289, 6714],[12244, 6743],[12221, 6761],[12132, 6849],[12096, 6892],[12087, 6903],[12076, 6920],[12073, 6927],[12030, 7015],[12012, 7059],[11996, 7090],[11993, 7094],[11974, 7120],[11951, 7142],[11940, 7151],[11901, 7195],[11877, 7226],[11868, 7238],[11855, 7253],[11839, 7275],[11830, 7292],[11797, 7369],[11782, 7403],[11760, 7476],[11758, 7480],[11742, 7537],[11733, 7583],[11728, 7611],[11725, 7626],[11713, 7673],[11710, 7730],[11703, 7771],[11688, 7810],[11674, 7837],[11667, 7858],[11664, 7873],[11663, 7883],[11662, 7901],[11663, 7911],[11666, 7926],[11671, 7947],[11681, 7968],[11686, 7978],[11703, 8014],[11708, 8030],[11716, 8051],[11724, 8073],[11733, 8104],[11738, 8123],[11749, 8185],[11758, 8227],[11783, 8300],[11793, 8338],[11794, 8378],[11788, 8416],[11775, 8453],[11769, 8466],[11750, 8511],[11741, 8538],[11731, 8598],[11728, 8630],[11728, 8670],[11733, 8716],[11737, 8755],[11743, 8780],[11746, 8799],[11750, 8836],[11750, 8877],[11743, 8916],[11727, 8970],[11722, 8984],[11717, 8996],[11703, 9042],[11697, 9066],[11693, 9092],[11685, 9134],[11676, 9174],[11671, 9191],[11663, 9214],[11654, 9268],[11652, 9283],[11650, 9315],[11657, 9412],[11671, 9495],[11673, 9515],[11678, 9558],[11685, 9597],[11689, 9620],[11699, 9690],[11702, 9707],[11720, 9773],[11723, 9786],[11724, 9790],[11729, 9812],[11735, 9829],[11738, 9841],[11740, 9847],[11745, 9874],[11750, 9927],[11751, 9941],[11752, 9944],[11750, 9972],[11747, 10004],[11746, 10136],[11745, 10156],[11737, 10232],[11735, 10245],[11727, 10290],[11723, 10315],[11721, 10331],[11715, 10377],[11712, 10398],[11710, 10439],[11709, 10451],[11704, 10492],[11704, 10624],[11708, 10661],[11709, 10681],[11710, 10746],[11707, 10781],[11699, 10814],[11684, 10846],[11659, 10891],[11635, 10945],[11622, 10982],[11606, 11053],[11602, 11065],[11600, 11072],[11597, 11081],[11573, 11157],[11558, 11220],[11545, 11259],[11524, 11293],[11496, 11323],[11463, 11347],[11426, 11364],[11387, 11373],[11346, 11373],[11306, 11366],[11269, 11351],[11235, 11328],[11215, 11312],[11194, 11293],[11178, 11279],[11145, 11254],[11119, 11238],[11049, 11204],[11026, 11195],[10984, 11184],[10945, 11181],[10913, 11176],[10873, 11167],[10817, 11164],[10802, 11162],[10774, 11159],[10757, 11158],[10720, 11161],[10671, 11170],[10642, 11181],[10624, 11190],[10607, 11201],[10580, 11224],[10547, 11247],[10509, 11263],[10469, 11271],[10428, 11271],[10357, 11263],[10316, 11257],[10268, 11253],[10254, 11252],[10225, 11248],[10183, 11241],[10165, 11238],[10152, 11234],[10115, 11227],[10100, 11224],[10075, 11219],[10031, 11206],[10010, 11198],[9982, 11187],[9948, 11177],[9929, 11174],[9892, 11169],[9865, 11165],[9820, 11164],[9800, 11162],[9763, 11158],[9728, 11152],[9717, 11150],[9711, 11149],[9685, 11146],[9600, 11146],[9579, 11147],[9539, 11146],[9486, 11139],[9474, 11137],[9434, 11127],[9398, 11108],[9365, 11083],[9339, 11051],[9320, 11015],[9315, 11003],[9310, 10989],[9302, 10966],[9293, 10942],[9274, 10905],[9253, 10865],[9241, 10849],[9224, 10829],[9198, 10805],[9173, 10790],[9149, 10777],[9126, 10768],[9088, 10758],[9065, 10756],[9015, 10757],[8978, 10763],[8941, 10776],[8908, 10784],[8857, 10793],[8832, 10802],[8779, 10820],[8746, 10837],[8723, 10848],[8709, 10857],[8681, 10883],[8678, 10886],[8668, 10902],[8656, 10930],[8648, 10956],[8643, 10985],[8640, 11012]]]},"properties":{"objectType":"annotation","name":"B15XO_D1 Inner Rim 100 µm","color":[200, 100, 100],"classification":{"name":"Inner Rim","color":[5, 170, 172]}}},{"type":"Feature","id":"c47926d3-f2c4-4eaa-834e-c8108f0efc5a","geometry":{"type":"MultiPolygon","coordinates":[[[[10920, 30732],[10925, 30748],[10925, 30751],[10929, 30772],[10934, 30792],[10940, 30810],[10942, 30827],[10945, 30845],[10948, 30858],[10951, 30868],[10958, 30892],[10962, 30905],[10962, 30940],[10963, 30956],[10967, 30997],[10974, 31032],[10984, 31067],[10985, 31074],[10986, 31079],[10989, 31095],[10991, 31103],[10993, 31115],[10996, 31134],[10999, 31147],[11005, 31165],[11012, 31186],[11017, 31206],[11029, 31246],[11042, 31278],[11043, 31281],[11048, 31294],[11053, 31308],[11058, 31320],[11067, 31339],[11090, 31381],[11100, 31398],[11116, 31421],[11132, 31446],[11138, 31455],[11163, 31489],[11194, 31527],[11212, 31547],[11229, 31563],[11239, 31573],[11280, 31613],[11286, 31618],[11289, 31621],[11300, 31632],[11306, 31638],[11308, 31641],[11314, 31659],[11320, 31672],[11332, 31696],[11351, 31733],[11376, 31770],[11403, 31802],[11414, 31815],[11446, 31847],[11449, 31852],[11461, 31871],[11484, 31902],[11499, 31924],[11512, 31940],[11517, 31947],[11518, 31948],[11537, 31974],[11564, 32006],[11575, 32019],[11609, 32053],[11622, 32064],[11654, 32091],[11691, 32117],[11728, 32136],[11762, 32149],[11802, 32161],[11841, 32169],[11873, 32172],[11891, 32175],[11909, 32178],[11950, 32182],[11969, 32183],[11996, 32182],[12016, 32181],[12034, 32180],[12055, 32177],[12076, 32173],[12096, 32168],[12113, 32162],[12131, 32156],[12140, 32153],[12150, 32152],[12162, 32150],[12176, 32147],[12205, 32140],[12241, 32128],[12254, 32122],[12278, 32111],[12315, 32092],[12345, 32072],[12379, 32046],[12396, 32033],[12399, 32031],[12411, 32023],[12419, 32017],[12431, 32007],[12455, 31986],[12465, 31977],[12503, 31938],[12513, 31928],[12518, 31923],[12530, 31912],[12544, 31897],[12556, 31882],[12569, 31865],[12583, 31845],[12593, 31828],[12603, 31808],[12604, 31806],[12608, 31801],[12642, 31759],[12654, 31743],[12671, 31717],[12676, 31708],[12681, 31702],[12689, 31690],[12703, 31668],[12716, 31649],[12732, 31629],[12743, 31619],[12769, 31605],[12783, 31597],[12784, 31596],[12810, 31587],[12824, 31582],[12836, 31577],[12851, 31570],[12877, 31557],[12880, 31555],[12892, 31550],[12901, 31545],[12921, 31537],[12933, 31532],[12941, 31529],[12950, 31526],[12972, 31523],[12981, 31521],[12997, 31521],[13025, 31540],[13062, 31559],[13096, 31572],[13136, 31584],[13175, 31592],[13215, 31596],[13248, 31619],[13267, 31630],[13284, 31639],[13310, 31652],[13323, 31658],[13335, 31663],[13346, 31668],[13372, 31677],[13389, 31682],[13417, 31689],[13433, 31692],[13445, 31694],[13464, 31696],[13493, 31698],[13507, 31699],[13541, 31699],[13571, 31697],[13589, 31696],[13619, 31691],[13632, 31689],[13645, 31688],[13676, 31684],[13689, 31682],[13695, 31681],[13709, 31679],[13729, 31676],[13750, 31672],[13770, 31667],[13787, 31661],[13807, 31654],[13822, 31648],[13835, 31643],[13853, 31636],[13875, 31627],[13894, 31616],[13903, 31615],[13909, 31614],[13914, 31614],[13944, 31612],[13962, 31611],[13983, 31608],[14004, 31604],[14017, 31600],[14032, 31598],[14045, 31595],[14068, 31590],[14069, 31589],[14072, 31595],[14090, 31622],[14103, 31638],[14114, 31651],[14124, 31675],[14126, 31679],[14148, 31723],[14156, 31736],[14157, 31749],[14158, 31767],[14161, 31788],[14163, 31799],[14167, 31816],[14170, 31842],[14170, 31846],[14172, 31879],[14172, 31918],[14174, 31945],[14178, 31974],[14181, 31992],[14185, 32006],[14187, 32017],[14188, 32022],[14191, 32036],[14198, 32065],[14204, 32083],[14205, 32090],[14209, 32111],[14217, 32145],[14221, 32161],[14226, 32176],[14237, 32206],[14238, 32210],[14241, 32221],[14244, 32243],[14247, 32262],[14251, 32277],[14259, 32308],[14264, 32326],[14265, 32328],[14270, 32353],[14282, 32393],[14295, 32425],[14298, 32431],[14303, 32454],[14306, 32474],[14308, 32487],[14310, 32497],[14317, 32521],[14327, 32551],[14330, 32560],[14331, 32569],[14335, 32590],[14340, 32610],[14345, 32626],[14351, 32651],[14363, 32687],[14369, 32698],[14369, 32700],[14371, 32710],[14377, 32728],[14386, 32755],[14391, 32769],[14396, 32781],[14404, 32799],[14425, 32837],[14432, 32857],[14438, 32872],[14449, 32895],[14455, 32910],[14461, 32925],[14467, 32939],[14470, 32947],[14471, 32952],[14479, 32977],[14482, 32987],[14483, 32990],[14483, 32994],[14489, 33025],[14497, 33057],[14504, 33084],[14516, 33120],[14519, 33126],[14529, 33151],[14541, 33179],[14551, 33200],[14554, 33207],[14560, 33220],[14569, 33237],[14570, 33239],[14572, 33245],[14584, 33275],[14606, 33318],[14615, 33334],[14633, 33362],[14651, 33385],[14659, 33394],[14667, 33403],[14675, 33412],[14701, 33438],[14710, 33446],[14722, 33457],[14736, 33468],[14762, 33490],[14796, 33516],[14813, 33528],[14830, 33538],[14841, 33548],[14864, 33565],[14889, 33582],[14908, 33593],[14923, 33601],[14946, 33614],[14967, 33624],[14979, 33629],[14993, 33634],[15006, 33639],[15043, 33657],[15075, 33670],[15106, 33679],[15119, 33685],[15138, 33691],[15144, 33694],[15167, 33707],[15188, 33717],[15206, 33725],[15229, 33733],[15239, 33738],[15251, 33744],[15277, 33757],[15298, 33766],[15315, 33773],[15328, 33779],[15356, 33793],[15383, 33805],[15398, 33811],[15417, 33818],[15428, 33822],[15450, 33832],[15474, 33842],[15519, 33860],[15539, 33867],[15558, 33876],[15570, 33881],[15588, 33888],[15614, 33897],[15643, 33908],[15666, 33915],[15695, 33922],[15709, 33925],[15721, 33927],[15727, 33928],[15757, 33938],[15786, 33947],[15796, 33950],[15820, 33956],[15834, 33959],[15848, 33961],[15860, 33965],[15868, 33968],[15908, 33980],[15940, 33987],[15970, 33991],[16011, 34001],[16031, 34006],[16047, 34011],[16067, 34016],[16087, 34019],[16090, 34021],[16107, 34026],[16135, 34033],[16151, 34036],[16163, 34038],[16182, 34040],[16211, 34042],[16225, 34043],[16253, 34043],[16261, 34044],[16271, 34045],[16304, 34049],[16322, 34052],[16329, 34055],[16344, 34059],[16354, 34062],[16364, 34066],[16389, 34075],[16418, 34083],[16441, 34087],[16467, 34091],[16475, 34092],[16476, 34092],[16507, 34100],[16518, 34103],[16520, 34103],[16531, 34107],[16542, 34111],[16582, 34123],[16606, 34129],[16654, 34137],[16658, 34138],[16689, 34142],[16719, 34144],[16749, 34147],[16755, 34147],[16789, 34151],[16812, 34153],[16828, 34153],[16859, 34157],[16879, 34159],[16882, 34160],[16896, 34163],[16913, 34166],[16928, 34168],[16948, 34170],[16966, 34174],[16979, 34176],[17017, 34181],[17035, 34186],[17051, 34189],[17063, 34191],[17082, 34193],[17101, 34194],[17120, 34198],[17139, 34200],[17178, 34203],[17193, 34204],[17201, 34204],[17220, 34203],[17261, 34199],[17300, 34191],[17340, 34179],[17374, 34166],[17404, 34150],[17412, 34146],[17423, 34141],[17493, 34107],[17530, 34088],[17567, 34062],[17589, 34044],[17594, 34041],[17619, 34024],[17635, 34011],[17664, 33987],[17664, 33984],[17536, 33984],[17536, 33920],[17600, 33920],[17600, 33856],[17791, 33856],[17792, 33855],[17792, 33792],[17840, 33792],[17854, 33775],[17878, 33740],[17883, 33731],[17895, 33713],[17906, 33695],[17920, 33666],[17929, 33654],[17940, 33636],[17968, 33602],[17985, 33577],[18003, 33546],[18021, 33524],[18042, 33492],[18053, 33469],[18066, 33452],[18083, 33424],[18092, 33406],[18110, 33381],[18129, 33344],[18142, 33310],[18150, 33284],[18158, 33267],[18164, 33252],[18168, 33247],[18187, 33217],[18193, 33208],[18202, 33197],[18220, 33169],[18221, 33166],[18229, 33155],[18256, 33118],[18264, 33107],[18281, 33080],[18288, 33067],[18297, 33050],[18303, 33037],[18311, 33019],[18317, 33004],[18324, 32984],[18330, 32967],[18335, 32947],[18339, 32926],[18342, 32905],[18343, 32887],[18344, 32867],[18345, 32826],[18358, 32801],[18371, 32767],[18383, 32727],[18391, 32688],[18395, 32647],[18396, 32628],[18396, 32596],[18396, 32594],[18402, 32579],[18409, 32559],[18415, 32542],[18420, 32522],[18424, 32501],[18425, 32492],[18428, 32480],[18430, 32470],[18432, 32457],[18434, 32441],[18436, 32435],[18443, 32415],[18449, 32398],[18454, 32378],[18456, 32366],[18461, 32371],[18472, 32384],[18498, 32410],[18508, 32419],[18532, 32440],[18535, 32443],[18546, 32458],[18553, 32468],[18572, 32493],[18583, 32508],[18595, 32522],[18599, 32528],[18606, 32541],[18623, 32567],[18635, 32585],[18643, 32600],[18656, 32619],[18667, 32634],[18679, 32650],[18687, 32661],[18691, 32665],[18697, 32676],[18704, 32688],[18705, 32690],[18709, 32700],[18721, 32724],[18740, 32761],[18756, 32785],[18762, 32798],[18768, 32811],[18772, 32818],[18775, 32828],[18780, 32845],[18792, 32885],[18805, 32917],[18816, 32939],[18820, 32953],[18832, 32979],[18851, 33016],[18863, 33037],[18879, 33060],[18895, 33085],[18910, 33104],[18937, 33136],[18948, 33149],[18950, 33150],[18974, 33179],[19007, 33217],[19014, 33224],[19022, 33231],[19026, 33237],[19051, 33268],[19068, 33287],[19093, 33311],[19152, 33370],[19165, 33381],[19197, 33408],[19213, 33421],[19238, 33438],[19256, 33449],[19257, 33450],[19282, 33466],[19293, 33471],[19300, 33478],[19315, 33489],[19340, 33506],[19361, 33519],[19394, 33535],[19430, 33556],[19475, 33580],[19489, 33586],[19540, 33613],[19555, 33620],[19559, 33622],[19575, 33631],[19596, 33641],[19604, 33645],[19615, 33652],[19637, 33665],[19657, 33676],[19679, 33686],[19692, 33691],[19715, 33699],[19731, 33705],[19751, 33716],[19777, 33731],[19818, 33751],[19869, 33776],[19897, 33787],[19909, 33791],[19924, 33803],[19952, 33821],[19963, 33827],[19965, 33828],[19971, 33832],[20004, 33854],[20014, 33861],[20034, 33873],[20043, 33879],[20064, 33894],[20079, 33903],[20099, 33914],[20118, 33922],[20148, 33937],[20177, 33949],[20201, 33957],[20230, 33966],[20254, 33973],[20258, 33974],[20262, 33975],[20275, 33980],[20300, 33987],[20324, 33992],[20327, 33993],[20337, 33997],[20372, 34009],[20388, 34014],[20403, 34017],[20409, 34020],[20429, 34029],[20452, 34037],[20466, 34041],[20477, 34047],[20501, 34057],[20526, 34066],[20536, 34069],[20576, 34081],[20605, 34088],[20641, 34093],[20646, 34094],[20659, 34096],[20690, 34100],[20716, 34102],[20786, 34102],[20805, 34101],[20846, 34097],[20870, 34093],[20893, 34092],[20922, 34088],[20940, 34085],[20953, 34082],[20971, 34076],[20992, 34069],[21012, 34064],[21052, 34052],[21086, 34041],[21105, 34033],[21114, 34029],[21128, 34024],[21176, 34007],[21194, 34000],[21207, 33995],[21222, 33987],[21229, 33984],[21242, 33978],[21266, 33966],[21285, 33955],[21297, 33947],[21320, 33931],[21345, 33915],[21354, 33909],[21386, 33885],[21425, 33864],[21430, 33861],[21451, 33854],[21477, 33843],[21514, 33824],[21539, 33808],[21541, 33807],[21553, 33803],[21572, 33795],[21587, 33787],[21603, 33780],[21611, 33777],[21640, 33769],[21663, 33761],[21711, 33744],[21728, 33738],[21744, 33731],[21757, 33726],[21772, 33720],[21782, 33716],[21832, 33699],[21844, 33695],[21870, 33684],[21874, 33683],[21898, 33674],[21916, 33665],[21942, 33652],[21968, 33638],[21985, 33627],[22018, 33608],[22040, 33593],[22053, 33584],[22066, 33577],[22094, 33560],[22144, 33522],[22165, 33505],[22187, 33485],[22195, 33476],[22213, 33458],[22222, 33450],[22254, 33423],[22278, 33399],[22305, 33367],[22312, 33359],[22313, 33358],[22334, 33336],[22351, 33315],[22360, 33304],[22373, 33289],[22377, 33285],[22387, 33274],[22395, 33265],[22416, 33240],[22424, 33230],[22431, 33222],[22435, 33218],[22436, 33216],[22400, 33216],[22400, 33088],[22281, 33088],[22278, 33092],[22274, 33095],[22270, 33100],[22269, 33100],[22269, 33101],[22266, 33104],[22262, 33111],[22241, 33135],[22241, 33136],[22240, 33137],[22235, 33143],[22231, 33147],[22227, 33151],[22221, 33156],[22212, 33165],[22204, 33177],[22197, 33186],[22195, 33189],[22191, 33193],[22178, 33210],[22171, 33216],[22167, 33220],[22158, 33228],[22157, 33229],[22152, 33238],[22125, 33270],[22093, 33297],[22086, 33301],[22082, 33305],[22073, 33313],[22070, 33315],[22069, 33316],[22050, 33337],[22049, 33338],[22048, 33338],[22048, 33339],[22045, 33342],[22039, 33349],[22022, 33362],[22018, 33366],[22015, 33368],[22006, 33375],[21990, 33385],[21974, 33399],[21944, 33414],[21942, 33416],[21931, 33425],[21920, 33431],[21914, 33436],[21898, 33446],[21881, 33456],[21877, 33457],[21871, 33460],[21863, 33467],[21854, 33472],[21852, 33473],[21839, 33479],[21826, 33486],[21824, 33487],[21815, 33491],[21806, 33493],[21805, 33493],[21802, 33495],[21790, 33500],[21768, 33509],[21743, 33517],[21740, 33518],[21714, 33526],[21709, 33529],[21699, 33533],[21691, 33537],[21682, 33540],[21671, 33544],[21665, 33545],[21648, 33554],[21610, 33565],[21602, 33569],[21597, 33571],[21590, 33573],[21572, 33580],[21560, 33582],[21557, 33583],[21553, 33583],[21552, 33584],[21542, 33586],[21539, 33588],[21522, 33597],[21512, 33601],[21504, 33605],[21501, 33606],[21487, 33613],[21467, 33619],[21461, 33622],[21459, 33623],[21445, 33630],[21436, 33635],[21431, 33637],[21422, 33645],[21385, 33664],[21365, 33670],[21359, 33673],[21353, 33675],[21343, 33679],[21336, 33681],[21328, 33688],[21291, 33707],[21289, 33708],[21283, 33711],[21277, 33716],[21274, 33718],[21269, 33722],[21258, 33728],[21235, 33747],[21224, 33753],[21217, 33757],[21209, 33764],[21201, 33768],[21200, 33769],[21192, 33774],[21184, 33781],[21174, 33786],[21165, 33792],[21148, 33801],[21141, 33804],[21139, 33805],[21122, 33813],[21118, 33814],[21113, 33817],[21100, 33821],[21083, 33827],[21076, 33828],[21075, 33828],[21067, 33832],[21062, 33834],[21055, 33836],[21037, 33843],[21034, 33844],[21020, 33851],[21000, 33857],[20994, 33860],[20954, 33872],[20944, 33873],[20939, 33875],[20935, 33877],[20923, 33881],[20908, 33886],[20901, 33887],[20895, 33889],[20883, 33890],[20866, 33893],[20858, 33893],[20854, 33893],[20840, 33893],[20827, 33897],[20786, 33901],[20726, 33901],[20723, 33901],[20716, 33901],[20696, 33898],[20685, 33897],[20682, 33896],[20675, 33895],[20667, 33892],[20634, 33889],[20594, 33877],[20587, 33873],[20569, 33868],[20538, 33852],[20518, 33847],[20497, 33839],[20495, 33839],[20491, 33837],[20471, 33827],[20437, 33819],[20412, 33810],[20402, 33807],[20399, 33806],[20397, 33805],[20396, 33804],[20383, 33799],[20367, 33795],[20362, 33795],[20357, 33794],[20344, 33791],[20329, 33785],[20322, 33783],[20316, 33780],[20314, 33779],[20303, 33778],[20300, 33777],[20293, 33776],[20276, 33770],[20263, 33766],[20261, 33765],[20238, 33758],[20206, 33742],[20204, 33741],[20196, 33737],[20182, 33731],[20175, 33726],[20167, 33722],[20155, 33712],[20148, 33707],[20143, 33702],[20116, 33688],[20105, 33679],[20098, 33675],[20082, 33665],[20076, 33660],[20065, 33654],[20059, 33651],[20057, 33650],[20048, 33645],[20035, 33634],[20025, 33627],[20021, 33624],[20014, 33620],[20002, 33610],[19995, 33607],[19957, 33596],[19920, 33577],[19917, 33574],[19906, 33571],[19869, 33552],[19868, 33551],[19852, 33543],[19843, 33536],[19816, 33522],[19799, 33516],[19797, 33515],[19778, 33509],[19768, 33505],[19762, 33503],[19754, 33499],[19740, 33493],[19733, 33488],[19725, 33484],[19714, 33475],[19699, 33467],[19696, 33464],[19685, 33461],[19681, 33459],[19673, 33456],[19663, 33450],[19648, 33442],[19644, 33440],[19634, 33436],[19617, 33427],[19613, 33425],[19581, 33408],[19580, 33407],[19571, 33403],[19569, 33402],[19567, 33401],[19530, 33382],[19528, 33381],[19508, 33367],[19507, 33367],[19493, 33360],[19490, 33359],[19453, 33340],[19440, 33329],[19428, 33323],[19406, 33305],[19405, 33304],[19396, 33299],[19377, 33289],[19372, 33285],[19369, 33283],[19365, 33279],[19351, 33272],[19338, 33261],[19326, 33255],[19294, 33228],[19290, 33223],[19285, 33219],[19277, 33211],[19268, 33202],[19264, 33198],[19260, 33194],[19251, 33185],[19243, 33177],[19239, 33172],[19234, 33168],[19217, 33151],[19212, 33146],[19207, 33142],[19191, 33121],[19182, 33111],[19181, 33109],[19177, 33103],[19175, 33101],[19175, 33100],[19174, 33100],[19168, 33093],[19166, 33092],[19165, 33090],[19158, 33084],[19158, 33083],[19157, 33083],[19156, 33082],[19128, 33051],[19111, 33028],[19098, 33015],[19090, 33007],[19063, 32975],[19055, 32960],[19046, 32949],[19040, 32937],[19029, 32924],[19010, 32887],[19004, 32867],[19001, 32861],[19000, 32859],[18984, 32827],[18972, 32787],[18972, 32783],[18971, 32782],[18969, 32771],[18967, 32768],[18963, 32756],[18960, 32747],[18958, 32743],[18954, 32733],[18950, 32725],[18950, 32724],[18942, 32709],[18941, 32707],[18928, 32681],[18918, 32669],[18899, 32632],[18898, 32629],[18898, 32628],[18891, 32615],[18890, 32613],[18886, 32604],[18885, 32598],[18883, 32595],[18879, 32590],[18878, 32588],[18874, 32582],[18865, 32565],[18862, 32558],[18861, 32556],[18860, 32555],[18842, 32533],[18837, 32523],[18829, 32515],[18824, 32507],[18817, 32499],[18812, 32489],[18806, 32480],[18799, 32466],[18791, 32457],[18783, 32442],[18774, 32431],[18761, 32406],[18759, 32404],[18754, 32398],[18744, 32388],[18739, 32380],[18732, 32372],[18727, 32363],[18712, 32346],[18702, 32330],[18698, 32323],[18689, 32312],[18688, 32310],[18683, 32303],[18673, 32295],[18672, 32295],[18671, 32294],[18664, 32289],[18651, 32278],[18640, 32268],[18638, 32265],[18633, 32261],[18632, 32260],[18631, 32259],[18623, 32251],[18614, 32242],[18587, 32210],[18568, 32173],[18556, 32133],[18553, 32106],[18553, 32104],[18553, 32102],[18552, 32092],[18552, 32084],[18553, 32074],[18553, 32062],[18555, 32051],[18556, 32043],[18558, 32035],[18559, 32031],[18551, 32024],[18550, 32024],[18550, 32023],[18546, 32020],[18519, 32006],[18487, 31979],[18486, 31978],[18478, 31971],[18475, 31967],[18470, 31963],[18466, 31959],[18459, 31955],[18450, 31947],[18449, 31947],[18443, 31943],[18442, 31944],[18437, 31955],[18392, 32030],[18383, 32047],[18382, 32048],[18379, 32055],[18378, 32057],[18375, 32064],[18367, 32080],[18348, 32117],[18333, 32155],[18327, 32168],[18324, 32174],[18315, 32191],[18309, 32200],[18305, 32208],[18288, 32234],[18287, 32236],[18278, 32246],[18270, 32262],[18270, 32267],[18268, 32278],[18267, 32286],[18265, 32294],[18262, 32307],[18262, 32308],[18260, 32318],[18259, 32329],[18256, 32339],[18254, 32349],[18250, 32360],[18247, 32369],[18243, 32377],[18239, 32387],[18237, 32391],[18237, 32393],[18237, 32400],[18234, 32420],[18233, 32431],[18232, 32434],[18231, 32441],[18228, 32449],[18228, 32452],[18226, 32462],[18225, 32473],[18222, 32483],[18220, 32493],[18216, 32504],[18213, 32513],[18209, 32521],[18205, 32531],[18196, 32548],[18194, 32551],[18193, 32555],[18195, 32577],[18195, 32585],[18195, 32594],[18195, 32602],[18195, 32611],[18195, 32619],[18195, 32628],[18191, 32669],[18179, 32709],[18160, 32746],[18159, 32748],[18157, 32751],[18156, 32753],[18151, 32762],[18144, 32771],[18141, 32776],[18144, 32806],[18144, 32823],[18144, 32831],[18144, 32840],[18144, 32848],[18144, 32857],[18143, 32867],[18143, 32877],[18141, 32887],[18140, 32898],[18137, 32908],[18135, 32918],[18131, 32929],[18128, 32938],[18124, 32946],[18120, 32956],[18111, 32973],[18100, 32990],[18094, 33000],[18069, 33034],[18067, 33037],[18050, 33059],[18041, 33077],[18037, 33082],[18035, 33085],[18024, 33097],[18021, 33103],[18020, 33105],[17998, 33140],[17986, 33153],[17984, 33156],[17976, 33182],[17975, 33184],[17962, 33209],[17962, 33212],[17950, 33252],[17931, 33289],[17921, 33301],[17905, 33332],[17886, 33355],[17883, 33361],[17882, 33363],[17863, 33400],[17840, 33427],[17837, 33433],[17830, 33442],[17812, 33476],[17785, 33508],[17782, 33511],[17778, 33518],[17769, 33529],[17761, 33544],[17754, 33552],[17753, 33554],[17750, 33557],[17747, 33564],[17746, 33566],[17727, 33603],[17718, 33614],[17710, 33629],[17709, 33630],[17701, 33646],[17674, 33678],[17670, 33682],[17666, 33686],[17661, 33690],[17657, 33695],[17655, 33697],[17642, 33722],[17615, 33754],[17610, 33758],[17606, 33763],[17602, 33767],[17598, 33771],[17589, 33779],[17581, 33788],[17572, 33796],[17564, 33805],[17555, 33814],[17551, 33818],[17547, 33822],[17542, 33826],[17538, 33831],[17506, 33858],[17494, 33864],[17481, 33875],[17472, 33880],[17470, 33882],[17438, 33909],[17401, 33928],[17399, 33929],[17367, 33945],[17365, 33946],[17333, 33962],[17322, 33965],[17319, 33968],[17282, 33987],[17242, 33999],[17201, 34003],[17193, 34003],[17185, 34002],[17154, 34000],[17127, 33995],[17125, 33995],[17113, 33994],[17096, 33993],[17089, 33992],[17084, 33991],[17075, 33988],[17056, 33984],[17051, 33982],[17007, 33977],[16986, 33972],[16978, 33971],[16970, 33969],[16969, 33969],[16966, 33968],[16948, 33968],[16937, 33966],[16931, 33965],[16922, 33962],[16912, 33960],[16911, 33960],[16889, 33959],[16843, 33952],[16819, 33952],[16817, 33952],[16812, 33952],[16780, 33948],[16778, 33948],[16770, 33947],[16757, 33944],[16734, 33944],[16724, 33943],[16702, 33942],[16695, 33940],[16693, 33940],[16688, 33939],[16670, 33934],[16640, 33931],[16600, 33919],[16591, 33914],[16588, 33913],[16581, 33912],[16570, 33908],[16566, 33908],[16559, 33906],[16557, 33906],[16552, 33905],[16526, 33898],[16514, 33894],[16510, 33893],[16498, 33893],[16478, 33890],[16472, 33889],[16469, 33888],[16457, 33886],[16439, 33879],[16432, 33877],[16427, 33875],[16419, 33871],[16416, 33871],[16394, 33865],[16369, 33856],[16354, 33855],[16337, 33850],[16335, 33850],[16333, 33850],[16328, 33850],[16296, 33846],[16294, 33846],[16286, 33845],[16273, 33842],[16225, 33842],[16213, 33841],[16196, 33840],[16189, 33839],[16184, 33838],[16175, 33835],[16156, 33831],[16134, 33823],[16127, 33822],[16116, 33821],[16106, 33818],[16096, 33816],[16087, 33813],[16082, 33812],[16074, 33810],[16061, 33807],[16035, 33799],[16034, 33799],[16024, 33796],[16014, 33795],[16011, 33794],[16004, 33793],[15996, 33790],[15995, 33790],[15966, 33788],[15926, 33776],[15925, 33776],[15923, 33775],[15921, 33774],[15896, 33764],[15886, 33764],[15875, 33762],[15869, 33761],[15860, 33758],[15845, 33755],[15820, 33747],[15819, 33747],[15816, 33746],[15790, 33737],[15777, 33731],[15775, 33730],[15771, 33730],[15754, 33729],[15747, 33728],[15742, 33727],[15734, 33725],[15713, 33720],[15704, 33716],[15702, 33715],[15694, 33711],[15691, 33710],[15688, 33709],[15681, 33708],[15664, 33702],[15651, 33698],[15646, 33695],[15642, 33694],[15625, 33686],[15623, 33685],[15616, 33682],[15614, 33681],[15608, 33679],[15601, 33676],[15594, 33674],[15584, 33669],[15571, 33663],[15569, 33663],[15558, 33659],[15549, 33656],[15541, 33652],[15531, 33648],[15514, 33639],[15513, 33638],[15510, 33637],[15501, 33635],[15492, 33631],[15492, 33630],[15484, 33629],[15473, 33625],[15464, 33622],[15456, 33618],[15446, 33614],[15429, 33605],[15425, 33603],[15418, 33600],[15408, 33594],[15406, 33593],[15399, 33590],[15387, 33584],[15384, 33583],[15371, 33579],[15366, 33576],[15362, 33575],[15345, 33567],[15336, 33562],[15330, 33559],[15328, 33558],[15311, 33550],[15306, 33548],[15297, 33543],[15289, 33541],[15277, 33537],[15273, 33535],[15265, 33532],[15255, 33526],[15240, 33518],[15239, 33517],[15223, 33509],[15218, 33505],[15211, 33503],[15208, 33502],[15195, 33499],[15181, 33492],[15175, 33490],[15173, 33490],[15133, 33478],[15096, 33459],[15090, 33454],[15083, 33453],[15068, 33448],[15056, 33444],[15052, 33442],[15044, 33439],[15034, 33433],[15019, 33425],[15018, 33424],[15002, 33416],[14991, 33407],[14987, 33404],[14977, 33399],[14969, 33392],[14961, 33387],[14952, 33378],[14951, 33377],[14945, 33372],[14943, 33370],[14918, 33357],[14892, 33335],[14884, 33331],[14865, 33315],[14864, 33315],[14852, 33304],[14851, 33303],[14843, 33296],[14840, 33292],[14835, 33288],[14835, 33287],[14834, 33287],[14828, 33280],[14826, 33279],[14817, 33270],[14809, 33261],[14802, 33251],[14791, 33238],[14786, 33229],[14785, 33227],[14782, 33221],[14763, 33184],[14756, 33161],[14755, 33159],[14754, 33157],[14752, 33152],[14746, 33143],[14737, 33126],[14734, 33119],[14733, 33117],[14725, 33100],[14722, 33092],[14716, 33079],[14708, 33056],[14704, 33048],[14703, 33046],[14699, 33037],[14694, 33016],[14692, 33008],[14691, 33003],[14691, 33001],[14683, 32974],[14680, 32947],[14674, 32929],[14672, 32922],[14671, 32919],[14663, 32893],[14662, 32888],[14661, 32885],[14658, 32873],[14652, 32862],[14648, 32852],[14644, 32844],[14641, 32835],[14637, 32824],[14636, 32818],[14633, 32814],[14622, 32792],[14619, 32785],[14619, 32783],[14615, 32776],[14611, 32760],[14595, 32729],[14587, 32714],[14581, 32704],[14578, 32696],[14576, 32692],[14572, 32680],[14567, 32665],[14566, 32658],[14564, 32652],[14563, 32641],[14561, 32635],[14558, 32628],[14551, 32615],[14550, 32613],[14546, 32604],[14541, 32583],[14539, 32575],[14539, 32570],[14535, 32561],[14533, 32551],[14530, 32541],[14529, 32530],[14527, 32520],[14527, 32516],[14522, 32499],[14521, 32497],[14520, 32493],[14517, 32488],[14513, 32475],[14507, 32458],[14506, 32451],[14505, 32448],[14504, 32437],[14501, 32417],[14499, 32407],[14496, 32397],[14495, 32387],[14490, 32373],[14489, 32366],[14488, 32363],[14488, 32362],[14474, 32335],[14462, 32295],[14460, 32279],[14453, 32258],[14447, 32232],[14445, 32227],[14445, 32225],[14443, 32218],[14442, 32195],[14442, 32194],[14439, 32186],[14438, 32179],[14437, 32176],[14437, 32171],[14433, 32162],[14431, 32152],[14429, 32144],[14427, 32140],[14426, 32138],[14422, 32126],[14414, 32106],[14414, 32103],[14412, 32099],[14404, 32065],[14403, 32057],[14403, 32055],[14401, 32036],[14399, 32031],[14398, 32029],[14397, 32027],[14393, 32018],[14388, 31997],[14386, 31989],[14385, 31984],[14384, 31977],[14384, 31970],[14380, 31960],[14379, 31953],[14377, 31947],[14376, 31935],[14373, 31918],[14373, 31910],[14373, 31906],[14373, 31897],[14373, 31889],[14373, 31880],[14373, 31872],[14373, 31863],[14373, 31855],[14373, 31846],[14373, 31840],[14370, 31827],[14369, 31819],[14369, 31817],[14365, 31785],[14365, 31781],[14365, 31780],[14363, 31770],[14360, 31760],[14359, 31749],[14357, 31739],[14357, 31729],[14356, 31719],[14356, 31710],[14356, 31702],[14356, 31693],[14356, 31680],[14344, 31661],[14343, 31659],[14333, 31638],[14324, 31626],[14323, 31624],[14304, 31587],[14303, 31585],[14291, 31546],[14288, 31542],[14283, 31538],[14283, 31537],[14282, 31537],[14278, 31532],[14274, 31529],[14262, 31514],[14255, 31507],[14254, 31505],[14247, 31497],[14239, 31482],[14233, 31472],[14230, 31464],[14229, 31463],[14222, 31454],[14205, 31421],[14200, 31412],[14199, 31411],[14176, 31399],[14174, 31398],[14164, 31393],[14159, 31390],[14144, 31383],[14139, 31379],[14135, 31381],[14128, 31382],[14125, 31383],[14114, 31384],[14094, 31387],[14087, 31387],[14084, 31387],[14051, 31387],[14037, 31391],[14032, 31392],[14030, 31392],[14023, 31394],[14017, 31394],[13998, 31400],[13981, 31402],[13975, 31404],[13965, 31406],[13955, 31409],[13944, 31410],[13934, 31412],[13924, 31412],[13914, 31413],[13885, 31413],[13878, 31415],[13870, 31417],[13865, 31418],[13858, 31419],[13841, 31420],[13830, 31421],[13820, 31429],[13783, 31448],[13767, 31453],[13759, 31457],[13749, 31461],[13741, 31465],[13732, 31468],[13721, 31472],[13711, 31474],[13701, 31477],[13690, 31478],[13680, 31480],[13670, 31480],[13668, 31480],[13660, 31483],[13653, 31484],[13650, 31485],[13639, 31486],[13619, 31489],[13612, 31489],[13609, 31489],[13602, 31489],[13592, 31491],[13582, 31494],[13571, 31495],[13561, 31497],[13551, 31497],[13541, 31498],[13507, 31498],[13495, 31497],[13478, 31496],[13471, 31495],[13466, 31494],[13457, 31491],[13438, 31487],[13412, 31478],[13404, 31474],[13400, 31473],[13383, 31464],[13374, 31460],[13372, 31459],[13363, 31454],[13352, 31445],[13340, 31437],[13330, 31431],[13305, 31412],[13304, 31412],[13303, 31411],[13296, 31406],[13291, 31401],[13279, 31400],[13266, 31396],[13235, 31396],[13194, 31392],[13154, 31380],[13117, 31361],[13085, 31334],[13076, 31325],[13072, 31321],[13068, 31317],[13067, 31316],[13040, 31319],[12964, 31319],[12958, 31321],[12951, 31322],[12945, 31324],[12933, 31325],[12916, 31328],[12910, 31328],[12908, 31329],[12870, 31340],[12866, 31342],[12849, 31350],[12845, 31351],[12840, 31354],[12827, 31358],[12824, 31359],[12816, 31363],[12799, 31372],[12792, 31375],[12790, 31376],[12773, 31384],[12771, 31385],[12769, 31386],[12759, 31392],[12751, 31395],[12747, 31397],[12735, 31401],[12720, 31406],[12713, 31407],[12709, 31408],[12708, 31409],[12700, 31412],[12696, 31414],[12694, 31415],[12684, 31420],[12673, 31429],[12636, 31448],[12634, 31449],[12632, 31450],[12629, 31453],[12597, 31480],[12589, 31484],[12587, 31486],[12582, 31491],[12574, 31505],[12559, 31522],[12554, 31531],[12552, 31533],[12536, 31557],[12531, 31563],[12525, 31572],[12520, 31582],[12513, 31590],[12508, 31598],[12507, 31599],[12503, 31607],[12494, 31618],[12486, 31633],[12459, 31665],[12456, 31668],[12452, 31675],[12436, 31694],[12436, 31695],[12432, 31699],[12430, 31702],[12430, 31703],[12429, 31706],[12425, 31714],[12420, 31726],[12415, 31734],[12410, 31743],[12402, 31752],[12397, 31760],[12388, 31769],[12383, 31775],[12377, 31780],[12372, 31785],[12367, 31790],[12362, 31795],[12357, 31801],[12349, 31809],[12340, 31818],[12332, 31826],[12330, 31828],[12323, 31835],[12312, 31845],[12299, 31856],[12296, 31858],[12291, 31862],[12284, 31866],[12280, 31869],[12270, 31876],[12257, 31887],[12249, 31891],[12223, 31913],[12186, 31932],[12183, 31933],[12182, 31933],[12169, 31940],[12167, 31941],[12158, 31945],[12137, 31950],[12129, 31952],[12124, 31953],[12117, 31954],[12101, 31955],[12098, 31956],[12093, 31957],[12080, 31961],[12070, 31965],[12067, 31966],[12058, 31969],[12047, 31973],[12037, 31975],[12027, 31978],[12016, 31979],[12006, 31981],[11996, 31981],[11986, 31982],[11969, 31982],[11928, 31978],[11911, 31973],[11901, 31973],[11860, 31969],[11820, 31957],[11783, 31938],[11751, 31911],[11747, 31907],[11743, 31903],[11739, 31898],[11734, 31894],[11730, 31890],[11726, 31886],[11722, 31881],[11717, 31877],[11690, 31845],[11684, 31834],[11681, 31831],[11681, 31830],[11665, 31811],[11659, 31799],[11648, 31786],[11642, 31775],[11623, 31752],[11615, 31736],[11614, 31735],[11609, 31726],[11607, 31724],[11603, 31720],[11599, 31716],[11595, 31711],[11590, 31707],[11586, 31703],[11582, 31699],[11573, 31690],[11569, 31686],[11565, 31682],[11561, 31677],[11556, 31673],[11529, 31641],[11510, 31604],[11509, 31601],[11509, 31600],[11502, 31587],[11501, 31585],[11497, 31576],[11492, 31555],[11490, 31547],[11490, 31546],[11489, 31545],[11470, 31522],[11466, 31514],[11457, 31504],[11453, 31501],[11443, 31491],[11437, 31486],[11432, 31480],[11427, 31475],[11426, 31474],[11420, 31469],[11412, 31461],[11407, 31455],[11406, 31454],[11400, 31448],[11379, 31429],[11378, 31428],[11378, 31427],[11377, 31427],[11373, 31422],[11369, 31419],[11355, 31405],[11350, 31401],[11334, 31380],[11325, 31370],[11324, 31368],[11314, 31352],[11300, 31336],[11292, 31321],[11283, 31310],[11277, 31298],[11266, 31285],[11258, 31269],[11257, 31268],[11249, 31253],[11243, 31243],[11240, 31235],[11238, 31231],[11234, 31219],[11229, 31204],[11229, 31203],[11221, 31188],[11209, 31148],[11209, 31144],[11208, 31143],[11206, 31132],[11204, 31129],[11200, 31117],[11195, 31102],[11194, 31095],[11192, 31089],[11191, 31077],[11189, 31066],[11186, 31054],[11184, 31046],[11184, 31041],[11182, 31034],[11182, 31027],[11178, 31017],[11177, 31012],[11167, 30978],[11163, 30937],[11163, 30929],[11163, 30920],[11163, 30912],[11163, 30903],[11163, 30895],[11163, 30886],[11163, 30876],[11162, 30874],[11150, 30834],[11149, 30828],[11144, 30813],[11143, 30806],[11141, 30800],[11140, 30788],[11137, 30771],[11137, 30770],[11134, 30757],[11134, 30756],[11133, 30754],[11129, 30743],[11127, 30733],[11124, 30723],[11123, 30712],[11121, 30702],[11121, 30700],[11119, 30696],[11115, 30684],[11110, 30669],[11109, 30662],[11107, 30656],[11106, 30644],[11104, 30633],[11104, 30631],[11102, 30628],[11101, 30625],[11094, 30611],[11082, 30571],[11078, 30530],[11078, 30521],[11078, 30513],[11078, 30504],[11078, 30496],[11078, 30487],[11078, 30479],[11078, 30470],[11082, 30429],[11094, 30389],[11101, 30375],[11102, 30372],[11111, 30354],[11112, 30350],[11116, 30339],[11119, 30330],[11123, 30322],[11127, 30312],[11136, 30295],[11138, 30291],[11148, 30272],[11149, 30270],[11150, 30268],[11151, 30265],[11152, 30258],[11158, 30241],[11162, 30228],[11165, 30223],[11166, 30219],[11174, 30202],[11179, 30193],[11186, 30179],[11187, 30177],[11199, 30155],[11200, 30151],[11206, 30139],[11213, 30128],[11215, 30123],[11217, 30120],[11220, 30116],[11228, 30106],[11237, 30096],[11242, 30091],[11247, 30086],[11257, 30077],[11267, 30069],[11271, 30066],[11274, 30064],[11279, 30062],[11290, 30055],[11302, 30049],[11308, 30046],[11311, 30045],[11313, 30044],[11326, 30039],[11332, 30037],[11333, 30036],[11340, 30029],[11347, 30020],[11351, 30012],[11358, 30004],[11363, 29996],[11367, 29992],[11375, 29980],[11379, 29975],[11384, 29967],[11408, 29935],[11413, 29928],[11417, 29921],[11426, 29904],[11431, 29896],[11433, 29891],[11427, 29883],[11426, 29881],[11417, 29868],[11414, 29865],[11400, 29843],[11396, 29838],[11395, 29836],[11391, 29830],[11382, 29813],[11379, 29806],[11378, 29804],[11375, 29797],[11374, 29796],[11367, 29784],[11367, 29783],[11367, 29782],[11365, 29779],[11360, 29767],[11351, 29745],[11348, 29737],[11340, 29720],[11332, 29705],[11331, 29703],[11328, 29696],[11264, 29696],[11264, 29824],[11167, 29824],[11179, 29855],[11186, 29869],[11189, 29876],[11191, 29880],[11176, 29889],[11157, 29901],[11150, 29906],[11142, 29912],[11132, 29920],[11123, 29928],[11113, 29937],[11105, 29944],[11095, 29954],[11088, 29962],[11079, 29972],[11071, 29981],[11063, 29991],[11057, 29999],[11052, 30006],[11040, 30025],[11031, 30041],[11008, 30086],[11008, 30208],[10955, 30208],[10949, 30219],[10944, 30231],[10936, 30249],[10930, 30264],[10926, 30275],[10920, 30288],[10912, 30304],[10902, 30331],[10890, 30371],[10882, 30410],[10878, 30451],[10877, 30470],[10877, 30530],[10878, 30549],[10882, 30590],[10890, 30629],[10902, 30669],[10909, 30688],[10911, 30701],[10914, 30714],[10920, 30732]]],[[[22441, 32656],[22439, 32647],[22438, 32641],[22437, 32623],[22436, 32605],[22431, 32575],[22429, 32562],[22428, 32549],[22427, 32543],[22431, 32527],[22439, 32499],[22446, 32471],[22449, 32455],[22450, 32447],[22454, 32437],[22462, 32408],[22466, 32385],[22470, 32362],[22473, 32345],[22476, 32335],[22479, 32323],[22485, 32298],[22494, 32282],[22507, 32248],[22519, 32208],[22526, 32185],[22529, 32171],[22536, 32149],[22539, 32138],[22547, 32107],[22551, 32092],[22551, 32090],[22554, 32083],[22559, 32071],[22570, 32039],[22579, 32011],[22583, 31997],[22590, 31968],[22593, 31954],[22594, 31949],[22596, 31938],[22600, 31924],[22603, 31905],[22605, 31893],[22607, 31885],[22610, 31869],[22612, 31857],[22614, 31838],[22616, 31809],[22617, 31797],[22618, 31788],[22621, 31772],[22623, 31753],[22625, 31724],[22626, 31710],[22626, 31566],[22624, 31536],[22623, 31518],[22620, 31497],[22616, 31476],[22613, 31464],[22610, 31447],[22607, 31433],[22591, 31370],[22590, 31365],[22587, 31353],[22586, 31344],[22582, 31323],[22577, 31303],[22571, 31286],[22564, 31266],[22558, 31251],[22553, 31239],[22547, 31221],[22538, 31200],[22528, 31179],[22514, 31154],[22505, 31140],[22505, 31138],[22508, 31131],[22514, 31117],[22525, 31085],[22531, 31064],[22537, 31047],[22543, 31030],[22548, 31010],[22552, 30989],[22554, 30976],[22464, 30976],[22464, 30912],[22357, 30912],[22357, 30920],[22356, 30930],[22356, 30940],[22354, 30950],[22353, 30961],[22350, 30971],[22348, 30981],[22344, 30992],[22341, 31001],[22338, 31007],[22335, 31020],[22326, 31044],[22324, 31052],[22322, 31055],[22321, 31059],[22316, 31068],[22305, 31089],[22300, 31095],[22298, 31097],[22296, 31100],[22288, 31115],[22261, 31147],[22259, 31149],[22257, 31156],[22259, 31163],[22262, 31172],[22265, 31175],[22278, 31186],[22286, 31195],[22295, 31203],[22297, 31206],[22302, 31210],[22303, 31211],[22308, 31217],[22312, 31220],[22324, 31235],[22331, 31242],[22332, 31244],[22339, 31252],[22347, 31267],[22353, 31277],[22356, 31285],[22358, 31289],[22362, 31301],[22365, 31310],[22367, 31314],[22371, 31324],[22375, 31332],[22378, 31341],[22382, 31352],[22384, 31362],[22387, 31372],[22388, 31383],[22390, 31393],[22390, 31396],[22393, 31404],[22394, 31411],[22395, 31414],[22396, 31425],[22396, 31426],[22399, 31435],[22406, 31458],[22409, 31473],[22412, 31482],[22413, 31488],[22415, 31499],[22415, 31503],[22416, 31505],[22418, 31515],[22421, 31525],[22422, 31536],[22424, 31546],[22424, 31556],[22425, 31566],[22425, 31591],[22425, 31600],[22425, 31617],[22425, 31625],[22425, 31634],[22425, 31642],[22425, 31651],[22425, 31659],[22425, 31676],[22425, 31693],[22425, 31697],[22425, 31710],[22424, 31722],[22423, 31739],[22422, 31746],[22421, 31751],[22418, 31760],[22416, 31770],[22416, 31778],[22416, 31783],[22416, 31795],[22415, 31807],[22414, 31824],[22413, 31831],[22412, 31836],[22410, 31844],[22407, 31856],[22405, 31867],[22404, 31879],[22402, 31885],[22401, 31892],[22397, 31902],[22397, 31909],[22396, 31916],[22395, 31921],[22393, 31929],[22388, 31950],[22384, 31958],[22379, 31978],[22370, 32003],[22364, 32016],[22360, 32026],[22356, 32035],[22355, 32048],[22353, 32055],[22353, 32057],[22352, 32062],[22345, 32088],[22336, 32112],[22336, 32116],[22333, 32126],[22331, 32136],[22328, 32145],[22327, 32150],[22315, 32190],[22297, 32225],[22297, 32226],[22294, 32234],[22293, 32238],[22292, 32243],[22284, 32277],[22280, 32288],[22278, 32297],[22275, 32307],[22272, 32321],[22272, 32328],[22269, 32348],[22268, 32354],[22267, 32357],[22265, 32369],[22258, 32387],[22256, 32394],[22254, 32399],[22253, 32410],[22252, 32417],[22251, 32422],[22248, 32431],[22244, 32450],[22242, 32456],[22240, 32464],[22237, 32477],[22229, 32503],[22229, 32504],[22226, 32514],[22225, 32524],[22224, 32527],[22223, 32534],[22224, 32541],[22225, 32544],[22226, 32555],[22229, 32575],[22229, 32582],[22229, 32585],[22229, 32592],[22231, 32602],[22234, 32612],[22235, 32623],[22237, 32633],[22237, 32643],[22238, 32653],[22238, 32661],[22238, 32678],[22240, 32683],[22252, 32723],[22253, 32737],[22254, 32739],[22260, 32751],[22271, 32764],[22276, 32773],[22278, 32775],[22286, 32783],[22313, 32815],[22332, 32852],[22344, 32892],[22344, 32896],[22400, 32896],[22400, 32768],[22464, 32768],[22464, 32704],[22479, 32704],[22466, 32686],[22441, 32656]]],[[[22447, 30579],[22426, 30552],[22417, 30541],[22393, 30516],[22367, 30494],[22348, 30480],[22299, 30447],[22271, 30428],[22235, 30408],[22229, 30406],[22204, 30382],[22173, 30362],[22150, 30350],[22105, 30333],[22057, 30327],[22034, 30327],[22030, 30322],[21999, 30297],[21965, 30279],[21927, 30267],[21888, 30263],[21842, 30263],[21838, 30258],[21807, 30233],[21773, 30215],[21760, 30211],[21760, 30272],[21888, 30272],[21888, 30336],[22016, 30336],[22016, 30400],[22080, 30400],[22080, 30464],[22208, 30464],[22208, 30528],[22400, 30528],[22400, 30592],[22457, 30592],[22456, 30591],[22447, 30579]]],[[[21696, 30199],[21629, 30199],[21627, 30197],[21596, 30177],[21578, 30168],[21568, 30164],[21568, 30208],[21751, 30208],[21735, 30203],[21696, 30199]]],[[[21446, 30135],[21440, 30135],[21440, 30144],[21503, 30144],[21476, 30138],[21446, 30135]]],[[[20635, 30210],[20608, 30210],[20603, 30196],[20594, 30173],[20587, 30150],[20575, 30121],[20541, 30051],[20522, 30014],[20520, 30012],[20579, 29953],[20591, 29942],[20623, 29915],[20647, 29891],[20674, 29859],[20698, 29824],[20709, 29805],[20728, 29768],[20741, 29734],[20753, 29694],[20761, 29655],[20761, 29652],[20764, 29644],[20773, 29611],[20776, 29595],[20784, 29552],[20787, 29530],[20790, 29497],[20794, 29476],[20801, 29425],[20802, 29419],[20808, 29379],[20810, 29362],[20814, 29328],[20815, 29318],[20816, 29310],[20823, 29286],[20825, 29276],[20827, 29263],[20831, 29232],[20832, 29219],[20834, 29206],[20839, 29176],[20840, 29158],[20841, 29155],[20841, 29154],[20846, 29128],[20848, 29112],[20849, 29108],[20853, 29087],[20854, 29077],[20855, 29075],[20859, 29055],[20861, 29042],[20864, 29022],[20866, 29014],[20867, 29009],[20868, 29005],[20875, 28982],[20881, 28964],[20884, 28951],[20887, 28932],[20889, 28920],[20891, 28912],[20894, 28896],[20896, 28884],[20898, 28865],[20900, 28836],[20901, 28822],[20900, 28712],[20899, 28688],[20897, 28661],[20895, 28650],[20893, 28633],[20893, 28615],[20891, 28588],[20887, 28559],[20884, 28541],[20881, 28528],[20875, 28510],[20868, 28487],[20865, 28477],[20855, 28449],[20849, 28436],[20838, 28412],[20819, 28375],[20808, 28356],[20784, 28321],[20757, 28289],[20733, 28265],[20701, 28238],[20664, 28213],[20627, 28194],[20606, 28185],[20591, 28173],[20557, 28154],[20544, 28150],[20544, 28160],[20480, 28160],[20480, 28340],[20489, 28354],[20492, 28358],[20495, 28360],[20535, 28372],[20572, 28391],[20604, 28418],[20631, 28450],[20639, 28466],[20640, 28467],[20659, 28504],[20660, 28507],[20660, 28508],[20667, 28521],[20668, 28523],[20672, 28532],[20674, 28543],[20676, 28546],[20680, 28558],[20685, 28573],[20686, 28580],[20688, 28586],[20689, 28598],[20692, 28615],[20692, 28623],[20692, 28627],[20692, 28644],[20692, 28653],[20692, 28664],[20693, 28670],[20696, 28679],[20697, 28685],[20699, 28696],[20699, 28714],[20700, 28720],[20700, 28738],[20700, 28746],[20700, 28763],[20700, 28771],[20700, 28805],[20700, 28810],[20700, 28822],[20699, 28834],[20698, 28851],[20697, 28858],[20696, 28863],[20694, 28871],[20691, 28883],[20689, 28894],[20688, 28906],[20686, 28912],[20685, 28919],[20680, 28934],[20676, 28946],[20674, 28949],[20672, 28960],[20671, 28961],[20671, 28965],[20666, 28982],[20666, 28985],[20663, 29005],[20662, 29016],[20661, 29019],[20660, 29026],[20657, 29034],[20657, 29038],[20655, 29048],[20654, 29059],[20651, 29069],[20649, 29079],[20648, 29081],[20648, 29093],[20646, 29104],[20645, 29110],[20642, 29119],[20641, 29125],[20641, 29128],[20640, 29138],[20640, 29148],[20638, 29158],[20637, 29169],[20634, 29179],[20632, 29189],[20632, 29196],[20632, 29199],[20632, 29206],[20629, 29226],[20628, 29237],[20627, 29240],[20626, 29247],[20620, 29263],[20615, 29293],[20615, 29298],[20615, 29300],[20615, 29305],[20611, 29337],[20611, 29339],[20610, 29347],[20606, 29364],[20603, 29388],[20603, 29390],[20602, 29398],[20599, 29413],[20595, 29449],[20590, 29466],[20590, 29468],[20590, 29473],[20590, 29476],[20589, 29484],[20587, 29515],[20579, 29558],[20575, 29573],[20570, 29591],[20564, 29609],[20561, 29636],[20549, 29676],[20530, 29713],[20529, 29714],[20521, 29730],[20494, 29762],[20462, 29789],[20455, 29792],[20450, 29797],[20443, 29805],[20429, 29816],[20418, 29830],[20401, 29844],[20394, 29853],[20384, 29864],[20377, 29871],[20375, 29873],[20367, 29881],[20362, 29885],[20358, 29890],[20354, 29894],[20350, 29898],[20341, 29907],[20333, 29915],[20324, 29924],[20316, 29932],[20299, 29949],[20267, 29976],[20267, 29986],[20267, 29992],[20324, 30078],[20334, 30089],[20342, 30105],[20343, 30106],[20362, 30143],[20363, 30145],[20379, 30177],[20380, 30179],[20396, 30211],[20403, 30234],[20404, 30236],[20410, 30256],[20413, 30262],[20416, 30271],[20420, 30282],[20422, 30292],[20425, 30302],[20425, 30304],[20429, 30310],[20436, 30318],[20440, 30326],[20445, 30331],[20456, 30344],[20458, 30347],[20462, 30352],[20472, 30371],[20477, 30380],[20477, 30381],[20488, 30397],[20492, 30405],[20496, 30411],[20646, 30411],[20672, 30408],[20672, 30400],[20608, 30400],[20608, 30336],[20672, 30336],[20672, 30208],[20651, 30209],[20635, 30210]]],[[[20150, 27744],[20147, 27731],[20140, 27676],[20136, 27654],[20134, 27646],[20131, 27626],[20129, 27613],[20125, 27593],[20124, 27591],[20123, 27581],[20119, 27560],[20114, 27540],[20107, 27517],[20095, 27477],[20083, 27446],[20076, 27431],[20056, 27400],[20031, 27372],[20015, 27360],[20007, 27345],[19982, 27314],[19963, 27299],[19958, 27283],[19947, 27264],[19840, 27264],[19840, 27328],[19904, 27328],[19904, 27392],[20032, 27392],[20032, 27456],[19904, 27456],[19904, 27520],[19896, 27520],[19896, 27521],[19903, 27535],[19915, 27575],[19916, 27580],[19919, 27589],[19921, 27599],[19924, 27609],[19925, 27620],[19927, 27630],[19927, 27634],[19930, 27642],[19931, 27649],[19932, 27652],[19933, 27663],[19936, 27683],[19936, 27686],[19941, 27703],[19945, 27744],[19945, 27747],[19946, 27753],[19949, 27762],[19950, 27768],[19952, 27779],[19952, 27797],[19953, 27803],[19953, 27815],[19954, 27821],[19957, 27830],[19958, 27836],[19960, 27847],[19960, 27865],[19961, 27871],[19961, 27882],[19962, 27884],[19966, 27897],[19967, 27899],[19989, 27910],[20004, 27920],[20007, 27921],[20032, 27937],[20032, 27840],[20096, 27840],[20096, 27776],[20153, 27776],[20152, 27771],[20150, 27744]]],[[[16240, 27587],[16243, 27588],[16250, 27589],[16256, 27591],[16273, 27591],[16286, 27588],[16294, 27587],[16296, 27587],[16315, 27585],[16317, 27584],[16216, 27584],[16229, 27586],[16240, 27587]]],[[[16906, 27404],[16908, 27403],[16923, 27399],[16943, 27392],[16896, 27392],[16896, 27408],[16903, 27405],[16906, 27404]]],[[[17013, 27358],[17018, 27356],[17028, 27351],[17030, 27350],[17060, 27335],[17066, 27332],[17081, 27322],[17083, 27320],[17094, 27315],[17099, 27312],[17109, 27303],[17146, 27284],[17148, 27283],[17180, 27267],[17182, 27266],[17189, 27264],[17024, 27264],[17024, 27328],[16960, 27328],[16960, 27385],[16979, 27375],[17013, 27358]]],[[[17876, 26852],[17879, 26849],[17941, 26811],[17984, 26780],[17994, 26770],[18003, 26761],[18009, 26755],[18022, 26735],[18023, 26734],[18024, 26732],[18025, 26728],[18034, 26711],[18038, 26702],[18039, 26700],[18044, 26691],[18055, 26678],[18062, 26668],[18065, 26666],[18069, 26657],[18096, 26625],[18097, 26624],[17984, 26624],[17984, 26688],[17920, 26688],[17920, 26752],[17856, 26752],[17856, 26816],[17792, 26816],[17792, 26880],[17833, 26880],[17873, 26853],[17876, 26852]]],[[[18153, 26582],[18154, 26581],[18191, 26562],[18198, 26560],[18112, 26560],[18112, 26611],[18137, 26590],[18153, 26582]]],[[[18409, 26565],[18416, 26567],[18429, 26571],[18434, 26574],[18438, 26575],[18455, 26583],[18457, 26584],[18464, 26587],[18481, 26596],[18490, 26602],[18496, 26605],[18496, 26560],[18397, 26560],[18404, 26562],[18409, 26565]]],[[[18557, 26649],[18560, 26653],[18560, 26624],[18526, 26624],[18536, 26633],[18557, 26649]]],[[[18706, 26908],[18735, 26923],[18739, 26924],[18752, 26932],[18752, 26880],[18648, 26880],[18701, 26906],[18706, 26908]]],[[[19660, 27295],[19678, 27301],[19712, 27318],[19712, 27264],[19648, 27264],[19648, 27290],[19653, 27292],[19660, 27295]]],[[[19740, 27337],[19745, 27341],[19748, 27343],[19761, 27354],[19772, 27364],[19775, 27367],[19776, 27367],[19776, 27328],[19724, 27328],[19728, 27331],[19740, 27337]]],[[[21450, 30338],[21455, 30339],[21463, 30341],[21484, 30346],[21493, 30350],[21495, 30351],[21504, 30356],[21504, 30336],[21446, 30336],[21449, 30338],[21450, 30338]]],[[[22075, 30538],[22080, 30540],[22080, 30528],[22057, 30528],[22074, 30537],[22075, 30538]]],[[[22183, 30612],[22186, 30613],[22189, 30615],[22211, 30632],[22219, 30637],[22231, 30643],[22233, 30645],[22237, 30647],[22247, 30656],[22263, 30669],[22267, 30674],[22268, 30675],[22275, 30684],[22289, 30702],[22292, 30707],[22293, 30708],[22305, 30726],[22320, 30749],[22322, 30751],[22327, 30762],[22341, 30786],[22353, 30826],[22355, 30848],[22400, 30848],[22400, 30720],[22336, 30720],[22336, 30656],[22272, 30656],[22272, 30592],[22156, 30592],[22170, 30603],[22183, 30612]]]]},"properties":{"objectType":"annotation","name":"B15XO_B1 Outer Rim 100 µm","color":[100, 200, 100],"classification":{"name":"Outer Rim","color":[200, 63, 239]}}},{"type":"Feature","id":"3dfcfb11-4259-43fb-b855-8716fe668e1c","geometry":{"type":"MultiPolygon","coordinates":[[[[23219, 35841],[23210, 35875],[23206, 35911],[23206, 35929],[23210, 35965],[23219, 35999],[23222, 36007],[23226, 36017],[23240, 36045],[23242, 36049],[23244, 36067],[23253, 36101],[23256, 36109],[23265, 36129],[23271, 36141],[23287, 36166],[23288, 36168],[23291, 36176],[23296, 36189],[23301, 36200],[23309, 36215],[23336, 36256],[23342, 36263],[23345, 36266],[23347, 36268],[23348, 36270],[23352, 36274],[23354, 36276],[23355, 36275],[23390, 36307],[23404, 36316],[23414, 36322],[23427, 36329],[23431, 36331],[23451, 36340],[23459, 36343],[23466, 36346],[23474, 36349],[23510, 36358],[23523, 36360],[23544, 36365],[23563, 36368],[23578, 36371],[23606, 36373],[23648, 36373],[23684, 36369],[23718, 36360],[23726, 36357],[23746, 36348],[23754, 36344],[23795, 36317],[23802, 36311],[23823, 36290],[23829, 36283],[23856, 36242],[23860, 36234],[23869, 36214],[23872, 36206],[23881, 36172],[23885, 36136],[23885, 36118],[23881, 36082],[23872, 36048],[23869, 36040],[23860, 36020],[23856, 36012],[23829, 35971],[23823, 35964],[23802, 35943],[23795, 35937],[23786, 35930],[23777, 35922],[23767, 35914],[23764, 35912],[23749, 35899],[23741, 35893],[23739, 35891],[23736, 35887],[23726, 35873],[23715, 35859],[23713, 35857],[23712, 35856],[23711, 35854],[23709, 35850],[23707, 35848],[23704, 35843],[23695, 35829],[23686, 35816],[23676, 35803],[23670, 35793],[23668, 35790],[23653, 35770],[23647, 35763],[23637, 35752],[23633, 35748],[23622, 35738],[23615, 35732],[23574, 35705],[23566, 35701],[23551, 35694],[23541, 35690],[23533, 35687],[23499, 35678],[23463, 35674],[23443, 35674],[23407, 35678],[23373, 35687],[23365, 35690],[23360, 35692],[23360, 35712],[23320, 35712],[23283, 35741],[23273, 35751],[23252, 35776],[23247, 35784],[23245, 35787],[23242, 35793],[23236, 35803],[23235, 35805],[23235, 35806],[23226, 35823],[23222, 35833],[23219, 35841]],[[23430, 35961],[23429, 35959],[23427, 35958],[23426, 35957],[23425, 35957],[23420, 35952],[23415, 35947],[23415, 35946],[23414, 35945],[23413, 35943],[23412, 35942],[23411, 35939],[23410, 35937],[23407, 35929],[23407, 35911],[23410, 35903],[23411, 35901],[23412, 35898],[23413, 35897],[23414, 35895],[23415, 35894],[23415, 35893],[23420, 35888],[23425, 35883],[23426, 35883],[23427, 35882],[23429, 35881],[23430, 35880],[23433, 35879],[23435, 35878],[23443, 35875],[23463, 35875],[23471, 35878],[23472, 35879],[23476, 35880],[23484, 35884],[23491, 35890],[23492, 35891],[23493, 35892],[23495, 35894],[23501, 35901],[23502, 35903],[23503, 35904],[23506, 35910],[23507, 35911],[23509, 35915],[23510, 35917],[23511, 35918],[23511, 35919],[23513, 35921],[23515, 35923],[23516, 35924],[23517, 35925],[23521, 35930],[23523, 35933],[23525, 35937],[23530, 35943],[23532, 35946],[23533, 35947],[23535, 35951],[23537, 35955],[23538, 35957],[23539, 35959],[23540, 35960],[23540, 35961],[23544, 35965],[23546, 35967],[23546, 35968],[23547, 35969],[23548, 35971],[23551, 35975],[23554, 35979],[23555, 35981],[23557, 35983],[23563, 35990],[23564, 35993],[23568, 35997],[23569, 36000],[23573, 36004],[23575, 36008],[23577, 36010],[23580, 36015],[23581, 36016],[23583, 36018],[23583, 36019],[23584, 36020],[23584, 36021],[23585, 36022],[23588, 36024],[23591, 36029],[23592, 36030],[23592, 36031],[23596, 36033],[23600, 36037],[23606, 36042],[23607, 36042],[23609, 36044],[23611, 36046],[23614, 36048],[23615, 36049],[23616, 36049],[23618, 36051],[23622, 36055],[23624, 36057],[23628, 36061],[23633, 36064],[23635, 36066],[23638, 36069],[23641, 36071],[23642, 36072],[23644, 36073],[23645, 36073],[23647, 36075],[23648, 36076],[23651, 36079],[23653, 36081],[23655, 36083],[23660, 36086],[23662, 36088],[23664, 36089],[23671, 36095],[23677, 36102],[23681, 36110],[23684, 36118],[23684, 36136],[23681, 36144],[23677, 36152],[23671, 36159],[23664, 36165],[23656, 36169],[23648, 36172],[23606, 36172],[23603, 36171],[23599, 36171],[23594, 36169],[23588, 36169],[23581, 36167],[23562, 36163],[23561, 36163],[23556, 36162],[23552, 36161],[23550, 36160],[23543, 36160],[23535, 36157],[23532, 36156],[23529, 36155],[23521, 36152],[23517, 36150],[23509, 36145],[23507, 36144],[23506, 36143],[23501, 36140],[23499, 36137],[23498, 36136],[23496, 36134],[23495, 36133],[23494, 36132],[23488, 36125],[23484, 36117],[23483, 36113],[23479, 36106],[23476, 36098],[23476, 36096],[23476, 36094],[23474, 36089],[23474, 36087],[23472, 36082],[23472, 36081],[23472, 36079],[23471, 36076],[23471, 36075],[23471, 36071],[23471, 36069],[23467, 36067],[23465, 36066],[23458, 36060],[23456, 36058],[23450, 36051],[23448, 36047],[23446, 36043],[23444, 36039],[23441, 36031],[23441, 36029],[23441, 36013],[23441, 36011],[23441, 36009],[23444, 36001],[23448, 35993],[23451, 35990],[23448, 35987],[23445, 35981],[23444, 35980],[23442, 35978],[23438, 35974],[23436, 35972],[23436, 35971],[23436, 35970],[23433, 35967],[23432, 35965],[23430, 35961]]],[[[22356, 37029],[22363, 37055],[22363, 37056],[22366, 37070],[22367, 37075],[22371, 37087],[22372, 37091],[22373, 37094],[22376, 37106],[22379, 37114],[22385, 37128],[22388, 37135],[22393, 37146],[22398, 37157],[22408, 37176],[22411, 37181],[22415, 37196],[22419, 37207],[22429, 37228],[22436, 37242],[22443, 37255],[22446, 37260],[22455, 37274],[22470, 37294],[22476, 37301],[22483, 37309],[22489, 37315],[22508, 37334],[22515, 37340],[22545, 37361],[22557, 37368],[22568, 37374],[22576, 37378],[22596, 37387],[22604, 37390],[22638, 37399],[22674, 37403],[22727, 37403],[22749, 37401],[22758, 37400],[22791, 37394],[22798, 37392],[22813, 37387],[22821, 37384],[22824, 37383],[22825, 37382],[22847, 37375],[22855, 37372],[22868, 37366],[22874, 37364],[22883, 37360],[22899, 37354],[22911, 37349],[22926, 37342],[22946, 37332],[22962, 37323],[22970, 37318],[22976, 37314],[22978, 37313],[22988, 37307],[22996, 37302],[23015, 37289],[23023, 37282],[23035, 37272],[23049, 37260],[23064, 37245],[23076, 37231],[23086, 37219],[23093, 37211],[23099, 37203],[23104, 37197],[23104, 37184],[23114, 37184],[23118, 37179],[23125, 37168],[23128, 37164],[23134, 37155],[23148, 37131],[23152, 37123],[23161, 37103],[23164, 37095],[23174, 37058],[23175, 37052],[23175, 37051],[23177, 37046],[23182, 37031],[23186, 37019],[23194, 36988],[23195, 36981],[23198, 36969],[23202, 36953],[23203, 36948],[23207, 36909],[23207, 36880],[23204, 36848],[23196, 36817],[23193, 36807],[23190, 36799],[23181, 36779],[23180, 36777],[23173, 36764],[23170, 36759],[23163, 36748],[23138, 36717],[23132, 36711],[23115, 36696],[23110, 36692],[23075, 36670],[23059, 36662],[23039, 36653],[23031, 36650],[23007, 36643],[22986, 36638],[22940, 36632],[22885, 36632],[22830, 36640],[22826, 36641],[22825, 36641],[22804, 36648],[22796, 36651],[22793, 36652],[22786, 36652],[22782, 36650],[22770, 36644],[22750, 36635],[22742, 36632],[22708, 36623],[22672, 36619],[22653, 36619],[22617, 36623],[22592, 36630],[22592, 36672],[22528, 36672],[22528, 36800],[22464, 36800],[22464, 36864],[22400, 36864],[22400, 36992],[22349, 36992],[22350, 37002],[22357, 37029],[22356, 37029]],[[22586, 37083],[22584, 37079],[22582, 37074],[22581, 37072],[22579, 37068],[22579, 37067],[22576, 37064],[22572, 37056],[22571, 37052],[22569, 37049],[22567, 37044],[22564, 37036],[22564, 37035],[22564, 37034],[22563, 37031],[22562, 37028],[22562, 37023],[22562, 37022],[22562, 37019],[22560, 37014],[22560, 37013],[22560, 37009],[22552, 36984],[22550, 36977],[22549, 36974],[22549, 36970],[22548, 36967],[22548, 36965],[22548, 36964],[22548, 36961],[22548, 36960],[22547, 36957],[22546, 36954],[22546, 36950],[22546, 36948],[22546, 36941],[22546, 36939],[22546, 36932],[22546, 36929],[22548, 36924],[22548, 36918],[22548, 36914],[22549, 36909],[22550, 36906],[22551, 36903],[22551, 36901],[22553, 36897],[22553, 36895],[22554, 36893],[22557, 36887],[22558, 36885],[22559, 36884],[22562, 36879],[22567, 36875],[22571, 36872],[22572, 36871],[22575, 36869],[22583, 36865],[22591, 36862],[22595, 36862],[22597, 36861],[22605, 36858],[22611, 36858],[22617, 36857],[22617, 36856],[22620, 36848],[22621, 36846],[22622, 36843],[22623, 36842],[22624, 36840],[22625, 36839],[22625, 36838],[22630, 36833],[22635, 36828],[22636, 36828],[22637, 36827],[22639, 36826],[22640, 36825],[22643, 36824],[22645, 36823],[22653, 36820],[22672, 36820],[22680, 36823],[22684, 36825],[22688, 36827],[22692, 36829],[22695, 36831],[22696, 36832],[22697, 36832],[22699, 36834],[22701, 36836],[22703, 36837],[22707, 36840],[22715, 36843],[22719, 36845],[22720, 36845],[22722, 36845],[22730, 36848],[22733, 36850],[22737, 36851],[22738, 36851],[22741, 36852],[22744, 36853],[22745, 36853],[22748, 36854],[22751, 36855],[22829, 36855],[22834, 36853],[22836, 36853],[22839, 36852],[22847, 36849],[22849, 36849],[22852, 36848],[22853, 36847],[22854, 36847],[22858, 36843],[22866, 36839],[22874, 36836],[22875, 36836],[22878, 36835],[22880, 36835],[22885, 36833],[22940, 36833],[22948, 36836],[22950, 36836],[22954, 36838],[22956, 36838],[22961, 36838],[22969, 36841],[22977, 36845],[22985, 36849],[22989, 36852],[22990, 36853],[22992, 36855],[22996, 36859],[22998, 36861],[22998, 36862],[22999, 36863],[23001, 36867],[23002, 36869],[23005, 36877],[23006, 36880],[23006, 36883],[23006, 36886],[23006, 36887],[23006, 36889],[23006, 36891],[23006, 36895],[23006, 36901],[23006, 36905],[23006, 36907],[23006, 36909],[23005, 36914],[23002, 36922],[23000, 36927],[22999, 36930],[22999, 36935],[22999, 36936],[22997, 36941],[22997, 36943],[22997, 36945],[22997, 36947],[22996, 36950],[22996, 36952],[22996, 36956],[22993, 36964],[22992, 36966],[22992, 36968],[22989, 36976],[22985, 36984],[22981, 36990],[22978, 36996],[22977, 36998],[22977, 36999],[22977, 37001],[22977, 37003],[22977, 37004],[22977, 37005],[22977, 37008],[22977, 37012],[22977, 37013],[22977, 37014],[22977, 37016],[22977, 37019],[22976, 37022],[22976, 37023],[22976, 37025],[22973, 37033],[22969, 37041],[22965, 37045],[22965, 37046],[22964, 37048],[22961, 37051],[22961, 37052],[22960, 37054],[22955, 37062],[22950, 37069],[22947, 37072],[22946, 37072],[22945, 37073],[22942, 37076],[22941, 37078],[22936, 37086],[22934, 37088],[22934, 37089],[22932, 37091],[22930, 37093],[22929, 37094],[22927, 37097],[22922, 37103],[22919, 37106],[22917, 37108],[22916, 37109],[22915, 37110],[22913, 37112],[22911, 37114],[22908, 37117],[22907, 37118],[22901, 37123],[22898, 37125],[22897, 37126],[22895, 37128],[22893, 37130],[22892, 37130],[22890, 37132],[22882, 37137],[22880, 37138],[22871, 37143],[22870, 37143],[22870, 37144],[22868, 37145],[22867, 37146],[22865, 37147],[22864, 37148],[22856, 37153],[22852, 37155],[22848, 37157],[22847, 37157],[22845, 37158],[22836, 37163],[22832, 37165],[22831, 37165],[22827, 37167],[22826, 37167],[22818, 37170],[22817, 37170],[22812, 37172],[22808, 37174],[22800, 37177],[22796, 37179],[22791, 37181],[22789, 37182],[22785, 37184],[22777, 37187],[22774, 37188],[22773, 37188],[22770, 37189],[22762, 37192],[22761, 37192],[22758, 37193],[22755, 37194],[22751, 37196],[22743, 37199],[22741, 37199],[22736, 37201],[22732, 37201],[22727, 37202],[22674, 37202],[22666, 37199],[22658, 37195],[22655, 37192],[22654, 37192],[22646, 37188],[22639, 37182],[22633, 37175],[22631, 37173],[22628, 37170],[22622, 37163],[22621, 37161],[22620, 37160],[22618, 37158],[22618, 37157],[22618, 37156],[22615, 37152],[22613, 37148],[22612, 37146],[22609, 37140],[22608, 37138],[22608, 37136],[22607, 37135],[22604, 37127],[22604, 37125],[22604, 37123],[22602, 37119],[22602, 37114],[22602, 37113],[22600, 37108],[22600, 37106],[22598, 37104],[22597, 37102],[22596, 37101],[22592, 37093],[22591, 37092],[22589, 37088],[22589, 37087],[22586, 37083]]],[[[15880, 38427],[15881, 38439],[15882, 38441],[15883, 38441],[15887, 38460],[15890, 38469],[15895, 38481],[15895, 38498],[15896, 38508],[15899, 38525],[15900, 38531],[15903, 38547],[15904, 38551],[15909, 38565],[15910, 38570],[15912, 38576],[15915, 38586],[15924, 38609],[15929, 38622],[15935, 38636],[15936, 38639],[15938, 38644],[15947, 38664],[15954, 38678],[15962, 38693],[15968, 38704],[15977, 38723],[15983, 38732],[15986, 38738],[15989, 38760],[15992, 38774],[15997, 38794],[16006, 38820],[16010, 38830],[16017, 38845],[16020, 38853],[16028, 38868],[16056, 38910],[16063, 38918],[16082, 38937],[16086, 38941],[16090, 38956],[16095, 38973],[16095, 38975],[16098, 38985],[16105, 39006],[16105, 39007],[16108, 39022],[16109, 39026],[16114, 39040],[16117, 39052],[16125, 39075],[16133, 39094],[16138, 39105],[16143, 39116],[16147, 39124],[16169, 39158],[16184, 39177],[16211, 39206],[16243, 39228],[16247, 39237],[16251, 39245],[16263, 39266],[16264, 39268],[16266, 39271],[16267, 39273],[16267, 39274],[16268, 39277],[16269, 39289],[16272, 39306],[16274, 39315],[16276, 39348],[16276, 39358],[16277, 39368],[16282, 39397],[16287, 39414],[16290, 39424],[16298, 39445],[16301, 39452],[16306, 39463],[16310, 39471],[16317, 39484],[16320, 39489],[16337, 39513],[16346, 39524],[16365, 39544],[16378, 39556],[16390, 39567],[16401, 39577],[16443, 39605],[16455, 39611],[16487, 39624],[16497, 39627],[16507, 39630],[16519, 39633],[16533, 39637],[16546, 39641],[16547, 39641],[16563, 39647],[16566, 39649],[16577, 39654],[16588, 39658],[16608, 39666],[16621, 39670],[16636, 39674],[16650, 39677],[16660, 39679],[16679, 39682],[16689, 39683],[16709, 39684],[16817, 39684],[16837, 39683],[16839, 39682],[16881, 39682],[16897, 39681],[16905, 39680],[16916, 39679],[16925, 39678],[16938, 39677],[16954, 39676],[16957, 39675],[17018, 39674],[17032, 39673],[17033, 39673],[17097, 39672],[17114, 39671],[17116, 39670],[17163, 39670],[17179, 39669],[17182, 39668],[17205, 39668],[17222, 39665],[17235, 39665],[17260, 39663],[17276, 39661],[17290, 39659],[17300, 39657],[17308, 39655],[17309, 39655],[17315, 39654],[17329, 39652],[17341, 39650],[17346, 39649],[17347, 39649],[17358, 39647],[17366, 39645],[17368, 39645],[17384, 39642],[17401, 39637],[17411, 39634],[17422, 39630],[17431, 39627],[17433, 39626],[17442, 39623],[17462, 39615],[17469, 39612],[17480, 39607],[17504, 39595],[17531, 39579],[17535, 39576],[17538, 39574],[17547, 39568],[17555, 39562],[17567, 39552],[17575, 39545],[17585, 39536],[17599, 39522],[17608, 39512],[17615, 39504],[17622, 39493],[17623, 39493],[17631, 39483],[17643, 39466],[17650, 39455],[17653, 39450],[17655, 39448],[17694, 39399],[17699, 39394],[17721, 39370],[17730, 39359],[17734, 39354],[17744, 39340],[17752, 39329],[17761, 39315],[17764, 39310],[17771, 39297],[17777, 39285],[17784, 39272],[17784, 39271],[17785, 39269],[17786, 39268],[17786, 39267],[17795, 39254],[17801, 39245],[17803, 39242],[17813, 39228],[17822, 39215],[17833, 39199],[17835, 39197],[17857, 39182],[17866, 39175],[17877, 39169],[17882, 39166],[17895, 39157],[17899, 39155],[17912, 39148],[17921, 39143],[17922, 39142],[17934, 39136],[17949, 39128],[17962, 39120],[17969, 39116],[17970, 39115],[17990, 39102],[17998, 39096],[18006, 39089],[18009, 39087],[18019, 39079],[18028, 39072],[18042, 39061],[18048, 39057],[18061, 39047],[18062, 39046],[18087, 39026],[18095, 39018],[18110, 39005],[18120, 38995],[18125, 38991],[18136, 38982],[18145, 38975],[18157, 38964],[18159, 38961],[18170, 38952],[18179, 38944],[18189, 38935],[18200, 38924],[18203, 38922],[18211, 38917],[18234, 38901],[18247, 38891],[18255, 38884],[18261, 38879],[18275, 38867],[18282, 38860],[18283, 38859],[18294, 38850],[18302, 38844],[18319, 38829],[18325, 38823],[18332, 38818],[18340, 38812],[18348, 38805],[18359, 38796],[18389, 38766],[18397, 38756],[18419, 38721],[18423, 38713],[18436, 38681],[18439, 38671],[18447, 38633],[18448, 38623],[18448, 38583],[18447, 38573],[18439, 38535],[18436, 38525],[18423, 38493],[18419, 38485],[18391, 38443],[18384, 38435],[18365, 38416],[18357, 38409],[18315, 38381],[18307, 38377],[18275, 38364],[18265, 38361],[18227, 38353],[18217, 38352],[18197, 38351],[18195, 38351],[18175, 38352],[18165, 38353],[18127, 38361],[18117, 38364],[18113, 38366],[18111, 38366],[18101, 38367],[18083, 38367],[18071, 38368],[18063, 38369],[18053, 38370],[18035, 38372],[18019, 38375],[18009, 38376],[17994, 38378],[17987, 38379],[17980, 38380],[17952, 38383],[17942, 38385],[17923, 38390],[17917, 38389],[17903, 38387],[17898, 38387],[17881, 38383],[17878, 38383],[17875, 38382],[17861, 38377],[17860, 38377],[17847, 38371],[17833, 38366],[17827, 38364],[17776, 38341],[17762, 38335],[17759, 38334],[17748, 38327],[17713, 38309],[17702, 38302],[17688, 38294],[17666, 38283],[17659, 38280],[17646, 38274],[17644, 38274],[17612, 38261],[17596, 38256],[17581, 38252],[17568, 38249],[17558, 38247],[17539, 38244],[17536, 38244],[17534, 38244],[17526, 38242],[17520, 38241],[17506, 38239],[17484, 38237],[17466, 38234],[17434, 38229],[17425, 38228],[17412, 38225],[17399, 38223],[17390, 38221],[17372, 38218],[17361, 38215],[17346, 38211],[17336, 38209],[17315, 38206],[17313, 38206],[17302, 38204],[17288, 38201],[17266, 38197],[17253, 38195],[17246, 38195],[17241, 38194],[17207, 38187],[17196, 38185],[17148, 38179],[17139, 38177],[17126, 38175],[17116, 38174],[17096, 38173],[17073, 38173],[17056, 38174],[17032, 38176],[17010, 38179],[17004, 38180],[16995, 38182],[16987, 38183],[16971, 38186],[16967, 38187],[16953, 38192],[16944, 38195],[16924, 38203],[16917, 38206],[16906, 38211],[16898, 38215],[16856, 38243],[16848, 38250],[16838, 38259],[16832, 38265],[16831, 38267],[16829, 38266],[16816, 38258],[16803, 38251],[16782, 38241],[16746, 38225],[16737, 38221],[16727, 38215],[16721, 38212],[16700, 38199],[16688, 38193],[16656, 38180],[16646, 38177],[16608, 38169],[16598, 38168],[16578, 38167],[16572, 38167],[16552, 38168],[16542, 38169],[16507, 38176],[16497, 38179],[16487, 38182],[16455, 38195],[16447, 38199],[16427, 38210],[16416, 38215],[16414, 38216],[16413, 38216],[16408, 38217],[16372, 38216],[16314, 38215],[16314, 38214],[16310, 38210],[16300, 38201],[16292, 38194],[16280, 38184],[16266, 38174],[16263, 38172],[16242, 38160],[16236, 38157],[16209, 38146],[16203, 38144],[16168, 38135],[16161, 38134],[16133, 38132],[16121, 38132],[16093, 38134],[16086, 38135],[16051, 38144],[16045, 38146],[16018, 38157],[16012, 38160],[15991, 38172],[15988, 38174],[15974, 38184],[15969, 38188],[15952, 38203],[15946, 38209],[15931, 38226],[15927, 38231],[15917, 38245],[15915, 38248],[15903, 38269],[15900, 38275],[15889, 38302],[15887, 38308],[15878, 38343],[15877, 38350],[15875, 38378],[15875, 38390],[15878, 38408],[15877, 38408],[15877, 38412],[15880, 38427]],[[16412, 39110],[16412, 39109],[16410, 39106],[16408, 39100],[16407, 39097],[16405, 39093],[16405, 39092],[16404, 39091],[16399, 39082],[16395, 39072],[16391, 39062],[16389, 39063],[16379, 39065],[16369, 39065],[16359, 39063],[16341, 39053],[16331, 39040],[16326, 39034],[16322, 39026],[16321, 39023],[16319, 39019],[16315, 39009],[16312, 39000],[16310, 38993],[16310, 38991],[16307, 38986],[16306, 38983],[16304, 38977],[16304, 38975],[16303, 38973],[16303, 38971],[16302, 38967],[16302, 38963],[16301, 38961],[16300, 38955],[16299, 38954],[16296, 38944],[16296, 38941],[16295, 38939],[16293, 38936],[16291, 38930],[16289, 38920],[16289, 38919],[16287, 38916],[16285, 38910],[16283, 38900],[16283, 38899],[16281, 38893],[16279, 38883],[16279, 38881],[16277, 38875],[16275, 38865],[16274, 38862],[16272, 38856],[16270, 38848],[16270, 38844],[16269, 38840],[16268, 38838],[16267, 38835],[16264, 38827],[16263, 38823],[16262, 38819],[16262, 38817],[16260, 38814],[16257, 38808],[16255, 38804],[16255, 38803],[16254, 38803],[16244, 38802],[16234, 38799],[16230, 38797],[16226, 38795],[16222, 38793],[16214, 38786],[16207, 38778],[16203, 38770],[16202, 38768],[16202, 38767],[16198, 38759],[16198, 38758],[16196, 38755],[16192, 38745],[16191, 38741],[16190, 38737],[16188, 38729],[16187, 38725],[16184, 38703],[16183, 38701],[16181, 38691],[16181, 38690],[16179, 38680],[16177, 38674],[16177, 38673],[16175, 38668],[16170, 38659],[16166, 38650],[16164, 38643],[16162, 38641],[16159, 38635],[16158, 38633],[16157, 38631],[16157, 38630],[16151, 38622],[16149, 38617],[16148, 38615],[16147, 38613],[16147, 38612],[16146, 38610],[16144, 38607],[16141, 38602],[16139, 38599],[16133, 38587],[16133, 38586],[16131, 38584],[16127, 38576],[16126, 38574],[16126, 38572],[16123, 38566],[16122, 38563],[16121, 38561],[16120, 38558],[16116, 38548],[16114, 38544],[16113, 38540],[16111, 38537],[16110, 38534],[16108, 38530],[16108, 38529],[16107, 38528],[16104, 38518],[16103, 38514],[16102, 38511],[16101, 38508],[16099, 38502],[16099, 38500],[16098, 38498],[16098, 38496],[16097, 38492],[16097, 38491],[16096, 38488],[16095, 38478],[16095, 38476],[16096, 38466],[16099, 38456],[16103, 38448],[16103, 38447],[16099, 38439],[16098, 38434],[16096, 38431],[16095, 38428],[16093, 38424],[16092, 38423],[16091, 38422],[16084, 38414],[16080, 38406],[16079, 38403],[16077, 38397],[16077, 38396],[16077, 38393],[16076, 38390],[16076, 38386],[16076, 38384],[16076, 38378],[16077, 38374],[16077, 38371],[16079, 38365],[16081, 38362],[16082, 38359],[16083, 38358],[16084, 38356],[16087, 38353],[16088, 38351],[16091, 38348],[16094, 38345],[16096, 38344],[16099, 38341],[16101, 38340],[16102, 38339],[16105, 38338],[16108, 38336],[16114, 38334],[16117, 38334],[16121, 38333],[16133, 38333],[16137, 38334],[16140, 38334],[16146, 38336],[16149, 38338],[16152, 38339],[16153, 38340],[16155, 38341],[16158, 38344],[16160, 38345],[16168, 38352],[16170, 38354],[16171, 38355],[16172, 38356],[16179, 38364],[16181, 38368],[16183, 38372],[16185, 38376],[16187, 38380],[16189, 38384],[16190, 38388],[16192, 38390],[16195, 38392],[16201, 38393],[16205, 38395],[16207, 38395],[16219, 38400],[16225, 38401],[16226, 38402],[16233, 38403],[16243, 38406],[16244, 38407],[16245, 38407],[16248, 38409],[16250, 38409],[16255, 38411],[16256, 38411],[16262, 38413],[16265, 38414],[16267, 38414],[16273, 38415],[16290, 38417],[16367, 38417],[16377, 38418],[16380, 38419],[16417, 38419],[16420, 38418],[16430, 38417],[16431, 38417],[16433, 38417],[16435, 38416],[16437, 38416],[16441, 38415],[16446, 38415],[16449, 38414],[16450, 38414],[16453, 38413],[16463, 38411],[16468, 38411],[16470, 38411],[16473, 38409],[16476, 38408],[16482, 38406],[16484, 38406],[16486, 38405],[16488, 38404],[16491, 38403],[16493, 38401],[16497, 38399],[16498, 38399],[16499, 38398],[16509, 38395],[16514, 38394],[16521, 38388],[16528, 38384],[16531, 38382],[16534, 38380],[16537, 38378],[16545, 38374],[16555, 38371],[16556, 38371],[16562, 38369],[16572, 38368],[16578, 38368],[16588, 38369],[16598, 38372],[16602, 38374],[16606, 38376],[16610, 38378],[16615, 38383],[16618, 38384],[16620, 38386],[16627, 38389],[16644, 38400],[16648, 38401],[16653, 38403],[16654, 38404],[16657, 38405],[16660, 38407],[16661, 38407],[16662, 38407],[16665, 38408],[16674, 38412],[16679, 38415],[16680, 38415],[16683, 38417],[16684, 38417],[16690, 38420],[16695, 38422],[16701, 38424],[16705, 38426],[16709, 38428],[16713, 38430],[16715, 38432],[16718, 38433],[16721, 38436],[16727, 38439],[16729, 38441],[16732, 38442],[16734, 38444],[16737, 38445],[16745, 38449],[16753, 38456],[16755, 38458],[16757, 38460],[16759, 38462],[16761, 38464],[16763, 38466],[16765, 38468],[16767, 38471],[16769, 38472],[16771, 38475],[16774, 38477],[16777, 38482],[16778, 38483],[16780, 38485],[16782, 38486],[16788, 38491],[16793, 38495],[16795, 38497],[16798, 38498],[16799, 38499],[16803, 38500],[16805, 38500],[16807, 38501],[16809, 38501],[16812, 38502],[16813, 38502],[16815, 38503],[16817, 38503],[16827, 38505],[16833, 38507],[16838, 38507],[16848, 38509],[16849, 38509],[16856, 38510],[16860, 38511],[16870, 38512],[16872, 38512],[16878, 38514],[16882, 38514],[16910, 38520],[16912, 38521],[16919, 38522],[16921, 38522],[16928, 38524],[16930, 38524],[16938, 38526],[16942, 38526],[16946, 38527],[16948, 38527],[16953, 38527],[16949, 38524],[16942, 38516],[16938, 38508],[16935, 38498],[16934, 38488],[16934, 38486],[16934, 38484],[16934, 38482],[16934, 38478],[16935, 38474],[16935, 38472],[16936, 38470],[16936, 38468],[16938, 38462],[16939, 38459],[16941, 38455],[16943, 38453],[16944, 38450],[16945, 38449],[16947, 38445],[16949, 38443],[16950, 38440],[16952, 38438],[16953, 38437],[16954, 38434],[16958, 38430],[16961, 38423],[16966, 38418],[16967, 38415],[16974, 38407],[16975, 38406],[16976, 38405],[16978, 38403],[16980, 38401],[16988, 38394],[16996, 38390],[17001, 38388],[17003, 38387],[17007, 38385],[17010, 38384],[17016, 38382],[17018, 38382],[17020, 38381],[17022, 38381],[17026, 38380],[17031, 38380],[17033, 38379],[17035, 38379],[17036, 38379],[17039, 38378],[17049, 38376],[17055, 38376],[17073, 38374],[17096, 38374],[17106, 38375],[17109, 38376],[17113, 38377],[17118, 38377],[17123, 38378],[17125, 38378],[17168, 38384],[17174, 38386],[17175, 38386],[17178, 38386],[17188, 38388],[17196, 38391],[17208, 38392],[17218, 38394],[17223, 38394],[17233, 38395],[17241, 38397],[17245, 38397],[17261, 38401],[17263, 38402],[17264, 38402],[17268, 38402],[17278, 38403],[17284, 38405],[17286, 38405],[17288, 38406],[17290, 38406],[17297, 38406],[17302, 38407],[17307, 38408],[17317, 38411],[17319, 38412],[17321, 38412],[17324, 38413],[17325, 38413],[17335, 38415],[17341, 38417],[17342, 38417],[17350, 38419],[17355, 38419],[17368, 38421],[17371, 38422],[17372, 38422],[17380, 38424],[17382, 38425],[17386, 38426],[17390, 38426],[17394, 38427],[17397, 38427],[17407, 38428],[17415, 38430],[17416, 38430],[17419, 38431],[17429, 38431],[17439, 38433],[17445, 38435],[17446, 38435],[17456, 38436],[17460, 38437],[17462, 38437],[17472, 38438],[17475, 38439],[17487, 38439],[17491, 38440],[17493, 38440],[17495, 38441],[17497, 38441],[17499, 38442],[17503, 38442],[17506, 38443],[17509, 38443],[17519, 38444],[17524, 38446],[17529, 38446],[17539, 38449],[17540, 38450],[17544, 38450],[17554, 38453],[17562, 38457],[17563, 38458],[17565, 38459],[17566, 38459],[17568, 38460],[17573, 38463],[17580, 38464],[17583, 38466],[17587, 38467],[17593, 38471],[17599, 38474],[17605, 38478],[17608, 38480],[17614, 38483],[17616, 38485],[17617, 38485],[17643, 38500],[17653, 38504],[17662, 38509],[17663, 38510],[17670, 38514],[17671, 38515],[17673, 38516],[17677, 38517],[17691, 38523],[17694, 38524],[17706, 38530],[17707, 38531],[17752, 38550],[17766, 38555],[17775, 38559],[17779, 38561],[17788, 38565],[17797, 38569],[17798, 38569],[17800, 38569],[17808, 38571],[17809, 38571],[17812, 38572],[17818, 38574],[17820, 38575],[17830, 38578],[17836, 38580],[17838, 38580],[17848, 38581],[17854, 38584],[17855, 38584],[17856, 38584],[17859, 38585],[17863, 38585],[17873, 38586],[17875, 38586],[17878, 38587],[17884, 38587],[17888, 38588],[17890, 38588],[17892, 38589],[17894, 38589],[17902, 38591],[17910, 38592],[17913, 38593],[17914, 38593],[17920, 38593],[17933, 38595],[17940, 38595],[17943, 38594],[17946, 38594],[17948, 38593],[17954, 38591],[17956, 38591],[17958, 38590],[17960, 38589],[17965, 38588],[17966, 38587],[17968, 38587],[17971, 38585],[17981, 38582],[17986, 38581],[17991, 38580],[18005, 38580],[18007, 38580],[18009, 38579],[18011, 38579],[18015, 38578],[18018, 38578],[18021, 38577],[18031, 38576],[18033, 38576],[18036, 38575],[18046, 38574],[18048, 38574],[18050, 38573],[18052, 38573],[18056, 38572],[18058, 38572],[18060, 38572],[18062, 38571],[18064, 38571],[18068, 38570],[18078, 38570],[18081, 38569],[18091, 38568],[18113, 38568],[18115, 38568],[18117, 38567],[18119, 38567],[18123, 38566],[18135, 38566],[18140, 38565],[18150, 38564],[18154, 38563],[18156, 38563],[18162, 38561],[18166, 38561],[18167, 38560],[18171, 38558],[18175, 38556],[18185, 38553],[18195, 38552],[18197, 38552],[18207, 38553],[18217, 38556],[18225, 38560],[18233, 38567],[18240, 38575],[18244, 38583],[18247, 38593],[18248, 38603],[18247, 38613],[18244, 38623],[18240, 38631],[18233, 38639],[18232, 38641],[18227, 38645],[18221, 38650],[18220, 38651],[18212, 38657],[18202, 38663],[18200, 38665],[18196, 38669],[18195, 38670],[18192, 38673],[18190, 38674],[18187, 38676],[18184, 38680],[18180, 38684],[18177, 38687],[18174, 38689],[18172, 38691],[18169, 38693],[18160, 38699],[18158, 38700],[18155, 38702],[18154, 38703],[18148, 38708],[18146, 38711],[18141, 38717],[18140, 38718],[18139, 38719],[18137, 38721],[18133, 38725],[18127, 38730],[18123, 38733],[18119, 38736],[18110, 38741],[18108, 38742],[18107, 38743],[18102, 38747],[18096, 38752],[18093, 38754],[18091, 38755],[18087, 38757],[18084, 38758],[18075, 38766],[18073, 38768],[18063, 38776],[18062, 38778],[18057, 38782],[18056, 38783],[18055, 38784],[18051, 38789],[18049, 38790],[18048, 38791],[18047, 38793],[18039, 38800],[18028, 38809],[18024, 38813],[18021, 38816],[18010, 38826],[18009, 38827],[18004, 38831],[17998, 38836],[17995, 38838],[17993, 38839],[17990, 38840],[17987, 38844],[17985, 38846],[17979, 38852],[17975, 38856],[17973, 38858],[17968, 38863],[17964, 38866],[17960, 38869],[17959, 38870],[17957, 38872],[17955, 38874],[17951, 38879],[17947, 38881],[17945, 38883],[17940, 38886],[17925, 38898],[17923, 38899],[17920, 38902],[17914, 38906],[17911, 38908],[17910, 38909],[17904, 38914],[17903, 38915],[17901, 38917],[17897, 38920],[17891, 38924],[17888, 38925],[17885, 38928],[17884, 38930],[17880, 38933],[17878, 38935],[17870, 38941],[17869, 38942],[17868, 38942],[17866, 38943],[17863, 38945],[17857, 38949],[17851, 38952],[17850, 38953],[17844, 38957],[17836, 38961],[17835, 38961],[17832, 38963],[17829, 38964],[17825, 38966],[17824, 38967],[17820, 38969],[17818, 38970],[17816, 38972],[17814, 38973],[17812, 38974],[17809, 38976],[17806, 38977],[17803, 38978],[17800, 38980],[17797, 38982],[17793, 38984],[17790, 38986],[17788, 38987],[17786, 38988],[17785, 38989],[17779, 38994],[17776, 38996],[17774, 38997],[17770, 38999],[17766, 39001],[17765, 39001],[17762, 39003],[17758, 39004],[17758, 39005],[17752, 39010],[17744, 39016],[17730, 39025],[17723, 39029],[17719, 39031],[17713, 39037],[17707, 39041],[17705, 39042],[17703, 39045],[17700, 39046],[17699, 39048],[17698, 39050],[17693, 39054],[17687, 39059],[17680, 39067],[17678, 39069],[17677, 39071],[17672, 39076],[17671, 39079],[17669, 39082],[17665, 39089],[17663, 39091],[17661, 39095],[17660, 39095],[17659, 39098],[17653, 39106],[17651, 39108],[17649, 39112],[17647, 39114],[17644, 39118],[17642, 39122],[17636, 39129],[17634, 39132],[17633, 39134],[17628, 39143],[17624, 39148],[17622, 39152],[17616, 39160],[17616, 39161],[17615, 39162],[17613, 39166],[17612, 39168],[17610, 39171],[17607, 39175],[17605, 39180],[17601, 39188],[17597, 39196],[17596, 39199],[17594, 39203],[17592, 39207],[17591, 39209],[17589, 39212],[17584, 39218],[17582, 39220],[17579, 39226],[17578, 39228],[17577, 39229],[17575, 39231],[17573, 39234],[17570, 39237],[17566, 39241],[17563, 39244],[17562, 39245],[17560, 39247],[17555, 39253],[17551, 39258],[17549, 39259],[17545, 39263],[17541, 39267],[17540, 39268],[17497, 39324],[17493, 39328],[17491, 39331],[17488, 39334],[17485, 39339],[17483, 39343],[17481, 39347],[17478, 39351],[17474, 39358],[17467, 39366],[17466, 39368],[17464, 39372],[17457, 39380],[17454, 39383],[17451, 39386],[17449, 39388],[17447, 39390],[17445, 39392],[17443, 39394],[17435, 39401],[17430, 39404],[17427, 39407],[17424, 39409],[17421, 39411],[17418, 39413],[17414, 39416],[17406, 39420],[17403, 39421],[17399, 39423],[17398, 39424],[17396, 39425],[17390, 39428],[17388, 39429],[17387, 39429],[17383, 39431],[17379, 39433],[17376, 39434],[17370, 39436],[17368, 39436],[17366, 39437],[17365, 39437],[17359, 39440],[17354, 39442],[17353, 39442],[17343, 39445],[17342, 39445],[17339, 39446],[17337, 39446],[17335, 39447],[17333, 39447],[17329, 39448],[17327, 39448],[17325, 39449],[17323, 39449],[17319, 39450],[17316, 39450],[17314, 39450],[17312, 39451],[17308, 39451],[17306, 39452],[17304, 39452],[17302, 39453],[17300, 39453],[17296, 39454],[17288, 39454],[17286, 39454],[17284, 39455],[17283, 39455],[17280, 39456],[17278, 39456],[17276, 39457],[17274, 39457],[17270, 39458],[17267, 39458],[17261, 39460],[17251, 39462],[17245, 39462],[17235, 39464],[17208, 39464],[17198, 39467],[17173, 39467],[17169, 39468],[17159, 39469],[17108, 39469],[17104, 39470],[17094, 39471],[17026, 39471],[17022, 39472],[17012, 39473],[16950, 39473],[16940, 39475],[16936, 39475],[16926, 39477],[16914, 39477],[16909, 39478],[16899, 39479],[16892, 39479],[16887, 39480],[16877, 39481],[16831, 39481],[16827, 39482],[16817, 39483],[16709, 39483],[16699, 39482],[16692, 39480],[16689, 39480],[16687, 39479],[16680, 39478],[16675, 39476],[16672, 39475],[16667, 39474],[16661, 39471],[16660, 39471],[16658, 39470],[16652, 39467],[16649, 39466],[16646, 39465],[16643, 39463],[16640, 39462],[16637, 39460],[16635, 39460],[16629, 39458],[16626, 39457],[16622, 39455],[16619, 39454],[16615, 39452],[16614, 39452],[16609, 39450],[16608, 39449],[16607, 39449],[16605, 39449],[16603, 39448],[16601, 39448],[16594, 39446],[16585, 39443],[16581, 39441],[16580, 39441],[16574, 39439],[16572, 39439],[16570, 39438],[16568, 39438],[16566, 39437],[16562, 39437],[16556, 39435],[16555, 39435],[16545, 39432],[16541, 39430],[16537, 39428],[16533, 39426],[16525, 39419],[16523, 39417],[16521, 39415],[16520, 39414],[16514, 39409],[16511, 39406],[16509, 39404],[16507, 39402],[16503, 39398],[16501, 39397],[16497, 39392],[16492, 39386],[16491, 39383],[16489, 39381],[16485, 39373],[16484, 39370],[16482, 39366],[16479, 39356],[16479, 39354],[16477, 39348],[16476, 39338],[16476, 39336],[16476, 39334],[16476, 39332],[16476, 39325],[16476, 39323],[16476, 39321],[16476, 39317],[16476, 39313],[16474, 39297],[16474, 39291],[16474, 39288],[16474, 39286],[16473, 39284],[16473, 39282],[16473, 39281],[16470, 39275],[16469, 39267],[16468, 39262],[16467, 39252],[16467, 39250],[16466, 39247],[16465, 39240],[16465, 39239],[16465, 39237],[16464, 39235],[16464, 39234],[16463, 39231],[16461, 39221],[16461, 39220],[16460, 39215],[16460, 39212],[16459, 39210],[16457, 39204],[16457, 39202],[16456, 39200],[16456, 39199],[16455, 39196],[16454, 39193],[16449, 39188],[16447, 39184],[16442, 39175],[16440, 39170],[16439, 39169],[16438, 39166],[16436, 39164],[16433, 39159],[16432, 39157],[16430, 39155],[16426, 39147],[16425, 39142],[16424, 39141],[16422, 39136],[16422, 39135],[16421, 39132],[16419, 39127],[16419, 39125],[16418, 39124],[16416, 39118],[16412, 39110]]],[[[1688, 40636],[1719, 40623],[1731, 40617],[1741, 40612],[1755, 40604],[1775, 40591],[1779, 40588],[1788, 40580],[1799, 40578],[1808, 40576],[1823, 40572],[1836, 40568],[1852, 40562],[1855, 40561],[1860, 40559],[1870, 40555],[1885, 40548],[1895, 40543],[1908, 40536],[1912, 40534],[1923, 40527],[1939, 40517],[1946, 40512],[1948, 40510],[1970, 40494],[1976, 40490],[1984, 40484],[2008, 40464],[2015, 40459],[2018, 40458],[2023, 40461],[2039, 40473],[2041, 40474],[2043, 40475],[2044, 40477],[2048, 40482],[2052, 40487],[2058, 40496],[2066, 40508],[2072, 40516],[2080, 40527],[2090, 40540],[2108, 40561],[2126, 40579],[2136, 40588],[2147, 40597],[2177, 40621],[2205, 40642],[2268, 40692],[2269, 40693],[2275, 40698],[2286, 40707],[2288, 40709],[2295, 40716],[2308, 40727],[2322, 40739],[2325, 40741],[2328, 40743],[2339, 40752],[2344, 40756],[2347, 40758],[2367, 40771],[2374, 40775],[2384, 40780],[2394, 40785],[2415, 40798],[2435, 40809],[2453, 40819],[2459, 40823],[2476, 40834],[2487, 40840],[2490, 40842],[2497, 40847],[2503, 40853],[2521, 40869],[2526, 40872],[2533, 40879],[2543, 40888],[2587, 40918],[2599, 40924],[2630, 40937],[2643, 40941],[2687, 40949],[2700, 40950],[2715, 40951],[2742, 40951],[2757, 40950],[2770, 40949],[2797, 40945],[2811, 40942],[2828, 40938],[2841, 40934],[2872, 40921],[2884, 40915],[2902, 40903],[2906, 40910],[2909, 40915],[2911, 40917],[2915, 40924],[2922, 40935],[2933, 40951],[2948, 40970],[2953, 40976],[2960, 40984],[2969, 40994],[3001, 41023],[3006, 41027],[3012, 41031],[3019, 41036],[3046, 41052],[3053, 41056],[3055, 41057],[3074, 41066],[3083, 41070],[3101, 41077],[3104, 41079],[3108, 41080],[3118, 41086],[3124, 41091],[3134, 41101],[3142, 41108],[3152, 41117],[3162, 41126],[3193, 41148],[3200, 41153],[3204, 41155],[3222, 41169],[3241, 41181],[3248, 41185],[3257, 41191],[3281, 41205],[3292, 41211],[3294, 41212],[3304, 41217],[3310, 41220],[3325, 41227],[3335, 41231],[3340, 41233],[3354, 41239],[3369, 41244],[3377, 41248],[3384, 41251],[3409, 41264],[3417, 41267],[3423, 41270],[3438, 41277],[3448, 41284],[3449, 41285],[3453, 41288],[3483, 41306],[3501, 41315],[3532, 41328],[3545, 41332],[3557, 41335],[3559, 41336],[3561, 41336],[3572, 41341],[3580, 41344],[3587, 41347],[3591, 41348],[3616, 41358],[3629, 41362],[3653, 41368],[3676, 41372],[3684, 41374],[3714, 41378],[3737, 41382],[3757, 41384],[3758, 41384],[3766, 41396],[3781, 41417],[3798, 41438],[3814, 41455],[3831, 41471],[3842, 41481],[3860, 41496],[3881, 41511],[3893, 41519],[3911, 41530],[3926, 41538],[3954, 41552],[3981, 41563],[3986, 41565],[4014, 41577],[4026, 41583],[4081, 41610],[4099, 41618],[4121, 41627],[4136, 41638],[4154, 41650],[4169, 41659],[4182, 41666],[4208, 41679],[4216, 41685],[4252, 41709],[4328, 41756],[4330, 41758],[4342, 41773],[4349, 41784],[4364, 41810],[4370, 41819],[4380, 41834],[4399, 41858],[4415, 41876],[4424, 41888],[4450, 41919],[4451, 41920],[4457, 41932],[4473, 41959],[4479, 41968],[4489, 41983],[4508, 42007],[4515, 42015],[4523, 42029],[4529, 42038],[4549, 42068],[4571, 42100],[4588, 42124],[4600, 42139],[4617, 42158],[4634, 42174],[4651, 42189],[4662, 42199],[4677, 42209],[4699, 42229],[4725, 42256],[4744, 42273],[4759, 42286],[4784, 42305],[4802, 42317],[4817, 42326],[4829, 42333],[4836, 42338],[4841, 42342],[4854, 42353],[4878, 42372],[4882, 42375],[4979, 42479],[4991, 42496],[4999, 42506],[5022, 42533],[5033, 42545],[5036, 42548],[5084, 42616],[5110, 42649],[5157, 42704],[5168, 42726],[5172, 42734],[5183, 42764],[5193, 42785],[5216, 42828],[5233, 42852],[5246, 42878],[5256, 42894],[5276, 42924],[5288, 42940],[5319, 42978],[5346, 43011],[5371, 43040],[5420, 43099],[5434, 43115],[5467, 43147],[5479, 43157],[5485, 43162],[5501, 43174],[5531, 43194],[5567, 43222],[5584, 43234],[5601, 43245],[5629, 43261],[5644, 43269],[5659, 43276],[5672, 43281],[5695, 43294],[5708, 43301],[5737, 43315],[5745, 43318],[5758, 43327],[5777, 43339],[5820, 43362],[5864, 43385],[5927, 43416],[5937, 43421],[5946, 43425],[5950, 43428],[5974, 43447],[5989, 43457],[5999, 43463],[6001, 43464],[6004, 43468],[6018, 43489],[6025, 43502],[6030, 43511],[6039, 43526],[6059, 43562],[6077, 43592],[6083, 43602],[6090, 43619],[6100, 43642],[6123, 43685],[6145, 43717],[6151, 43724],[6162, 43746],[6185, 43780],[6216, 43817],[6243, 43843],[6244, 43844],[6245, 43845],[6273, 43873],[6282, 43881],[6285, 43884],[6298, 43899],[6308, 43909],[6323, 43922],[6361, 43953],[6391, 43974],[6434, 43998],[6454, 44009],[6463, 44015],[6506, 44038],[6543, 44053],[6589, 44067],[6598, 44070],[6638, 44080],[6647, 44082],[6663, 44088],[6688, 44095],[6707, 44100],[6797, 44120],[6807, 44122],[6823, 44124],[6866, 44129],[6873, 44130],[6894, 44133],[6906, 44135],[6955, 44140],[6975, 44141],[7032, 44141],[7061, 44144],[7090, 44148],[7112, 44153],[7130, 44156],[7150, 44158],[7171, 44160],[7185, 44162],[7258, 44179],[7269, 44181],[7272, 44182],[7300, 44193],[7346, 44207],[7355, 44210],[7395, 44220],[7407, 44222],[7435, 44227],[7452, 44231],[7461, 44233],[7478, 44239],[7512, 44248],[7532, 44252],[7535, 44253],[7591, 44268],[7623, 44274],[7629, 44274],[7635, 44276],[7673, 44284],[7707, 44287],[7713, 44289],[7742, 44294],[7791, 44299],[7811, 44300],[7905, 44300],[7920, 44302],[7932, 44304],[7975, 44308],[7986, 44310],[8004, 44313],[8041, 44318],[8068, 44320],[8070, 44320],[8082, 44321],[8094, 44323],[8131, 44328],[8158, 44330],[8167, 44330],[8180, 44333],[8199, 44336],[8267, 44345],[8286, 44347],[8294, 44349],[8305, 44352],[8324, 44355],[8338, 44360],[8357, 44365],[8374, 44369],[8394, 44373],[8418, 44376],[8424, 44377],[8434, 44380],[8451, 44383],[8481, 44387],[8495, 44392],[8541, 44406],[8566, 44413],[8589, 44420],[8643, 44439],[8671, 44449],[8682, 44454],[8697, 44460],[8726, 44470],[8745, 44475],[8764, 44480],[8804, 44489],[8817, 44491],[8819, 44492],[8846, 44499],[8876, 44507],[8895, 44511],[8908, 44513],[8916, 44515],[8933, 44521],[8979, 44535],[9017, 44543],[9064, 44547],[9076, 44549],[9092, 44554],[9120, 44568],[9144, 44579],[9190, 44595],[9224, 44606],[9269, 44621],[9333, 44640],[9339, 44643],[9354, 44649],[9383, 44659],[9402, 44664],[9419, 44668],[9424, 44669],[9456, 44679],[9471, 44685],[9475, 44687],[9486, 44692],[9504, 44699],[9539, 44711],[9550, 44714],[9570, 44720],[9605, 44731],[9640, 44740],[9644, 44740],[9700, 44750],[9719, 44753],[9739, 44755],[9748, 44756],[9777, 44765],[9794, 44769],[9828, 44776],[9864, 44785],[9877, 44787],[9887, 44789],[9908, 44797],[9919, 44800],[9933, 44805],[9966, 44813],[9983, 44818],[10000, 44823],[10017, 44827],[10037, 44831],[10068, 44835],[10092, 44840],[10102, 44842],[10125, 44846],[10149, 44853],[10166, 44857],[10173, 44859],[10224, 44874],[10262, 44882],[10311, 44887],[10319, 44887],[10327, 44890],[10373, 44904],[10382, 44907],[10398, 44911],[10427, 44920],[10474, 44934],[10497, 44940],[10551, 44958],[10576, 44966],[10610, 44975],[10621, 44978],[10630, 44979],[10646, 44987],[10671, 44997],[10701, 45007],[10716, 45012],[10719, 45014],[10756, 45029],[10802, 45043],[10811, 45046],[10851, 45056],[10872, 45060],[10905, 45064],[10913, 45066],[10933, 45070],[10950, 45072],[10966, 45076],[10971, 45078],[10986, 45083],[11016, 45093],[11027, 45097],[11057, 45105],[11076, 45109],[11094, 45112],[11114, 45114],[11145, 45116],[11158, 45117],[11185, 45117],[11196, 45117],[11212, 45120],[11242, 45124],[11265, 45127],[11281, 45130],[11318, 45135],[11340, 45136],[11344, 45137],[11361, 45140],[11398, 45145],[11425, 45147],[11427, 45147],[11440, 45150],[11460, 45153],[11540, 45163],[11552, 45164],[11566, 45165],[11571, 45166],[11584, 45169],[11602, 45172],[11622, 45174],[11653, 45176],[11666, 45177],[11824, 45176],[11856, 45175],[11977, 45164],[12003, 45160],[12027, 45154],[12064, 45151],[12101, 45143],[12147, 45129],[12178, 45117],[12188, 45114],[12234, 45100],[12279, 45089],[12348, 45069],[12365, 45063],[12395, 45053],[12408, 45049],[12440, 45036],[12454, 45029],[12474, 45019],[12484, 45014],[12512, 44998],[12529, 44987],[12543, 44977],[12561, 44962],[12584, 44941],[12596, 44929],[12608, 44916],[12618, 44905],[12621, 44903],[12641, 44884],[12654, 44872],[12682, 44856],[12713, 44831],[12745, 44801],[12757, 44789],[12766, 44779],[12778, 44765],[12804, 44730],[12813, 44716],[12844, 44668],[12856, 44652],[12866, 44637],[12872, 44628],[12888, 44600],[12908, 44567],[12918, 44553],[12932, 44535],[12948, 44510],[12962, 44484],[12968, 44470],[12976, 44452],[12978, 44449],[12980, 44445],[12987, 44432],[13001, 44404],[13010, 44384],[13018, 44361],[13031, 44323],[13039, 44309],[13054, 44272],[13068, 44226],[13074, 44200],[13082, 44153],[13085, 44135],[13090, 44098],[13092, 44071],[13092, 44013],[13095, 43995],[13099, 43964],[13100, 43950],[13129, 43929],[13169, 43897],[13180, 43889],[13195, 43877],[13201, 43873],[13220, 43862],[13244, 43847],[13260, 43838],[13290, 43819],[13317, 43798],[13324, 43792],[13327, 43789],[13340, 43782],[13349, 43776],[13364, 43766],[13382, 43754],[13405, 43744],[13408, 43743],[13427, 43735],[13454, 43721],[13464, 43717],[13476, 43712],[13506, 43700],[13524, 43692],[13592, 43658],[13605, 43651],[13620, 43642],[13638, 43630],[13663, 43611],[13678, 43598],[13697, 43581],[13726, 43552],[13733, 43544],[13742, 43534],[13753, 43521],[13775, 43492],[13784, 43479],[13791, 43468],[13802, 43448],[13810, 43438],[13832, 43406],[13847, 43378],[13850, 43374],[13855, 43368],[13867, 43352],[13890, 43318],[13898, 43306],[13901, 43300],[13932, 43249],[13962, 43203],[13972, 43187],[13995, 43144],[14003, 43128],[14026, 43074],[14035, 43051],[14054, 43004],[14055, 43001],[14083, 42937],[14089, 42925],[14096, 42910],[14107, 42883],[14119, 42848],[14124, 42832],[14144, 42795],[14159, 42758],[14173, 42712],[14181, 42674],[14186, 42625],[14187, 42605],[14187, 42556],[14186, 42539],[14183, 42504],[14182, 42493],[14180, 42483],[14176, 42436],[14171, 42387],[14166, 42361],[14165, 42357],[14164, 42342],[14160, 42311],[14157, 42295],[14157, 42281],[14156, 42267],[14151, 42218],[14147, 42194],[14147, 42160],[14150, 42130],[14153, 42118],[14155, 42104],[14160, 42048],[14164, 42037],[14174, 41997],[14176, 41984],[14180, 41964],[14185, 41927],[14186, 41903],[14190, 41884],[14194, 41853],[14195, 41838],[14196, 41831],[14199, 41810],[14201, 41798],[14206, 41749],[14207, 41729],[14207, 41603],[14210, 41585],[14214, 41554],[14215, 41548],[14217, 41541],[14222, 41522],[14226, 41505],[14229, 41491],[14237, 41444],[14240, 41426],[14245, 41389],[14245, 41379],[14248, 41371],[14251, 41357],[14254, 41336],[14264, 41311],[14270, 41292],[14280, 41256],[14300, 41209],[14304, 41199],[14307, 41193],[14316, 41175],[14325, 41158],[14332, 41142],[14338, 41125],[14348, 41095],[14353, 41081],[14354, 41074],[14391, 40987],[14396, 40974],[14412, 40925],[14423, 40894],[14428, 40884],[14437, 40868],[14444, 40858],[14465, 40832],[14479, 40811],[14490, 40792],[14500, 40772],[14510, 40749],[14521, 40724],[14535, 40701],[14541, 40689],[14542, 40687],[14549, 40678],[14559, 40663],[14565, 40654],[14571, 40644],[14582, 40631],[14594, 40616],[14602, 40605],[14614, 40588],[14624, 40570],[14633, 40559],[14652, 40534],[14664, 40516],[14673, 40501],[14680, 40488],[14694, 40460],[14701, 40446],[14703, 40440],[14724, 40403],[14747, 40356],[14752, 40346],[14755, 40340],[14792, 40279],[14810, 40249],[14816, 40237],[14820, 40229],[14887, 40132],[14955, 40050],[14961, 40043],[14980, 40019],[15000, 39988],[15007, 39975],[15024, 39954],[15035, 39940],[15066, 39894],[15096, 39858],[15110, 39838],[15134, 39800],[15135, 39798],[15152, 39774],[15177, 39737],[15187, 39721],[15210, 39678],[15223, 39646],[15243, 39587],[15253, 39559],[15258, 39540],[15262, 39523],[15266, 39503],[15270, 39473],[15274, 39457],[15277, 39442],[15280, 39415],[15282, 39381],[15283, 39369],[15283, 39199],[15282, 39179],[15277, 39130],[15273, 39098],[15273, 39070],[15272, 39057],[15270, 39026],[15268, 39006],[15265, 38988],[15262, 38975],[15261, 38971],[15260, 38956],[15256, 38925],[15252, 38905],[15249, 38891],[15247, 38881],[15243, 38847],[15241, 38822],[15236, 38785],[15232, 38763],[15227, 38739],[15222, 38693],[15220, 38667],[15218, 38647],[15215, 38629],[15213, 38619],[15212, 38609],[15210, 38578],[15208, 38558],[15205, 38540],[15201, 38521],[15193, 38491],[15189, 38480],[15183, 38461],[15182, 38457],[15181, 38452],[15180, 38438],[15178, 38418],[15175, 38401],[15177, 38392],[15182, 38343],[15183, 38323],[15183, 38193],[15182, 38173],[15177, 38124],[15169, 38086],[15155, 38040],[15143, 38005],[15138, 37991],[15133, 37979],[15119, 37952],[15099, 37892],[15095, 37879],[15082, 37847],[15075, 37833],[15066, 37814],[15042, 37766],[15035, 37750],[14996, 37673],[14985, 37652],[14943, 37578],[14910, 37524],[14902, 37512],[14901, 37510],[14882, 37476],[14864, 37445],[14858, 37436],[14848, 37421],[14829, 37397],[14808, 37374],[14781, 37346],[14751, 37317],[14732, 37298],[14717, 37285],[14685, 37259],[14640, 37215],[14631, 37207],[14604, 37184],[14594, 37176],[14568, 37156],[14555, 37141],[14530, 37116],[14488, 37081],[14419, 37027],[14385, 37003],[14333, 36968],[14179, 36815],[14166, 36803],[14164, 36801],[14189, 36751],[14198, 36732],[14215, 36687],[14221, 36668],[14222, 36663],[14224, 36660],[14239, 36623],[14253, 36577],[14261, 36539],[14266, 36490],[14267, 36470],[14267, 36460],[14266, 36447],[14264, 36416],[14262, 36396],[14259, 36378],[14255, 36359],[14247, 36329],[14241, 36311],[14235, 36295],[14226, 36275],[14212, 36247],[14208, 36239],[14208, 36288],[13996, 36288],[13998, 36290],[14005, 36297],[14013, 36309],[14024, 36322],[14029, 36331],[14033, 36337],[14039, 36349],[14047, 36365],[14050, 36373],[14053, 36381],[14056, 36396],[14061, 36411],[14062, 36420],[14064, 36429],[14064, 36443],[14066, 36460],[14066, 36470],[14061, 36519],[14047, 36565],[14034, 36589],[14028, 36612],[14027, 36616],[14010, 36661],[13960, 36761],[13946, 36789],[13940, 36801],[13929, 36819],[13922, 36831],[13921, 36833],[13919, 36837],[13915, 36849],[13907, 36864],[13904, 36870],[13925, 36881],[13956, 36906],[13962, 36908],[13978, 36916],[13990, 36922],[13996, 36926],[14005, 36931],[14018, 36942],[14030, 36950],[14037, 36957],[14043, 36962],[14053, 36972],[14063, 36982],[14102, 37021],[14142, 37061],[14162, 37081],[14205, 37124],[14274, 37170],[14280, 37175],[14295, 37185],[14348, 37229],[14359, 37236],[14364, 37239],[14401, 37270],[14429, 37303],[14474, 37337],[14484, 37346],[14501, 37360],[14521, 37380],[14541, 37400],[14548, 37407],[14552, 37409],[14590, 37440],[14598, 37449],[14601, 37453],[14610, 37460],[14620, 37470],[14630, 37480],[14631, 37481],[14641, 37490],[14646, 37496],[14650, 37499],[14660, 37509],[14667, 37518],[14681, 37532],[14688, 37543],[14691, 37547],[14696, 37555],[14707, 37574],[14717, 37594],[14721, 37602],[14731, 37617],[14733, 37620],[14738, 37627],[14768, 37677],[14770, 37680],[14770, 37681],[14810, 37751],[14813, 37757],[14817, 37764],[14826, 37782],[14856, 37841],[14859, 37848],[14861, 37852],[14866, 37863],[14886, 37903],[14896, 37923],[14904, 37943],[14909, 37955],[14936, 38037],[14938, 38039],[14948, 38056],[14951, 38064],[14953, 38068],[14959, 38087],[14962, 38096],[14963, 38098],[14977, 38144],[14982, 38193],[14982, 38203],[14982, 38213],[14982, 38223],[14982, 38233],[14982, 38243],[14982, 38253],[14982, 38263],[14982, 38283],[14982, 38293],[14982, 38323],[14977, 38372],[14972, 38388],[14972, 38393],[14972, 38412],[14972, 38416],[14972, 38418],[14977, 38433],[14978, 38442],[14980, 38451],[14980, 38465],[14982, 38482],[14982, 38483],[14983, 38486],[14984, 38495],[14987, 38503],[14988, 38510],[14989, 38513],[14999, 38543],[15002, 38558],[15007, 38573],[15008, 38582],[15010, 38591],[15010, 38605],[15012, 38622],[15012, 38645],[15012, 38647],[15017, 38662],[15018, 38671],[15020, 38680],[15020, 38694],[15022, 38711],[15022, 38728],[15029, 38770],[15030, 38779],[15035, 38801],[15036, 38810],[15037, 38812],[15038, 38821],[15042, 38849],[15042, 38857],[15042, 38861],[15042, 38866],[15049, 38914],[15050, 38925],[15053, 38934],[15054, 38943],[15057, 38951],[15059, 38969],[15061, 38982],[15061, 38989],[15062, 39000],[15062, 39004],[15062, 39006],[15067, 39021],[15068, 39030],[15070, 39039],[15070, 39053],[15072, 39070],[15072, 39110],[15072, 39125],[15077, 39150],[15082, 39199],[15082, 39219],[15082, 39249],[15082, 39259],[15082, 39269],[15082, 39279],[15082, 39289],[15082, 39299],[15082, 39309],[15082, 39329],[15082, 39339],[15082, 39349],[15082, 39354],[15082, 39359],[15082, 39369],[15081, 39379],[15080, 39403],[15078, 39413],[15077, 39418],[15072, 39435],[15071, 39439],[15071, 39446],[15069, 39459],[15067, 39477],[15064, 39485],[15063, 39494],[15057, 39510],[15053, 39523],[15051, 39527],[15043, 39553],[15041, 39557],[15033, 39583],[15010, 39626],[14990, 39656],[14971, 39680],[14966, 39689],[14965, 39691],[14964, 39693],[14956, 39705],[14940, 39731],[14937, 39735],[14905, 39775],[14869, 39827],[14853, 39847],[14842, 39860],[14840, 39862],[14837, 39868],[14833, 39874],[14831, 39879],[14824, 39889],[14811, 39910],[14805, 39916],[14803, 39919],[14745, 39987],[14728, 40010],[14727, 40011],[14657, 40110],[14651, 40119],[14647, 40127],[14637, 40147],[14626, 40166],[14621, 40174],[14611, 40189],[14605, 40199],[14580, 40241],[14576, 40247],[14575, 40250],[14572, 40256],[14568, 40266],[14548, 40306],[14542, 40316],[14522, 40353],[14521, 40355],[14518, 40362],[14515, 40370],[14507, 40386],[14501, 40398],[14497, 40404],[14492, 40413],[14481, 40426],[14473, 40438],[14466, 40445],[14461, 40451],[14460, 40452],[14458, 40456],[14448, 40473],[14440, 40487],[14436, 40492],[14432, 40498],[14418, 40512],[14409, 40523],[14408, 40525],[14397, 40544],[14392, 40552],[14389, 40556],[14382, 40567],[14372, 40577],[14360, 40602],[14351, 40618],[14343, 40632],[14337, 40641],[14327, 40666],[14322, 40676],[14316, 40691],[14310, 40700],[14305, 40710],[14294, 40723],[14289, 40731],[14267, 40758],[14249, 40794],[14240, 40809],[14222, 40862],[14217, 40873],[14206, 40909],[14163, 41010],[14158, 41032],[14151, 41050],[14148, 41062],[14144, 41070],[14141, 41078],[14133, 41092],[14126, 41105],[14124, 41108],[14123, 41111],[14120, 41117],[14116, 41130],[14091, 41189],[14077, 41236],[14077, 41237],[14076, 41238],[14076, 41240],[14072, 41250],[14060, 41282],[14060, 41283],[14053, 41322],[14051, 41329],[14051, 41330],[14049, 41338],[14046, 41347],[14046, 41350],[14046, 41355],[14046, 41362],[14042, 41390],[14041, 41399],[14040, 41402],[14039, 41410],[14035, 41426],[14035, 41428],[14033, 41441],[14031, 41459],[14028, 41467],[14027, 41476],[14021, 41492],[14017, 41505],[14016, 41507],[14016, 41510],[14015, 41521],[14015, 41528],[14013, 41541],[14011, 41559],[14008, 41567],[14007, 41576],[14006, 41579],[14006, 41590],[14006, 41599],[14006, 41609],[14006, 41639],[14006, 41649],[14006, 41669],[14006, 41679],[14006, 41689],[14006, 41699],[14006, 41719],[14006, 41729],[14001, 41778],[13996, 41803],[13996, 41809],[13995, 41820],[13995, 41827],[13993, 41840],[13991, 41858],[13988, 41866],[13987, 41875],[13986, 41878],[13986, 41888],[13986, 41893],[13986, 41900],[13982, 41928],[13981, 41937],[13980, 41940],[13979, 41948],[13969, 41988],[13965, 42000],[13963, 42007],[13962, 42009],[13955, 42083],[13952, 42096],[13952, 42100],[13946, 42135],[13946, 42147],[13946, 42167],[13946, 42217],[13946, 42222],[13951, 42238],[13956, 42287],[13956, 42297],[13956, 42317],[13957, 42320],[13958, 42329],[13961, 42337],[13963, 42355],[13965, 42368],[13965, 42375],[13966, 42386],[13966, 42391],[13971, 42407],[13976, 42456],[13976, 42466],[13976, 42472],[13981, 42507],[13983, 42521],[13984, 42535],[13986, 42556],[13986, 42566],[13986, 42570],[13986, 42575],[13986, 42585],[13986, 42595],[13986, 42605],[13981, 42654],[13967, 42700],[13944, 42743],[13940, 42748],[13927, 42790],[13925, 42794],[13917, 42820],[13908, 42837],[13907, 42840],[13904, 42846],[13900, 42856],[13892, 42872],[13874, 42910],[13869, 42926],[13869, 42927],[13868, 42929],[13867, 42930],[13849, 42976],[13846, 42983],[13841, 42995],[13831, 43015],[13824, 43029],[13818, 43049],[13795, 43092],[13775, 43122],[13763, 43140],[13762, 43142],[13732, 43192],[13731, 43193],[13728, 43199],[13725, 43203],[13724, 43206],[13714, 43221],[13701, 43240],[13698, 43243],[13696, 43246],[13680, 43262],[13678, 43268],[13655, 43311],[13632, 43339],[13631, 43341],[13622, 43360],[13618, 43366],[13615, 43371],[13606, 43382],[13593, 43400],[13584, 43410],[13578, 43415],[13575, 43419],[13555, 43439],[13549, 43444],[13542, 43451],[13530, 43459],[13517, 43470],[13508, 43475],[13502, 43479],[13490, 43485],[13474, 43493],[13468, 43495],[13434, 43513],[13414, 43519],[13400, 43526],[13390, 43530],[13384, 43533],[13375, 43536],[13372, 43538],[13357, 43545],[13339, 43554],[13333, 43556],[13328, 43558],[13317, 43562],[13284, 43579],[13268, 43589],[13253, 43599],[13238, 43609],[13230, 43614],[13211, 43625],[13204, 43628],[13193, 43640],[13190, 43642],[13183, 43649],[13158, 43664],[13153, 43668],[13150, 43669],[13141, 43675],[13133, 43679],[13118, 43689],[13110, 43694],[13091, 43705],[13083, 43709],[13077, 43715],[13067, 43721],[13058, 43729],[13052, 43732],[13044, 43740],[13023, 43757],[13009, 43768],[13006, 43770],[12991, 43780],[12969, 43798],[12960, 43804],[12941, 43823],[12938, 43829],[12928, 43844],[12914, 43872],[12908, 43882],[12906, 43890],[12901, 43906],[12901, 43920],[12900, 43931],[12900, 43938],[12898, 43951],[12896, 43969],[12893, 43977],[12892, 43986],[12891, 43989],[12891, 44000],[12891, 44010],[12891, 44030],[12891, 44049],[12891, 44059],[12891, 44064],[12891, 44071],[12887, 44099],[12886, 44108],[12885, 44111],[12884, 44119],[12879, 44139],[12876, 44168],[12862, 44214],[12846, 44244],[12838, 44268],[12828, 44298],[12825, 44306],[12822, 44314],[12814, 44330],[12808, 44342],[12804, 44348],[12799, 44357],[12798, 44358],[12793, 44371],[12788, 44381],[12785, 44389],[12780, 44397],[12771, 44415],[12762, 44426],[12759, 44431],[12741, 44455],[12719, 44491],[12715, 44499],[12704, 44518],[12699, 44526],[12696, 44530],[12689, 44541],[12681, 44549],[12643, 44610],[12632, 44624],[12617, 44645],[12608, 44655],[12595, 44667],[12576, 44685],[12534, 44711],[12530, 44713],[12529, 44714],[12507, 44735],[12499, 44741],[12486, 44754],[12476, 44760],[12469, 44768],[12461, 44780],[12454, 44787],[12449, 44793],[12439, 44801],[12426, 44814],[12418, 44819],[12412, 44824],[12396, 44832],[12384, 44840],[12364, 44850],[12344, 44858],[12332, 44863],[12302, 44873],[12296, 44874],[12292, 44876],[12223, 44896],[12214, 44898],[12203, 44901],[12190, 44902],[12180, 44906],[12179, 44907],[12177, 44908],[12176, 44908],[12130, 44922],[12119, 44923],[12110, 44926],[12109, 44927],[12107, 44928],[12106, 44928],[12089, 44937],[12043, 44951],[11995, 44956],[11976, 44960],[11959, 44964],[11952, 44964],[11948, 44965],[11838, 44975],[11825, 44975],[11815, 44976],[11805, 44976],[11775, 44976],[11765, 44976],[11735, 44976],[11725, 44976],[11715, 44976],[11695, 44976],[11676, 44976],[11666, 44976],[11649, 44974],[11635, 44974],[11626, 44972],[11617, 44971],[11602, 44966],[11600, 44966],[11596, 44966],[11579, 44964],[11565, 44964],[11485, 44954],[11450, 44946],[11437, 44946],[11433, 44946],[11425, 44946],[11397, 44942],[11388, 44941],[11386, 44940],[11377, 44939],[11365, 44936],[11357, 44936],[11353, 44936],[11345, 44936],[11317, 44932],[11308, 44931],[11306, 44930],[11297, 44929],[11284, 44926],[11276, 44925],[11269, 44925],[11256, 44923],[11238, 44921],[11230, 44918],[11221, 44917],[11218, 44916],[11217, 44916],[11188, 44916],[11178, 44916],[11168, 44916],[11158, 44916],[11141, 44914],[11127, 44914],[11118, 44912],[11109, 44911],[11094, 44906],[11079, 44903],[11049, 44893],[11037, 44888],[11034, 44887],[11034, 44886],[11019, 44883],[10995, 44875],[10990, 44875],[10977, 44873],[10959, 44871],[10951, 44868],[10942, 44867],[10936, 44865],[10900, 44861],[10871, 44852],[10860, 44851],[10814, 44837],[10793, 44826],[10764, 44817],[10760, 44815],[10734, 44807],[10704, 44791],[10695, 44788],[10675, 44783],[10674, 44783],[10669, 44782],[10661, 44781],[10646, 44776],[10627, 44772],[10621, 44769],[10614, 44768],[10598, 44762],[10586, 44758],[10584, 44758],[10568, 44752],[10556, 44748],[10554, 44748],[10541, 44743],[10531, 44742],[10486, 44728],[10484, 44728],[10468, 44722],[10455, 44718],[10449, 44715],[10446, 44713],[10431, 44712],[10385, 44698],[10374, 44692],[10372, 44692],[10356, 44687],[10351, 44687],[10331, 44687],[10282, 44682],[10236, 44668],[10233, 44667],[10222, 44664],[10218, 44663],[10212, 44662],[10204, 44659],[10195, 44658],[10179, 44652],[10168, 44649],[10136, 44644],[10131, 44643],[10123, 44642],[10108, 44637],[10102, 44636],[10101, 44636],[10094, 44636],[10081, 44634],[10063, 44632],[10055, 44629],[10046, 44628],[10030, 44622],[10025, 44620],[10022, 44620],[9982, 44610],[9977, 44608],[9976, 44608],[9949, 44598],[9940, 44595],[9935, 44593],[9933, 44593],[9924, 44592],[9922, 44591],[9913, 44590],[9873, 44580],[9868, 44578],[9867, 44578],[9857, 44574],[9834, 44572],[9788, 44558],[9786, 44557],[9783, 44557],[9766, 44555],[9752, 44555],[9743, 44553],[9734, 44552],[9719, 44547],[9717, 44547],[9716, 44547],[9680, 44543],[9675, 44542],[9674, 44542],[9668, 44541],[9642, 44532],[9629, 44528],[9626, 44527],[9604, 44521],[9582, 44513],[9569, 44509],[9563, 44506],[9558, 44504],[9550, 44499],[9548, 44499],[9532, 44493],[9519, 44489],[9513, 44486],[9506, 44483],[9505, 44483],[9490, 44478],[9475, 44475],[9471, 44474],[9465, 44473],[9457, 44470],[9448, 44469],[9432, 44463],[9419, 44459],[9413, 44456],[9403, 44452],[9392, 44447],[9333, 44430],[9329, 44429],[9301, 44419],[9301, 44418],[9286, 44415],[9256, 44405],[9244, 44400],[9241, 44398],[9210, 44389],[9176, 44371],[9170, 44369],[9159, 44363],[9122, 44352],[9092, 44348],[9086, 44348],[9037, 44343],[8991, 44329],[8981, 44324],[8977, 44323],[8971, 44321],[8964, 44320],[8949, 44316],[8946, 44316],[8937, 44314],[8928, 44313],[8913, 44308],[8898, 44305],[8870, 44296],[8861, 44295],[8856, 44294],[8848, 44293],[8833, 44288],[8819, 44285],[8808, 44284],[8800, 44281],[8791, 44280],[8775, 44274],[8762, 44270],[8756, 44267],[8746, 44263],[8732, 44256],[8713, 44250],[8711, 44250],[8695, 44244],[8682, 44240],[8666, 44234],[8653, 44230],[8647, 44227],[8640, 44224],[8639, 44224],[8631, 44221],[8622, 44220],[8609, 44215],[8599, 44214],[8553, 44200],[8532, 44189],[8528, 44189],[8523, 44188],[8514, 44189],[8492, 44185],[8479, 44184],[8473, 44182],[8466, 44181],[8454, 44178],[8451, 44178],[8438, 44176],[8420, 44174],[8412, 44171],[8403, 44170],[8387, 44164],[8374, 44160],[8370, 44158],[8358, 44156],[8340, 44154],[8332, 44151],[8323, 44150],[8317, 44148],[8308, 44147],[8294, 44146],[8280, 44144],[8233, 44137],[8225, 44137],[8196, 44129],[8193, 44129],[8190, 44129],[8170, 44129],[8166, 44129],[8158, 44129],[8130, 44125],[8121, 44124],[8119, 44123],[8110, 44122],[8098, 44119],[8080, 44119],[8076, 44119],[8068, 44119],[8040, 44115],[8031, 44114],[8029, 44113],[8020, 44112],[8008, 44109],[8001, 44109],[7952, 44104],[7927, 44099],[7921, 44099],[7901, 44099],[7881, 44099],[7871, 44099],[7841, 44099],[7831, 44099],[7811, 44099],[7762, 44094],[7746, 44089],[7742, 44089],[7693, 44084],[7669, 44077],[7643, 44074],[7597, 44060],[7593, 44058],[7589, 44057],[7576, 44056],[7571, 44055],[7563, 44054],[7548, 44049],[7529, 44045],[7521, 44041],[7517, 44040],[7511, 44037],[7493, 44035],[7485, 44032],[7476, 44031],[7466, 44027],[7444, 44025],[7415, 44016],[7404, 44015],[7358, 44001],[7341, 43992],[7339, 43991],[7337, 43991],[7324, 43986],[7323, 43986],[7314, 43985],[7312, 43984],[7303, 43983],[7263, 43973],[7224, 43965],[7222, 43964],[7200, 43960],[7194, 43960],[7177, 43958],[7163, 43958],[7154, 43956],[7145, 43955],[7130, 43950],[7123, 43949],[7085, 43945],[7060, 43940],[7044, 43940],[6975, 43940],[6926, 43935],[6901, 43930],[6895, 43930],[6892, 43930],[6889, 43930],[6862, 43927],[6846, 43925],[6844, 43924],[6841, 43924],[6751, 43904],[6745, 43902],[6734, 43900],[6718, 43893],[6705, 43889],[6700, 43886],[6687, 43885],[6658, 43876],[6647, 43875],[6601, 43861],[6558, 43838],[6550, 43832],[6535, 43824],[6525, 43818],[6488, 43798],[6450, 43767],[6440, 43757],[6424, 43738],[6400, 43718],[6387, 43701],[6370, 43688],[6339, 43651],[6318, 43613],[6300, 43590],[6277, 43547],[6269, 43521],[6264, 43513],[6260, 43505],[6253, 43494],[6250, 43490],[6245, 43482],[6234, 43463],[6221, 43437],[6212, 43424],[6205, 43412],[6201, 43406],[6198, 43400],[6188, 43382],[6187, 43380],[6180, 43371],[6165, 43343],[6141, 43319],[6139, 43317],[6121, 43302],[6108, 43295],[6100, 43290],[6096, 43287],[6085, 43280],[6071, 43266],[6062, 43259],[6054, 43251],[6046, 43248],[6033, 43244],[6027, 43241],[6017, 43237],[5997, 43227],[5977, 43217],[5957, 43207],[5938, 43196],[5931, 43192],[5915, 43185],[5872, 43162],[5857, 43150],[5840, 43140],[5832, 43136],[5824, 43134],[5812, 43127],[5795, 43120],[5756, 43098],[5744, 43094],[5736, 43089],[5729, 43087],[5717, 43079],[5701, 43071],[5694, 43065],[5687, 43061],[5653, 43035],[5647, 43031],[5645, 43030],[5613, 43008],[5610, 43005],[5607, 43003],[5593, 42988],[5581, 42977],[5574, 42971],[5543, 42933],[5537, 42924],[5524, 42911],[5510, 42894],[5501, 42884],[5483, 42860],[5474, 42851],[5443, 42813],[5423, 42783],[5402, 42745],[5393, 42733],[5370, 42690],[5365, 42672],[5357, 42657],[5353, 42647],[5350, 42641],[5349, 42638],[5340, 42621],[5339, 42618],[5330, 42601],[5328, 42594],[5322, 42588],[5262, 42518],[5255, 42508],[5248, 42500],[5190, 42418],[5175, 42403],[5161, 42386],[5152, 42376],[5133, 42350],[5028, 42236],[5016, 42224],[5010, 42218],[5004, 42215],[5000, 42212],[4989, 42205],[4975, 42191],[4966, 42184],[4963, 42181],[4955, 42176],[4950, 42173],[4938, 42163],[4932, 42160],[4920, 42154],[4914, 42150],[4905, 42145],[4892, 42134],[4880, 42126],[4873, 42119],[4867, 42114],[4860, 42105],[4848, 42093],[4837, 42084],[4827, 42074],[4811, 42058],[4805, 42055],[4794, 42046],[4784, 42039],[4778, 42033],[4767, 42024],[4758, 42013],[4750, 42005],[4744, 41995],[4736, 41986],[4730, 41974],[4728, 41972],[4716, 41957],[4707, 41941],[4696, 41927],[4680, 41898],[4677, 41895],[4670, 41886],[4656, 41872],[4649, 41861],[4646, 41857],[4641, 41849],[4630, 41830],[4620, 41810],[4619, 41808],[4618, 41806],[4617, 41804],[4611, 41798],[4608, 41795],[4593, 41777],[4579, 41760],[4572, 41750],[4568, 41746],[4561, 41737],[4547, 41723],[4540, 41712],[4537, 41708],[4532, 41700],[4521, 41681],[4513, 41666],[4507, 41658],[4498, 41644],[4487, 41633],[4480, 41622],[4477, 41618],[4474, 41612],[4465, 41603],[4459, 41600],[4449, 41593],[4437, 41587],[4407, 41567],[4406, 41566],[4386, 41553],[4357, 41538],[4343, 41527],[4327, 41518],[4310, 41504],[4308, 41504],[4300, 41501],[4284, 41493],[4272, 41487],[4266, 41483],[4257, 41478],[4244, 41467],[4232, 41459],[4226, 41453],[4225, 41453],[4220, 41450],[4205, 41444],[4191, 41437],[4171, 41431],[4128, 41408],[4125, 41405],[4124, 41405],[4111, 41401],[4105, 41398],[4095, 41394],[4075, 41384],[4068, 41380],[4059, 41378],[4044, 41373],[4016, 41359],[4003, 41351],[4001, 41350],[3998, 41348],[3994, 41345],[3977, 41333],[3966, 41323],[3962, 41319],[3960, 41317],[3956, 41312],[3955, 41311],[3944, 41300],[3932, 41283],[3929, 41279],[3927, 41276],[3926, 41274],[3918, 41261],[3911, 41247],[3907, 41239],[3906, 41236],[3905, 41234],[3905, 41233],[3899, 41218],[3894, 41201],[3893, 41201],[3892, 41201],[3879, 41200],[3870, 41198],[3847, 41198],[3834, 41194],[3833, 41194],[3825, 41191],[3819, 41191],[3816, 41190],[3814, 41190],[3809, 41189],[3806, 41189],[3805, 41189],[3801, 41188],[3796, 41186],[3795, 41186],[3794, 41186],[3790, 41185],[3786, 41184],[3779, 41182],[3754, 41182],[3744, 41179],[3742, 41179],[3729, 41178],[3720, 41175],[3716, 41175],[3707, 41172],[3705, 41172],[3702, 41171],[3701, 41171],[3688, 41170],[3675, 41166],[3665, 41161],[3662, 41160],[3661, 41159],[3653, 41157],[3652, 41156],[3650, 41156],[3642, 41153],[3637, 41151],[3633, 41149],[3625, 41145],[3613, 41142],[3611, 41141],[3607, 41140],[3604, 41140],[3591, 41136],[3585, 41133],[3579, 41130],[3573, 41127],[3568, 41123],[3565, 41121],[3564, 41120],[3562, 41119],[3556, 41113],[3555, 41113],[3549, 41110],[3546, 41108],[3545, 41107],[3543, 41106],[3540, 41103],[3539, 41102],[3538, 41102],[3534, 41100],[3532, 41099],[3531, 41098],[3530, 41098],[3528, 41097],[3527, 41097],[3522, 41095],[3516, 41092],[3513, 41091],[3507, 41087],[3503, 41086],[3495, 41082],[3492, 41081],[3482, 41076],[3480, 41075],[3476, 41073],[3474, 41072],[3468, 41069],[3461, 41066],[3456, 41063],[3448, 41060],[3445, 41059],[3441, 41057],[3440, 41056],[3432, 41054],[3420, 41048],[3414, 41046],[3413, 41046],[3412, 41046],[3410, 41045],[3409, 41044],[3400, 41041],[3394, 41038],[3390, 41036],[3387, 41034],[3386, 41033],[3383, 41032],[3371, 41026],[3367, 41022],[3361, 41018],[3355, 41015],[3353, 41013],[3341, 41007],[3331, 40998],[3326, 40995],[3322, 40993],[3320, 40991],[3315, 40988],[3313, 40986],[3311, 40985],[3309, 40983],[3306, 40982],[3294, 40975],[3287, 40968],[3286, 40968],[3276, 40959],[3274, 40957],[3271, 40954],[3270, 40952],[3268, 40951],[3259, 40941],[3258, 40938],[3257, 40937],[3254, 40936],[3248, 40933],[3238, 40924],[3234, 40922],[3230, 40919],[3227, 40917],[3221, 40914],[3215, 40911],[3209, 40905],[3204, 40903],[3198, 40898],[3196, 40897],[3195, 40896],[3191, 40896],[3182, 40893],[3181, 40893],[3180, 40893],[3178, 40892],[3177, 40891],[3174, 40890],[3173, 40890],[3172, 40890],[3167, 40888],[3166, 40888],[3164, 40887],[3161, 40886],[3155, 40883],[3150, 40880],[3148, 40879],[3140, 40875],[3136, 40873],[3134, 40871],[3129, 40868],[3127, 40866],[3125, 40865],[3123, 40863],[3118, 40860],[3109, 40850],[3108, 40848],[3106, 40846],[3098, 40837],[3096, 40833],[3095, 40832],[3093, 40829],[3092, 40826],[3087, 40821],[3085, 40817],[3084, 40816],[3080, 40808],[3079, 40807],[3079, 40806],[3077, 40804],[3076, 40802],[3073, 40799],[3072, 40797],[3071, 40796],[3070, 40793],[3069, 40792],[3068, 40791],[3066, 40787],[3062, 40779],[3058, 40766],[3058, 40765],[3057, 40762],[3054, 40756],[3052, 40750],[3051, 40746],[3047, 40733],[3046, 40720],[3046, 40717],[3046, 40715],[3046, 40712],[3046, 40706],[3046, 40704],[3047, 40691],[3049, 40685],[3049, 40682],[3049, 40679],[3050, 40666],[3054, 40653],[3055, 40651],[3056, 40648],[3062, 40636],[3070, 40627],[3079, 40617],[3086, 40612],[3087, 40611],[3088, 40611],[3090, 40609],[3095, 40606],[3100, 40604],[3101, 40603],[3105, 40601],[3106, 40600],[3107, 40600],[3109, 40598],[3115, 40596],[3118, 40594],[3120, 40593],[3121, 40593],[3134, 40589],[3147, 40587],[3153, 40585],[3156, 40583],[3158, 40582],[3159, 40582],[3172, 40578],[3174, 40578],[3178, 40576],[3182, 40574],[3185, 40570],[3192, 40563],[3192, 40562],[3193, 40561],[3194, 40560],[3195, 40559],[3198, 40553],[3200, 40549],[3201, 40546],[3204, 40539],[3192, 40535],[3180, 40529],[3170, 40520],[3161, 40510],[3155, 40498],[3151, 40485],[3151, 40483],[3148, 40474],[3147, 40461],[3147, 40455],[3147, 40452],[3147, 40447],[3147, 40444],[3147, 40439],[3147, 40431],[3147, 40429],[3145, 40424],[3144, 40422],[3143, 40419],[3142, 40419],[3138, 40414],[3136, 40413],[3131, 40410],[3129, 40408],[3128, 40408],[3125, 40406],[3124, 40405],[3120, 40403],[3110, 40394],[3109, 40392],[3107, 40391],[3106, 40389],[3104, 40388],[3095, 40378],[3094, 40376],[3093, 40375],[3090, 40372],[3089, 40371],[3087, 40370],[3086, 40369],[3084, 40368],[3074, 40359],[3073, 40358],[3071, 40356],[3068, 40353],[3067, 40352],[3065, 40351],[3063, 40349],[3060, 40348],[3056, 40345],[3054, 40343],[3047, 40341],[3035, 40335],[3000, 40335],[2997, 40334],[2993, 40335],[2992, 40335],[2989, 40336],[2980, 40338],[2977, 40339],[2976, 40339],[2973, 40341],[2967, 40344],[2963, 40346],[2962, 40346],[2961, 40346],[2961, 40347],[2958, 40348],[2955, 40349],[2953, 40351],[2944, 40355],[2942, 40357],[2941, 40357],[2939, 40359],[2938, 40359],[2938, 40360],[2938, 40364],[2934, 40377],[2928, 40389],[2925, 40393],[2922, 40398],[2913, 40408],[2911, 40410],[2909, 40414],[2900, 40424],[2890, 40433],[2885, 40435],[2879, 40441],[2876, 40443],[2871, 40447],[2859, 40453],[2846, 40457],[2846, 40458],[2849, 40464],[2852, 40470],[2854, 40472],[2860, 40484],[2863, 40494],[2866, 40500],[2868, 40505],[2868, 40506],[2872, 40519],[2873, 40532],[2873, 40534],[2873, 40537],[2873, 40540],[2873, 40543],[2873, 40548],[2873, 40551],[2873, 40553],[2873, 40559],[2873, 40562],[2873, 40567],[2872, 40580],[2870, 40585],[2870, 40591],[2868, 40597],[2868, 40598],[2868, 40600],[2868, 40603],[2868, 40613],[2864, 40626],[2864, 40627],[2863, 40629],[2862, 40631],[2861, 40634],[2861, 40635],[2857, 40648],[2856, 40650],[2855, 40653],[2849, 40665],[2848, 40666],[2846, 40671],[2843, 40677],[2840, 40682],[2838, 40684],[2831, 40693],[2827, 40696],[2825, 40699],[2824, 40701],[2822, 40704],[2821, 40705],[2819, 40709],[2818, 40710],[2816, 40714],[2807, 40724],[2805, 40725],[2804, 40727],[2794, 40736],[2782, 40742],[2769, 40746],[2763, 40746],[2755, 40749],[2742, 40750],[2715, 40750],[2702, 40749],[2689, 40745],[2677, 40739],[2667, 40730],[2664, 40727],[2662, 40724],[2659, 40722],[2658, 40721],[2651, 40715],[2645, 40711],[2636, 40701],[2634, 40698],[2630, 40696],[2620, 40687],[2619, 40687],[2618, 40686],[2616, 40685],[2613, 40683],[2609, 40680],[2607, 40679],[2599, 40673],[2598, 40673],[2593, 40670],[2589, 40667],[2587, 40666],[2584, 40665],[2573, 40658],[2569, 40655],[2565, 40652],[2562, 40650],[2560, 40649],[2553, 40645],[2532, 40633],[2521, 40627],[2517, 40625],[2495, 40611],[2490, 40609],[2474, 40601],[2470, 40599],[2467, 40597],[2465, 40595],[2463, 40594],[2459, 40591],[2456, 40589],[2452, 40585],[2451, 40585],[2450, 40584],[2446, 40581],[2442, 40578],[2432, 40569],[2429, 40566],[2422, 40558],[2420, 40557],[2418, 40556],[2415, 40554],[2409, 40549],[2405, 40544],[2404, 40544],[2399, 40540],[2394, 40536],[2370, 40515],[2369, 40514],[2358, 40505],[2357, 40504],[2328, 40483],[2326, 40481],[2300, 40461],[2297, 40460],[2290, 40453],[2289, 40453],[2270, 40439],[2260, 40430],[2254, 40422],[2242, 40409],[2234, 40398],[2229, 40391],[2226, 40387],[2225, 40385],[2223, 40382],[2222, 40380],[2218, 40372],[2205, 40356],[2202, 40353],[2200, 40350],[2196, 40346],[2195, 40345],[2194, 40343],[2193, 40342],[2192, 40341],[2190, 40338],[2187, 40336],[2173, 40321],[2160, 40312],[2157, 40310],[2138, 40296],[2128, 40289],[2127, 40288],[2124, 40287],[2091, 40270],[2088, 40268],[2087, 40268],[2085, 40267],[2082, 40266],[2076, 40263],[2074, 40262],[2062, 40258],[2053, 40252],[2051, 40251],[2042, 40249],[2038, 40248],[2021, 40243],[2012, 40246],[2010, 40246],[2006, 40247],[2003, 40249],[2002, 40250],[1999, 40252],[1995, 40254],[1989, 40257],[1976, 40262],[1970, 40263],[1959, 40266],[1951, 40268],[1942, 40270],[1939, 40271],[1936, 40272],[1932, 40273],[1931, 40273],[1922, 40277],[1921, 40278],[1915, 40283],[1912, 40285],[1910, 40286],[1904, 40289],[1903, 40290],[1900, 40293],[1897, 40296],[1887, 40305],[1882, 40308],[1879, 40310],[1877, 40311],[1870, 40319],[1859, 40326],[1857, 40328],[1855, 40329],[1852, 40332],[1847, 40334],[1841, 40340],[1836, 40342],[1830, 40348],[1829, 40349],[1824, 40352],[1822, 40354],[1818, 40356],[1814, 40358],[1813, 40359],[1812, 40359],[1810, 40361],[1805, 40364],[1803, 40365],[1801, 40366],[1795, 40369],[1791, 40371],[1790, 40371],[1789, 40371],[1782, 40374],[1781, 40374],[1777, 40376],[1764, 40380],[1759, 40380],[1755, 40382],[1753, 40383],[1752, 40383],[1749, 40384],[1856, 40384],[1856, 40448],[1728, 40448],[1728, 40512],[1664, 40512],[1664, 40640],[1674, 40640],[1675, 40640],[1688, 40636]]],[[[10344, 33991],[10329, 34000],[10311, 34012],[10286, 34031],[10271, 34044],[10258, 34056],[10222, 34091],[10209, 34106],[10178, 34144],[10168, 34158],[10164, 34162],[10154, 34170],[10133, 34190],[10113, 34210],[10106, 34218],[10085, 34241],[10034, 34300],[10016, 34320],[9969, 34376],[9962, 34385],[9956, 34394],[9928, 34434],[9908, 34470],[9905, 34473],[9902, 34477],[9895, 34481],[9880, 34491],[9852, 34511],[9833, 34519],[9821, 34525],[9801, 34535],[9785, 34543],[9743, 34569],[9725, 34583],[9687, 34613],[9671, 34625],[9662, 34633],[9652, 34642],[9644, 34649],[9635, 34658],[9624, 34670],[9601, 34697],[9592, 34709],[9584, 34720],[9572, 34737],[9554, 34768],[9543, 34792],[9540, 34797],[9524, 34831],[9511, 34863],[9497, 34909],[9492, 34931],[9487, 34959],[9482, 34978],[9479, 34992],[9478, 35000],[9469, 35019],[9441, 35087],[9438, 35094],[9416, 35145],[9406, 35168],[9398, 35189],[9361, 35254],[9353, 35271],[9341, 35297],[9327, 35319],[9320, 35330],[9306, 35355],[9263, 35432],[9256, 35445],[9239, 35482],[9225, 35505],[9214, 35529],[9209, 35541],[9203, 35556],[9192, 35590],[9188, 35603],[9186, 35614],[9185, 35618],[9183, 35622],[9172, 35650],[9162, 35682],[9158, 35691],[9136, 35720],[9126, 35734],[9073, 35810],[9060, 35829],[9054, 35838],[9027, 35874],[9011, 35899],[8988, 35942],[8977, 35968],[8975, 35971],[8965, 35988],[8954, 35985],[8916, 35977],[8867, 35972],[8827, 35972],[8778, 35977],[8740, 35985],[8694, 35999],[8657, 36014],[8614, 36037],[8582, 36059],[8544, 36090],[8516, 36118],[8509, 36126],[8498, 36128],[8453, 36135],[8430, 36139],[8419, 36142],[8405, 36145],[8407, 36143],[8422, 36124],[8437, 36103],[8441, 36097],[8446, 36095],[8459, 36088],[8484, 36072],[8504, 36057],[8526, 36038],[8534, 36030],[8546, 36016],[8548, 36014],[8565, 36001],[8579, 35990],[8591, 35980],[8598, 35974],[8604, 35969],[8616, 35959],[8630, 35947],[8636, 35941],[8645, 35931],[8656, 35918],[8665, 35907],[8671, 35900],[8677, 35892],[8682, 35885],[8696, 35863],[8701, 35852],[8712, 35834],[8722, 35816],[8728, 35803],[8733, 35799],[8737, 35795],[8748, 35785],[8764, 35769],[8770, 35763],[8775, 35759],[8782, 35754],[8784, 35752],[8795, 35745],[8804, 35739],[8812, 35733],[8834, 35714],[8838, 35710],[8844, 35703],[8855, 35694],[8875, 35672],[8885, 35660],[8908, 35627],[8915, 35614],[8917, 35610],[8928, 35599],[8938, 35588],[8946, 35578],[8956, 35566],[8967, 35552],[8976, 35540],[8978, 35537],[8987, 35522],[8999, 35500],[9004, 35490],[9015, 35463],[9017, 35460],[9020, 35451],[9028, 35428],[9032, 35413],[9033, 35406],[9038, 35393],[9042, 35378],[9044, 35371],[9048, 35350],[9050, 35335],[9052, 35320],[9054, 35293],[9054, 35277],[9050, 35238],[9047, 35226],[9045, 35214],[9040, 35184],[9033, 35153],[9028, 35138],[9026, 35126],[9024, 35121],[9023, 35116],[9021, 35104],[9018, 35094],[9014, 35076],[9010, 35061],[9006, 35050],[9004, 35043],[9004, 35040],[9003, 35031],[9002, 35017],[9000, 35002],[8997, 34980],[8992, 34955],[8988, 34940],[8973, 34902],[8968, 34891],[8961, 34878],[8942, 34850],[8932, 34837],[8923, 34826],[8912, 34813],[8903, 34803],[8894, 34794],[8880, 34782],[8868, 34772],[8841, 34754],[8848, 34745],[8871, 34712],[8878, 34699],[8895, 34656],[8899, 34641],[8904, 34616],[8906, 34601],[8908, 34574],[8908, 34559],[8916, 34555],[8923, 34552],[8934, 34547],[8942, 34543],[8963, 34531],[8969, 34527],[8987, 34513],[8990, 34511],[9007, 34497],[9008, 34497],[9022, 34485],[9033, 34475],[9044, 34464],[9054, 34453],[9060, 34446],[9075, 34426],[9077, 34423],[9089, 34402],[9095, 34390],[9106, 34363],[9111, 34348],[9118, 34321],[9120, 34310],[9122, 34296],[9123, 34290],[9124, 34280],[9125, 34271],[9127, 34249],[9127, 34234],[9125, 34212],[9124, 34203],[9121, 34181],[9119, 34172],[9102, 34126],[9094, 34110],[9067, 34069],[9061, 34062],[9051, 34051],[9046, 34046],[9035, 34036],[9028, 34030],[9016, 34022],[9025, 34021],[9032, 34020],[9069, 34018],[9082, 34017],[9100, 34015],[9122, 34012],[9131, 34010],[9135, 34009],[9153, 34007],[9185, 34001],[9200, 33997],[9211, 33994],[9229, 33989],[9245, 33983],[9247, 33983],[9263, 33978],[9274, 33974],[9295, 33964],[9298, 33963],[9308, 33958],[9324, 33950],[9336, 33943],[9349, 33935],[9364, 33925],[9368, 33922],[9369, 33921],[9383, 33912],[9408, 33892],[9421, 33880],[9428, 33874],[9443, 33860],[9464, 33841],[9491, 33815],[9504, 33801],[9516, 33787],[9539, 33754],[9548, 33738],[9552, 33728],[9536, 33728],[9536, 33600],[9472, 33600],[9472, 33536],[9354, 33536],[9358, 33540],[9362, 33545],[9363, 33547],[9364, 33548],[9367, 33553],[9371, 33560],[9372, 33562],[9373, 33564],[9375, 33570],[9377, 33577],[9378, 33582],[9380, 33594],[9380, 33600],[9380, 33604],[9380, 33606],[9379, 33610],[9378, 33622],[9373, 33640],[9364, 33656],[9352, 33670],[9338, 33682],[9336, 33683],[9325, 33696],[9311, 33708],[9309, 33709],[9307, 33712],[9294, 33724],[9288, 33730],[9286, 33732],[9285, 33733],[9272, 33745],[9267, 33748],[9266, 33749],[9262, 33751],[9256, 33755],[9254, 33756],[9252, 33757],[9244, 33764],[9235, 33769],[9231, 33772],[9224, 33776],[9218, 33778],[9211, 33782],[9209, 33783],[9205, 33785],[9201, 33786],[9194, 33789],[9186, 33790],[9183, 33792],[9181, 33792],[9175, 33796],[9157, 33801],[9151, 33802],[9149, 33803],[9131, 33808],[9113, 33810],[9102, 33810],[9100, 33811],[9090, 33813],[9078, 33816],[9060, 33818],[9022, 33818],[9020, 33818],[9014, 33820],[9011, 33820],[9008, 33821],[9002, 33821],[8996, 33822],[8981, 33822],[8975, 33821],[8969, 33821],[8966, 33820],[8963, 33820],[8960, 33819],[8960, 33920],[8896, 33920],[8896, 33856],[8832, 33856],[8832, 33792],[8704, 33792],[8704, 33856],[8640, 33856],[8640, 33759],[8637, 33756],[8618, 33737],[8607, 33728],[8576, 33728],[8576, 33704],[8574, 33703],[8553, 33691],[8547, 33688],[8541, 33684],[8534, 33677],[8526, 33670],[8519, 33664],[8448, 33664],[8448, 33728],[8384, 33728],[8384, 33600],[8512, 33600],[8512, 33536],[8640, 33536],[8640, 33152],[8598, 33152],[8601, 33155],[8605, 33162],[8607, 33168],[8608, 33170],[8610, 33177],[8611, 33183],[8611, 33184],[8611, 33185],[8612, 33188],[8612, 33191],[8613, 33192],[8613, 33193],[8615, 33200],[8617, 33203],[8617, 33204],[8620, 33207],[8623, 33211],[8624, 33212],[8626, 33214],[8630, 33221],[8631, 33223],[8631, 33224],[8633, 33231],[8634, 33239],[8634, 33241],[8634, 33242],[8635, 33245],[8636, 33253],[8636, 33256],[8636, 33258],[8636, 33259],[8636, 33261],[8636, 33262],[8636, 33265],[8636, 33267],[8636, 33270],[8636, 33273],[8636, 33275],[8636, 33279],[8635, 33287],[8633, 33293],[8633, 33295],[8633, 33297],[8632, 33301],[8630, 33308],[8629, 33310],[8628, 33316],[8627, 33319],[8626, 33323],[8625, 33327],[8624, 33335],[8623, 33339],[8623, 33340],[8623, 33341],[8622, 33349],[8621, 33357],[8619, 33364],[8618, 33366],[8616, 33373],[8614, 33376],[8614, 33377],[8610, 33384],[8609, 33385],[8608, 33386],[8608, 33387],[8608, 33388],[8605, 33392],[8601, 33395],[8598, 33399],[8594, 33401],[8590, 33406],[8585, 33409],[8580, 33413],[8578, 33414],[8576, 33416],[8575, 33417],[8574, 33417],[8571, 33420],[8564, 33424],[8563, 33424],[8558, 33427],[8553, 33428],[8552, 33429],[8550, 33430],[8548, 33431],[8547, 33431],[8546, 33431],[8545, 33432],[8544, 33432],[8542, 33433],[8541, 33433],[8538, 33434],[8537, 33434],[8534, 33435],[8532, 33435],[8528, 33437],[8525, 33438],[8518, 33440],[8514, 33441],[8512, 33441],[8510, 33441],[8509, 33442],[8508, 33442],[8505, 33443],[8504, 33443],[8501, 33444],[8500, 33444],[8498, 33445],[8497, 33445],[8493, 33447],[8490, 33448],[8488, 33449],[8483, 33451],[8480, 33452],[8475, 33454],[8472, 33455],[8465, 33457],[8463, 33457],[8462, 33458],[8455, 33460],[8452, 33461],[8449, 33462],[8446, 33463],[8443, 33464],[8442, 33464],[8439, 33465],[8437, 33466],[8436, 33466],[8432, 33468],[8426, 33470],[8419, 33471],[8417, 33471],[8412, 33473],[8407, 33474],[8406, 33474],[8405, 33475],[8405, 33476],[8405, 33477],[8404, 33479],[8403, 33481],[8402, 33483],[8401, 33484],[8400, 33486],[8399, 33487],[8398, 33489],[8397, 33490],[8396, 33492],[8395, 33493],[8394, 33495],[8393, 33496],[8392, 33498],[8389, 33501],[8384, 33507],[8378, 33510],[8378, 33511],[8375, 33514],[8370, 33519],[8368, 33521],[8367, 33522],[8364, 33524],[8363, 33524],[8362, 33525],[8361, 33526],[8354, 33530],[8349, 33533],[8342, 33537],[8340, 33538],[8333, 33541],[8331, 33542],[8324, 33544],[8321, 33544],[8319, 33545],[8312, 33547],[8310, 33547],[8307, 33548],[8300, 33549],[8299, 33549],[8298, 33549],[8289, 33549],[8288, 33549],[8286, 33549],[8284, 33548],[8281, 33548],[8279, 33547],[8278, 33547],[8276, 33547],[8274, 33548],[8273, 33548],[8271, 33548],[8243, 33548],[8241, 33549],[8240, 33549],[8233, 33551],[8230, 33551],[8228, 33552],[8227, 33552],[8225, 33552],[8220, 33552],[8212, 33551],[8205, 33549],[8204, 33549],[8202, 33548],[8200, 33547],[8198, 33546],[8197, 33545],[8195, 33544],[8192, 33541],[8190, 33540],[8188, 33538],[8186, 33536],[8185, 33534],[8183, 33532],[8179, 33531],[8177, 33530],[8174, 33529],[8167, 33526],[8160, 33523],[8157, 33522],[8153, 33520],[8152, 33520],[8150, 33519],[8149, 33519],[8142, 33523],[8137, 33524],[8136, 33525],[8129, 33527],[8126, 33527],[8123, 33528],[8115, 33529],[8110, 33529],[8102, 33528],[8095, 33526],[8088, 33522],[8078, 33512],[8074, 33505],[8072, 33498],[8071, 33490],[8070, 33483],[8070, 33482],[8070, 33481],[8070, 33476],[8070, 33467],[8070, 33465],[8070, 33462],[8071, 33454],[8071, 33453],[8071, 33450],[8072, 33442],[8073, 33439],[8073, 33438],[8074, 33435],[8076, 33429],[8079, 33422],[8079, 33421],[8082, 33408],[8083, 33407],[8083, 33404],[8085, 33397],[8087, 33392],[8088, 33389],[8091, 33383],[8094, 33377],[8098, 33370],[8102, 33364],[8107, 33358],[8110, 33353],[8111, 33352],[8112, 33350],[8115, 33347],[8117, 33344],[8118, 33343],[8122, 33336],[8123, 33335],[8125, 33332],[8127, 33331],[8127, 33330],[8128, 33329],[8129, 33327],[8130, 33326],[8131, 33319],[8132, 33316],[8132, 33315],[8132, 33314],[8131, 33311],[8130, 33303],[8130, 33301],[8130, 33299],[8129, 33297],[8128, 33292],[8125, 33288],[8124, 33286],[8121, 33279],[8119, 33273],[8116, 33268],[8115, 33266],[8112, 33259],[8111, 33254],[8111, 33253],[8108, 33248],[8106, 33241],[8105, 33237],[8105, 33235],[8104, 33230],[8103, 33225],[8102, 33217],[8102, 33213],[8101, 33211],[8100, 33208],[8100, 33207],[8099, 33204],[8098, 33197],[8095, 33189],[8092, 33183],[8090, 33176],[8089, 33171],[8088, 33170],[8085, 33163],[8084, 33159],[8082, 33154],[8079, 33146],[8077, 33141],[8075, 33136],[8073, 33130],[8072, 33125],[8072, 33124],[8072, 33123],[8071, 33120],[8070, 33112],[8070, 33111],[8070, 33107],[8070, 33103],[8070, 33101],[8070, 33098],[8071, 33090],[8072, 33082],[8073, 33079],[8073, 33078],[8074, 33075],[8075, 33071],[8078, 33063],[8079, 33061],[8082, 33054],[8082, 33053],[8084, 33048],[8085, 33046],[8086, 33042],[8088, 33038],[8088, 33037],[8089, 33036],[8089, 33035],[8092, 33028],[8092, 33025],[8092, 33024],[8064, 33024],[8064, 33088],[8000, 33088],[8000, 33280],[7909, 33280],[7912, 33292],[7909, 33299],[7900, 33319],[7897, 33327],[7892, 33342],[7890, 33349],[7889, 33354],[7881, 33380],[7877, 33393],[7873, 33417],[7871, 33433],[7870, 33445],[7869, 33462],[7869, 33483],[7871, 33510],[7873, 33525],[7879, 33553],[7881, 33560],[7900, 33605],[7904, 33612],[7936, 33654],[7946, 33664],[7988, 33696],[7995, 33700],[7997, 33701],[7995, 33702],[7968, 33713],[7952, 33721],[7942, 33726],[7935, 33730],[7918, 33741],[7911, 33746],[7897, 33757],[7890, 33763],[7879, 33773],[7875, 33777],[7865, 33788],[7859, 33795],[7832, 33836],[7825, 33849],[7817, 33866],[7815, 33872],[7810, 33883],[7802, 33904],[7801, 33907],[7797, 33915],[7790, 33940],[7788, 33949],[7785, 33971],[7784, 33980],[7782, 34002],[7782, 34030],[7787, 34074],[7789, 34083],[7791, 34088],[7774, 34084],[7742, 34081],[7724, 34081],[7692, 34084],[7661, 34092],[7660, 34092],[7653, 34094],[7641, 34097],[7630, 34101],[7624, 34103],[7597, 34114],[7585, 34120],[7544, 34147],[7537, 34153],[7526, 34163],[7523, 34166],[7513, 34177],[7507, 34184],[7480, 34225],[7476, 34233],[7459, 34279],[7457, 34288],[7454, 34310],[7453, 34319],[7451, 34341],[7451, 34345],[7453, 34367],[7454, 34376],[7457, 34398],[7459, 34407],[7476, 34453],[7480, 34461],[7489, 34477],[7494, 34485],[7522, 34521],[7531, 34530],[7553, 34549],[7557, 34552],[7566, 34558],[7571, 34562],[7582, 34570],[7611, 34587],[7619, 34591],[7634, 34598],[7636, 34599],[7663, 34615],[7678, 34623],[7686, 34626],[7702, 34634],[7711, 34638],[7707, 34643],[7700, 34651],[7691, 34663],[7681, 34678],[7673, 34691],[7659, 34690],[7612, 34688],[7590, 34686],[7573, 34682],[7554, 34679],[7551, 34679],[7537, 34677],[7527, 34675],[7516, 34672],[7488, 34668],[7476, 34661],[7467, 34656],[7463, 34653],[7442, 34640],[7429, 34633],[7418, 34628],[7380, 34613],[7365, 34609],[7340, 34604],[7322, 34602],[7297, 34599],[7273, 34597],[7264, 34597],[7237, 34599],[7222, 34601],[7197, 34606],[7182, 34610],[7139, 34627],[7126, 34634],[7093, 34657],[7081, 34667],[7055, 34693],[7045, 34705],[7022, 34738],[7015, 34751],[6998, 34794],[6994, 34809],[6989, 34834],[6987, 34849],[6987, 34903],[6989, 34918],[6994, 34943],[6998, 34958],[7015, 35001],[7022, 35014],[7045, 35047],[7055, 35059],[7067, 35073],[7073, 35079],[7087, 35091],[7099, 35101],[7112, 35112],[7131, 35126],[7160, 35146],[7173, 35153],[7184, 35158],[7182, 35167],[7181, 35167],[7170, 35169],[7157, 35173],[7155, 35174],[7139, 35176],[7117, 35179],[7107, 35180],[7099, 35181],[7089, 35181],[7074, 35182],[7061, 35183],[7013, 35193],[7001, 35197],[6989, 35201],[6980, 35204],[6973, 35206],[6958, 35211],[6940, 35218],[6923, 35226],[6915, 35229],[6895, 35237],[6875, 35247],[6864, 35253],[6854, 35259],[6848, 35262],[6845, 35264],[6839, 35263],[6826, 35262],[6811, 35261],[6803, 35261],[6788, 35262],[6775, 35263],[6727, 35273],[6715, 35277],[6703, 35281],[6698, 35283],[6677, 35293],[6666, 35299],[6651, 35308],[6643, 35313],[6635, 35319],[6603, 35297],[6592, 35291],[6559, 35277],[6547, 35273],[6499, 35263],[6486, 35262],[6471, 35261],[6379, 35261],[6364, 35262],[6351, 35263],[6335, 35265],[6322, 35267],[6290, 35275],[6278, 35279],[6263, 35284],[6246, 35291],[6226, 35293],[6214, 35294],[6198, 35293],[6195, 35292],[6187, 35291],[6168, 35290],[6149, 35285],[6140, 35284],[6123, 35280],[6111, 35279],[6093, 35275],[6074, 35271],[6054, 35269],[6049, 35268],[6043, 35267],[6042, 35266],[6030, 35264],[6013, 35260],[5982, 35255],[5969, 35254],[5954, 35253],[5949, 35253],[5944, 35253],[5942, 35253],[5927, 35250],[5886, 35245],[5866, 35242],[5855, 35241],[5844, 35230],[5835, 35222],[5817, 35208],[5810, 35203],[5793, 35189],[5777, 35179],[5769, 35174],[5759, 35168],[5748, 35162],[5725, 35151],[5707, 35144],[5691, 35139],[5674, 35134],[5651, 35127],[5630, 35123],[5614, 35120],[5598, 35117],[5590, 35116],[5565, 35114],[5516, 35114],[5506, 35113],[5486, 35112],[5450, 35112],[5435, 35113],[5422, 35114],[5374, 35124],[5353, 35131],[5326, 35142],[5320, 35145],[5309, 35151],[5301, 35155],[5298, 35157],[5287, 35163],[5281, 35166],[5280, 35167],[5267, 35174],[5262, 35177],[5232, 35199],[5230, 35200],[5224, 35205],[5221, 35207],[5220, 35208],[5211, 35214],[5199, 35223],[5190, 35230],[5180, 35238],[5171, 35246],[5167, 35250],[5164, 35253],[5158, 35257],[5141, 35272],[5138, 35275],[5128, 35286],[5116, 35301],[5109, 35309],[5106, 35313],[5087, 35342],[5081, 35353],[5069, 35379],[5064, 35394],[5058, 35409],[5053, 35425],[5046, 35463],[5045, 35469],[5040, 35500],[5039, 35513],[5038, 35528],[5038, 35539],[5039, 35554],[5040, 35567],[5047, 35605],[5046, 35618],[5046, 35642],[5047, 35657],[5048, 35670],[5054, 35708],[5057, 35717],[5060, 35731],[5068, 35755],[5070, 35760],[5068, 35759],[5038, 35743],[5006, 35731],[4992, 35728],[4987, 35727],[4948, 35723],[4860, 35723],[4847, 35724],[4832, 35725],[4820, 35726],[4812, 35727],[4800, 35729],[4799, 35729],[4774, 35732],[4772, 35733],[4760, 35734],[4738, 35738],[4730, 35740],[4716, 35745],[4713, 35746],[4712, 35746],[4705, 35748],[4703, 35748],[4702, 35748],[4698, 35749],[4689, 35752],[4684, 35753],[4661, 35757],[4653, 35759],[4632, 35766],[4624, 35769],[4612, 35775],[4609, 35776],[4605, 35778],[4601, 35780],[4593, 35784],[4584, 35787],[4580, 35789],[4578, 35790],[4572, 35792],[4565, 35795],[4552, 35793],[4532, 35793],[4483, 35799],[4479, 35800],[4447, 35812],[4417, 35828],[4414, 35830],[4383, 35855],[4378, 35860],[4353, 35891],[4351, 35894],[4335, 35924],[4323, 35956],[4322, 35960],[4321, 35975],[4313, 35994],[4311, 36002],[4305, 36051],[4305, 36077],[4307, 36102],[4308, 36110],[4310, 36124],[4311, 36129],[4315, 36145],[4317, 36152],[4319, 36157],[4320, 36162],[4331, 36191],[4336, 36200],[4338, 36204],[4345, 36216],[4345, 36217],[4349, 36224],[4356, 36235],[4358, 36238],[4371, 36255],[4374, 36259],[4375, 36261],[4377, 36265],[4381, 36274],[4397, 36304],[4401, 36310],[4426, 36341],[4434, 36349],[4465, 36374],[4468, 36376],[4498, 36393],[4508, 36396],[4515, 36402],[4521, 36407],[4538, 36420],[4541, 36422],[4571, 36439],[4603, 36450],[4607, 36451],[4656, 36457],[4664, 36457],[4713, 36451],[4717, 36450],[4749, 36439],[4779, 36422],[4782, 36420],[4791, 36413],[4814, 36409],[4818, 36408],[4859, 36392],[4861, 36391],[4874, 36384],[4879, 36381],[4890, 36374],[4921, 36349],[4929, 36340],[4928, 36353],[4928, 36378],[4934, 36427],[4935, 36431],[4942, 36449],[4945, 36458],[4950, 36471],[4950, 36472],[4952, 36477],[4959, 36492],[4960, 36495],[4965, 36505],[4967, 36509],[4978, 36531],[4973, 36535],[4963, 36545],[4942, 36570],[4937, 36578],[4931, 36587],[4925, 36597],[4922, 36602],[4915, 36615],[4908, 36629],[4906, 36632],[4894, 36632],[4862, 36636],[4862, 36635],[4855, 36636],[4847, 36638],[4845, 36638],[4841, 36639],[4838, 36640],[4825, 36643],[4819, 36644],[4803, 36647],[4799, 36648],[4781, 36655],[4780, 36655],[4774, 36657],[4769, 36658],[4764, 36660],[4761, 36661],[4757, 36661],[4749, 36664],[4743, 36663],[4712, 36660],[4690, 36660],[4652, 36664],[4615, 36675],[4610, 36677],[4575, 36695],[4543, 36721],[4538, 36726],[4512, 36758],[4494, 36793],[4492, 36798],[4481, 36835],[4478, 36871],[4473, 36905],[4473, 36915],[4475, 36925],[4472, 36925],[4452, 36913],[4405, 36900],[4392, 36898],[4361, 36895],[4350, 36895],[4306, 36900],[4297, 36902],[4278, 36908],[4275, 36909],[4243, 36923],[4239, 36925],[4236, 36926],[4235, 36927],[4230, 36930],[4223, 36934],[4216, 36936],[4214, 36936],[4210, 36937],[4201, 36939],[4162, 36950],[4148, 36957],[4136, 36963],[4130, 36966],[4125, 36969],[4117, 36967],[4114, 36967],[4111, 36966],[4089, 36963],[4084, 36962],[4076, 36961],[4045, 36958],[4033, 36958],[4000, 36962],[3980, 36960],[3979, 36960],[3948, 36963],[3935, 36965],[3902, 36973],[3870, 36987],[3841, 37006],[3831, 37014],[3799, 37046],[3791, 37056],[3772, 37085],[3758, 37117],[3755, 37129],[3754, 37130],[3751, 37133],[3719, 37170],[3713, 37179],[3705, 37193],[3700, 37202],[3699, 37203],[3695, 37211],[3683, 37215],[3677, 37217],[3648, 37229],[3645, 37230],[3634, 37235],[3622, 37241],[3604, 37250],[3569, 37272],[3559, 37280],[3536, 37301],[3517, 37326],[3511, 37335],[3492, 37371],[3490, 37376],[3481, 37402],[3480, 37406],[3476, 37427],[3475, 37434],[3475, 37435],[3475, 37437],[3474, 37440],[3466, 37472],[3464, 37485],[3462, 37511],[3461, 37516],[3454, 37530],[3443, 37572],[3441, 37585],[3438, 37616],[3438, 37622],[3441, 37653],[3443, 37666],[3451, 37699],[3465, 37731],[3484, 37760],[3492, 37770],[3524, 37802],[3534, 37810],[3574, 37835],[3620, 37850],[3633, 37852],[3646, 37854],[3677, 37857],[3686, 37857],[3701, 37856],[3714, 37855],[3730, 37853],[3756, 37849],[3769, 37847],[3778, 37845],[3813, 37833],[3820, 37830],[3831, 37825],[3833, 37824],[3846, 37817],[3856, 37811],[3878, 37796],[3888, 37788],[3911, 37767],[3924, 37750],[3934, 37737],[3942, 37726],[3948, 37718],[3955, 37711],[3965, 37701],[3979, 37688],[3988, 37678],[3995, 37670],[4003, 37660],[4015, 37646],[4018, 37642],[4030, 37633],[4040, 37625],[4069, 37596],[4071, 37594],[4075, 37590],[4076, 37589],[4084, 37580],[4088, 37576],[4091, 37573],[4096, 37568],[4113, 37554],[4129, 37539],[4158, 37511],[4165, 37503],[4270, 37502],[4295, 37500],[4305, 37498],[4312, 37498],[4327, 37496],[4336, 37494],[4345, 37493],[4350, 37492],[4361, 37490],[4370, 37488],[4381, 37485],[4384, 37484],[4386, 37484],[4388, 37487],[4392, 37495],[4396, 37502],[4395, 37504],[4390, 37507],[4380, 37515],[4376, 37519],[4374, 37520],[4367, 37525],[4363, 37528],[4355, 37533],[4350, 37536],[4333, 37547],[4302, 37572],[4291, 37583],[4266, 37614],[4256, 37629],[4236, 37667],[4235, 37671],[4234, 37671],[4212, 37669],[4192, 37669],[4143, 37675],[4139, 37676],[4112, 37687],[4111, 37686],[4106, 37688],[4103, 37690],[4098, 37692],[4096, 37693],[4097, 37693],[4056, 37717],[4051, 37721],[4019, 37753],[4015, 37758],[3988, 37804],[3985, 37811],[3974, 37841],[3973, 37845],[3967, 37894],[3967, 37904],[3973, 37953],[3974, 37957],[3985, 37984],[3984, 37985],[3986, 37990],[3988, 37993],[3990, 37998],[3991, 38000],[3991, 37999],[4002, 38017],[3986, 38021],[3986, 38022],[3976, 38024],[3963, 38028],[3938, 38038],[3925, 38044],[3915, 38048],[3906, 38053],[3891, 38060],[3885, 38063],[3879, 38065],[3874, 38068],[3862, 38072],[3856, 38074],[3848, 38069],[3836, 38063],[3805, 38050],[3792, 38046],[3755, 38039],[3746, 38038],[3724, 38036],[3706, 38036],[3657, 38042],[3645, 38045],[3624, 38052],[3616, 38055],[3596, 38064],[3588, 38068],[3561, 38084],[3554, 38089],[3529, 38110],[3520, 38119],[3499, 38144],[3494, 38151],[3478, 38178],[3474, 38186],[3466, 38204],[3466, 38205],[3464, 38209],[3463, 38212],[3463, 38213],[3462, 38215],[3443, 38243],[3437, 38255],[3424, 38286],[3420, 38299],[3413, 38336],[3412, 38345],[3410, 38364],[3407, 38372],[3397, 38396],[3387, 38398],[3379, 38400],[3334, 38413],[3304, 38425],[3279, 38433],[3252, 38442],[3242, 38446],[3230, 38442],[3218, 38439],[3188, 38429],[3179, 38427],[3165, 38424],[3150, 38422],[3147, 38421],[3131, 38419],[3128, 38418],[3109, 38415],[3096, 38414],[3081, 38413],[3023, 38413],[3008, 38414],[2988, 38416],[2970, 38418],[2959, 38419],[2945, 38421],[2940, 38422],[2909, 38431],[2902, 38434],[2890, 38438],[2867, 38448],[2855, 38454],[2826, 38473],[2823, 38475],[2814, 38481],[2813, 38482],[2806, 38487],[2801, 38491],[2789, 38501],[2769, 38518],[2746, 38541],[2739, 38549],[2730, 38559],[2712, 38582],[2710, 38585],[2703, 38596],[2699, 38603],[2696, 38609],[2689, 38622],[2684, 38632],[2678, 38642],[2667, 38665],[2654, 38696],[2650, 38709],[2645, 38737],[2644, 38737],[2639, 38739],[2625, 38744],[2612, 38749],[2594, 38757],[2582, 38763],[2541, 38790],[2526, 38803],[2499, 38832],[2492, 38841],[2471, 38874],[2454, 38908],[2441, 38939],[2437, 38952],[2433, 38966],[2405, 38972],[2392, 38976],[2381, 38980],[2373, 38983],[2362, 38988],[2359, 38988],[2283, 38985],[2218, 38984],[2203, 38985],[2190, 38986],[2176, 38989],[2176, 39168],[2112, 39168],[2112, 39292],[2114, 39289],[2118, 39285],[2121, 39280],[2123, 39275],[2125, 39273],[2128, 39270],[2128, 39268],[2129, 39267],[2131, 39261],[2133, 39254],[2139, 39242],[2142, 39238],[2147, 39229],[2151, 39225],[2155, 39219],[2160, 39215],[2162, 39213],[2163, 39212],[2164, 39211],[2167, 39208],[2169, 39207],[2170, 39205],[2180, 39196],[2192, 39190],[2205, 39186],[2218, 39185],[2275, 39185],[2288, 39186],[2289, 39186],[2298, 39188],[2351, 39188],[2361, 39191],[2374, 39191],[2387, 39192],[2390, 39193],[2404, 39193],[2407, 39192],[2412, 39192],[2413, 39191],[2423, 39182],[2425, 39181],[2426, 39180],[2430, 39178],[2431, 39177],[2443, 39171],[2448, 39169],[2451, 39168],[2464, 39164],[2477, 39163],[2478, 39163],[2481, 39162],[2494, 39161],[2512, 39161],[2522, 39158],[2539, 39158],[2540, 39158],[2542, 39157],[2543, 39155],[2551, 39146],[2552, 39144],[2553, 39143],[2553, 39142],[2554, 39140],[2559, 39130],[2560, 39128],[2562, 39125],[2567, 39119],[2570, 39117],[2574, 39112],[2584, 39103],[2586, 39102],[2591, 39096],[2601, 39087],[2603, 39086],[2604, 39085],[2606, 39084],[2607, 39082],[2611, 39078],[2615, 39074],[2617, 39072],[2619, 39069],[2623, 39065],[2623, 39062],[2623, 39061],[2623, 39059],[2623, 39051],[2623, 39048],[2624, 39045],[2624, 39038],[2625, 39035],[2625, 39034],[2626, 39022],[2629, 39013],[2629, 39011],[2633, 38998],[2639, 38986],[2640, 38985],[2642, 38980],[2643, 38979],[2643, 38978],[2644, 38976],[2649, 38966],[2650, 38964],[2652, 38961],[2657, 38955],[2662, 38951],[2672, 38942],[2684, 38936],[2689, 38934],[2690, 38934],[2693, 38933],[2697, 38931],[2704, 38929],[2705, 38928],[2706, 38928],[2707, 38928],[2714, 38925],[2718, 38924],[2719, 38924],[2724, 38922],[2725, 38922],[2726, 38921],[2731, 38920],[2737, 38918],[2740, 38918],[2744, 38917],[2747, 38916],[2755, 38914],[2777, 38904],[2779, 38903],[2787, 38901],[2789, 38899],[2793, 38897],[2796, 38895],[2803, 38888],[2805, 38887],[2808, 38881],[2811, 38877],[2812, 38873],[2816, 38860],[2818, 38857],[2819, 38854],[2820, 38853],[2823, 38842],[2823, 38841],[2824, 38839],[2826, 38836],[2828, 38830],[2831, 38825],[2832, 38823],[2834, 38819],[2836, 38816],[2837, 38815],[2838, 38814],[2839, 38810],[2839, 38809],[2841, 38800],[2841, 38791],[2841, 38781],[2842, 38768],[2846, 38755],[2849, 38749],[2852, 38743],[2855, 38737],[2860, 38730],[2860, 38729],[2861, 38728],[2862, 38724],[2868, 38712],[2869, 38711],[2870, 38709],[2871, 38707],[2873, 38703],[2875, 38699],[2877, 38696],[2878, 38695],[2879, 38693],[2888, 38683],[2889, 38683],[2889, 38682],[2892, 38679],[2896, 38675],[2901, 38671],[2902, 38670],[2906, 38666],[2908, 38663],[2909, 38662],[2911, 38660],[2917, 38656],[2924, 38650],[2926, 38648],[2933, 38643],[2934, 38642],[2935, 38642],[2937, 38640],[2938, 38640],[2945, 38633],[2957, 38627],[2965, 38625],[2966, 38624],[2970, 38622],[2971, 38622],[2972, 38622],[2979, 38619],[2983, 38618],[2984, 38618],[2987, 38618],[2992, 38617],[3001, 38617],[3010, 38615],[3023, 38614],[3024, 38614],[3081, 38614],[3094, 38615],[3100, 38617],[3102, 38617],[3105, 38618],[3108, 38618],[3110, 38618],[3113, 38619],[3119, 38621],[3130, 38622],[3134, 38623],[3135, 38623],[3136, 38623],[3144, 38625],[3148, 38627],[3159, 38631],[3161, 38632],[3163, 38632],[3168, 38634],[3170, 38634],[3186, 38639],[3199, 38644],[3203, 38647],[3211, 38649],[3216, 38651],[3217, 38651],[3220, 38652],[3239, 38652],[3244, 38653],[3247, 38653],[3252, 38653],[3263, 38650],[3277, 38648],[3287, 38644],[3290, 38643],[3301, 38639],[3305, 38637],[3318, 38632],[3324, 38631],[3332, 38628],[3341, 38624],[3373, 38615],[3378, 38612],[3380, 38611],[3390, 38606],[3398, 38604],[3435, 38593],[3437, 38593],[3442, 38591],[3445, 38591],[3448, 38590],[3479, 38590],[3480, 38590],[3486, 38588],[3499, 38587],[3505, 38587],[3516, 38585],[3520, 38585],[3533, 38583],[3535, 38582],[3546, 38581],[3558, 38575],[3565, 38573],[3570, 38570],[3571, 38570],[3575, 38567],[3577, 38565],[3581, 38562],[3584, 38561],[3586, 38559],[3587, 38559],[3588, 38558],[3592, 38554],[3590, 38551],[3584, 38539],[3580, 38526],[3579, 38513],[3579, 38510],[3579, 38505],[3579, 38502],[3579, 38500],[3579, 38499],[3580, 38486],[3582, 38481],[3582, 38475],[3586, 38462],[3592, 38450],[3599, 38442],[3607, 38426],[3608, 38423],[3615, 38411],[3614, 38398],[3614, 38397],[3613, 38394],[3612, 38391],[3612, 38389],[3612, 38386],[3611, 38381],[3611, 38376],[3611, 38373],[3611, 38371],[3611, 38367],[3611, 38365],[3612, 38358],[3616, 38345],[3622, 38333],[3631, 38323],[3641, 38314],[3647, 38311],[3647, 38305],[3647, 38296],[3648, 38292],[3650, 38284],[3651, 38282],[3652, 38279],[3653, 38278],[3653, 38276],[3657, 38268],[3658, 38267],[3660, 38265],[3662, 38261],[3671, 38252],[3675, 38250],[3677, 38248],[3678, 38247],[3686, 38243],[3688, 38243],[3689, 38242],[3692, 38241],[3694, 38240],[3702, 38238],[3706, 38237],[3724, 38237],[3726, 38237],[3733, 38238],[3746, 38242],[3758, 38248],[3767, 38256],[3777, 38265],[3779, 38267],[3783, 38271],[3784, 38271],[3787, 38272],[3795, 38276],[3797, 38277],[3801, 38278],[3804, 38279],[3808, 38281],[3810, 38283],[3813, 38284],[3817, 38287],[3817, 38288],[3819, 38289],[3820, 38289],[3821, 38289],[3822, 38290],[3824, 38290],[3837, 38294],[3838, 38295],[3839, 38294],[3844, 38292],[3847, 38291],[3860, 38287],[3863, 38287],[3866, 38286],[3872, 38283],[3882, 38280],[3886, 38278],[3888, 38277],[3890, 38276],[3902, 38270],[3915, 38266],[3916, 38266],[3919, 38265],[3921, 38264],[3923, 38263],[3924, 38263],[3927, 38262],[3929, 38261],[3939, 38258],[3943, 38256],[3948, 38254],[3951, 38253],[3954, 38252],[3962, 38248],[3967, 38246],[3968, 38246],[3969, 38245],[3981, 38239],[3984, 38238],[3986, 38237],[3992, 38234],[3998, 38231],[4001, 38230],[4009, 38226],[4012, 38225],[4022, 38220],[4035, 38216],[4037, 38216],[4038, 38215],[4039, 38215],[4040, 38215],[4047, 38212],[4051, 38211],[4052, 38211],[4055, 38211],[4060, 38210],[4122, 38210],[4135, 38211],[4148, 38215],[4151, 38216],[4156, 38218],[4164, 38222],[4167, 38223],[4179, 38229],[4180, 38230],[4190, 38235],[4191, 38236],[4193, 38237],[4203, 38246],[4205, 38248],[4206, 38249],[4215, 38259],[4216, 38261],[4217, 38262],[4219, 38265],[4219, 38266],[4220, 38267],[4222, 38271],[4226, 38279],[4230, 38292],[4231, 38305],[4231, 38308],[4231, 38311],[4231, 38313],[4231, 38316],[4231, 38319],[4231, 38322],[4231, 38324],[4231, 38327],[4231, 38330],[4231, 38331],[4231, 38333],[4230, 38346],[4228, 38352],[4228, 38353],[4228, 38354],[4228, 38357],[4230, 38363],[4230, 38368],[4232, 38372],[4233, 38374],[4236, 38380],[4237, 38383],[4238, 38385],[4238, 38386],[4242, 38399],[4243, 38401],[4243, 38402],[4243, 38403],[4246, 38412],[4246, 38413],[4248, 38418],[4248, 38419],[4248, 38420],[4251, 38427],[4252, 38430],[4253, 38432],[4257, 38445],[4257, 38447],[4260, 38456],[4260, 38458],[4263, 38467],[4264, 38480],[4264, 38483],[4264, 38485],[4264, 38486],[4266, 38492],[4267, 38505],[4267, 38507],[4267, 38510],[4275, 38519],[4281, 38531],[4282, 38534],[4283, 38536],[4287, 38549],[4288, 38557],[4290, 38565],[4291, 38575],[4293, 38582],[4294, 38595],[4294, 38600],[4294, 38606],[4294, 38611],[4296, 38617],[4297, 38629],[4299, 38638],[4300, 38640],[4302, 38645],[4303, 38648],[4304, 38650],[4304, 38651],[4305, 38653],[4307, 38661],[4308, 38662],[4309, 38665],[4311, 38669],[4311, 38670],[4311, 38671],[4314, 38678],[4315, 38682],[4315, 38683],[4315, 38684],[4316, 38685],[4317, 38687],[4318, 38688],[4319, 38690],[4320, 38691],[4321, 38693],[4324, 38696],[4325, 38698],[4327, 38699],[4329, 38701],[4330, 38701],[4332, 38702],[4337, 38704],[4338, 38705],[4343, 38705],[4352, 38708],[4356, 38708],[4365, 38711],[4367, 38711],[4374, 38713],[4384, 38713],[4397, 38714],[4402, 38716],[4408, 38716],[4415, 38718],[4431, 38718],[4436, 38718],[4443, 38715],[4456, 38711],[4458, 38711],[4459, 38710],[4462, 38709],[4475, 38705],[4485, 38704],[4489, 38703],[4493, 38703],[4502, 38700],[4508, 38700],[4516, 38697],[4518, 38697],[4527, 38694],[4529, 38694],[4535, 38692],[4544, 38691],[4547, 38690],[4551, 38689],[4552, 38689],[4555, 38689],[4560, 38688],[4573, 38688],[4579, 38686],[4592, 38685],[4633, 38685],[4646, 38686],[4659, 38690],[4671, 38696],[4672, 38697],[4675, 38698],[4687, 38704],[4695, 38711],[4697, 38713],[4698, 38713],[4699, 38714],[4706, 38719],[4714, 38727],[4714, 38728],[4719, 38731],[4728, 38741],[4729, 38742],[4733, 38746],[4736, 38749],[4745, 38759],[4747, 38763],[4749, 38765],[4752, 38768],[4755, 38771],[4756, 38772],[4758, 38773],[4759, 38774],[4761, 38775],[4770, 38783],[4772, 38784],[4775, 38786],[4780, 38789],[4782, 38791],[4785, 38792],[4790, 38795],[4796, 38795],[4809, 38799],[4815, 38802],[4821, 38805],[4822, 38806],[4823, 38806],[4826, 38806],[4828, 38806],[4831, 38807],[4836, 38809],[4837, 38809],[4838, 38809],[4840, 38809],[4841, 38808],[4853, 38802],[4856, 38801],[4857, 38800],[4863, 38797],[4865, 38795],[4871, 38792],[4874, 38791],[4879, 38786],[4891, 38780],[4904, 38776],[4917, 38775],[4930, 38776],[4943, 38780],[4955, 38786],[4965, 38795],[4974, 38805],[4980, 38817],[4984, 38830],[4985, 38843],[4985, 38846],[4985, 38849],[4985, 38852],[4985, 38857],[4985, 38860],[4985, 38862],[4985, 38865],[4985, 38868],[4985, 38871],[4985, 38881],[4982, 38891],[4982, 38893],[4982, 38895],[4982, 38898],[4982, 38901],[4982, 38903],[4982, 38906],[4982, 38909],[4982, 38912],[4982, 38914],[4982, 38917],[4982, 38920],[4982, 38923],[4982, 38925],[4982, 38931],[4982, 38936],[4984, 38942],[4984, 38947],[4986, 38954],[4990, 38957],[4991, 38958],[4993, 38960],[4995, 38961],[5002, 38967],[5015, 38967],[5021, 38965],[5034, 38964],[5039, 38964],[5049, 38961],[5097, 38961],[5110, 38962],[5123, 38966],[5135, 38972],[5145, 38981],[5154, 38991],[5160, 39003],[5162, 39008],[5163, 39011],[5167, 39024],[5167, 39026],[5170, 39035],[5171, 39048],[5171, 39051],[5172, 39054],[5172, 39056],[5173, 39057],[5174, 39060],[5176, 39068],[5177, 39069],[5179, 39075],[5180, 39076],[5182, 39079],[5185, 39085],[5187, 39087],[5189, 39091],[5190, 39092],[5193, 39098],[5196, 39104],[5199, 39110],[5201, 39115],[5201, 39116],[5202, 39119],[5204, 39123],[5206, 39131],[5207, 39132],[5211, 39145],[5211, 39148],[5220, 39158],[5226, 39170],[5228, 39175],[5229, 39178],[5232, 39188],[5234, 39192],[5238, 39205],[5239, 39218],[5239, 39223],[5239, 39226],[5239, 39229],[5239, 39234],[5239, 39237],[5239, 39240],[5239, 39242],[5238, 39255],[5236, 39261],[5236, 39262],[5236, 39264],[5235, 39277],[5231, 39290],[5230, 39292],[5230, 39293],[5226, 39306],[5225, 39307],[5223, 39315],[5217, 39327],[5215, 39330],[5212, 39335],[5211, 39336],[5209, 39340],[5201, 39349],[5192, 39359],[5182, 39368],[5182, 39373],[5182, 39375],[5184, 39375],[5196, 39379],[5202, 39377],[5215, 39376],[5219, 39376],[5228, 39374],[5245, 39374],[5258, 39375],[5271, 39379],[5283, 39385],[5293, 39394],[5302, 39404],[5308, 39416],[5312, 39429],[5313, 39442],[5312, 39455],[5308, 39468],[5302, 39480],[5293, 39490],[5283, 39499],[5271, 39505],[5266, 39507],[5265, 39507],[5252, 39511],[5248, 39511],[5239, 39514],[5237, 39515],[5224, 39519],[5223, 39519],[5220, 39520],[5215, 39520],[5211, 39521],[5210, 39521],[5200, 39524],[5187, 39528],[5183, 39528],[5180, 39529],[5177, 39529],[5168, 39532],[5164, 39533],[5151, 39536],[5146, 39536],[5122, 39541],[5121, 39541],[5118, 39541],[5114, 39542],[5108, 39544],[5102, 39544],[5094, 39547],[5089, 39547],[5089, 39548],[5085, 39553],[5083, 39556],[5082, 39557],[5081, 39559],[5074, 39566],[5074, 39567],[5073, 39568],[5072, 39570],[5063, 39580],[5058, 39585],[5055, 39588],[5045, 39597],[5041, 39599],[5040, 39600],[5037, 39602],[5034, 39604],[5029, 39608],[5023, 39611],[5017, 39614],[5011, 39617],[5008, 39618],[5006, 39619],[4993, 39623],[4980, 39624],[4948, 39624],[4949, 39625],[4950, 39627],[4952, 39629],[4954, 39631],[4959, 39637],[4965, 39642],[4968, 39645],[4977, 39655],[4979, 39658],[4985, 39663],[4995, 39672],[4996, 39674],[4998, 39675],[5003, 39681],[5009, 39686],[5011, 39688],[5021, 39697],[5023, 39700],[5025, 39702],[5027, 39704],[5028, 39705],[5038, 39714],[5043, 39720],[5045, 39723],[5046, 39725],[5047, 39727],[5051, 39730],[5055, 39736],[5059, 39740],[5062, 39747],[5065, 39749],[5067, 39752],[5069, 39754],[5078, 39764],[5081, 39770],[5082, 39772],[5083, 39773],[5086, 39777],[5089, 39778],[5090, 39779],[5092, 39780],[5097, 39785],[5098, 39785],[5103, 39789],[5104, 39789],[5110, 39793],[5113, 39794],[5114, 39795],[5116, 39796],[5118, 39797],[5119, 39798],[5120, 39799],[5121, 39799],[5124, 39801],[5130, 39803],[5133, 39805],[5137, 39806],[5140, 39806],[5142, 39806],[5145, 39807],[5150, 39809],[5151, 39809],[5153, 39809],[5156, 39810],[5163, 39813],[5164, 39813],[5165, 39813],[5166, 39814],[5168, 39814],[5181, 39818],[5186, 39821],[5189, 39821],[5194, 39823],[5195, 39823],[5198, 39824],[5206, 39824],[5211, 39825],[5214, 39825],[5216, 39825],[5219, 39826],[5222, 39827],[5236, 39827],[5246, 39830],[5266, 39830],[5271, 39831],[5274, 39831],[5276, 39831],[5279, 39832],[5282, 39833],[5283, 39833],[5296, 39834],[5299, 39835],[5315, 39835],[5328, 39839],[5329, 39839],[5335, 39841],[5336, 39841],[5337, 39841],[5342, 39842],[5345, 39842],[5347, 39842],[5350, 39843],[5354, 39844],[5362, 39845],[5363, 39845],[5367, 39846],[5370, 39846],[5377, 39848],[5381, 39849],[5394, 39850],[5407, 39854],[5408, 39855],[5409, 39855],[5411, 39855],[5424, 39859],[5436, 39865],[5437, 39866],[5441, 39868],[5451, 39877],[5452, 39879],[5454, 39880],[5463, 39890],[5469, 39902],[5473, 39915],[5474, 39928],[5474, 39931],[5474, 39933],[5474, 39936],[5474, 39942],[5474, 39944],[5474, 39947],[5474, 39950],[5474, 39952],[5474, 39955],[5474, 39958],[5474, 39961],[5474, 39963],[5474, 39966],[5474, 39969],[5474, 39974],[5474, 39977],[5474, 39980],[5474, 39983],[5474, 39985],[5474, 39988],[5474, 39991],[5473, 40004],[5471, 40011],[5471, 40013],[5473, 40019],[5474, 40031],[5474, 40032],[5476, 40038],[5476, 40041],[5477, 40044],[5477, 40045],[5480, 40052],[5484, 40065],[5484, 40067],[5486, 40073],[5488, 40077],[5490, 40082],[5491, 40085],[5494, 40096],[5496, 40098],[5497, 40100],[5500, 40105],[5504, 40109],[5505, 40110],[5509, 40115],[5513, 40120],[5514, 40123],[5517, 40126],[5520, 40132],[5521, 40134],[5523, 40136],[5529, 40148],[5530, 40151],[5531, 40152],[5533, 40155],[5537, 40160],[5543, 40172],[5545, 40177],[5545, 40178],[5547, 40183],[5548, 40186],[5549, 40190],[5550, 40191],[5555, 40198],[5556, 40199],[5556, 40200],[5558, 40202],[5561, 40207],[5562, 40208],[5563, 40209],[5565, 40211],[5572, 40222],[5578, 40234],[5579, 40237],[5580, 40238],[5582, 40240],[5582, 40241],[5589, 40248],[5590, 40250],[5591, 40251],[5597, 40263],[5601, 40276],[5602, 40278],[5605, 40284],[5606, 40287],[5607, 40289],[5607, 40290],[5611, 40303],[5615, 40316],[5616, 40325],[5617, 40328],[5618, 40332],[5618, 40333],[5618, 40336],[5619, 40341],[5619, 40346],[5619, 40355],[5619, 40356],[5619, 40357],[5619, 40365],[5619, 40370],[5618, 40375],[5618, 40378],[5618, 40380],[5617, 40383],[5615, 40390],[5615, 40392],[5615, 40394],[5614, 40397],[5613, 40401],[5611, 40417],[5608, 40430],[5607, 40432],[5607, 40433],[5604, 40441],[5603, 40444],[5599, 40452],[5599, 40458],[5595, 40471],[5590, 40482],[5590, 40485],[5586, 40498],[5583, 40504],[5580, 40512],[5580, 40517],[5576, 40530],[5573, 40536],[5571, 40540],[5571, 40542],[5571, 40544],[5592, 40526],[5635, 40503],[5681, 40489],[5730, 40484],[5779, 40489],[5825, 40503],[5842, 40512],[5845, 40513],[5862, 40522],[5865, 40523],[5908, 40546],[5946, 40577],[5949, 40580],[5958, 40586],[5997, 40610],[6000, 40612],[6007, 40616],[6027, 40632],[6030, 40635],[6031, 40635],[6063, 40653],[6067, 40655],[6074, 40659],[6084, 40662],[6118, 40680],[6124, 40682],[6141, 40691],[6144, 40692],[6148, 40694],[6156, 40697],[6173, 40707],[6187, 40715],[6193, 40720],[6198, 40723],[6203, 40727],[6236, 40745],[6274, 40776],[6278, 40781],[6286, 40785],[6312, 40807],[6327, 40808],[6352, 40816],[6376, 40818],[6392, 40823],[6397, 40823],[6402, 40823],[6409, 40823],[6437, 40827],[6446, 40828],[6449, 40829],[6457, 40830],[6469, 40833],[6477, 40833],[6485, 40833],[6500, 40830],[6507, 40828],[6517, 40827],[6533, 40824],[6546, 40824],[6556, 40823],[6557, 40823],[6560, 40822],[6569, 40821],[6573, 40819],[6578, 40815],[6621, 40792],[6667, 40778],[6716, 40773],[6736, 40773],[6756, 40773],[6766, 40773],[6786, 40773],[6789, 40772],[6798, 40771],[6806, 40768],[6817, 40767],[6846, 40758],[6886, 40754],[6890, 40753],[6906, 40748],[6911, 40747],[6917, 40746],[7167, 40708],[7177, 40696],[7215, 40665],[7258, 40642],[7261, 40641],[7278, 40632],[7287, 40629],[7303, 40621],[7309, 40619],[7314, 40617],[7344, 40607],[7356, 40603],[7362, 40600],[7372, 40596],[7378, 40593],[7391, 40589],[7407, 40583],[7416, 40582],[7424, 40579],[7442, 40577],[7455, 40575],[7461, 40575],[7472, 40571],[7512, 40561],[7521, 40560],[7523, 40559],[7532, 40558],[7539, 40557],[7541, 40556],[7547, 40553],[7560, 40549],[7576, 40543],[7578, 40543],[7623, 40529],[7672, 40524],[7721, 40529],[7767, 40543],[7810, 40566],[7838, 40588],[7881, 40584],[7887, 40584],[7912, 40579],[7961, 40574],[7991, 40574],[8003, 40574],[8005, 40573],[8051, 40559],[8100, 40554],[8110, 40554],[8120, 40554],[8140, 40554],[8160, 40554],[8170, 40554],[8200, 40554],[8217, 40556],[8231, 40556],[8294, 40564],[8309, 40564],[8321, 40560],[8334, 40553],[8380, 40539],[8429, 40534],[8439, 40534],[8488, 40539],[8534, 40553],[8549, 40561],[8570, 40569],[8584, 40573],[8590, 40576],[8594, 40578],[8607, 40579],[8653, 40593],[8696, 40616],[8710, 40627],[8726, 40636],[8764, 40667],[8765, 40668],[8775, 40677],[8787, 40690],[8805, 40709],[8831, 40751],[8833, 40755],[8837, 40763],[8841, 40762],[8849, 40755],[8892, 40732],[8896, 40731],[8931, 40712],[8936, 40710],[8940, 40706],[8944, 40703],[8959, 40675],[8962, 40671],[8966, 40658],[8984, 40624],[8986, 40618],[8992, 40607],[8992, 40604],[8994, 40597],[8995, 40592],[9000, 40577],[9006, 40558],[9008, 40554],[9011, 40546],[9017, 40533],[9019, 40525],[9029, 40495],[9032, 40487],[9035, 40479],[9040, 40469],[9041, 40465],[9046, 40449],[9046, 40448],[9046, 40444],[9048, 40427],[9048, 40413],[9050, 40404],[9051, 40395],[9056, 40380],[9059, 40365],[9063, 40352],[9068, 40325],[9068, 40324],[9069, 40322],[9070, 40313],[9075, 40293],[9079, 40276],[9081, 40270],[9082, 40266],[9083, 40264],[9089, 40246],[9090, 40242],[9091, 40236],[9096, 40221],[9099, 40206],[9101, 40186],[9115, 40140],[9118, 40134],[9123, 40115],[9126, 40103],[9126, 40086],[9126, 40076],[9126, 40074],[9100, 40023],[9097, 40020],[9087, 40006],[9078, 39995],[9075, 39989],[9069, 39981],[9029, 39911],[9021, 39892],[9011, 39872],[8987, 39807],[8983, 39798],[8979, 39788],[8976, 39782],[8972, 39769],[8966, 39753],[8966, 39751],[8952, 39706],[8947, 39657],[8947, 39647],[8947, 39637],[8947, 39628],[8947, 39608],[8947, 39588],[8947, 39568],[8947, 39558],[8947, 39548],[8947, 39538],[8947, 39518],[8947, 39488],[8947, 39478],[8947, 39474],[8947, 39466],[8951, 39438],[8952, 39429],[8953, 39427],[8954, 39418],[8960, 39395],[8960, 39392],[8967, 39344],[8967, 39339],[8967, 39319],[8972, 39270],[8977, 39245],[8977, 39239],[8979, 39222],[8979, 39208],[8981, 39199],[8982, 39190],[8987, 39175],[8987, 39173],[8987, 39172],[8987, 39169],[8987, 39159],[8989, 39140],[8990, 39123],[8991, 39118],[8992, 39110],[8997, 39095],[9001, 39076],[9005, 39068],[9006, 39064],[9013, 39051],[9014, 39050],[9015, 39045],[9038, 39002],[9069, 38964],[9107, 38933],[9116, 38928],[9147, 38903],[9163, 38894],[9177, 38883],[9207, 38867],[9212, 38862],[9224, 38854],[9237, 38843],[9246, 38838],[9252, 38834],[9255, 38832],[9260, 38824],[9260, 38822],[9274, 38776],[9283, 38759],[9284, 38756],[9293, 38739],[9294, 38736],[9295, 38733],[9298, 38722],[9307, 38695],[9306, 38691],[9304, 38687],[9302, 38680],[9297, 38675],[9290, 38664],[9287, 38660],[9282, 38652],[9271, 38633],[9270, 38631],[9225, 38570],[9223, 38566],[9220, 38563],[9200, 38534],[9183, 38511],[9117, 38437],[9099, 38419],[9068, 38381],[9062, 38371],[9058, 38366],[9051, 38355],[9048, 38351],[9044, 38344],[9033, 38333],[9031, 38331],[9030, 38330],[9020, 38320],[9016, 38314],[9015, 38314],[9010, 38310],[9006, 38304],[9005, 38304],[9000, 38300],[8991, 38289],[8980, 38280],[8970, 38270],[8939, 38232],[8934, 38223],[8909, 38192],[8888, 38154],[8879, 38142],[8856, 38099],[8842, 38053],[8837, 38004],[8837, 37994],[8837, 37984],[8837, 37974],[8837, 37964],[8837, 37944],[8837, 37934],[8842, 37885],[8851, 37855],[8852, 37846],[8864, 37808],[8864, 37805],[8869, 37785],[8872, 37756],[8877, 37740],[8877, 37735],[8877, 37715],[8877, 37711],[8872, 37695],[8871, 37685],[8864, 37666],[8857, 37638],[8845, 37608],[8827, 37562],[8826, 37561],[8825, 37559],[8825, 37558],[8811, 37512],[8809, 37484],[8758, 37364],[8757, 37362],[8750, 37338],[8749, 37336],[8747, 37332],[8738, 37303],[8727, 37282],[8713, 37236],[8712, 37228],[8707, 37214],[8706, 37205],[8703, 37197],[8701, 37179],[8699, 37168],[8693, 37147],[8689, 37106],[8683, 37077],[8678, 37028],[8678, 37008],[8678, 36995],[8660, 36997],[8654, 36999],[8645, 37000],[8637, 37003],[8619, 37005],[8606, 37007],[8599, 37007],[8588, 37008],[8568, 37008],[8528, 37008],[8521, 37008],[8509, 37011],[8501, 37012],[8498, 37013],[8489, 37014],[8461, 37018],[8454, 37018],[8449, 37018],[8439, 37018],[8429, 37018],[8422, 37018],[8380, 37025],[8351, 37027],[8339, 37028],[8331, 37028],[8315, 37028],[8299, 37033],[8294, 37034],[8284, 37036],[8260, 37037],[8254, 37038],[8239, 37043],[8230, 37044],[8221, 37046],[8209, 37046],[8190, 37051],[8182, 37052],[8179, 37053],[8172, 37054],[8147, 37061],[8139, 37063],[8138, 37063],[8131, 37065],[8087, 37072],[8082, 37074],[8070, 37077],[8050, 37083],[8035, 37086],[8000, 37093],[7951, 37098],[7945, 37098],[7920, 37103],[7871, 37108],[7822, 37103],[7776, 37089],[7733, 37066],[7695, 37035],[7664, 36998],[7641, 36955],[7627, 36908],[7622, 36859],[7622, 36849],[7627, 36800],[7641, 36754],[7664, 36711],[7695, 36673],[7733, 36642],[7743, 36637],[7744, 36635],[7750, 36628],[7759, 36620],[7768, 36611],[7777, 36605],[7787, 36596],[7800, 36588],[7808, 36583],[7817, 36579],[7829, 36572],[7909, 36536],[7929, 36526],[7949, 36516],[7969, 36506],[7981, 36501],[7992, 36496],[8005, 36492],[8014, 36489],[8022, 36488],[8039, 36483],[8099, 36473],[8128, 36471],[8140, 36470],[8148, 36470],[8160, 36470],[8162, 36470],[8168, 36467],[8188, 36461],[8198, 36458],[8204, 36457],[8215, 36454],[8217, 36454],[8228, 36447],[8248, 36437],[8288, 36417],[8296, 36413],[8311, 36403],[8327, 36394],[8341, 36383],[8384, 36360],[8430, 36346],[8436, 36345],[8437, 36345],[8452, 36341],[8469, 36336],[8474, 36335],[8484, 36333],[8497, 36332],[8529, 36326],[8578, 36321],[8590, 36321],[8592, 36320],[8609, 36315],[8622, 36310],[8626, 36309],[8640, 36283],[8671, 36245],[8709, 36214],[8752, 36191],[8798, 36177],[8847, 36172],[8896, 36177],[8942, 36191],[8985, 36214],[9023, 36245],[9033, 36258],[9034, 36256],[9042, 36244],[9058, 36218],[9061, 36215],[9097, 36170],[9102, 36160],[9112, 36140],[9132, 36100],[9143, 36081],[9148, 36073],[9151, 36069],[9158, 36058],[9159, 36057],[9165, 36037],[9188, 35994],[9213, 35964],[9213, 35962],[9218, 35954],[9221, 35950],[9228, 35939],[9232, 35935],[9234, 35932],[9241, 35919],[9248, 35909],[9290, 35849],[9294, 35845],[9296, 35841],[9331, 35795],[9347, 35765],[9348, 35764],[9349, 35760],[9350, 35754],[9364, 35708],[9373, 35691],[9374, 35689],[9374, 35687],[9379, 35674],[9380, 35664],[9382, 35657],[9383, 35652],[9388, 35637],[9394, 35618],[9396, 35614],[9399, 35606],[9409, 35589],[9417, 35575],[9419, 35572],[9438, 35530],[9474, 35467],[9481, 35453],[9489, 35440],[9495, 35428],[9518, 35393],[9536, 35352],[9579, 35275],[9592, 35243],[9595, 35236],[9600, 35224],[9608, 35208],[9622, 35173],[9624, 35169],[9625, 35166],[9652, 35103],[9654, 35098],[9672, 35057],[9677, 35025],[9682, 35008],[9683, 35000],[9686, 34991],[9687, 34990],[9689, 34967],[9703, 34921],[9721, 34887],[9723, 34881],[9725, 34877],[9728, 34869],[9738, 34852],[9746, 34838],[9751, 34832],[9754, 34827],[9766, 34814],[9777, 34800],[9781, 34797],[9786, 34791],[9796, 34782],[9806, 34775],[9811, 34770],[9845, 34744],[9849, 34740],[9891, 34714],[9911, 34704],[9923, 34699],[9930, 34696],[9949, 34689],[9997, 34654],[10014, 34644],[10031, 34634],[10033, 34633],[10043, 34623],[10044, 34622],[10045, 34621],[10051, 34615],[10054, 34609],[10056, 34607],[10058, 34603],[10074, 34585],[10080, 34577],[10092, 34549],[10120, 34509],[10121, 34508],[10123, 34505],[10125, 34503],[10170, 34449],[10176, 34443],[10185, 34432],[10195, 34422],[10205, 34412],[10237, 34372],[10246, 34363],[10255, 34352],[10275, 34332],[10282, 34326],[10292, 34316],[10322, 34291],[10333, 34271],[10364, 34233],[10374, 34223],[10380, 34219],[10384, 34213],[10390, 34209],[10390, 34208],[10394, 34203],[10400, 34198],[10407, 34191],[10419, 34183],[10432, 34172],[10441, 34167],[10447, 34163],[10459, 34157],[10475, 34149],[10483, 34146],[10491, 34143],[10551, 34123],[10566, 34120],[10581, 34115],[10590, 34114],[10599, 34112],[10496, 34112],[10496, 34048],[10560, 34048],[10560, 33984],[10368, 33984],[10368, 33978],[10357, 33984],[10344, 33991]],[[4885, 38572],[4884, 38577],[4855, 38582],[4869, 38577],[4870, 38578],[4885, 38572]],[[5370, 38786],[5373, 38782],[5379, 38773],[5381, 38770],[5393, 38749],[5395, 38745],[5403, 38727],[5412, 38733],[5415, 38735],[5419, 38738],[5446, 38754],[5452, 38757],[5479, 38768],[5485, 38770],[5515, 38778],[5521, 38779],[5554, 38782],[5555, 38782],[5594, 38778],[5599, 38777],[5613, 38774],[5654, 38758],[5658, 38756],[5688, 38738],[5692, 38735],[5714, 38716],[5716, 38714],[5735, 38692],[5736, 38691],[5742, 38683],[5749, 38674],[5755, 38665],[5757, 38662],[5764, 38650],[5765, 38649],[5770, 38642],[5775, 38635],[5784, 38621],[5787, 38616],[5791, 38608],[5792, 38607],[5799, 38594],[5804, 38583],[5808, 38574],[5812, 38565],[5812, 38564],[5816, 38555],[5821, 38560],[5859, 38598],[5866, 38603],[5873, 38608],[5900, 38624],[5904, 38626],[5927, 38636],[5935, 38639],[5956, 38646],[5965, 38648],[5969, 38649],[5970, 38649],[5990, 38654],[6000, 38656],[6039, 38660],[6041, 38660],[6080, 38656],[6085, 38655],[6099, 38652],[6140, 38636],[6144, 38634],[6174, 38616],[6178, 38613],[6187, 38605],[6193, 38600],[6197, 38596],[6200, 38594],[6201, 38593],[6226, 38566],[6229, 38562],[6235, 38553],[6241, 38544],[6253, 38523],[6255, 38519],[6260, 38508],[6263, 38501],[6274, 38471],[6277, 38457],[6278, 38452],[6279, 38443],[6281, 38438],[6284, 38424],[6285, 38419],[6289, 38380],[6289, 38366],[6286, 38333],[6285, 38327],[6282, 38311],[6280, 38303],[6275, 38289],[6274, 38286],[6271, 38278],[6268, 38267],[6263, 38256],[6256, 38241],[6253, 38235],[6241, 38214],[6237, 38208],[6231, 38199],[6228, 38195],[6187, 38154],[6183, 38151],[6153, 38133],[6149, 38131],[6148, 38130],[6126, 38117],[6120, 38114],[6079, 38098],[6065, 38095],[6061, 38094],[6044, 38085],[6041, 38083],[6037, 38081],[6029, 38076],[6016, 38069],[6009, 38065],[6007, 38064],[5997, 38059],[5977, 38049],[5959, 38041],[5950, 38038],[5947, 38037],[5945, 38036],[5921, 38027],[5907, 38024],[5897, 38022],[5858, 38018],[5846, 38018],[5807, 38022],[5805, 38023],[5802, 38023],[5780, 38028],[5752, 38036],[5744, 38039],[5742, 38040],[5740, 38040],[5738, 38041],[5728, 38043],[5730, 38021],[5730, 37985],[5750, 37983],[5760, 37981],[5784, 37974],[5790, 37972],[5808, 37965],[5813, 37963],[5815, 37962],[5817, 37961],[5818, 37961],[5828, 37956],[5834, 37953],[5844, 37948],[5846, 37947],[5848, 37946],[5851, 37945],[5861, 37943],[5873, 37942],[5904, 37943],[5939, 37943],[5957, 37942],[5968, 37941],[5983, 37939],[5997, 37937],[6007, 37935],[6008, 37935],[6013, 37934],[6030, 37933],[6049, 37930],[6057, 37928],[6071, 37925],[6076, 37924],[6088, 37922],[6101, 37919],[6119, 37913],[6123, 37912],[6124, 37912],[6132, 37910],[6139, 37908],[6148, 37905],[6153, 37904],[6180, 37896],[6204, 37887],[6207, 37886],[6212, 37885],[6223, 37881],[6227, 37880],[6247, 37873],[6255, 37870],[6258, 37869],[6259, 37869],[6265, 37867],[6266, 37867],[6280, 37862],[6283, 37861],[6299, 37855],[6311, 37852],[6318, 37850],[6332, 37845],[6350, 37837],[6361, 37835],[6374, 37831],[6393, 37824],[6402, 37821],[6414, 37817],[6422, 37814],[6449, 37803],[6451, 37802],[6463, 37797],[6465, 37796],[6469, 37794],[6477, 37791],[6485, 37787],[6497, 37781],[6510, 37774],[6515, 37771],[6532, 37760],[6536, 37757],[6545, 37749],[6551, 37744],[6565, 37732],[6566, 37731],[6585, 37709],[6591, 37701],[6602, 37684],[6605, 37679],[6612, 37666],[6613, 37664],[6629, 37623],[6632, 37609],[6634, 37599],[6638, 37560],[6638, 37558],[6634, 37519],[6632, 37509],[6622, 37476],[6607, 37445],[6604, 37440],[6593, 37423],[6590, 37419],[6549, 37378],[6545, 37375],[6528, 37364],[6523, 37361],[6524, 37359],[6542, 37319],[6544, 37313],[6549, 37299],[6550, 37295],[6556, 37246],[6556, 37232],[6559, 37208],[6559, 37197],[6560, 37185],[6560, 37163],[6559, 37149],[6558, 37135],[6555, 37117],[6555, 37112],[6554, 37102],[6553, 37096],[6553, 37095],[6560, 37088],[6590, 37049],[6593, 37044],[6607, 37016],[6609, 37012],[6619, 37000],[6624, 36994],[6642, 36969],[6645, 36964],[6652, 36951],[6653, 36949],[6664, 36922],[6666, 36916],[6670, 36905],[6676, 36882],[6682, 36855],[6685, 36839],[6687, 36828],[6688, 36821],[6689, 36809],[6691, 36802],[6692, 36800],[6703, 36773],[6705, 36767],[6713, 36736],[6716, 36704],[6716, 36687],[6718, 36663],[6718, 36637],[6719, 36627],[6720, 36623],[6720, 36618],[6724, 36603],[6727, 36585],[6727, 36581],[6728, 36577],[6731, 36544],[6731, 36508],[6728, 36475],[6727, 36471],[6727, 36467],[6723, 36446],[6722, 36442],[6717, 36428],[6715, 36422],[6704, 36395],[6703, 36393],[6696, 36380],[6693, 36375],[6682, 36358],[6679, 36354],[6677, 36351],[6675, 36349],[6656, 36327],[6652, 36323],[6613, 36293],[6608, 36290],[6595, 36283],[6583, 36277],[6564, 36269],[6563, 36268],[6562, 36268],[6559, 36266],[6556, 36265],[6522, 36250],[6516, 36248],[6475, 36239],[6459, 36237],[6446, 36236],[6431, 36235],[6426, 36235],[6409, 36199],[6406, 36194],[6399, 36183],[6374, 36152],[6366, 36144],[6350, 36132],[6376, 36103],[6378, 36100],[6379, 36099],[6389, 36085],[6391, 36082],[6394, 36078],[6401, 36067],[6406, 36059],[6415, 36044],[6421, 36033],[6435, 36000],[6443, 35976],[6448, 35961],[6451, 35951],[6454, 35938],[6456, 35927],[6459, 35908],[6461, 35902],[6464, 35887],[6465, 35882],[6468, 35884],[6479, 35890],[6512, 35904],[6524, 35908],[6538, 35913],[6546, 35915],[6560, 35917],[6567, 35919],[6613, 35928],[6618, 35928],[6622, 35942],[6622, 35943],[6630, 35975],[6641, 36010],[6649, 36031],[6656, 36047],[6658, 36050],[6663, 36063],[6669, 36077],[6674, 36088],[6681, 36102],[6683, 36106],[6685, 36111],[6697, 36138],[6703, 36149],[6712, 36164],[6716, 36170],[6733, 36192],[6741, 36201],[6749, 36210],[6750, 36211],[6759, 36219],[6768, 36227],[6790, 36244],[6793, 36246],[6814, 36258],[6830, 36266],[6845, 36273],[6850, 36275],[6862, 36279],[6874, 36283],[6889, 36288],[6932, 36296],[6945, 36297],[6960, 36298],[6991, 36298],[7006, 36297],[7019, 36296],[7041, 36293],[7057, 36290],[7075, 36286],[7087, 36283],[7103, 36278],[7118, 36272],[7151, 36258],[7158, 36255],[7164, 36252],[7177, 36245],[7188, 36239],[7209, 36226],[7210, 36225],[7217, 36221],[7234, 36210],[7261, 36190],[7268, 36184],[7281, 36175],[7297, 36163],[7308, 36154],[7317, 36146],[7318, 36145],[7324, 36141],[7332, 36135],[7337, 36131],[7346, 36123],[7356, 36114],[7374, 36096],[7377, 36094],[7385, 36089],[7401, 36079],[7409, 36074],[7429, 36059],[7430, 36059],[7434, 36055],[7445, 36046],[7455, 36047],[7470, 36048],[7491, 36048],[7506, 36047],[7519, 36046],[7567, 36036],[7579, 36032],[7591, 36028],[7596, 36026],[7617, 36016],[7625, 36012],[7632, 36008],[7653, 35996],[7656, 35994],[7678, 35977],[7687, 35969],[7696, 35961],[7697, 35960],[7705, 35951],[7713, 35942],[7720, 35934],[7724, 35929],[7731, 35920],[7737, 35921],[7764, 35923],[7786, 35923],[7813, 35921],[7828, 35919],[7853, 35914],[7868, 35910],[7895, 35900],[7890, 35922],[7888, 35937],[7886, 35964],[7886, 35983],[7888, 36010],[7890, 36025],[7895, 36050],[7899, 36065],[7914, 36103],[7919, 36114],[7926, 36127],[7949, 36160],[7959, 36172],[7971, 36186],[7974, 36189],[7988, 36201],[8000, 36211],[8033, 36234],[8046, 36241],[8089, 36258],[8104, 36262],[8129, 36267],[8134, 36268],[8127, 36270],[8125, 36270],[8084, 36273],[8066, 36275],[8006, 36285],[7992, 36288],[7967, 36294],[7953, 36298],[7931, 36305],[7912, 36312],[7889, 36322],[7879, 36327],[7842, 36345],[7745, 36390],[7736, 36394],[7715, 36405],[7702, 36412],[7681, 36425],[7663, 36439],[7644, 36454],[7630, 36465],[7612, 36482],[7611, 36483],[7606, 36487],[7568, 36518],[7540, 36546],[7509, 36584],[7487, 36616],[7464, 36659],[7449, 36696],[7435, 36742],[7427, 36780],[7422, 36829],[7421, 36849],[7421, 36859],[7422, 36879],[7427, 36928],[7435, 36965],[7449, 37012],[7464, 37050],[7487, 37093],[7510, 37127],[7541, 37164],[7568, 37190],[7606, 37221],[7638, 37243],[7681, 37266],[7718, 37281],[7764, 37295],[7802, 37303],[7851, 37308],[7891, 37308],[7945, 37302],[8025, 37292],[8039, 37290],[8089, 37280],[8104, 37276],[8127, 37270],[8167, 37262],[8180, 37260],[8221, 37249],[8224, 37249],[8253, 37244],[8272, 37241],[8292, 37237],[8292, 37236],[8323, 37233],[8338, 37230],[8343, 37229],[8354, 37228],[8400, 37225],[8459, 37219],[8461, 37219],[8488, 37217],[8502, 37215],[8506, 37236],[8513, 37267],[8521, 37294],[8535, 37340],[8550, 37377],[8552, 37380],[8557, 37395],[8567, 37425],[8572, 37440],[8612, 37535],[8619, 37570],[8633, 37616],[8636, 37624],[8640, 37636],[8666, 37700],[8671, 37719],[8673, 37729],[8668, 37760],[8659, 37790],[8648, 37835],[8642, 37865],[8637, 37914],[8636, 37934],[8636, 38004],[8637, 38024],[8642, 38073],[8650, 38111],[8664, 38157],[8679, 38194],[8702, 38237],[8719, 38261],[8732, 38287],[8748, 38312],[8778, 38352],[8815, 38397],[8828, 38412],[8885, 38469],[8887, 38471],[8901, 38492],[8913, 38508],[8944, 38546],[8951, 38554],[9026, 38637],[9057, 38680],[9063, 38688],[9078, 38709],[9074, 38711],[9036, 38736],[9027, 38742],[8987, 38772],[8942, 38809],[8914, 38837],[8883, 38875],[8861, 38907],[8838, 38950],[8830, 38967],[8823, 38940],[8821, 38935],[8814, 38920],[8813, 38918],[8806, 38905],[8803, 38900],[8785, 38875],[8780, 38869],[8768, 38855],[8766, 38853],[8744, 38834],[8740, 38831],[8731, 38825],[8728, 38823],[8707, 38811],[8703, 38809],[8676, 38798],[8673, 38797],[8659, 38792],[8651, 38790],[8602, 38784],[8594, 38784],[8569, 38786],[8561, 38787],[8537, 38791],[8529, 38793],[8488, 38809],[8480, 38812],[8455, 38823],[8442, 38829],[8434, 38833],[8428, 38835],[8422, 38837],[8399, 38844],[8391, 38847],[8387, 38848],[8366, 38854],[8331, 38868],[8325, 38871],[8315, 38876],[8314, 38877],[8307, 38875],[8299, 38874],[8274, 38872],[8266, 38872],[8217, 38878],[8209, 38880],[8195, 38885],[8192, 38886],[8180, 38890],[8175, 38892],[8160, 38899],[8150, 38904],[8136, 38912],[8124, 38919],[8114, 38917],[8062, 38917],[8036, 38920],[8036, 38919],[8037, 38898],[8040, 38873],[8040, 38856],[8040, 38851],[8041, 38846],[8043, 38839],[8047, 38815],[8048, 38807],[8050, 38782],[8050, 38733],[8047, 38701],[8039, 38670],[8037, 38663],[8040, 38643],[8040, 38608],[8038, 38583],[8037, 38573],[8035, 38558],[8035, 38557],[8034, 38551],[8033, 38539],[8032, 38531],[8030, 38517],[8027, 38501],[8025, 38493],[8020, 38479],[8017, 38469],[8011, 38453],[8002, 38433],[8000, 38429],[7988, 38408],[7986, 38405],[7980, 38396],[7977, 38392],[7968, 38381],[7962, 38374],[7952, 38363],[7951, 38362],[7942, 38354],[7933, 38346],[7920, 38335],[7918, 38334],[7917, 38332],[7914, 38327],[7912, 38324],[7908, 38319],[7897, 38299],[7892, 38292],[7886, 38284],[7882, 38279],[7879, 38275],[7871, 38263],[7865, 38253],[7848, 38230],[7843, 38224],[7821, 38201],[7821, 38200],[7823, 38189],[7827, 38153],[7826, 38139],[7825, 38117],[7822, 38090],[7820, 38079],[7813, 38052],[7810, 38042],[7810, 38040],[7809, 38038],[7807, 38034],[7794, 37999],[7793, 37997],[7784, 37981],[7779, 37973],[7770, 37959],[7768, 37956],[7761, 37947],[7753, 37935],[7744, 37923],[7737, 37914],[7727, 37902],[7719, 37892],[7716, 37888],[7705, 37872],[7670, 37832],[7662, 37825],[7650, 37815],[7638, 37806],[7635, 37804],[7620, 37791],[7616, 37788],[7599, 37777],[7589, 37771],[7573, 37762],[7563, 37757],[7522, 37741],[7504, 37737],[7494, 37735],[7483, 37733],[7476, 37732],[7448, 37730],[7426, 37730],[7406, 37731],[7396, 37732],[7379, 37735],[7376, 37735],[7345, 37740],[7337, 37742],[7329, 37745],[7327, 37745],[7318, 37747],[7304, 37752],[7295, 37755],[7247, 37778],[7238, 37784],[7225, 37793],[7200, 37814],[7195, 37819],[7170, 37850],[7164, 37859],[7157, 37871],[7142, 37847],[7138, 37842],[7106, 37810],[7101, 37806],[7066, 37784],[7060, 37781],[7009, 37763],[7004, 37762],[6965, 37758],[6958, 37758],[6925, 37761],[6919, 37762],[6890, 37769],[6862, 37781],[6856, 37784],[6821, 37806],[6816, 37810],[6803, 37823],[6772, 37848],[6767, 37854],[6755, 37859],[6725, 37875],[6716, 37881],[6685, 37906],[6676, 37917],[6675, 37918],[6666, 37924],[6662, 37927],[6625, 37963],[6621, 37968],[6612, 37980],[6607, 37987],[6593, 38008],[6585, 38021],[6573, 38045],[6570, 38052],[6557, 38095],[6555, 38106],[6551, 38142],[6551, 38162],[6555, 38198],[6557, 38209],[6575, 38263],[6576, 38265],[6583, 38278],[6586, 38283],[6597, 38300],[6600, 38304],[6623, 38330],[6650, 38351],[6659, 38357],[6687, 38373],[6718, 38384],[6733, 38388],[6734, 38388],[6737, 38390],[6752, 38399],[6753, 38399],[6753, 38401],[6750, 38426],[6749, 38433],[6748, 38452],[6746, 38463],[6745, 38471],[6743, 38496],[6743, 38520],[6745, 38545],[6746, 38553],[6747, 38559],[6747, 38576],[6748, 38607],[6750, 38625],[6751, 38635],[6754, 38657],[6760, 38680],[6763, 38695],[6765, 38703],[6776, 38732],[6776, 38733],[6778, 38738],[6780, 38742],[6781, 38745],[6783, 38749],[6785, 38753],[6786, 38755],[6793, 38770],[6797, 38777],[6808, 38794],[6813, 38801],[6815, 38804],[6816, 38805],[6819, 38811],[6823, 38818],[6828, 38828],[6827, 38836],[6825, 38860],[6825, 38864],[6824, 38881],[6824, 38885],[6823, 38894],[6822, 38915],[6822, 39034],[6824, 39054],[6824, 39084],[6825, 39111],[6825, 39138],[6824, 39152],[6822, 39175],[6822, 39187],[6821, 39203],[6822, 39227],[6823, 39251],[6827, 39285],[6830, 39299],[6834, 39315],[6837, 39325],[6834, 39334],[6831, 39346],[6828, 39359],[6826, 39370],[6825, 39375],[6820, 39402],[6818, 39418],[6818, 39421],[6815, 39440],[6813, 39454],[6804, 39463],[6792, 39477],[6787, 39483],[6767, 39511],[6763, 39518],[6747, 39555],[6746, 39558],[6741, 39572],[6739, 39580],[6735, 39604],[6734, 39612],[6732, 39637],[6732, 39641],[6734, 39666],[6735, 39674],[6739, 39698],[6741, 39706],[6762, 39757],[6766, 39764],[6786, 39792],[6791, 39798],[6817, 39824],[6823, 39829],[6851, 39849],[6858, 39853],[6895, 39869],[6898, 39871],[6908, 39877],[6915, 39881],[6920, 39884],[6928, 39890],[6940, 39898],[6942, 39899],[6944, 39901],[6966, 39916],[6974, 39921],[6981, 39925],[6996, 39933],[7010, 39940],[7012, 39940],[7027, 39947],[7037, 39952],[7039, 39953],[7040, 39954],[7042, 39962],[7046, 39975],[7048, 39981],[7059, 40008],[7062, 40014],[7080, 40044],[7083, 40048],[7102, 40070],[7109, 40077],[7123, 40089],[7129, 40094],[7139, 40102],[7141, 40104],[7148, 40111],[7168, 40127],[7179, 40136],[7181, 40138],[7187, 40144],[7194, 40149],[7205, 40162],[7230, 40187],[7239, 40195],[7246, 40203],[7247, 40204],[7257, 40214],[7259, 40217],[7269, 40228],[7273, 40232],[7292, 40248],[7301, 40255],[7308, 40261],[7317, 40267],[7321, 40270],[7329, 40275],[7331, 40276],[7331, 40277],[7340, 40283],[7346, 40287],[7357, 40294],[7366, 40299],[7367, 40300],[7369, 40301],[7372, 40303],[7387, 40313],[7394, 40317],[7404, 40322],[7406, 40323],[7418, 40328],[7422, 40330],[7431, 40334],[7433, 40334],[7435, 40335],[7458, 40344],[7459, 40349],[7461, 40357],[7465, 40366],[7463, 40366],[7425, 40376],[7419, 40377],[7398, 40380],[7378, 40384],[7361, 40388],[7342, 40393],[7313, 40403],[7298, 40409],[7288, 40413],[7247, 40428],[7234, 40432],[7222, 40437],[7197, 40448],[7163, 40465],[7120, 40488],[7088, 40510],[7077, 40519],[6887, 40548],[6870, 40551],[6849, 40556],[6847, 40556],[6826, 40558],[6797, 40563],[6764, 40572],[6713, 40572],[6696, 40573],[6647, 40578],[6609, 40586],[6563, 40600],[6526, 40615],[6507, 40625],[6502, 40626],[6476, 40630],[6473, 40629],[6436, 40624],[6425, 40623],[6422, 40623],[6400, 40619],[6361, 40588],[6337, 40571],[6308, 40555],[6305, 40553],[6288, 40541],[6257, 40523],[6233, 40512],[6228, 40509],[6174, 40483],[6160, 40476],[6155, 40474],[6141, 40466],[6134, 40461],[6110, 40444],[6103, 40440],[6064, 40415],[6035, 40391],[6003, 40369],[5960, 40346],[5915, 40324],[5883, 40311],[5837, 40297],[5815, 40292],[5814, 40292],[5813, 40283],[5807, 40257],[5799, 40231],[5796, 40224],[5789, 40206],[5789, 40205],[5787, 40200],[5776, 40173],[5770, 40161],[5758, 40140],[5756, 40137],[5749, 40128],[5747, 40125],[5741, 40114],[5734, 40103],[5727, 40093],[5722, 40082],[5716, 40070],[5710, 40059],[5696, 40035],[5689, 40023],[5680, 40009],[5674, 40001],[5675, 39998],[5675, 39928],[5674, 39913],[5673, 39900],[5665, 39856],[5661, 39843],[5648, 39812],[5642, 39800],[5612, 39756],[5603, 39746],[5596, 39738],[5593, 39735],[5585, 39728],[5575, 39719],[5544, 39696],[5539, 39693],[5526, 39686],[5514, 39680],[5483, 39667],[5468, 39663],[5451, 39658],[5427, 39652],[5415, 39650],[5417, 39648],[5427, 39639],[5442, 39624],[5451, 39614],[5481, 39570],[5487, 39558],[5500, 39527],[5504, 39514],[5512, 39470],[5513, 39457],[5513, 39427],[5512, 39414],[5504, 39370],[5500, 39357],[5487, 39326],[5481, 39314],[5451, 39270],[5442, 39260],[5439, 39257],[5440, 39242],[5440, 39218],[5439, 39203],[5438, 39190],[5430, 39146],[5423, 39125],[5418, 39111],[5414, 39100],[5405, 39080],[5399, 39068],[5394, 39059],[5391, 39051],[5386, 39038],[5378, 39020],[5369, 39002],[5366, 38996],[5364, 38982],[5359, 38965],[5355, 38952],[5351, 38941],[5348, 38933],[5339, 38913],[5333, 38901],[5303, 38857],[5295, 38848],[5325, 38830],[5329, 38827],[5370, 38786]],[[5326, 38390],[5323, 38400],[5322, 38399],[5317, 38393],[5326, 38390]],[[7975, 40316],[7976, 40309],[7981, 40303],[8001, 40275],[8005, 40268],[8007, 40263],[8008, 40263],[8012, 40254],[8014, 40252],[8015, 40251],[8020, 40246],[8032, 40232],[8037, 40226],[8055, 40201],[8060, 40193],[8064, 40186],[8085, 40135],[8087, 40127],[8091, 40103],[8092, 40095],[8094, 40070],[8094, 40068],[8092, 40043],[8091, 40035],[8087, 40011],[8085, 40003],[8064, 39952],[8060, 39945],[8040, 39917],[8035, 39911],[8023, 39897],[8014, 39888],[8016, 39886],[8023, 39879],[8032, 39869],[8039, 39861],[8047, 39851],[8063, 39829],[8068, 39821],[8073, 39812],[8078, 39804],[8078, 39803],[8087, 39790],[8091, 39782],[8094, 39779],[8100, 39771],[8105, 39764],[8112, 39753],[8117, 39745],[8124, 39734],[8128, 39727],[8133, 39717],[8142, 39700],[8145, 39694],[8149, 39685],[8151, 39681],[8158, 39666],[8163, 39652],[8170, 39632],[8171, 39630],[8182, 39605],[8183, 39602],[8184, 39599],[8185, 39598],[8187, 39598],[8205, 39594],[8256, 39573],[8263, 39569],[8291, 39549],[8297, 39544],[8311, 39532],[8312, 39531],[8324, 39517],[8329, 39511],[8349, 39483],[8353, 39476],[8374, 39425],[8376, 39417],[8379, 39399],[8381, 39398],[8392, 39396],[8419, 39389],[8426, 39387],[8437, 39384],[8448, 39380],[8456, 39377],[8470, 39371],[8477, 39368],[8488, 39363],[8492, 39361],[8510, 39351],[8513, 39349],[8523, 39343],[8546, 39326],[8552, 39321],[8566, 39308],[8575, 39303],[8580, 39300],[8587, 39296],[8596, 39291],[8599, 39290],[8631, 39279],[8643, 39275],[8648, 39273],[8654, 39270],[8661, 39267],[8677, 39260],[8690, 39253],[8702, 39246],[8717, 39236],[8721, 39234],[8726, 39230],[8748, 39214],[8754, 39209],[8768, 39197],[8770, 39195],[8780, 39183],[8779, 39195],[8777, 39217],[8774, 39238],[8772, 39250],[8767, 39299],[8766, 39319],[8766, 39326],[8762, 39356],[8758, 39373],[8753, 39402],[8748, 39439],[8746, 39466],[8746, 39657],[8747, 39677],[8752, 39726],[8760, 39763],[8774, 39810],[8786, 39847],[8792, 39862],[8797, 39874],[8823, 39943],[8829, 39956],[8847, 39995],[8855, 40011],[8895, 40081],[8900, 40090],[8909, 40104],[8914, 40111],[8909, 40128],[8904, 40147],[8895, 40193],[8893, 40200],[8887, 40218],[8884, 40229],[8875, 40266],[8873, 40277],[8871, 40285],[8864, 40318],[8857, 40343],[8853, 40362],[8850, 40380],[8848, 40400],[8847, 40408],[8847, 40409],[8839, 40432],[8830, 40458],[8828, 40463],[8807, 40449],[8791, 40439],[8748, 40416],[8711, 40401],[8665, 40387],[8647, 40382],[8609, 40367],[8592, 40361],[8546, 40347],[8508, 40339],[8459, 40334],[8439, 40333],[8429, 40333],[8409, 40334],[8360, 40339],[8322, 40347],[8281, 40359],[8251, 40356],[8213, 40354],[8200, 40353],[8100, 40353],[8080, 40354],[8031, 40359],[7993, 40367],[7973, 40373],[7958, 40373],[7967, 40347],[7972, 40326],[7975, 40316]],[[5148, 36081],[5155, 36068],[5156, 36066],[5160, 36072],[5164, 36077],[5174, 36090],[5139, 36095],[5145, 36086],[5148, 36081]],[[5467, 36367],[5476, 36375],[5513, 36401],[5524, 36407],[5545, 36417],[5550, 36419],[5562, 36423],[5574, 36427],[5584, 36431],[5595, 36434],[5633, 36440],[5646, 36441],[5661, 36442],[5671, 36442],[5686, 36441],[5699, 36440],[5747, 36430],[5755, 36428],[5763, 36445],[5764, 36447],[5771, 36460],[5774, 36465],[5800, 36499],[5806, 36509],[5809, 36514],[5820, 36531],[5823, 36535],[5827, 36540],[5828, 36541],[5847, 36563],[5848, 36564],[5852, 36569],[5854, 36571],[5855, 36571],[5863, 36581],[5870, 36588],[5874, 36595],[5879, 36603],[5886, 36614],[5911, 36645],[5917, 36651],[5919, 36656],[5922, 36665],[5933, 36692],[5939, 36704],[5946, 36717],[5955, 36732],[5985, 36771],[5997, 36783],[6011, 36795],[6017, 36800],[6042, 36818],[6047, 36821],[6076, 36835],[6072, 36842],[6068, 36849],[6064, 36855],[6061, 36860],[6058, 36865],[6054, 36872],[6044, 36893],[6041, 36900],[6035, 36916],[6032, 36922],[6027, 36938],[6024, 36949],[6023, 36953],[6017, 37002],[6017, 37029],[6020, 37062],[6021, 37068],[6023, 37079],[6024, 37081],[6022, 37093],[6021, 37101],[6019, 37126],[6019, 37150],[6022, 37182],[6030, 37213],[6005, 37229],[6000, 37233],[5983, 37248],[5981, 37250],[5954, 37283],[5945, 37297],[5924, 37343],[5920, 37355],[5919, 37357],[5917, 37364],[5916, 37367],[5910, 37389],[5896, 37390],[5886, 37392],[5862, 37399],[5856, 37401],[5816, 37419],[5799, 37429],[5799, 37424],[5798, 37422],[5801, 37413],[5803, 37404],[5808, 37360],[5809, 37347],[5811, 37323],[5811, 37303],[5809, 37278],[5807, 37262],[5804, 37243],[5802, 37230],[5787, 37184],[5762, 37144],[5754, 37134],[5739, 37117],[5737, 37115],[5720, 37100],[5710, 37092],[5670, 37067],[5624, 37052],[5604, 37048],[5593, 37046],[5586, 37045],[5573, 37044],[5562, 37043],[5531, 37040],[5500, 37043],[5487, 37045],[5454, 37053],[5432, 37062],[5421, 37063],[5410, 37059],[5380, 37052],[5371, 37050],[5363, 37049],[5354, 37047],[5340, 37045],[5320, 37035],[5291, 37024],[5289, 37023],[5286, 37022],[5285, 37021],[5298, 37020],[5302, 37019],[5316, 37014],[5319, 37013],[5346, 37002],[5350, 37000],[5377, 36984],[5383, 36979],[5386, 36977],[5388, 36976],[5394, 36972],[5399, 36969],[5406, 36965],[5426, 36952],[5437, 36944],[5442, 36940],[5467, 36919],[5474, 36912],[5495, 36887],[5500, 36880],[5506, 36870],[5508, 36867],[5509, 36865],[5516, 36853],[5518, 36849],[5517, 36848],[5531, 36819],[5532, 36816],[5537, 36802],[5538, 36798],[5544, 36749],[5544, 36710],[5538, 36661],[5537, 36657],[5532, 36643],[5531, 36640],[5520, 36613],[5519, 36611],[5503, 36584],[5482, 36559],[5476, 36553],[5451, 36532],[5450, 36532],[5450, 36531],[5428, 36512],[5427, 36511],[5424, 36509],[5415, 36502],[5410, 36499],[5416, 36451],[5416, 36416],[5413, 36383],[5412, 36377],[5409, 36361],[5408, 36357],[5405, 36349],[5408, 36316],[5408, 36306],[5407, 36305],[5411, 36306],[5413, 36307],[5419, 36311],[5422, 36313],[5442, 36341],[5450, 36350],[5467, 36367]],[[4671, 37909],[4687, 37910],[4700, 37911],[4725, 37911],[4734, 37910],[4735, 37910],[4754, 37916],[4763, 37918],[4777, 37922],[4780, 37923],[4785, 37925],[4793, 37928],[4797, 37930],[4799, 37931],[4820, 37940],[4821, 37940],[4824, 37942],[4826, 37942],[4832, 37944],[4867, 37954],[4884, 37957],[4893, 37958],[4908, 37961],[4918, 37962],[4929, 37963],[4940, 37964],[4969, 37965],[5002, 37965],[5003, 37966],[5003, 37967],[5005, 37980],[5006, 37981],[5002, 37985],[5001, 37985],[5000, 37986],[4976, 38006],[4973, 38009],[4958, 38026],[4952, 38034],[4942, 38031],[4936, 38029],[4935, 38029],[4918, 38023],[4911, 38020],[4887, 38011],[4881, 38010],[4877, 38009],[4862, 38004],[4859, 38003],[4854, 38002],[4828, 37993],[4814, 37989],[4802, 37984],[4795, 37981],[4794, 37980],[4788, 37978],[4779, 37974],[4760, 37966],[4754, 37963],[4751, 37962],[4738, 37956],[4729, 37952],[4728, 37951],[4724, 37950],[4716, 37946],[4701, 37939],[4700, 37938],[4693, 37935],[4673, 37928],[4666, 37925],[4662, 37924],[4660, 37919],[4659, 37916],[4658, 37912],[4659, 37911],[4666, 37909],[4671, 37909]],[[5123, 36988],[5125, 36990],[5118, 36990],[5116, 36990],[5119, 36988],[5122, 36988],[5123, 36988]],[[8027, 34158],[8027, 34156],[8028, 34154],[8029, 34149],[8029, 34148],[8028, 34142],[8028, 34138],[8026, 34131],[8025, 34128],[8025, 34126],[8024, 34125],[8023, 34120],[8022, 34118],[8021, 34113],[8020, 34111],[8020, 34109],[8016, 34102],[8015, 34096],[8014, 34095],[8011, 34091],[8011, 34090],[8007, 34086],[8005, 34083],[8003, 34080],[7999, 34072],[7998, 34068],[7997, 34065],[7996, 34062],[7996, 34061],[7995, 34060],[7992, 34056],[7988, 34048],[7988, 34046],[7987, 34045],[7986, 34042],[7985, 34039],[7983, 34030],[7983, 34024],[7983, 34021],[7983, 34019],[7983, 34017],[7983, 34013],[7983, 34011],[7983, 34010],[7983, 34004],[7983, 34002],[7984, 33993],[7986, 33984],[7988, 33980],[7989, 33978],[7990, 33973],[7991, 33972],[7991, 33970],[7992, 33969],[7992, 33967],[7996, 33959],[7997, 33958],[7998, 33954],[7999, 33953],[7999, 33951],[8003, 33943],[8007, 33936],[8007, 33934],[8011, 33926],[8017, 33919],[8018, 33918],[8019, 33917],[8021, 33915],[8028, 33909],[8031, 33908],[8035, 33904],[8039, 33902],[8042, 33900],[8050, 33896],[8052, 33896],[8054, 33895],[8058, 33892],[8061, 33891],[8064, 33890],[8071, 33889],[8072, 33889],[8074, 33889],[8076, 33888],[8085, 33886],[8128, 33886],[8137, 33888],[8139, 33888],[8148, 33889],[8149, 33889],[8152, 33890],[8155, 33891],[8158, 33891],[8165, 33893],[8168, 33894],[8170, 33895],[8173, 33896],[8176, 33897],[8177, 33897],[8182, 33898],[8184, 33899],[8186, 33899],[8192, 33901],[8193, 33901],[8195, 33897],[8202, 33891],[8205, 33885],[8207, 33882],[8212, 33876],[8213, 33874],[8213, 33873],[8214, 33871],[8216, 33867],[8218, 33863],[8220, 33859],[8221, 33858],[8222, 33856],[8224, 33852],[8226, 33849],[8226, 33847],[8227, 33843],[8229, 33840],[8229, 33838],[8231, 33834],[8233, 33830],[8235, 33826],[8237, 33822],[8241, 33818],[8241, 33817],[8242, 33815],[8248, 33808],[8250, 33806],[8257, 33800],[8259, 33799],[8265, 33794],[8273, 33790],[8282, 33788],[8291, 33787],[8320, 33787],[8329, 33788],[8338, 33790],[8341, 33791],[8344, 33792],[8346, 33793],[8351, 33794],[8355, 33796],[8359, 33798],[8363, 33800],[8367, 33802],[8368, 33803],[8370, 33804],[8376, 33807],[8379, 33809],[8382, 33811],[8386, 33815],[8387, 33815],[8394, 33821],[8395, 33822],[8402, 33828],[8408, 33835],[8409, 33838],[8411, 33839],[8412, 33840],[8413, 33841],[8415, 33842],[8416, 33842],[8422, 33845],[8424, 33846],[8431, 33852],[8435, 33856],[8438, 33857],[8443, 33860],[8449, 33863],[8451, 33864],[8453, 33866],[8455, 33866],[8457, 33867],[8463, 33870],[8466, 33872],[8469, 33874],[8476, 33880],[8479, 33882],[8480, 33883],[8487, 33889],[8493, 33896],[8495, 33898],[8497, 33901],[8498, 33902],[8499, 33904],[8502, 33907],[8503, 33909],[8508, 33915],[8510, 33917],[8513, 33920],[8514, 33922],[8516, 33924],[8521, 33930],[8522, 33932],[8523, 33934],[8526, 33937],[8527, 33939],[8532, 33945],[8533, 33947],[8534, 33948],[8535, 33949],[8540, 33955],[8542, 33957],[8545, 33958],[8548, 33960],[8549, 33961],[8552, 33964],[8556, 33968],[8557, 33969],[8560, 33971],[8567, 33977],[8570, 33980],[8573, 33983],[8574, 33984],[8580, 33991],[8581, 33992],[8582, 33994],[8587, 34000],[8589, 34004],[8590, 34005],[8595, 34011],[8602, 34017],[8604, 34019],[8610, 34026],[8611, 34028],[8617, 34035],[8618, 34036],[8620, 34039],[8621, 34039],[8622, 34040],[8624, 34041],[8625, 34042],[8628, 34043],[8631, 34044],[8635, 34047],[8638, 34048],[8645, 34052],[8646, 34053],[8647, 34053],[8648, 34054],[8650, 34054],[8658, 34058],[8663, 34063],[8665, 34063],[8673, 34067],[8676, 34069],[8679, 34071],[8684, 34074],[8687, 34076],[8691, 34078],[8694, 34080],[8694, 34081],[8696, 34081],[8700, 34083],[8704, 34085],[8708, 34087],[8715, 34093],[8716, 34094],[8724, 34098],[8731, 34104],[8733, 34106],[8735, 34107],[8737, 34108],[8739, 34109],[8743, 34111],[8747, 34113],[8748, 34114],[8750, 34115],[8752, 34116],[8759, 34118],[8763, 34120],[8765, 34121],[8770, 34122],[8774, 34124],[8778, 34126],[8782, 34128],[8786, 34129],[8789, 34130],[8793, 34132],[8799, 34134],[8805, 34137],[8806, 34138],[8808, 34138],[8811, 34139],[8814, 34140],[8815, 34141],[8817, 34141],[8821, 34143],[8826, 34144],[8834, 34148],[8835, 34149],[8839, 34150],[8847, 34154],[8848, 34155],[8850, 34156],[8852, 34157],[8854, 34158],[8858, 34160],[8860, 34161],[8861, 34162],[8863, 34163],[8867, 34165],[8871, 34167],[8875, 34171],[8878, 34172],[8882, 34174],[8886, 34176],[8889, 34178],[8897, 34182],[8904, 34188],[8906, 34190],[8908, 34192],[8909, 34193],[8915, 34200],[8917, 34204],[8919, 34208],[8921, 34212],[8923, 34216],[8925, 34225],[8926, 34234],[8926, 34236],[8926, 34237],[8926, 34239],[8926, 34241],[8926, 34243],[8926, 34245],[8926, 34247],[8926, 34249],[8925, 34258],[8924, 34263],[8924, 34265],[8923, 34274],[8921, 34281],[8921, 34285],[8920, 34288],[8919, 34291],[8918, 34292],[8918, 34294],[8917, 34296],[8916, 34300],[8914, 34304],[8912, 34308],[8910, 34312],[8909, 34313],[8908, 34315],[8902, 34322],[8896, 34327],[8891, 34333],[8884, 34339],[8882, 34340],[8877, 34345],[8875, 34347],[8871, 34349],[8870, 34350],[8868, 34351],[8867, 34352],[8865, 34354],[8858, 34360],[8855, 34362],[8852, 34364],[8844, 34368],[8842, 34368],[8841, 34369],[8837, 34371],[8833, 34372],[8831, 34373],[8829, 34373],[8826, 34375],[8822, 34377],[8820, 34377],[8817, 34379],[8815, 34379],[8814, 34380],[8805, 34382],[8775, 34382],[8766, 34381],[8763, 34380],[8760, 34379],[8758, 34378],[8753, 34377],[8749, 34375],[8748, 34374],[8746, 34374],[8745, 34373],[8743, 34373],[8740, 34371],[8738, 34371],[8734, 34369],[8730, 34368],[8728, 34367],[8723, 34366],[8721, 34365],[8716, 34364],[8712, 34362],[8710, 34361],[8705, 34360],[8703, 34359],[8699, 34358],[8695, 34356],[8691, 34354],[8687, 34352],[8680, 34346],[8674, 34339],[8673, 34337],[8672, 34336],[8672, 34335],[8669, 34335],[8661, 34335],[8658, 34335],[8652, 34335],[8637, 34335],[8628, 34335],[8624, 34335],[8622, 34335],[8617, 34336],[8610, 34337],[8603, 34339],[8559, 34339],[8557, 34340],[8555, 34340],[8552, 34342],[8549, 34343],[8555, 34347],[8556, 34347],[8560, 34349],[8564, 34351],[8566, 34352],[8569, 34354],[8572, 34357],[8577, 34360],[8579, 34363],[8581, 34363],[8594, 34370],[8602, 34377],[8603, 34377],[8605, 34378],[8612, 34382],[8614, 34384],[8616, 34385],[8620, 34388],[8624, 34392],[8628, 34395],[8631, 34398],[8641, 34410],[8648, 34423],[8649, 34428],[8650, 34429],[8656, 34440],[8658, 34443],[8661, 34449],[8662, 34450],[8662, 34451],[8664, 34454],[8665, 34456],[8666, 34459],[8667, 34461],[8669, 34463],[8676, 34476],[8676, 34477],[8679, 34482],[8679, 34483],[8681, 34485],[8688, 34498],[8688, 34500],[8694, 34510],[8695, 34515],[8696, 34516],[8698, 34520],[8701, 34526],[8705, 34541],[8705, 34542],[8706, 34545],[8706, 34552],[8707, 34556],[8707, 34559],[8707, 34560],[8707, 34562],[8707, 34565],[8707, 34568],[8707, 34571],[8707, 34574],[8705, 34589],[8701, 34604],[8694, 34617],[8684, 34629],[8672, 34639],[8659, 34646],[8656, 34647],[8655, 34655],[8653, 34662],[8652, 34671],[8651, 34675],[8648, 34685],[8647, 34686],[8645, 34695],[8638, 34708],[8637, 34710],[8635, 34716],[8633, 34720],[8632, 34723],[8629, 34728],[8629, 34729],[8628, 34730],[8627, 34734],[8624, 34740],[8622, 34743],[8621, 34745],[8608, 34767],[8607, 34769],[8606, 34770],[8604, 34773],[8599, 34779],[8598, 34780],[8597, 34782],[8591, 34789],[8588, 34795],[8578, 34807],[8576, 34808],[8575, 34810],[8573, 34811],[8572, 34813],[8566, 34818],[8565, 34819],[8562, 34822],[8559, 34825],[8547, 34835],[8537, 34840],[8535, 34842],[8534, 34843],[8532, 34844],[8528, 34846],[8532, 34848],[8543, 34857],[8544, 34858],[8547, 34859],[8557, 34865],[8562, 34869],[8564, 34870],[8580, 34882],[8588, 34887],[8590, 34888],[8591, 34889],[8594, 34892],[8597, 34894],[8629, 34894],[8631, 34894],[8634, 34894],[8644, 34896],[8649, 34897],[8657, 34899],[8664, 34900],[8668, 34901],[8669, 34901],[8684, 34904],[8691, 34906],[8693, 34907],[8694, 34908],[8698, 34909],[8700, 34910],[8701, 34910],[8711, 34913],[8712, 34914],[8721, 34916],[8726, 34919],[8727, 34919],[8740, 34926],[8752, 34936],[8755, 34939],[8758, 34942],[8761, 34945],[8764, 34949],[8768, 34953],[8770, 34955],[8777, 34964],[8778, 34966],[8784, 34973],[8791, 34986],[8791, 34987],[8794, 34992],[8798, 35007],[8800, 35022],[8800, 35025],[8801, 35029],[8803, 35044],[8803, 35047],[8803, 35050],[8803, 35053],[8803, 35056],[8804, 35060],[8806, 35075],[8806, 35081],[8806, 35083],[8807, 35086],[8808, 35089],[8809, 35092],[8813, 35104],[8814, 35109],[8816, 35113],[8820, 35128],[8820, 35132],[8823, 35141],[8823, 35143],[8826, 35153],[8827, 35163],[8829, 35169],[8829, 35170],[8831, 35175],[8832, 35179],[8835, 35191],[8835, 35192],[8837, 35197],[8840, 35212],[8840, 35213],[8844, 35228],[8846, 35241],[8846, 35242],[8846, 35244],[8848, 35250],[8849, 35256],[8849, 35257],[8849, 35258],[8849, 35260],[8850, 35262],[8853, 35277],[8853, 35281],[8853, 35283],[8853, 35286],[8853, 35290],[8853, 35293],[8851, 35308],[8850, 35312],[8850, 35313],[8849, 35315],[8849, 35322],[8848, 35326],[8844, 35341],[8841, 35347],[8840, 35351],[8839, 35354],[8838, 35361],[8834, 35376],[8831, 35381],[8831, 35382],[8830, 35383],[8829, 35386],[8828, 35391],[8827, 35393],[8825, 35400],[8823, 35403],[8823, 35404],[8822, 35406],[8818, 35413],[8817, 35415],[8815, 35418],[8813, 35423],[8811, 35426],[8810, 35428],[8809, 35429],[8807, 35432],[8802, 35438],[8792, 35450],[8791, 35450],[8786, 35457],[8785, 35458],[8783, 35460],[8780, 35463],[8778, 35464],[8777, 35466],[8774, 35469],[8771, 35472],[8770, 35473],[8767, 35476],[8762, 35479],[8761, 35481],[8756, 35487],[8755, 35488],[8754, 35490],[8753, 35491],[8751, 35494],[8749, 35496],[8747, 35499],[8747, 35500],[8744, 35505],[8744, 35506],[8741, 35511],[8741, 35512],[8739, 35516],[8738, 35519],[8731, 35532],[8721, 35544],[8709, 35554],[8706, 35555],[8706, 35556],[8703, 35560],[8702, 35561],[8700, 35563],[8696, 35568],[8695, 35569],[8692, 35572],[8687, 35575],[8684, 35578],[8678, 35582],[8675, 35584],[8670, 35587],[8665, 35590],[8656, 35597],[8650, 35601],[8649, 35602],[8642, 35607],[8631, 35616],[8628, 35620],[8622, 35627],[8619, 35630],[8618, 35631],[8610, 35639],[8606, 35643],[8601, 35647],[8599, 35649],[8597, 35651],[8596, 35652],[8591, 35656],[8589, 35658],[8588, 35659],[8584, 35662],[8582, 35664],[8578, 35668],[8573, 35672],[8571, 35674],[8570, 35675],[8568, 35677],[8566, 35679],[8563, 35684],[8556, 35693],[8555, 35695],[8552, 35701],[8551, 35705],[8550, 35707],[8548, 35714],[8546, 35718],[8545, 35721],[8538, 35734],[8531, 35742],[8528, 35749],[8526, 35755],[8519, 35768],[8516, 35771],[8514, 35775],[8511, 35777],[8510, 35780],[8503, 35789],[8501, 35791],[8497, 35795],[8494, 35799],[8491, 35802],[8490, 35803],[8489, 35804],[8488, 35804],[8488, 35805],[8476, 35815],[8472, 35817],[8469, 35820],[8466, 35823],[8463, 35826],[8451, 35836],[8449, 35837],[8445, 35840],[8443, 35841],[8441, 35843],[8438, 35845],[8434, 35849],[8421, 35858],[8418, 35860],[8413, 35863],[8409, 35867],[8407, 35870],[8397, 35882],[8395, 35884],[8392, 35888],[8388, 35892],[8384, 35896],[8372, 35904],[8364, 35911],[8351, 35918],[8336, 35922],[8321, 35924],[8318, 35924],[8310, 35923],[8307, 35928],[8301, 35940],[8298, 35945],[8296, 35948],[8295, 35950],[8294, 35952],[8289, 35960],[8288, 35962],[8287, 35963],[8286, 35965],[8283, 35969],[8282, 35971],[8279, 35976],[8277, 35979],[8276, 35980],[8274, 35985],[8266, 35998],[8256, 36009],[8255, 36009],[8255, 36010],[8253, 36012],[8252, 36014],[8246, 36022],[8245, 36024],[8242, 36029],[8240, 36032],[8237, 36036],[8236, 36037],[8234, 36039],[8230, 36044],[8229, 36045],[8226, 36048],[8221, 36051],[8218, 36054],[8217, 36055],[8214, 36057],[8201, 36064],[8186, 36068],[8171, 36070],[8156, 36068],[8141, 36064],[8128, 36057],[8116, 36047],[8113, 36044],[8103, 36032],[8096, 36019],[8096, 36018],[8093, 36013],[8089, 35998],[8087, 35983],[8087, 35980],[8087, 35977],[8087, 35974],[8087, 35970],[8087, 35967],[8087, 35964],[8089, 35949],[8093, 35934],[8096, 35929],[8096, 35928],[8099, 35923],[8099, 35922],[8106, 35909],[8116, 35897],[8117, 35897],[8117, 35894],[8118, 35890],[8117, 35886],[8115, 35882],[8114, 35879],[8114, 35878],[8113, 35877],[8106, 35864],[8102, 35849],[8101, 35844],[8101, 35843],[8099, 35839],[8099, 35838],[8096, 35833],[8091, 35827],[8084, 35814],[8080, 35799],[8078, 35784],[8078, 35781],[8078, 35778],[8078, 35775],[8078, 35771],[8078, 35768],[8080, 35753],[8081, 35748],[8079, 35746],[8072, 35738],[8070, 35736],[8066, 35732],[8065, 35731],[8061, 35727],[8057, 35724],[8054, 35721],[8051, 35718],[8048, 35715],[8045, 35711],[8041, 35707],[8039, 35705],[8035, 35703],[8023, 35693],[8020, 35690],[8019, 35688],[8017, 35687],[8007, 35675],[8000, 35662],[7996, 35647],[7994, 35632],[7994, 35629],[7990, 35629],[7975, 35633],[7974, 35633],[7973, 35633],[7963, 35636],[7948, 35638],[7938, 35638],[7923, 35641],[7919, 35641],[7918, 35641],[7913, 35650],[7903, 35662],[7891, 35672],[7878, 35679],[7863, 35683],[7860, 35687],[7853, 35692],[7853, 35693],[7852, 35694],[7849, 35697],[7844, 35700],[7841, 35703],[7838, 35705],[7836, 35706],[7832, 35708],[7828, 35710],[7827, 35710],[7822, 35713],[7821, 35713],[7816, 35716],[7801, 35720],[7786, 35722],[7764, 35722],[7749, 35720],[7742, 35718],[7734, 35717],[7719, 35713],[7706, 35706],[7694, 35696],[7693, 35694],[7691, 35693],[7681, 35681],[7674, 35668],[7670, 35653],[7668, 35638],[7668, 35635],[7668, 35632],[7668, 35628],[7668, 35625],[7670, 35610],[7674, 35595],[7678, 35587],[7678, 35582],[7678, 35581],[7676, 35575],[7675, 35568],[7673, 35560],[7671, 35545],[7671, 35541],[7671, 35538],[7671, 35535],[7671, 35529],[7671, 35526],[7671, 35523],[7671, 35520],[7671, 35513],[7671, 35510],[7671, 35507],[7671, 35504],[7671, 35501],[7671, 35499],[7669, 35501],[7660, 35509],[7649, 35515],[7637, 35519],[7624, 35520],[7614, 35520],[7614, 35521],[7614, 35523],[7614, 35526],[7614, 35528],[7614, 35531],[7614, 35534],[7614, 35536],[7614, 35539],[7614, 35541],[7614, 35544],[7614, 35546],[7614, 35549],[7614, 35552],[7614, 35554],[7614, 35557],[7614, 35559],[7614, 35562],[7614, 35564],[7614, 35567],[7614, 35570],[7613, 35583],[7609, 35595],[7603, 35606],[7602, 35607],[7600, 35611],[7592, 35620],[7591, 35621],[7583, 35630],[7578, 35634],[7577, 35636],[7573, 35640],[7573, 35641],[7572, 35643],[7572, 35644],[7570, 35650],[7570, 35655],[7570, 35656],[7572, 35662],[7572, 35665],[7573, 35666],[7577, 35678],[7577, 35683],[7579, 35688],[7579, 35693],[7582, 35701],[7583, 35714],[7583, 35716],[7583, 35719],[7583, 35721],[7583, 35724],[7583, 35727],[7583, 35729],[7583, 35734],[7583, 35737],[7583, 35739],[7583, 35745],[7583, 35747],[7583, 35750],[7583, 35752],[7583, 35755],[7582, 35768],[7579, 35777],[7579, 35778],[7575, 35790],[7569, 35801],[7568, 35802],[7567, 35804],[7564, 35807],[7563, 35809],[7555, 35818],[7554, 35818],[7554, 35819],[7545, 35827],[7542, 35829],[7534, 35833],[7533, 35833],[7532, 35834],[7521, 35840],[7518, 35841],[7516, 35842],[7504, 35846],[7491, 35847],[7470, 35847],[7457, 35846],[7454, 35845],[7450, 35845],[7446, 35844],[7442, 35844],[7440, 35843],[7438, 35843],[7435, 35842],[7424, 35842],[7411, 35841],[7405, 35839],[7403, 35839],[7390, 35838],[7385, 35838],[7383, 35839],[7381, 35841],[7372, 35849],[7371, 35849],[7371, 35850],[7369, 35852],[7367, 35854],[7362, 35858],[7357, 35862],[7356, 35863],[7352, 35866],[7349, 35868],[7346, 35870],[7344, 35871],[7341, 35873],[7337, 35875],[7331, 35880],[7330, 35880],[7330, 35881],[7328, 35883],[7326, 35885],[7321, 35889],[7316, 35893],[7314, 35894],[7313, 35895],[7310, 35897],[7305, 35901],[7304, 35901],[7298, 35907],[7295, 35909],[7288, 35912],[7287, 35913],[7284, 35915],[7279, 35919],[7276, 35921],[7274, 35922],[7271, 35923],[7268, 35925],[7266, 35926],[7264, 35927],[7261, 35928],[7258, 35930],[7256, 35931],[7248, 35935],[7246, 35936],[7245, 35938],[7237, 35947],[7234, 35949],[7233, 35950],[7232, 35953],[7224, 35961],[7222, 35965],[7212, 35974],[7211, 35975],[7207, 35978],[7204, 35980],[7203, 35980],[7200, 35983],[7198, 35984],[7197, 35985],[7194, 35986],[7193, 35988],[7184, 35996],[7183, 35996],[7177, 36002],[7174, 36004],[7170, 36006],[7161, 36014],[7159, 36015],[7158, 36016],[7152, 36021],[7151, 36021],[7150, 36021],[7148, 36023],[7146, 36024],[7143, 36027],[7140, 36029],[7137, 36032],[7128, 36040],[7122, 36043],[7120, 36045],[7114, 36048],[7112, 36050],[7102, 36056],[7099, 36058],[7095, 36060],[7092, 36063],[7081, 36069],[7077, 36070],[7076, 36071],[7073, 36072],[7070, 36074],[7068, 36075],[7067, 36075],[7066, 36076],[7055, 36082],[7043, 36086],[7040, 36086],[7039, 36087],[7027, 36091],[7026, 36091],[7020, 36093],[7011, 36094],[7004, 36096],[6991, 36097],[6960, 36097],[6947, 36096],[6938, 36093],[6937, 36093],[6925, 36089],[6923, 36088],[6920, 36087],[6912, 36083],[6904, 36079],[6901, 36077],[6892, 36069],[6892, 36068],[6891, 36068],[6883, 36059],[6881, 36056],[6880, 36054],[6879, 36053],[6873, 36042],[6869, 36030],[6869, 36029],[6868, 36025],[6866, 36023],[6860, 36012],[6859, 36009],[6853, 35998],[6852, 35995],[6850, 35991],[6847, 35983],[6845, 35978],[6842, 35970],[6841, 35968],[6837, 35960],[6835, 35954],[6834, 35952],[6831, 35942],[6829, 35939],[6825, 35927],[6825, 35926],[6824, 35924],[6820, 35912],[6819, 35903],[6818, 35899],[6818, 35894],[6816, 35891],[6812, 35879],[6812, 35876],[6810, 35871],[6810, 35866],[6807, 35858],[6807, 35854],[6806, 35853],[6806, 35852],[6802, 35840],[6801, 35831],[6800, 35827],[6800, 35826],[6797, 35817],[6797, 35814],[6794, 35806],[6794, 35801],[6792, 35796],[6792, 35795],[6789, 35786],[6788, 35773],[6788, 35770],[6788, 35768],[6788, 35766],[6787, 35763],[6786, 35750],[6786, 35747],[6786, 35745],[6786, 35742],[6786, 35739],[6785, 35739],[6780, 35739],[6767, 35738],[6764, 35737],[6763, 35737],[6760, 35737],[6751, 35737],[6738, 35734],[6737, 35734],[6729, 35733],[6717, 35729],[6706, 35723],[6705, 35722],[6701, 35723],[6698, 35723],[6693, 35725],[6680, 35726],[6677, 35726],[6675, 35726],[6673, 35726],[6667, 35728],[6654, 35729],[6652, 35729],[6649, 35729],[6644, 35729],[6641, 35729],[6628, 35728],[6616, 35724],[6614, 35723],[6606, 35721],[6595, 35720],[6590, 35718],[6587, 35718],[6575, 35714],[6564, 35708],[6559, 35704],[6556, 35702],[6553, 35699],[6549, 35697],[6540, 35689],[6538, 35687],[6533, 35683],[6528, 35679],[6526, 35677],[6524, 35675],[6524, 35674],[6523, 35674],[6520, 35671],[6518, 35669],[6516, 35666],[6515, 35666],[6512, 35663],[6506, 35660],[6499, 35655],[6496, 35653],[6486, 35646],[6483, 35643],[6479, 35641],[6478, 35640],[6474, 35638],[6471, 35635],[6463, 35639],[6451, 35643],[6438, 35644],[6435, 35644],[6433, 35644],[6431, 35644],[6428, 35645],[6416, 35646],[6410, 35648],[6409, 35648],[6400, 35651],[6397, 35651],[6392, 35653],[6391, 35653],[6385, 35655],[6384, 35655],[6381, 35657],[6375, 35659],[6372, 35660],[6363, 35665],[6358, 35667],[6352, 35670],[6345, 35672],[6343, 35674],[6335, 35679],[6333, 35680],[6331, 35683],[6330, 35684],[6328, 35686],[6322, 35690],[6321, 35691],[6320, 35691],[6318, 35693],[6316, 35694],[6313, 35699],[6308, 35707],[6300, 35717],[6295, 35725],[6293, 35728],[6292, 35729],[6291, 35730],[6291, 35731],[6289, 35734],[6287, 35741],[6287, 35742],[6286, 35745],[6286, 35754],[6283, 35767],[6282, 35769],[6282, 35770],[6281, 35773],[6281, 35782],[6278, 35795],[6276, 35798],[6276, 35799],[6276, 35805],[6273, 35818],[6273, 35821],[6270, 35834],[6268, 35838],[6268, 35844],[6265, 35857],[6263, 35860],[6263, 35861],[6263, 35864],[6260, 35877],[6259, 35879],[6258, 35882],[6258, 35884],[6258, 35893],[6255, 35906],[6254, 35908],[6254, 35909],[6253, 35911],[6253, 35913],[6249, 35925],[6245, 35937],[6239, 35948],[6238, 35949],[6236, 35953],[6234, 35955],[6231, 35961],[6227, 35966],[6226, 35968],[6225, 35969],[6224, 35971],[6222, 35974],[6219, 35977],[6218, 35978],[6218, 35979],[6218, 35980],[6213, 35986],[6203, 35995],[6192, 36001],[6190, 36002],[6181, 36005],[6180, 36005],[6177, 36007],[6175, 36008],[6172, 36010],[6161, 36016],[6156, 36018],[6155, 36018],[6152, 36020],[6148, 36021],[6147, 36022],[6136, 36027],[6131, 36029],[6129, 36030],[6126, 36031],[6123, 36033],[6122, 36033],[6121, 36034],[6120, 36034],[6114, 36040],[6112, 36041],[6111, 36042],[6110, 36042],[6110, 36043],[6102, 36050],[6097, 36059],[6089, 36068],[6087, 36070],[6085, 36071],[6084, 36072],[6082, 36077],[6081, 36078],[6079, 36082],[6071, 36090],[6069, 36095],[6068, 36096],[6066, 36100],[6064, 36102],[6062, 36107],[6060, 36110],[6059, 36111],[6059, 36112],[6058, 36114],[6057, 36117],[6051, 36128],[6049, 36130],[6048, 36133],[6047, 36135],[6041, 36146],[6040, 36147],[6038, 36151],[6036, 36153],[6033, 36159],[6025, 36168],[6016, 36176],[6013, 36177],[6006, 36184],[6004, 36186],[5995, 36194],[5993, 36195],[5992, 36196],[5985, 36202],[5983, 36203],[5982, 36204],[5978, 36206],[5977, 36207],[5974, 36209],[5972, 36210],[5970, 36211],[5968, 36212],[5966, 36213],[5965, 36214],[5963, 36214],[5964, 36215],[5965, 36216],[5966, 36217],[5967, 36218],[5969, 36219],[5974, 36222],[5975, 36223],[5977, 36224],[5979, 36226],[5981, 36227],[5984, 36228],[5986, 36228],[5992, 36230],[5993, 36231],[5994, 36231],[5996, 36232],[5999, 36233],[6000, 36234],[6004, 36235],[6005, 36236],[6009, 36237],[6014, 36240],[6017, 36243],[6018, 36243],[6020, 36244],[6021, 36245],[6022, 36245],[6025, 36246],[6026, 36247],[6027, 36247],[6032, 36250],[6033, 36250],[6039, 36252],[6042, 36253],[6043, 36254],[6044, 36254],[6047, 36256],[6048, 36256],[6051, 36258],[6052, 36258],[6054, 36259],[6056, 36260],[6058, 36261],[6059, 36262],[6060, 36262],[6061, 36263],[6062, 36263],[6065, 36265],[6066, 36265],[6067, 36266],[6068, 36266],[6072, 36268],[6074, 36269],[6075, 36270],[6079, 36271],[6084, 36274],[6090, 36276],[6094, 36278],[6099, 36280],[6101, 36281],[6103, 36282],[6106, 36283],[6108, 36284],[6114, 36286],[6117, 36287],[6120, 36289],[6121, 36289],[6124, 36290],[6125, 36290],[6128, 36291],[6130, 36292],[6132, 36292],[6135, 36293],[6137, 36294],[6138, 36291],[6139, 36289],[6139, 36287],[6140, 36285],[6140, 36283],[6141, 36282],[6141, 36281],[6144, 36276],[6147, 36271],[6148, 36270],[6155, 36263],[6156, 36262],[6161, 36259],[6167, 36257],[6179, 36257],[6185, 36259],[6190, 36262],[6195, 36267],[6196, 36268],[6198, 36269],[6200, 36271],[6203, 36274],[6204, 36275],[6205, 36276],[6207, 36277],[6212, 36280],[6215, 36282],[6216, 36282],[6219, 36283],[6224, 36286],[6232, 36294],[6234, 36297],[6237, 36302],[6239, 36308],[6239, 36309],[6239, 36310],[6239, 36311],[6239, 36313],[6239, 36314],[6239, 36317],[6239, 36320],[6239, 36321],[6239, 36322],[6239, 36323],[6239, 36325],[6239, 36326],[6239, 36327],[6238, 36330],[6238, 36331],[6238, 36332],[6238, 36333],[6238, 36334],[6238, 36335],[6238, 36337],[6238, 36338],[6238, 36339],[6239, 36342],[6239, 36343],[6239, 36345],[6239, 36346],[6239, 36348],[6239, 36350],[6239, 36351],[6240, 36354],[6240, 36356],[6240, 36357],[6241, 36358],[6241, 36360],[6242, 36362],[6242, 36363],[6243, 36368],[6243, 36369],[6244, 36372],[6244, 36373],[6245, 36375],[6246, 36377],[6247, 36380],[6248, 36383],[6249, 36386],[6250, 36388],[6251, 36390],[6251, 36391],[6252, 36392],[6253, 36394],[6254, 36396],[6257, 36401],[6257, 36402],[6258, 36403],[6259, 36405],[6260, 36407],[6260, 36408],[6261, 36409],[6261, 36410],[6262, 36411],[6263, 36413],[6266, 36416],[6269, 36421],[6270, 36423],[6272, 36424],[6277, 36427],[6278, 36428],[6280, 36430],[6285, 36433],[6288, 36436],[6289, 36436],[6294, 36439],[6297, 36440],[6302, 36443],[6303, 36444],[6304, 36445],[6305, 36445],[6307, 36446],[6309, 36447],[6312, 36448],[6313, 36449],[6314, 36449],[6315, 36449],[6318, 36450],[6320, 36451],[6322, 36451],[6323, 36452],[6324, 36452],[6329, 36455],[6330, 36456],[6332, 36457],[6334, 36458],[6336, 36459],[6339, 36460],[6349, 36460],[6352, 36457],[6355, 36456],[6355, 36455],[6358, 36454],[6358, 36453],[6363, 36450],[6366, 36449],[6371, 36446],[6374, 36445],[6377, 36444],[6380, 36443],[6385, 36443],[6388, 36442],[6390, 36442],[6393, 36440],[6399, 36438],[6400, 36438],[6403, 36437],[6404, 36437],[6407, 36436],[6431, 36436],[6434, 36437],[6444, 36437],[6446, 36438],[6448, 36438],[6453, 36438],[6459, 36440],[6464, 36443],[6465, 36444],[6466, 36444],[6467, 36445],[6468, 36445],[6473, 36448],[6475, 36450],[6481, 36452],[6482, 36453],[6484, 36453],[6487, 36454],[6493, 36456],[6498, 36459],[6501, 36460],[6502, 36461],[6503, 36461],[6505, 36462],[6510, 36465],[6514, 36469],[6516, 36472],[6517, 36473],[6518, 36474],[6520, 36477],[6521, 36478],[6524, 36483],[6524, 36484],[6525, 36485],[6527, 36491],[6527, 36492],[6528, 36495],[6528, 36496],[6528, 36497],[6528, 36499],[6529, 36502],[6529, 36503],[6529, 36505],[6530, 36508],[6530, 36510],[6530, 36512],[6530, 36513],[6530, 36514],[6530, 36517],[6530, 36518],[6530, 36519],[6530, 36520],[6530, 36522],[6530, 36523],[6530, 36524],[6530, 36525],[6530, 36526],[6530, 36528],[6530, 36529],[6530, 36530],[6530, 36531],[6530, 36532],[6530, 36534],[6530, 36535],[6530, 36536],[6530, 36538],[6530, 36540],[6530, 36543],[6530, 36544],[6529, 36547],[6529, 36548],[6529, 36549],[6529, 36550],[6529, 36551],[6529, 36552],[6528, 36554],[6528, 36556],[6528, 36557],[6528, 36558],[6527, 36561],[6527, 36563],[6526, 36565],[6526, 36567],[6526, 36570],[6524, 36576],[6523, 36577],[6523, 36578],[6523, 36580],[6522, 36583],[6522, 36584],[6522, 36586],[6522, 36587],[6522, 36588],[6521, 36591],[6521, 36592],[6521, 36595],[6521, 36596],[6519, 36602],[6519, 36604],[6519, 36609],[6517, 36615],[6517, 36616],[6517, 36617],[6517, 36618],[6517, 36623],[6517, 36625],[6517, 36628],[6517, 36629],[6517, 36630],[6517, 36633],[6517, 36635],[6517, 36637],[6517, 36640],[6517, 36642],[6517, 36645],[6517, 36646],[6517, 36647],[6517, 36648],[6517, 36651],[6517, 36654],[6517, 36658],[6517, 36660],[6517, 36663],[6516, 36666],[6516, 36668],[6516, 36669],[6516, 36670],[6515, 36673],[6515, 36674],[6515, 36675],[6515, 36677],[6515, 36679],[6515, 36680],[6515, 36682],[6515, 36683],[6515, 36686],[6515, 36688],[6515, 36689],[6515, 36690],[6515, 36691],[6515, 36692],[6515, 36694],[6515, 36698],[6515, 36700],[6515, 36702],[6515, 36703],[6515, 36704],[6513, 36710],[6510, 36715],[6509, 36718],[6508, 36721],[6507, 36724],[6506, 36727],[6505, 36728],[6504, 36729],[6504, 36730],[6502, 36734],[6501, 36736],[6500, 36737],[6500, 36738],[6497, 36743],[6496, 36745],[6493, 36750],[6490, 36754],[6488, 36756],[6484, 36762],[6484, 36763],[6487, 36768],[6489, 36774],[6489, 36775],[6489, 36777],[6489, 36785],[6489, 36787],[6489, 36789],[6489, 36791],[6489, 36793],[6489, 36794],[6488, 36799],[6488, 36800],[6487, 36806],[6487, 36807],[6486, 36811],[6483, 36819],[6481, 36832],[6480, 36838],[6479, 36841],[6478, 36844],[6477, 36847],[6476, 36850],[6476, 36851],[6476, 36853],[6474, 36859],[6473, 36860],[6473, 36861],[6470, 36866],[6469, 36867],[6467, 36870],[6465, 36872],[6461, 36876],[6459, 36878],[6457, 36879],[6456, 36880],[6451, 36883],[6448, 36884],[6447, 36885],[6444, 36886],[6442, 36887],[6441, 36887],[6440, 36888],[6437, 36889],[6436, 36890],[6431, 36893],[6430, 36893],[6429, 36894],[6426, 36895],[6424, 36897],[6421, 36899],[6424, 36903],[6426, 36909],[6426, 36911],[6426, 36912],[6426, 36913],[6426, 36914],[6426, 36921],[6426, 36923],[6426, 36924],[6426, 36925],[6426, 36926],[6425, 36929],[6425, 36930],[6423, 36936],[6422, 36937],[6421, 36941],[6418, 36946],[6417, 36947],[6411, 36953],[6410, 36954],[6409, 36955],[6407, 36957],[6400, 36962],[6398, 36963],[6393, 36966],[6392, 36967],[6391, 36967],[6386, 36970],[6383, 36971],[6381, 36973],[6380, 36973],[6378, 36975],[6376, 36977],[6374, 36979],[6371, 36981],[6370, 36982],[6366, 36984],[6365, 36986],[6364, 36987],[6361, 36990],[6360, 36991],[6357, 36994],[6355, 36996],[6353, 36998],[6352, 37000],[6352, 37002],[6347, 37012],[6347, 37014],[6345, 37020],[6344, 37021],[6344, 37022],[6343, 37024],[6343, 37025],[6342, 37027],[6342, 37029],[6342, 37030],[6342, 37031],[6342, 37033],[6340, 37039],[6338, 37042],[6338, 37043],[6338, 37046],[6338, 37047],[6338, 37048],[6338, 37051],[6337, 37054],[6337, 37055],[6336, 37058],[6336, 37059],[6336, 37060],[6336, 37062],[6336, 37063],[6336, 37064],[6336, 37065],[6336, 37066],[6338, 37072],[6338, 37074],[6338, 37075],[6339, 37077],[6339, 37078],[6340, 37079],[6340, 37080],[6341, 37081],[6342, 37083],[6344, 37087],[6344, 37088],[6345, 37089],[6345, 37091],[6346, 37093],[6348, 37099],[6348, 37100],[6349, 37103],[6349, 37104],[6350, 37106],[6350, 37107],[6351, 37108],[6351, 37110],[6352, 37112],[6353, 37115],[6353, 37117],[6353, 37118],[6353, 37120],[6354, 37123],[6354, 37126],[6354, 37128],[6355, 37130],[6355, 37132],[6355, 37133],[6355, 37137],[6355, 37138],[6356, 37141],[6356, 37143],[6358, 37149],[6358, 37151],[6358, 37153],[6358, 37158],[6358, 37160],[6359, 37163],[6359, 37166],[6359, 37168],[6359, 37169],[6359, 37170],[6359, 37172],[6359, 37173],[6359, 37175],[6359, 37178],[6359, 37180],[6359, 37181],[6359, 37182],[6359, 37184],[6359, 37185],[6358, 37188],[6358, 37190],[6358, 37191],[6358, 37192],[6358, 37193],[6358, 37194],[6358, 37195],[6358, 37196],[6358, 37197],[6358, 37198],[6358, 37199],[6358, 37200],[6358, 37202],[6358, 37203],[6358, 37204],[6358, 37205],[6358, 37206],[6358, 37207],[6358, 37208],[6357, 37210],[6357, 37212],[6356, 37213],[6356, 37214],[6356, 37215],[6356, 37216],[6356, 37217],[6355, 37220],[6355, 37221],[6355, 37222],[6355, 37223],[6355, 37225],[6355, 37226],[6354, 37228],[6355, 37230],[6355, 37231],[6355, 37232],[6355, 37233],[6355, 37234],[6355, 37242],[6355, 37243],[6355, 37244],[6355, 37245],[6355, 37246],[6354, 37249],[6354, 37250],[6352, 37256],[6349, 37261],[6341, 37269],[6336, 37272],[6330, 37274],[6318, 37274],[6312, 37272],[6307, 37269],[6299, 37261],[6296, 37256],[6296, 37255],[6295, 37254],[6293, 37249],[6291, 37245],[6290, 37242],[6289, 37239],[6288, 37238],[6287, 37237],[6284, 37235],[6283, 37234],[6278, 37231],[6277, 37230],[6274, 37227],[6273, 37226],[6270, 37221],[6267, 37216],[6266, 37215],[6263, 37210],[6261, 37204],[6261, 37203],[6261, 37202],[6260, 37201],[6259, 37198],[6259, 37196],[6258, 37194],[6258, 37193],[6257, 37190],[6256, 37188],[6255, 37184],[6254, 37180],[6254, 37179],[6254, 37178],[6254, 37176],[6253, 37174],[6244, 37174],[6238, 37172],[6233, 37169],[6225, 37161],[6222, 37156],[6220, 37150],[6220, 37149],[6220, 37147],[6220, 37146],[6220, 37145],[6220, 37144],[6220, 37142],[6220, 37141],[6220, 37140],[6220, 37137],[6220, 37135],[6220, 37134],[6220, 37133],[6220, 37132],[6220, 37130],[6220, 37129],[6220, 37128],[6220, 37126],[6221, 37124],[6221, 37122],[6221, 37118],[6223, 37112],[6223, 37108],[6223, 37105],[6223, 37104],[6223, 37103],[6223, 37101],[6225, 37095],[6228, 37090],[6228, 37089],[6228, 37085],[6228, 37083],[6228, 37081],[6229, 37078],[6229, 37077],[6229, 37076],[6229, 37075],[6229, 37074],[6229, 37072],[6229, 37071],[6229, 37070],[6229, 37069],[6228, 37064],[6226, 37058],[6226, 37057],[6225, 37054],[6224, 37051],[6224, 37050],[6224, 37049],[6223, 37048],[6223, 37047],[6222, 37046],[6220, 37040],[6220, 37038],[6219, 37035],[6219, 37034],[6219, 37033],[6219, 37032],[6218, 37029],[6218, 37028],[6218, 37027],[6218, 37025],[6218, 37024],[6218, 37022],[6218, 37020],[6218, 37019],[6218, 37018],[6218, 37016],[6218, 37015],[6218, 37012],[6218, 37010],[6218, 37008],[6218, 37007],[6218, 37006],[6218, 37004],[6218, 37002],[6219, 36999],[6219, 36998],[6221, 36992],[6223, 36986],[6224, 36984],[6224, 36982],[6225, 36979],[6227, 36977],[6228, 36972],[6231, 36967],[6232, 36966],[6232, 36965],[6233, 36963],[6236, 36958],[6238, 36956],[6239, 36955],[6239, 36954],[6242, 36949],[6243, 36949],[6243, 36947],[6245, 36945],[6245, 36943],[6248, 36938],[6251, 36933],[6252, 36933],[6252, 36931],[6255, 36926],[6259, 36923],[6260, 36920],[6261, 36920],[6262, 36917],[6266, 36913],[6269, 36910],[6270, 36909],[6271, 36907],[6272, 36905],[6273, 36904],[6273, 36903],[6276, 36898],[6277, 36897],[6279, 36896],[6280, 36893],[6281, 36892],[6282, 36892],[6283, 36889],[6284, 36888],[6285, 36887],[6285, 36886],[6288, 36881],[6289, 36881],[6290, 36878],[6291, 36877],[6292, 36877],[6293, 36874],[6294, 36873],[6296, 36872],[6297, 36869],[6298, 36868],[6299, 36867],[6300, 36866],[6302, 36864],[6302, 36862],[6303, 36861],[6303, 36860],[6306, 36855],[6309, 36852],[6310, 36851],[6311, 36849],[6314, 36844],[6318, 36840],[6319, 36839],[6320, 36837],[6323, 36832],[6326, 36829],[6327, 36828],[6330, 36825],[6331, 36824],[6334, 36823],[6336, 36820],[6339, 36819],[6340, 36817],[6342, 36815],[6347, 36812],[6352, 36809],[6357, 36806],[6358, 36806],[6359, 36805],[6361, 36805],[6363, 36803],[6366, 36802],[6366, 36801],[6371, 36798],[6376, 36795],[6378, 36793],[6379, 36791],[6380, 36789],[6382, 36787],[6382, 36785],[6383, 36784],[6383, 36783],[6384, 36780],[6385, 36777],[6386, 36776],[6386, 36775],[6387, 36772],[6388, 36769],[6389, 36766],[6391, 36760],[6392, 36758],[6393, 36757],[6393, 36756],[6394, 36755],[6394, 36754],[6395, 36753],[6395, 36752],[6396, 36749],[6399, 36744],[6400, 36743],[6402, 36742],[6403, 36739],[6404, 36738],[6405, 36737],[6406, 36737],[6406, 36735],[6409, 36730],[6410, 36729],[6411, 36728],[6412, 36727],[6415, 36722],[6416, 36721],[6417, 36720],[6418, 36719],[6419, 36718],[6419, 36717],[6420, 36716],[6420, 36715],[6421, 36713],[6422, 36711],[6423, 36708],[6424, 36707],[6424, 36706],[6424, 36705],[6426, 36699],[6426, 36697],[6426, 36696],[6426, 36694],[6427, 36691],[6427, 36690],[6427, 36689],[6427, 36688],[6427, 36687],[6427, 36686],[6427, 36685],[6428, 36682],[6428, 36681],[6428, 36680],[6428, 36679],[6429, 36676],[6429, 36675],[6429, 36674],[6429, 36673],[6429, 36670],[6429, 36669],[6429, 36668],[6429, 36667],[6429, 36665],[6429, 36664],[6429, 36663],[6429, 36662],[6429, 36661],[6428, 36658],[6428, 36657],[6426, 36654],[6423, 36652],[6420, 36650],[6418, 36648],[6413, 36645],[6411, 36644],[6406, 36641],[6405, 36640],[6402, 36638],[6401, 36637],[6396, 36634],[6394, 36633],[6393, 36632],[6391, 36632],[6390, 36631],[6389, 36631],[6384, 36628],[6383, 36628],[6380, 36627],[6379, 36626],[6378, 36626],[6376, 36625],[6371, 36623],[6370, 36622],[6369, 36622],[6368, 36622],[6362, 36620],[6360, 36619],[6359, 36619],[6357, 36620],[6356, 36620],[6355, 36621],[6353, 36623],[6352, 36624],[6350, 36626],[6347, 36628],[6345, 36630],[6342, 36632],[6340, 36634],[6339, 36634],[6334, 36637],[6333, 36637],[6332, 36638],[6330, 36638],[6329, 36639],[6326, 36640],[6325, 36640],[6324, 36641],[6323, 36642],[6322, 36642],[6317, 36645],[6311, 36647],[6310, 36647],[6309, 36648],[6306, 36649],[6305, 36649],[6304, 36650],[6302, 36650],[6300, 36651],[6299, 36651],[6298, 36651],[6297, 36651],[6294, 36652],[6293, 36652],[6291, 36652],[6288, 36653],[6286, 36653],[6283, 36654],[6282, 36654],[6281, 36654],[6279, 36655],[6273, 36657],[6271, 36657],[6270, 36657],[6267, 36658],[6266, 36658],[6264, 36658],[6263, 36658],[6260, 36659],[6257, 36659],[6255, 36659],[6254, 36659],[6253, 36659],[6251, 36659],[6248, 36660],[6247, 36660],[6245, 36660],[6243, 36660],[6242, 36660],[6241, 36660],[6238, 36660],[6237, 36660],[6236, 36660],[6235, 36660],[6233, 36660],[6231, 36660],[6230, 36660],[6229, 36660],[6226, 36660],[6225, 36660],[6224, 36660],[6221, 36659],[6220, 36659],[6219, 36659],[6218, 36659],[6217, 36659],[6215, 36658],[6213, 36658],[6212, 36658],[6209, 36658],[6203, 36656],[6202, 36655],[6201, 36655],[6198, 36654],[6197, 36654],[6196, 36654],[6193, 36653],[6192, 36653],[6191, 36653],[6185, 36651],[6183, 36650],[6181, 36650],[6180, 36649],[6174, 36651],[6173, 36651],[6172, 36651],[6171, 36651],[6169, 36651],[6168, 36651],[6162, 36651],[6161, 36651],[6160, 36651],[6159, 36651],[6157, 36651],[6156, 36651],[6150, 36649],[6145, 36646],[6142, 36643],[6139, 36641],[6135, 36637],[6134, 36635],[6131, 36633],[6127, 36629],[6121, 36619],[6118, 36614],[6117, 36612],[6116, 36610],[6115, 36608],[6115, 36607],[6114, 36606],[6114, 36605],[6112, 36602],[6111, 36599],[6110, 36596],[6109, 36593],[6109, 36592],[6108, 36589],[6108, 36587],[6108, 36584],[6108, 36582],[6106, 36576],[6106, 36575],[6105, 36574],[6104, 36571],[6104, 36569],[6103, 36567],[6102, 36564],[6102, 36562],[6101, 36561],[6100, 36558],[6099, 36555],[6098, 36552],[6098, 36549],[6097, 36546],[6097, 36544],[6096, 36541],[6096, 36540],[6096, 36539],[6095, 36538],[6093, 36532],[6090, 36530],[6089, 36529],[6088, 36528],[6087, 36528],[6082, 36525],[6079, 36523],[6078, 36522],[6075, 36521],[6070, 36518],[6069, 36517],[6064, 36514],[6063, 36513],[6062, 36512],[6057, 36507],[6056, 36506],[6055, 36505],[6054, 36504],[6053, 36503],[6052, 36501],[6051, 36500],[6048, 36495],[6048, 36494],[6047, 36493],[6046, 36491],[6046, 36490],[6045, 36489],[6042, 36484],[6041, 36482],[6040, 36481],[6037, 36476],[6037, 36475],[6036, 36474],[6032, 36467],[6031, 36466],[6028, 36461],[6027, 36460],[6026, 36459],[6025, 36458],[6024, 36457],[6021, 36455],[6018, 36452],[6017, 36451],[6011, 36445],[6010, 36444],[6009, 36443],[6007, 36441],[6005, 36439],[6004, 36437],[6001, 36434],[5996, 36429],[5995, 36427],[5993, 36425],[5992, 36424],[5989, 36421],[5988, 36419],[5987, 36418],[5986, 36417],[5984, 36415],[5983, 36413],[5982, 36412],[5981, 36411],[5978, 36406],[5978, 36405],[5976, 36402],[5975, 36398],[5973, 36395],[5973, 36394],[5972, 36393],[5972, 36391],[5971, 36389],[5971, 36387],[5971, 36385],[5971, 36383],[5971, 36381],[5971, 36380],[5971, 36379],[5969, 36378],[5967, 36377],[5965, 36376],[5961, 36374],[5959, 36373],[5954, 36370],[5953, 36369],[5949, 36365],[5946, 36362],[5943, 36357],[5943, 36356],[5942, 36355],[5940, 36349],[5940, 36348],[5940, 36347],[5938, 36344],[5938, 36343],[5937, 36342],[5937, 36340],[5936, 36338],[5936, 36337],[5936, 36336],[5936, 36335],[5936, 36334],[5936, 36333],[5936, 36332],[5936, 36331],[5936, 36330],[5936, 36329],[5936, 36328],[5936, 36327],[5936, 36326],[5936, 36325],[5936, 36324],[5935, 36321],[5935, 36320],[5935, 36317],[5934, 36314],[5932, 36308],[5931, 36306],[5930, 36304],[5930, 36303],[5928, 36301],[5925, 36299],[5922, 36297],[5921, 36296],[5918, 36294],[5917, 36293],[5912, 36290],[5909, 36288],[5904, 36285],[5900, 36281],[5899, 36280],[5893, 36275],[5890, 36274],[5885, 36271],[5883, 36269],[5880, 36267],[5878, 36265],[5877, 36264],[5876, 36263],[5874, 36261],[5872, 36260],[5871, 36259],[5870, 36259],[5865, 36256],[5862, 36253],[5861, 36252],[5860, 36251],[5857, 36249],[5854, 36247],[5853, 36246],[5852, 36245],[5851, 36244],[5848, 36242],[5845, 36240],[5844, 36239],[5839, 36236],[5831, 36228],[5828, 36223],[5826, 36217],[5826, 36210],[5819, 36210],[5806, 36207],[5800, 36207],[5789, 36207],[5782, 36207],[5774, 36207],[5770, 36207],[5764, 36209],[5751, 36210],[5749, 36210],[5746, 36210],[5742, 36210],[5734, 36212],[5730, 36213],[5723, 36220],[5718, 36223],[5715, 36225],[5713, 36226],[5712, 36227],[5708, 36229],[5707, 36230],[5696, 36236],[5684, 36240],[5671, 36241],[5669, 36241],[5666, 36241],[5663, 36241],[5661, 36241],[5648, 36240],[5640, 36237],[5637, 36237],[5625, 36233],[5623, 36232],[5620, 36231],[5609, 36225],[5600, 36217],[5592, 36208],[5586, 36197],[5585, 36194],[5584, 36192],[5583, 36189],[5581, 36186],[5580, 36184],[5580, 36183],[5579, 36182],[5576, 36176],[5574, 36174],[5574, 36173],[5573, 36173],[5565, 36165],[5560, 36163],[5551, 36156],[5540, 36150],[5538, 36148],[5532, 36145],[5531, 36144],[5527, 36142],[5522, 36139],[5520, 36137],[5519, 36137],[5518, 36137],[5512, 36132],[5511, 36131],[5506, 36129],[5504, 36128],[5501, 36127],[5495, 36124],[5485, 36117],[5484, 36116],[5481, 36115],[5479, 36114],[5476, 36112],[5465, 36106],[5456, 36098],[5455, 36097],[5454, 36096],[5453, 36094],[5452, 36094],[5443, 36086],[5435, 36077],[5434, 36075],[5433, 36074],[5429, 36069],[5420, 36061],[5420, 36060],[5419, 36060],[5411, 36051],[5407, 36049],[5399, 36042],[5398, 36041],[5393, 36037],[5391, 36035],[5389, 36033],[5389, 36032],[5388, 36032],[5380, 36023],[5378, 36020],[5378, 36019],[5374, 36015],[5372, 36013],[5370, 36011],[5366, 36006],[5361, 36002],[5353, 35992],[5352, 35991],[5348, 35986],[5343, 35980],[5343, 35979],[5343, 35978],[5340, 35976],[5340, 35975],[5339, 35975],[5331, 35966],[5329, 35963],[5327, 35959],[5320, 35949],[5317, 35943],[5315, 35936],[5314, 35935],[5308, 35924],[5306, 35919],[5302, 35913],[5299, 35907],[5293, 35896],[5291, 35891],[5288, 35885],[5287, 35882],[5285, 35878],[5281, 35866],[5280, 35853],[5280, 35850],[5280, 35848],[5280, 35845],[5280, 35842],[5280, 35840],[5280, 35837],[5280, 35835],[5280, 35832],[5281, 35819],[5284, 35811],[5284, 35806],[5285, 35802],[5286, 35793],[5290, 35781],[5291, 35779],[5291, 35778],[5291, 35776],[5289, 35770],[5289, 35766],[5286, 35758],[5286, 35753],[5285, 35753],[5285, 35752],[5285, 35751],[5283, 35747],[5282, 35743],[5281, 35743],[5281, 35742],[5281, 35741],[5279, 35739],[5276, 35734],[5270, 35723],[5268, 35715],[5267, 35713],[5264, 35704],[5264, 35703],[5262, 35700],[5258, 35688],[5258, 35687],[5255, 35682],[5252, 35669],[5252, 35668],[5251, 35666],[5249, 35658],[5248, 35655],[5247, 35642],[5247, 35641],[5247, 35634],[5247, 35631],[5247, 35629],[5247, 35626],[5247, 35624],[5247, 35621],[5247, 35618],[5248, 35605],[5250, 35599],[5250, 35598],[5252, 35593],[5249, 35581],[5249, 35580],[5249, 35579],[5247, 35576],[5244, 35565],[5244, 35564],[5240, 35552],[5239, 35539],[5239, 35536],[5239, 35534],[5239, 35531],[5239, 35528],[5240, 35515],[5243, 35507],[5243, 35503],[5244, 35500],[5244, 35498],[5245, 35485],[5249, 35473],[5250, 35472],[5250, 35469],[5254, 35457],[5255, 35455],[5257, 35449],[5263, 35438],[5266, 35435],[5267, 35433],[5271, 35428],[5272, 35427],[5273, 35426],[5274, 35424],[5278, 35420],[5280, 35417],[5281, 35416],[5283, 35414],[5289, 35410],[5290, 35409],[5291, 35408],[5293, 35406],[5298, 35402],[5299, 35401],[5301, 35400],[5302, 35398],[5303, 35397],[5304, 35396],[5313, 35388],[5315, 35387],[5318, 35385],[5322, 35381],[5324, 35380],[5325, 35379],[5334, 35374],[5338, 35371],[5339, 35370],[5344, 35366],[5349, 35362],[5351, 35361],[5352, 35360],[5355, 35359],[5356, 35357],[5365, 35349],[5368, 35348],[5370, 35346],[5373, 35345],[5376, 35343],[5378, 35342],[5381, 35341],[5383, 35339],[5394, 35333],[5396, 35332],[5397, 35332],[5398, 35331],[5407, 35326],[5410, 35324],[5416, 35321],[5425, 35318],[5428, 35317],[5437, 35314],[5450, 35313],[5452, 35313],[5455, 35313],[5457, 35313],[5460, 35313],[5463, 35313],[5465, 35313],[5468, 35313],[5470, 35313],[5473, 35313],[5474, 35313],[5475, 35313],[5478, 35313],[5481, 35313],[5483, 35313],[5486, 35313],[5489, 35313],[5496, 35314],[5499, 35315],[5506, 35315],[5509, 35315],[5514, 35315],[5517, 35315],[5519, 35315],[5522, 35315],[5524, 35315],[5527, 35315],[5532, 35315],[5535, 35315],[5540, 35315],[5542, 35315],[5545, 35315],[5548, 35315],[5550, 35315],[5552, 35315],[5553, 35315],[5555, 35315],[5558, 35315],[5560, 35315],[5565, 35315],[5569, 35316],[5573, 35316],[5575, 35317],[5577, 35317],[5586, 35320],[5593, 35320],[5606, 35323],[5608, 35324],[5609, 35324],[5614, 35326],[5617, 35326],[5628, 35330],[5634, 35331],[5639, 35334],[5640, 35334],[5652, 35338],[5663, 35344],[5665, 35346],[5671, 35349],[5680, 35357],[5683, 35360],[5692, 35365],[5697, 35369],[5702, 35372],[5711, 35380],[5719, 35389],[5724, 35398],[5727, 35402],[5730, 35408],[5732, 35410],[5736, 35417],[5737, 35418],[5745, 35428],[5747, 35432],[5748, 35432],[5751, 35433],[5761, 35436],[5763, 35437],[5766, 35437],[5768, 35438],[5770, 35438],[5773, 35439],[5774, 35439],[5776, 35439],[5830, 35441],[5831, 35441],[5836, 35441],[5838, 35441],[5851, 35442],[5859, 35445],[5862, 35445],[5863, 35445],[5867, 35446],[5872, 35446],[5874, 35446],[5877, 35446],[5886, 35446],[5899, 35449],[5900, 35449],[5901, 35450],[5905, 35450],[5907, 35451],[5909, 35451],[5912, 35452],[5913, 35452],[5916, 35452],[5929, 35453],[5934, 35454],[5936, 35454],[5941, 35454],[5946, 35454],[5949, 35454],[5954, 35454],[5967, 35455],[5976, 35458],[5977, 35458],[5980, 35459],[5984, 35459],[5997, 35462],[6000, 35464],[6003, 35464],[6004, 35464],[6013, 35465],[6019, 35467],[6021, 35467],[6024, 35467],[6033, 35467],[6046, 35470],[6047, 35471],[6052, 35471],[6057, 35473],[6060, 35473],[6072, 35477],[6075, 35477],[6084, 35477],[6097, 35480],[6098, 35481],[6104, 35481],[6108, 35482],[6116, 35483],[6128, 35487],[6129, 35488],[6131, 35488],[6133, 35489],[6134, 35489],[6137, 35490],[6139, 35490],[6142, 35490],[6145, 35490],[6147, 35490],[6149, 35490],[6152, 35490],[6155, 35490],[6157, 35490],[6162, 35490],[6166, 35491],[6170, 35491],[6172, 35492],[6174, 35492],[6177, 35493],[6183, 35493],[6188, 35493],[6196, 35493],[6200, 35494],[6201, 35494],[6204, 35495],[6206, 35495],[6209, 35495],[6219, 35495],[6222, 35495],[6224, 35495],[6227, 35494],[6240, 35493],[6242, 35493],[6245, 35493],[6248, 35493],[6253, 35493],[6255, 35493],[6260, 35493],[6262, 35493],[6268, 35491],[6281, 35490],[6286, 35490],[6289, 35489],[6290, 35489],[6299, 35486],[6300, 35486],[6309, 35483],[6312, 35483],[6313, 35482],[6315, 35481],[6323, 35477],[6325, 35476],[6333, 35472],[6339, 35470],[6341, 35469],[6353, 35465],[6362, 35464],[6366, 35463],[6379, 35462],[6381, 35462],[6384, 35462],[6387, 35462],[6389, 35462],[6392, 35462],[6394, 35462],[6397, 35462],[6399, 35462],[6407, 35462],[6412, 35462],[6417, 35462],[6420, 35462],[6423, 35462],[6425, 35462],[6428, 35462],[6430, 35462],[6433, 35462],[6435, 35462],[6441, 35462],[6443, 35462],[6448, 35462],[6451, 35462],[6459, 35462],[6461, 35462],[6469, 35462],[6471, 35462],[6484, 35463],[6496, 35467],[6507, 35473],[6516, 35481],[6524, 35490],[6530, 35501],[6534, 35513],[6534, 35517],[6535, 35518],[6537, 35522],[6540, 35525],[6541, 35526],[6543, 35527],[6544, 35528],[6546, 35529],[6547, 35530],[6558, 35536],[6568, 35544],[6568, 35545],[6569, 35545],[6572, 35549],[6573, 35550],[6574, 35550],[6575, 35550],[6581, 35554],[6585, 35557],[6590, 35560],[6593, 35562],[6598, 35565],[6607, 35573],[6615, 35582],[6616, 35583],[6617, 35584],[6622, 35589],[6623, 35590],[6629, 35593],[6632, 35593],[6645, 35596],[6646, 35597],[6649, 35597],[6653, 35598],[6657, 35598],[6659, 35598],[6662, 35598],[6664, 35598],[6667, 35595],[6670, 35593],[6674, 35591],[6676, 35589],[6679, 35586],[6681, 35584],[6682, 35582],[6683, 35578],[6685, 35575],[6686, 35572],[6686, 35569],[6690, 35557],[6693, 35550],[6699, 35539],[6701, 35537],[6704, 35531],[6705, 35530],[6707, 35526],[6714, 35518],[6722, 35509],[6731, 35501],[6732, 35501],[6732, 35500],[6740, 35491],[6749, 35483],[6755, 35480],[6757, 35478],[6761, 35476],[6762, 35475],[6773, 35469],[6776, 35468],[6778, 35467],[6790, 35463],[6803, 35462],[6806, 35462],[6809, 35462],[6811, 35462],[6824, 35463],[6836, 35467],[6847, 35473],[6856, 35481],[6864, 35490],[6870, 35501],[6874, 35513],[6875, 35526],[6875, 35528],[6874, 35541],[6870, 35553],[6864, 35564],[6856, 35573],[6847, 35581],[6843, 35583],[6843, 35584],[6842, 35584],[6841, 35584],[6839, 35586],[6834, 35589],[6831, 35591],[6829, 35595],[6827, 35598],[6826, 35602],[6822, 35611],[6825, 35611],[6838, 35614],[6839, 35614],[6847, 35614],[6852, 35614],[6857, 35614],[6861, 35614],[6863, 35613],[6868, 35609],[6877, 35604],[6877, 35603],[6876, 35590],[6876, 35589],[6876, 35588],[6876, 35582],[6876, 35580],[6876, 35575],[6876, 35572],[6876, 35565],[6876, 35564],[6877, 35551],[6878, 35548],[6878, 35545],[6881, 35532],[6883, 35529],[6886, 35519],[6887, 35517],[6889, 35511],[6891, 35508],[6894, 35498],[6900, 35487],[6901, 35486],[6901, 35485],[6907, 35474],[6915, 35465],[6924, 35457],[6925, 35457],[6926, 35455],[6935, 35447],[6936, 35446],[6945, 35438],[6948, 35436],[6953, 35434],[6955, 35432],[6959, 35430],[6960, 35429],[6971, 35423],[6983, 35419],[6984, 35419],[6993, 35414],[6998, 35412],[7001, 35411],[7007, 35408],[7008, 35408],[7013, 35405],[7025, 35401],[7026, 35401],[7031, 35398],[7039, 35396],[7041, 35395],[7051, 35393],[7056, 35390],[7062, 35388],[7064, 35387],[7076, 35383],[7089, 35382],[7092, 35382],[7093, 35382],[7094, 35382],[7107, 35383],[7110, 35384],[7111, 35384],[7121, 35382],[7122, 35382],[7128, 35380],[7136, 35379],[7140, 35378],[7153, 35377],[7160, 35377],[7166, 35375],[7179, 35374],[7184, 35374],[7187, 35374],[7197, 35370],[7200, 35370],[7205, 35368],[7206, 35368],[7215, 35365],[7220, 35365],[7228, 35362],[7231, 35362],[7236, 35360],[7237, 35360],[7246, 35357],[7251, 35357],[7256, 35355],[7259, 35355],[7267, 35352],[7275, 35351],[7279, 35350],[7281, 35349],[7294, 35346],[7297, 35346],[7303, 35344],[7311, 35343],[7315, 35342],[7324, 35341],[7331, 35339],[7342, 35338],[7342, 35335],[7343, 35322],[7347, 35310],[7353, 35299],[7361, 35290],[7362, 35289],[7363, 35288],[7372, 35280],[7383, 35274],[7395, 35270],[7405, 35269],[7401, 35264],[7400, 35262],[7394, 35255],[7387, 35242],[7383, 35227],[7381, 35212],[7381, 35209],[7381, 35206],[7381, 35203],[7381, 35199],[7381, 35196],[7383, 35181],[7387, 35166],[7394, 35153],[7396, 35151],[7399, 35145],[7400, 35141],[7401, 35139],[7400, 35131],[7400, 35128],[7400, 35125],[7400, 35122],[7400, 35119],[7400, 35118],[7400, 35115],[7402, 35107],[7402, 35104],[7403, 35101],[7403, 35100],[7403, 35099],[7404, 35097],[7405, 35088],[7406, 35084],[7406, 35081],[7406, 35078],[7406, 35077],[7404, 35075],[7402, 35072],[7397, 35066],[7393, 35063],[7391, 35060],[7389, 35059],[7385, 35054],[7383, 35052],[7382, 35051],[7379, 35048],[7376, 35043],[7373, 35040],[7371, 35037],[7370, 35035],[7370, 35034],[7367, 35031],[7366, 35029],[7362, 35025],[7357, 35022],[7345, 35012],[7344, 35011],[7342, 35009],[7330, 34999],[7329, 34999],[7314, 34995],[7312, 34994],[7305, 34992],[7299, 34989],[7295, 34987],[7293, 34986],[7292, 34985],[7291, 34984],[7283, 34982],[7281, 34981],[7274, 34979],[7269, 34976],[7268, 34976],[7255, 34969],[7243, 34959],[7242, 34957],[7241, 34956],[7236, 34954],[7229, 34948],[7227, 34947],[7215, 34937],[7214, 34935],[7212, 34934],[7211, 34932],[7209, 34931],[7199, 34919],[7192, 34906],[7188, 34891],[7186, 34876],[7188, 34861],[7192, 34846],[7199, 34833],[7209, 34821],[7221, 34811],[7234, 34804],[7249, 34800],[7264, 34798],[7273, 34798],[7288, 34800],[7292, 34801],[7298, 34801],[7313, 34803],[7328, 34807],[7333, 34810],[7334, 34810],[7347, 34817],[7356, 34825],[7363, 34829],[7365, 34829],[7378, 34836],[7380, 34838],[7381, 34838],[7394, 34845],[7398, 34848],[7403, 34851],[7410, 34857],[7421, 34860],[7423, 34861],[7431, 34862],[7435, 34863],[7450, 34865],[7454, 34866],[7456, 34866],[7460, 34867],[7467, 34867],[7471, 34868],[7485, 34872],[7487, 34872],[7491, 34873],[7506, 34875],[7511, 34876],[7524, 34878],[7528, 34879],[7530, 34879],[7534, 34879],[7549, 34882],[7552, 34883],[7559, 34884],[7562, 34885],[7564, 34885],[7568, 34885],[7583, 34888],[7596, 34888],[7611, 34890],[7615, 34891],[7652, 34891],[7667, 34893],[7671, 34894],[7767, 34894],[7771, 34893],[7786, 34891],[7795, 34891],[7799, 34890],[7807, 34889],[7814, 34887],[7818, 34885],[7819, 34885],[7819, 34883],[7822, 34874],[7822, 34870],[7825, 34860],[7825, 34858],[7828, 34848],[7828, 34846],[7830, 34840],[7831, 34830],[7835, 34815],[7836, 34813],[7838, 34806],[7845, 34793],[7850, 34788],[7852, 34783],[7859, 34774],[7861, 34771],[7871, 34759],[7874, 34756],[7876, 34755],[7877, 34753],[7878, 34752],[7883, 34746],[7885, 34745],[7886, 34743],[7898, 34733],[7899, 34732],[7902, 34730],[7915, 34723],[7930, 34719],[7932, 34719],[7934, 34718],[7936, 34717],[7951, 34713],[7957, 34708],[7965, 34704],[7967, 34702],[7972, 34699],[7976, 34696],[7989, 34689],[7990, 34689],[7992, 34687],[8002, 34682],[8004, 34680],[8017, 34673],[8018, 34673],[8023, 34670],[8038, 34666],[8053, 34664],[8100, 34664],[8115, 34666],[8119, 34667],[8122, 34667],[8126, 34668],[8133, 34668],[8137, 34669],[8152, 34673],[8155, 34675],[8164, 34677],[8166, 34678],[8173, 34680],[8176, 34680],[8183, 34678],[8185, 34677],[8194, 34675],[8197, 34673],[8206, 34671],[8207, 34670],[8209, 34669],[8216, 34667],[8221, 34666],[8225, 34664],[8235, 34661],[8241, 34658],[8242, 34658],[8246, 34656],[8246, 34655],[8246, 34652],[8246, 34649],[8247, 34638],[8246, 34627],[8246, 34624],[8246, 34621],[8246, 34618],[8246, 34615],[8246, 34612],[8246, 34611],[8245, 34609],[8244, 34608],[8234, 34596],[8231, 34590],[8225, 34583],[8215, 34571],[8208, 34558],[8208, 34557],[8205, 34552],[8205, 34551],[8203, 34549],[8203, 34548],[8200, 34546],[8190, 34534],[8189, 34533],[8187, 34530],[8180, 34517],[8180, 34516],[8177, 34511],[8177, 34510],[8174, 34505],[8173, 34499],[8172, 34499],[8171, 34497],[8169, 34496],[8168, 34495],[8157, 34492],[8155, 34491],[8154, 34491],[8153, 34491],[8141, 34486],[8140, 34486],[8138, 34485],[8125, 34478],[8120, 34474],[8118, 34473],[8112, 34470],[8107, 34466],[8102, 34464],[8098, 34461],[8094, 34459],[8090, 34456],[8089, 34455],[8087, 34453],[8082, 34449],[8081, 34448],[8080, 34447],[8079, 34446],[8078, 34445],[8077, 34444],[8076, 34443],[8075, 34441],[8073, 34440],[8072, 34438],[8070, 34437],[8060, 34425],[8053, 34412],[8053, 34411],[8050, 34406],[8049, 34403],[8047, 34399],[8045, 34392],[8044, 34390],[8040, 34375],[8040, 34373],[8036, 34359],[8035, 34352],[8033, 34344],[8031, 34329],[8031, 34326],[8031, 34323],[8031, 34320],[8031, 34318],[8031, 34316],[8031, 34313],[8031, 34308],[8033, 34298],[8034, 34294],[8035, 34289],[8036, 34286],[8037, 34283],[8042, 34274],[8043, 34271],[8049, 34263],[8053, 34259],[8052, 34258],[8046, 34251],[8042, 34243],[8042, 34241],[8041, 34240],[8039, 34231],[8039, 34225],[8039, 34223],[8039, 34222],[8039, 34221],[8039, 34217],[8038, 34216],[8037, 34215],[8031, 34208],[8027, 34200],[8025, 34191],[8024, 34182],[8024, 34180],[8024, 34178],[8024, 34177],[8024, 34176],[8024, 34174],[8024, 34168],[8026, 34159],[8027, 34158]],[[5129, 36376],[5129, 36375],[5129, 36373],[5129, 36372],[5129, 36371],[5129, 36370],[5129, 36369],[5129, 36368],[5129, 36367],[5129, 36366],[5129, 36365],[5129, 36364],[5129, 36363],[5129, 36362],[5129, 36361],[5129, 36358],[5129, 36357],[5129, 36355],[5129, 36354],[5129, 36353],[5130, 36352],[5130, 36350],[5131, 36346],[5132, 36345],[5132, 36344],[5133, 36343],[5133, 36342],[5135, 36339],[5136, 36337],[5139, 36335],[5140, 36334],[5141, 36333],[5142, 36332],[5143, 36331],[5144, 36330],[5145, 36329],[5145, 36328],[5146, 36327],[5146, 36326],[5148, 36323],[5149, 36322],[5149, 36321],[5151, 36318],[5152, 36317],[5153, 36316],[5154, 36315],[5154, 36314],[5156, 36311],[5157, 36310],[5158, 36309],[5160, 36306],[5164, 36302],[5165, 36301],[5166, 36300],[5170, 36296],[5173, 36294],[5174, 36294],[5175, 36293],[5177, 36293],[5179, 36291],[5183, 36290],[5191, 36290],[5195, 36291],[5198, 36293],[5204, 36299],[5206, 36302],[5207, 36306],[5207, 36307],[5207, 36308],[5207, 36315],[5207, 36316],[5206, 36320],[5206, 36321],[5206, 36322],[5205, 36325],[5205, 36326],[5203, 36328],[5203, 36329],[5198, 36334],[5197, 36334],[5195, 36336],[5194, 36336],[5191, 36337],[5189, 36337],[5188, 36338],[5188, 36339],[5189, 36340],[5191, 36343],[5195, 36347],[5196, 36348],[5198, 36351],[5198, 36352],[5199, 36353],[5199, 36354],[5200, 36355],[5201, 36359],[5201, 36360],[5201, 36361],[5201, 36362],[5201, 36363],[5202, 36367],[5202, 36368],[5203, 36372],[5204, 36376],[5204, 36377],[5205, 36379],[5205, 36380],[5205, 36381],[5205, 36382],[5206, 36386],[5206, 36387],[5206, 36388],[5206, 36389],[5207, 36390],[5208, 36394],[5208, 36395],[5209, 36396],[5210, 36398],[5210, 36399],[5210, 36400],[5211, 36401],[5212, 36403],[5212, 36404],[5212, 36405],[5213, 36406],[5214, 36410],[5214, 36412],[5215, 36416],[5215, 36417],[5215, 36419],[5215, 36421],[5215, 36424],[5215, 36425],[5215, 36426],[5215, 36427],[5215, 36428],[5215, 36429],[5215, 36430],[5215, 36432],[5215, 36434],[5215, 36436],[5215, 36437],[5215, 36438],[5215, 36439],[5215, 36440],[5215, 36441],[5215, 36442],[5215, 36443],[5215, 36444],[5215, 36445],[5215, 36447],[5215, 36448],[5215, 36449],[5215, 36450],[5215, 36451],[5214, 36455],[5213, 36456],[5213, 36457],[5212, 36461],[5210, 36464],[5204, 36470],[5201, 36472],[5197, 36473],[5189, 36473],[5185, 36472],[5182, 36470],[5181, 36469],[5176, 36464],[5175, 36463],[5173, 36460],[5173, 36459],[5172, 36458],[5171, 36456],[5171, 36455],[5171, 36453],[5169, 36451],[5169, 36449],[5167, 36447],[5166, 36443],[5166, 36442],[5165, 36442],[5165, 36441],[5164, 36441],[5163, 36441],[5161, 36440],[5158, 36438],[5157, 36437],[5151, 36431],[5149, 36428],[5148, 36426],[5148, 36425],[5147, 36421],[5147, 36420],[5146, 36419],[5146, 36417],[5144, 36415],[5143, 36413],[5143, 36412],[5143, 36411],[5142, 36410],[5142, 36409],[5141, 36408],[5141, 36407],[5140, 36406],[5140, 36404],[5138, 36402],[5137, 36400],[5137, 36399],[5137, 36398],[5136, 36397],[5136, 36396],[5135, 36395],[5134, 36391],[5134, 36390],[5133, 36388],[5133, 36387],[5132, 36386],[5132, 36385],[5131, 36384],[5131, 36383],[5130, 36382],[5129, 36378],[5129, 36377],[5129, 36376]],[[4839, 36946],[4837, 36947],[4835, 36947],[4831, 36948],[4803, 36948],[4799, 36949],[4768, 36949],[4765, 36950],[4753, 36950],[4749, 36949],[4746, 36949],[4743, 36948],[4730, 36948],[4726, 36947],[4723, 36946],[4718, 36946],[4715, 36945],[4713, 36944],[4709, 36944],[4705, 36943],[4702, 36942],[4700, 36941],[4698, 36940],[4697, 36939],[4696, 36937],[4695, 36937],[4695, 36936],[4694, 36936],[4694, 36935],[4693, 36935],[4692, 36934],[4690, 36933],[4688, 36932],[4686, 36931],[4683, 36930],[4681, 36927],[4678, 36925],[4677, 36923],[4676, 36922],[4675, 36919],[4674, 36915],[4674, 36914],[4674, 36913],[4674, 36912],[4674, 36911],[4674, 36909],[4674, 36908],[4674, 36907],[4674, 36906],[4674, 36905],[4675, 36901],[4676, 36898],[4677, 36896],[4678, 36894],[4679, 36893],[4681, 36890],[4682, 36889],[4680, 36888],[4679, 36885],[4679, 36884],[4678, 36883],[4678, 36881],[4678, 36875],[4678, 36873],[4679, 36872],[4679, 36871],[4680, 36868],[4682, 36867],[4682, 36866],[4683, 36865],[4684, 36865],[4685, 36863],[4688, 36862],[4689, 36862],[4690, 36861],[4712, 36861],[4716, 36862],[4719, 36863],[4725, 36863],[4728, 36864],[4730, 36864],[4733, 36865],[4740, 36865],[4743, 36866],[4751, 36866],[4754, 36867],[4756, 36867],[4760, 36868],[4763, 36867],[4765, 36867],[4769, 36866],[4770, 36866],[4771, 36865],[4774, 36864],[4778, 36863],[4779, 36863],[4788, 36861],[4789, 36861],[4792, 36860],[4793, 36860],[4796, 36859],[4798, 36859],[4799, 36859],[4800, 36858],[4803, 36857],[4806, 36856],[4807, 36856],[4809, 36856],[4810, 36855],[4813, 36854],[4816, 36854],[4819, 36853],[4823, 36852],[4824, 36852],[4826, 36851],[4829, 36850],[4830, 36850],[4832, 36849],[4833, 36849],[4836, 36848],[4838, 36847],[4839, 36847],[4842, 36846],[4845, 36845],[4846, 36844],[4848, 36844],[4848, 36843],[4852, 36842],[4855, 36842],[4858, 36841],[4861, 36841],[4863, 36840],[4865, 36839],[4868, 36838],[4875, 36838],[4876, 36838],[4877, 36837],[4880, 36836],[4883, 36835],[4887, 36835],[4890, 36834],[4894, 36833],[4922, 36833],[4926, 36834],[4929, 36835],[4930, 36836],[4932, 36837],[4933, 36838],[4934, 36840],[4935, 36840],[4937, 36841],[4939, 36842],[4941, 36845],[4942, 36845],[4943, 36846],[4944, 36847],[4944, 36848],[4947, 36850],[4948, 36852],[4949, 36853],[4950, 36855],[4951, 36856],[4952, 36859],[4953, 36863],[4953, 36864],[4953, 36865],[4953, 36869],[4953, 36870],[4953, 36871],[4952, 36875],[4951, 36878],[4950, 36879],[4949, 36880],[4948, 36881],[4947, 36882],[4946, 36883],[4945, 36884],[4944, 36885],[4943, 36886],[4942, 36886],[4942, 36887],[4941, 36887],[4940, 36888],[4939, 36889],[4937, 36891],[4935, 36892],[4933, 36893],[4932, 36893],[4930, 36894],[4928, 36895],[4926, 36896],[4925, 36896],[4925, 36897],[4924, 36897],[4923, 36898],[4921, 36899],[4920, 36900],[4918, 36901],[4916, 36902],[4914, 36905],[4913, 36906],[4912, 36907],[4909, 36909],[4908, 36910],[4908, 36911],[4907, 36911],[4907, 36912],[4906, 36912],[4906, 36913],[4905, 36913],[4905, 36914],[4904, 36914],[4904, 36915],[4903, 36915],[4903, 36916],[4901, 36918],[4899, 36920],[4898, 36921],[4896, 36922],[4895, 36922],[4895, 36923],[4893, 36925],[4891, 36926],[4890, 36926],[4889, 36928],[4886, 36929],[4885, 36930],[4884, 36931],[4883, 36931],[4883, 36932],[4882, 36932],[4881, 36933],[4880, 36934],[4879, 36935],[4877, 36936],[4876, 36937],[4873, 36938],[4871, 36939],[4870, 36939],[4867, 36940],[4863, 36941],[4860, 36942],[4856, 36943],[4855, 36943],[4854, 36944],[4851, 36945],[4849, 36945],[4845, 36946],[4839, 36946]],[[5091, 38607],[5090, 38606],[5089, 38604],[5087, 38600],[5086, 38596],[5085, 38591],[5085, 38590],[5085, 38589],[5085, 38588],[5085, 38587],[5085, 38585],[5085, 38584],[5085, 38583],[5085, 38582],[5085, 38581],[5085, 38580],[5085, 38579],[5085, 38578],[5086, 38573],[5086, 38570],[5087, 38565],[5088, 38560],[5088, 38559],[5089, 38554],[5089, 38552],[5089, 38550],[5089, 38549],[5089, 38548],[5089, 38547],[5089, 38546],[5089, 38545],[5090, 38540],[5090, 38539],[5091, 38536],[5092, 38534],[5093, 38532],[5096, 38528],[5100, 38525],[5101, 38524],[5102, 38520],[5103, 38516],[5105, 38512],[5108, 38508],[5109, 38507],[5113, 38504],[5117, 38502],[5121, 38501],[5126, 38500],[5130, 38500],[5135, 38501],[5139, 38502],[5143, 38504],[5147, 38507],[5147, 38508],[5148, 38508],[5150, 38510],[5151, 38511],[5154, 38515],[5156, 38516],[5160, 38519],[5161, 38520],[5162, 38521],[5163, 38522],[5164, 38523],[5167, 38527],[5168, 38528],[5170, 38530],[5173, 38534],[5175, 38538],[5176, 38539],[5179, 38543],[5180, 38545],[5182, 38548],[5184, 38553],[5186, 38557],[5186, 38559],[5188, 38561],[5190, 38565],[5191, 38567],[5191, 38568],[5192, 38572],[5193, 38574],[5194, 38575],[5195, 38576],[5197, 38578],[5200, 38582],[5202, 38586],[5203, 38590],[5204, 38592],[5204, 38593],[5205, 38595],[5206, 38597],[5206, 38598],[5207, 38600],[5208, 38602],[5209, 38604],[5211, 38608],[5211, 38609],[5213, 38611],[5215, 38615],[5216, 38619],[5217, 38621],[5218, 38623],[5218, 38624],[5219, 38628],[5220, 38633],[5220, 38634],[5220, 38635],[5220, 38637],[5220, 38639],[5220, 38640],[5219, 38645],[5218, 38649],[5218, 38650],[5217, 38652],[5217, 38653],[5216, 38655],[5214, 38659],[5213, 38661],[5212, 38662],[5209, 38666],[5205, 38669],[5201, 38671],[5197, 38672],[5192, 38673],[5189, 38673],[5184, 38672],[5182, 38672],[5177, 38671],[5173, 38670],[5168, 38669],[5164, 38668],[5160, 38666],[5157, 38665],[5156, 38665],[5153, 38664],[5151, 38664],[5146, 38663],[5142, 38662],[5138, 38660],[5137, 38659],[5136, 38659],[5132, 38657],[5130, 38656],[5129, 38655],[5126, 38653],[5122, 38651],[5118, 38648],[5116, 38646],[5115, 38645],[5115, 38644],[5114, 38644],[5114, 38643],[5113, 38643],[5112, 38642],[5111, 38641],[5110, 38640],[5109, 38639],[5108, 38638],[5105, 38634],[5103, 38630],[5102, 38629],[5099, 38625],[5099, 38624],[5097, 38622],[5095, 38618],[5093, 38614],[5093, 38612],[5091, 38609],[5091, 38607]],[[5111, 36778],[5110, 36778],[5108, 36777],[5107, 36775],[5106, 36775],[5105, 36774],[5105, 36773],[5104, 36773],[5104, 36772],[5103, 36772],[5103, 36771],[5101, 36770],[5100, 36769],[5099, 36767],[5098, 36766],[5097, 36764],[5096, 36763],[5095, 36761],[5094, 36760],[5093, 36759],[5092, 36757],[5091, 36756],[5090, 36753],[5090, 36751],[5088, 36749],[5087, 36746],[5086, 36742],[5086, 36740],[5086, 36739],[5086, 36737],[5086, 36736],[5086, 36734],[5086, 36733],[5086, 36732],[5086, 36731],[5086, 36730],[5086, 36728],[5086, 36726],[5086, 36724],[5086, 36722],[5087, 36719],[5088, 36717],[5089, 36716],[5089, 36715],[5090, 36715],[5090, 36714],[5091, 36713],[5091, 36712],[5092, 36709],[5093, 36707],[5094, 36705],[5096, 36702],[5097, 36701],[5097, 36700],[5098, 36699],[5098, 36698],[5102, 36692],[5103, 36691],[5104, 36689],[5105, 36688],[5105, 36687],[5106, 36687],[5106, 36686],[5107, 36685],[5109, 36684],[5109, 36683],[5111, 36682],[5112, 36680],[5113, 36679],[5114, 36678],[5115, 36677],[5117, 36676],[5118, 36675],[5121, 36673],[5123, 36672],[5125, 36671],[5126, 36671],[5126, 36670],[5129, 36669],[5133, 36668],[5134, 36668],[5135, 36668],[5139, 36668],[5140, 36668],[5141, 36668],[5143, 36668],[5144, 36668],[5145, 36666],[5147, 36665],[5148, 36665],[5149, 36663],[5152, 36662],[5154, 36662],[5154, 36661],[5157, 36660],[5159, 36660],[5160, 36659],[5162, 36658],[5165, 36657],[5166, 36656],[5169, 36655],[5171, 36655],[5171, 36654],[5174, 36653],[5176, 36652],[5177, 36652],[5178, 36651],[5181, 36650],[5182, 36649],[5185, 36648],[5188, 36647],[5191, 36646],[5195, 36645],[5219, 36645],[5224, 36646],[5232, 36646],[5235, 36647],[5257, 36647],[5260, 36648],[5261, 36649],[5262, 36649],[5265, 36650],[5268, 36650],[5272, 36651],[5275, 36652],[5278, 36653],[5279, 36654],[5282, 36655],[5284, 36656],[5285, 36657],[5286, 36658],[5288, 36659],[5290, 36660],[5292, 36661],[5293, 36662],[5295, 36663],[5296, 36665],[5297, 36665],[5299, 36666],[5300, 36668],[5301, 36668],[5302, 36669],[5304, 36670],[5305, 36672],[5306, 36672],[5308, 36673],[5310, 36676],[5313, 36678],[5314, 36680],[5315, 36681],[5316, 36683],[5317, 36685],[5317, 36686],[5318, 36686],[5318, 36687],[5319, 36687],[5319, 36688],[5320, 36688],[5320, 36689],[5321, 36689],[5322, 36690],[5325, 36691],[5326, 36692],[5329, 36693],[5332, 36694],[5334, 36695],[5335, 36696],[5337, 36698],[5339, 36700],[5340, 36701],[5341, 36703],[5342, 36706],[5343, 36710],[5343, 36711],[5343, 36712],[5343, 36713],[5343, 36714],[5343, 36715],[5343, 36716],[5343, 36717],[5343, 36718],[5343, 36719],[5343, 36720],[5343, 36721],[5343, 36722],[5343, 36723],[5343, 36724],[5343, 36725],[5343, 36726],[5343, 36727],[5343, 36728],[5343, 36729],[5343, 36730],[5343, 36731],[5343, 36732],[5343, 36734],[5343, 36736],[5343, 36737],[5343, 36738],[5343, 36740],[5343, 36741],[5343, 36742],[5343, 36743],[5343, 36744],[5343, 36746],[5343, 36747],[5343, 36749],[5342, 36753],[5341, 36756],[5340, 36757],[5339, 36759],[5338, 36761],[5337, 36763],[5336, 36764],[5335, 36765],[5333, 36768],[5332, 36770],[5330, 36771],[5330, 36772],[5329, 36772],[5329, 36773],[5328, 36774],[5327, 36775],[5326, 36775],[5325, 36777],[5323, 36778],[5322, 36779],[5320, 36780],[5319, 36781],[5318, 36782],[5315, 36784],[5312, 36786],[5311, 36787],[5308, 36789],[5307, 36789],[5306, 36791],[5303, 36792],[5302, 36792],[5302, 36793],[5301, 36793],[5300, 36794],[5299, 36795],[5298, 36796],[5297, 36796],[5297, 36797],[5296, 36797],[5295, 36798],[5293, 36799],[5290, 36800],[5289, 36801],[5288, 36802],[5286, 36803],[5284, 36804],[5283, 36805],[5280, 36806],[5276, 36808],[5275, 36809],[5273, 36810],[5271, 36811],[5270, 36811],[5270, 36812],[5269, 36812],[5268, 36813],[5267, 36814],[5266, 36815],[5265, 36816],[5264, 36816],[5264, 36817],[5263, 36817],[5262, 36819],[5261, 36819],[5260, 36821],[5257, 36822],[5256, 36823],[5253, 36824],[5249, 36825],[5242, 36825],[5238, 36824],[5235, 36823],[5233, 36820],[5230, 36818],[5229, 36816],[5228, 36815],[5227, 36813],[5226, 36811],[5226, 36810],[5226, 36809],[5225, 36809],[5225, 36808],[5224, 36807],[5223, 36805],[5223, 36804],[5222, 36804],[5222, 36803],[5220, 36802],[5218, 36801],[5215, 36799],[5213, 36798],[5209, 36796],[5207, 36796],[5204, 36795],[5203, 36794],[5202, 36794],[5199, 36794],[5195, 36793],[5175, 36793],[5171, 36792],[5170, 36792],[5165, 36791],[5162, 36791],[5158, 36790],[5155, 36790],[5151, 36789],[5147, 36789],[5144, 36788],[5141, 36788],[5138, 36787],[5137, 36787],[5133, 36786],[5131, 36786],[5128, 36785],[5126, 36784],[5125, 36784],[5121, 36783],[5118, 36782],[5117, 36781],[5114, 36780],[5112, 36779],[5111, 36778]],[[7363, 38065],[7361, 38062],[7359, 38060],[7357, 38058],[7356, 38057],[7355, 38056],[7353, 38054],[7351, 38052],[7348, 38048],[7345, 38046],[7342, 38044],[7339, 38040],[7337, 38037],[7335, 38034],[7332, 38029],[7332, 38028],[7330, 38025],[7329, 38020],[7329, 38018],[7328, 38017],[7328, 38015],[7326, 38012],[7325, 38006],[7324, 38001],[7324, 38000],[7324, 37998],[7324, 37997],[7324, 37996],[7324, 37995],[7324, 37992],[7324, 37991],[7324, 37990],[7324, 37987],[7325, 37983],[7326, 37979],[7328, 37977],[7328, 37976],[7329, 37975],[7329, 37974],[7331, 37972],[7331, 37970],[7333, 37968],[7333, 37967],[7335, 37964],[7337, 37961],[7338, 37960],[7340, 37958],[7341, 37957],[7342, 37956],[7345, 37955],[7345, 37954],[7348, 37952],[7349, 37951],[7354, 37948],[7358, 37945],[7361, 37944],[7363, 37944],[7364, 37943],[7366, 37943],[7367, 37942],[7370, 37942],[7371, 37941],[7376, 37940],[7377, 37940],[7380, 37939],[7381, 37939],[7384, 37938],[7386, 37937],[7390, 37936],[7394, 37935],[7400, 37935],[7405, 37934],[7407, 37934],[7410, 37933],[7411, 37933],[7416, 37932],[7421, 37932],[7426, 37931],[7448, 37931],[7453, 37932],[7455, 37932],[7460, 37933],[7465, 37934],[7466, 37935],[7469, 37935],[7470, 37935],[7473, 37936],[7475, 37937],[7480, 37940],[7483, 37942],[7488, 37945],[7489, 37946],[7491, 37946],[7496, 37949],[7500, 37952],[7501, 37953],[7503, 37955],[7505, 37957],[7506, 37958],[7507, 37959],[7510, 37962],[7511, 37963],[7513, 37964],[7514, 37965],[7515, 37965],[7516, 37966],[7518, 37967],[7519, 37968],[7521, 37970],[7526, 37973],[7530, 37976],[7531, 37977],[7532, 37978],[7533, 37979],[7533, 37980],[7534, 37980],[7538, 37983],[7540, 37986],[7542, 37989],[7544, 37992],[7546, 37995],[7546, 37996],[7547, 37997],[7547, 37998],[7548, 37999],[7549, 38000],[7552, 38005],[7553, 38006],[7554, 38007],[7557, 38012],[7559, 38014],[7560, 38015],[7562, 38018],[7563, 38019],[7565, 38022],[7566, 38023],[7567, 38024],[7569, 38026],[7572, 38031],[7572, 38032],[7573, 38032],[7574, 38033],[7578, 38036],[7579, 38037],[7580, 38039],[7581, 38040],[7583, 38043],[7586, 38046],[7588, 38049],[7590, 38052],[7592, 38055],[7592, 38056],[7593, 38057],[7594, 38059],[7595, 38060],[7596, 38061],[7598, 38064],[7600, 38067],[7601, 38068],[7603, 38071],[7605, 38074],[7606, 38075],[7609, 38079],[7612, 38084],[7614, 38087],[7614, 38088],[7615, 38089],[7616, 38094],[7616, 38096],[7617, 38097],[7617, 38099],[7618, 38100],[7619, 38105],[7619, 38108],[7620, 38108],[7621, 38110],[7621, 38112],[7622, 38113],[7622, 38114],[7623, 38115],[7624, 38121],[7625, 38126],[7625, 38127],[7625, 38129],[7625, 38134],[7625, 38136],[7625, 38143],[7626, 38148],[7626, 38150],[7626, 38151],[7626, 38153],[7625, 38158],[7624, 38164],[7623, 38166],[7622, 38167],[7622, 38169],[7621, 38171],[7619, 38174],[7619, 38175],[7618, 38176],[7618, 38178],[7615, 38183],[7614, 38185],[7613, 38188],[7610, 38193],[7607, 38197],[7605, 38199],[7603, 38201],[7602, 38202],[7601, 38203],[7600, 38204],[7599, 38205],[7598, 38206],[7597, 38207],[7596, 38208],[7592, 38211],[7587, 38214],[7584, 38215],[7583, 38215],[7581, 38215],[7579, 38217],[7577, 38217],[7576, 38218],[7574, 38219],[7570, 38220],[7566, 38221],[7560, 38221],[7555, 38222],[7549, 38223],[7546, 38224],[7545, 38224],[7540, 38225],[7519, 38225],[7516, 38226],[7511, 38226],[7508, 38227],[7505, 38227],[7504, 38227],[7503, 38227],[7502, 38227],[7500, 38227],[7499, 38227],[7497, 38228],[7495, 38228],[7494, 38229],[7491, 38231],[7486, 38234],[7484, 38235],[7481, 38235],[7480, 38236],[7478, 38237],[7475, 38238],[7473, 38239],[7469, 38240],[7465, 38242],[7460, 38243],[7459, 38243],[7456, 38245],[7453, 38246],[7452, 38246],[7449, 38247],[7448, 38247],[7447, 38247],[7444, 38249],[7443, 38249],[7438, 38252],[7436, 38252],[7435, 38253],[7433, 38254],[7432, 38254],[7431, 38255],[7430, 38256],[7426, 38259],[7424, 38261],[7422, 38263],[7418, 38266],[7416, 38268],[7412, 38271],[7415, 38275],[7416, 38281],[7417, 38286],[7417, 38287],[7416, 38292],[7415, 38298],[7412, 38303],[7412, 38304],[7411, 38304],[7411, 38306],[7409, 38309],[7409, 38310],[7407, 38313],[7407, 38314],[7406, 38316],[7403, 38321],[7401, 38324],[7401, 38325],[7398, 38330],[7395, 38334],[7394, 38335],[7393, 38336],[7391, 38338],[7388, 38342],[7387, 38342],[7387, 38343],[7383, 38346],[7378, 38349],[7372, 38350],[7367, 38351],[7362, 38350],[7356, 38349],[7352, 38346],[7351, 38346],[7350, 38346],[7349, 38346],[7346, 38347],[7343, 38347],[7342, 38347],[7341, 38347],[7340, 38347],[7339, 38347],[7338, 38347],[7336, 38347],[7331, 38346],[7325, 38345],[7321, 38344],[7320, 38343],[7317, 38343],[7316, 38342],[7314, 38342],[7313, 38342],[7310, 38341],[7305, 38340],[7304, 38340],[7303, 38340],[7299, 38339],[7298, 38338],[7296, 38338],[7294, 38336],[7293, 38336],[7289, 38335],[7288, 38334],[7285, 38334],[7280, 38333],[7274, 38332],[7273, 38332],[7270, 38331],[7269, 38330],[7267, 38330],[7264, 38330],[7262, 38330],[7257, 38329],[7251, 38328],[7250, 38328],[7245, 38327],[7244, 38327],[7243, 38327],[7241, 38327],[7236, 38326],[7235, 38326],[7232, 38325],[7231, 38325],[7227, 38324],[7226, 38323],[7224, 38323],[7221, 38322],[7220, 38321],[7218, 38321],[7217, 38320],[7214, 38320],[7213, 38319],[7212, 38319],[7211, 38319],[7209, 38319],[7206, 38319],[7205, 38319],[7203, 38319],[7201, 38319],[7196, 38318],[7193, 38318],[7189, 38317],[7185, 38316],[7183, 38316],[7181, 38316],[7178, 38316],[7177, 38316],[7175, 38316],[7173, 38316],[7172, 38316],[7169, 38316],[7167, 38316],[7166, 38316],[7163, 38316],[7161, 38316],[7157, 38316],[7155, 38316],[7154, 38316],[7152, 38316],[7149, 38316],[7146, 38315],[7144, 38315],[7139, 38314],[7138, 38314],[7136, 38314],[7135, 38314],[7133, 38314],[7132, 38314],[7129, 38314],[7127, 38314],[7126, 38314],[7125, 38314],[7124, 38314],[7123, 38314],[7121, 38314],[7119, 38314],[7118, 38314],[7116, 38314],[7114, 38314],[7113, 38314],[7107, 38313],[7105, 38313],[7103, 38313],[7098, 38312],[7096, 38312],[7095, 38312],[7094, 38312],[7092, 38312],[7091, 38312],[7090, 38312],[7089, 38312],[7088, 38312],[7087, 38312],[7085, 38312],[7082, 38312],[7080, 38312],[7078, 38312],[7075, 38313],[7072, 38313],[7070, 38313],[7065, 38314],[7063, 38314],[7062, 38314],[7061, 38314],[7060, 38314],[7058, 38314],[7053, 38313],[7052, 38312],[7049, 38312],[7044, 38311],[7043, 38310],[7040, 38310],[7039, 38309],[7038, 38309],[7035, 38307],[7034, 38307],[7031, 38306],[7028, 38304],[7026, 38303],[7022, 38301],[7021, 38300],[7019, 38300],[7016, 38298],[7010, 38296],[7007, 38295],[7006, 38294],[7005, 38294],[7002, 38293],[6997, 38292],[6996, 38291],[6994, 38291],[6992, 38290],[6991, 38289],[6990, 38288],[6988, 38288],[6987, 38287],[6984, 38287],[6983, 38286],[6982, 38286],[6981, 38285],[6979, 38285],[6978, 38284],[6977, 38284],[6976, 38283],[6974, 38283],[6972, 38281],[6970, 38281],[6968, 38280],[6967, 38279],[6962, 38276],[6961, 38275],[6959, 38275],[6952, 38272],[6948, 38270],[6942, 38267],[6938, 38266],[6933, 38264],[6931, 38263],[6928, 38262],[6927, 38262],[6923, 38261],[6921, 38259],[6920, 38259],[6919, 38258],[6916, 38257],[6914, 38256],[6913, 38256],[6911, 38255],[6906, 38253],[6905, 38253],[6902, 38252],[6901, 38252],[6897, 38251],[6895, 38249],[6894, 38249],[6891, 38247],[6888, 38245],[6887, 38244],[6884, 38242],[6883, 38242],[6880, 38240],[6877, 38238],[6876, 38238],[6874, 38236],[6872, 38236],[6871, 38236],[6868, 38235],[6865, 38233],[6862, 38231],[6859, 38229],[6856, 38227],[6855, 38226],[6854, 38226],[6854, 38225],[6852, 38225],[6850, 38223],[6848, 38223],[6844, 38220],[6839, 38217],[6837, 38215],[6835, 38215],[6831, 38212],[6826, 38209],[6825, 38208],[6824, 38208],[6822, 38206],[6821, 38206],[6819, 38205],[6818, 38204],[6811, 38200],[6810, 38199],[6808, 38198],[6807, 38198],[6804, 38197],[6802, 38197],[6800, 38196],[6798, 38196],[6796, 38196],[6793, 38196],[6789, 38195],[6785, 38194],[6784, 38193],[6783, 38193],[6780, 38192],[6776, 38191],[6770, 38190],[6766, 38187],[6761, 38184],[6758, 38180],[6755, 38175],[6754, 38173],[6753, 38167],[6752, 38162],[6752, 38161],[6752, 38160],[6752, 38159],[6752, 38158],[6752, 38155],[6752, 38154],[6752, 38152],[6752, 38151],[6752, 38149],[6752, 38146],[6752, 38145],[6752, 38143],[6752, 38142],[6753, 38137],[6754, 38131],[6755, 38130],[6755, 38129],[6757, 38127],[6757, 38124],[6760, 38119],[6763, 38115],[6766, 38110],[6768, 38108],[6769, 38106],[6770, 38104],[6775, 38097],[6777, 38096],[6778, 38093],[6780, 38091],[6782, 38088],[6786, 38085],[6789, 38084],[6789, 38083],[6792, 38081],[6795, 38079],[6796, 38079],[6797, 38078],[6798, 38078],[6800, 38076],[6801, 38076],[6804, 38074],[6808, 38071],[6813, 38070],[6815, 38070],[6816, 38069],[6819, 38069],[6819, 38068],[6820, 38063],[6821, 38057],[6824, 38053],[6827, 38048],[6832, 38045],[6836, 38042],[6839, 38041],[6840, 38041],[6843, 38040],[6844, 38040],[6847, 38040],[6848, 38039],[6853, 38038],[6854, 38038],[6858, 38037],[6862, 38036],[6863, 38036],[6868, 38035],[6871, 38035],[6871, 38034],[6873, 38033],[6877, 38032],[6878, 38032],[6885, 38029],[6889, 38028],[6893, 38025],[6894, 38024],[6895, 38024],[6896, 38022],[6898, 38021],[6901, 38017],[6902, 38016],[6903, 38015],[6904, 38013],[6905, 38012],[6906, 38011],[6906, 38010],[6907, 38005],[6908, 37999],[6911, 37995],[6914, 37990],[6919, 37987],[6923, 37984],[6929, 37983],[6934, 37982],[6934, 37980],[6934, 37978],[6935, 37977],[6935, 37976],[6937, 37973],[6937, 37972],[6940, 37970],[6941, 37967],[6944, 37966],[6946, 37963],[6947, 37963],[6950, 37961],[6951, 37961],[6952, 37960],[6956, 37960],[6958, 37959],[6965, 37959],[6966, 37960],[6970, 37960],[6971, 37961],[6972, 37961],[6975, 37963],[6976, 37963],[6977, 37964],[6981, 37967],[6983, 37970],[6985, 37972],[6985, 37973],[6987, 37976],[6987, 37977],[6988, 37978],[6988, 37982],[6989, 37984],[6989, 37987],[6989, 37988],[6989, 37989],[6989, 37990],[6989, 37991],[6988, 37996],[6987, 38002],[6987, 38003],[6986, 38005],[6986, 38007],[6986, 38008],[6985, 38011],[6983, 38014],[6983, 38016],[6982, 38021],[6981, 38022],[6981, 38024],[6981, 38025],[6980, 38028],[6979, 38030],[6978, 38031],[6978, 38034],[6977, 38036],[6976, 38040],[6975, 38041],[6975, 38043],[6973, 38046],[6973, 38047],[6972, 38049],[6971, 38055],[6971, 38056],[6970, 38061],[6970, 38063],[6970, 38065],[6970, 38066],[6970, 38068],[6970, 38071],[6969, 38074],[6969, 38076],[6969, 38078],[6969, 38082],[6969, 38084],[6969, 38085],[6969, 38087],[6969, 38090],[6968, 38093],[6968, 38095],[6968, 38097],[6968, 38100],[6968, 38101],[6968, 38103],[6968, 38104],[6968, 38106],[6967, 38111],[6967, 38112],[6967, 38113],[6967, 38114],[6967, 38115],[6967, 38116],[6967, 38117],[6967, 38119],[6968, 38120],[6968, 38121],[6971, 38123],[6973, 38126],[6974, 38127],[6975, 38128],[6976, 38128],[6979, 38129],[6984, 38132],[6988, 38135],[6989, 38136],[6991, 38137],[6992, 38137],[6994, 38138],[6999, 38141],[7000, 38142],[7001, 38142],[7002, 38142],[7005, 38143],[7006, 38143],[7009, 38144],[7011, 38145],[7014, 38147],[7016, 38147],[7017, 38148],[7019, 38148],[7024, 38151],[7027, 38154],[7030, 38154],[7032, 38154],[7037, 38155],[7039, 38156],[7041, 38156],[7042, 38156],[7045, 38157],[7046, 38157],[7049, 38158],[7051, 38159],[7053, 38160],[7054, 38161],[7056, 38161],[7057, 38161],[7060, 38162],[7061, 38163],[7064, 38163],[7069, 38164],[7070, 38165],[7072, 38165],[7073, 38165],[7076, 38166],[7077, 38166],[7080, 38167],[7082, 38168],[7085, 38170],[7086, 38170],[7087, 38171],[7089, 38171],[7094, 38171],[7099, 38172],[7100, 38173],[7103, 38173],[7108, 38174],[7109, 38175],[7112, 38175],[7113, 38176],[7115, 38176],[7120, 38177],[7125, 38178],[7127, 38179],[7131, 38180],[7132, 38180],[7135, 38181],[7140, 38182],[7146, 38183],[7151, 38184],[7152, 38184],[7155, 38185],[7158, 38185],[7164, 38186],[7166, 38186],[7171, 38187],[7172, 38188],[7175, 38188],[7177, 38189],[7183, 38190],[7191, 38190],[7197, 38191],[7201, 38191],[7208, 38192],[7217, 38192],[7220, 38193],[7223, 38193],[7228, 38194],[7234, 38195],[7237, 38196],[7238, 38196],[7242, 38197],[7295, 38197],[7301, 38198],[7308, 38198],[7313, 38199],[7325, 38199],[7330, 38198],[7361, 38198],[7362, 38197],[7364, 38197],[7365, 38196],[7369, 38195],[7373, 38194],[7376, 38194],[7384, 38193],[7396, 38193],[7397, 38192],[7400, 38187],[7402, 38186],[7404, 38182],[7405, 38181],[7406, 38181],[7407, 38178],[7408, 38178],[7408, 38177],[7409, 38176],[7412, 38174],[7413, 38173],[7414, 38172],[7415, 38171],[7418, 38170],[7418, 38169],[7421, 38167],[7422, 38166],[7423, 38165],[7424, 38164],[7426, 38163],[7427, 38162],[7428, 38162],[7428, 38161],[7428, 38160],[7429, 38159],[7429, 38157],[7430, 38156],[7430, 38154],[7431, 38153],[7431, 38151],[7432, 38150],[7432, 38148],[7434, 38146],[7434, 38144],[7434, 38143],[7434, 38142],[7434, 38141],[7434, 38140],[7434, 38139],[7434, 38138],[7434, 38136],[7434, 38135],[7434, 38133],[7434, 38132],[7434, 38131],[7434, 38130],[7435, 38126],[7434, 38125],[7429, 38122],[7426, 38118],[7425, 38117],[7424, 38116],[7423, 38115],[7422, 38114],[7419, 38112],[7417, 38110],[7414, 38106],[7412, 38103],[7411, 38102],[7408, 38099],[7407, 38098],[7402, 38095],[7398, 38092],[7397, 38090],[7396, 38090],[7395, 38089],[7394, 38089],[7390, 38086],[7385, 38083],[7384, 38082],[7383, 38081],[7382, 38080],[7379, 38078],[7374, 38075],[7370, 38072],[7367, 38068],[7363, 38065]],[[6985, 38385],[6993, 38384],[7001, 38385],[7009, 38387],[7016, 38391],[7022, 38396],[7027, 38402],[7031, 38409],[7033, 38417],[7034, 38425],[7034, 38427],[7034, 38429],[7034, 38430],[7034, 38432],[7034, 38434],[7034, 38435],[7034, 38437],[7034, 38440],[7034, 38443],[7034, 38445],[7034, 38450],[7034, 38455],[7035, 38459],[7035, 38461],[7037, 38468],[7037, 38470],[7038, 38472],[7038, 38475],[7039, 38476],[7040, 38478],[7040, 38480],[7041, 38481],[7043, 38488],[7045, 38492],[7047, 38500],[7047, 38502],[7048, 38503],[7050, 38509],[7050, 38510],[7050, 38511],[7051, 38512],[7052, 38514],[7053, 38516],[7055, 38519],[7059, 38522],[7060, 38524],[7062, 38525],[7067, 38530],[7069, 38532],[7071, 38533],[7072, 38534],[7076, 38536],[7078, 38537],[7084, 38541],[7090, 38546],[7092, 38548],[7095, 38550],[7097, 38551],[7099, 38552],[7101, 38553],[7102, 38554],[7103, 38555],[7106, 38557],[7107, 38558],[7108, 38559],[7109, 38560],[7112, 38562],[7113, 38563],[7115, 38564],[7117, 38565],[7119, 38566],[7120, 38567],[7121, 38568],[7124, 38570],[7125, 38571],[7126, 38572],[7128, 38574],[7130, 38576],[7132, 38577],[7135, 38579],[7137, 38580],[7139, 38581],[7146, 38585],[7147, 38586],[7148, 38586],[7151, 38587],[7154, 38588],[7158, 38589],[7166, 38591],[7173, 38595],[7174, 38596],[7176, 38596],[7184, 38598],[7185, 38598],[7187, 38599],[7191, 38600],[7195, 38601],[7196, 38601],[7196, 38602],[7200, 38602],[7207, 38604],[7210, 38605],[7213, 38605],[7219, 38606],[7223, 38608],[7225, 38608],[7234, 38611],[7239, 38611],[7247, 38613],[7248, 38614],[7250, 38614],[7252, 38615],[7253, 38615],[7255, 38615],[7258, 38615],[7260, 38614],[7264, 38613],[7265, 38613],[7267, 38612],[7270, 38610],[7276, 38605],[7280, 38603],[7281, 38602],[7282, 38602],[7284, 38600],[7285, 38600],[7288, 38597],[7295, 38593],[7298, 38592],[7305, 38588],[7307, 38587],[7308, 38587],[7311, 38585],[7315, 38584],[7317, 38583],[7318, 38583],[7320, 38582],[7321, 38582],[7323, 38581],[7325, 38581],[7326, 38580],[7329, 38579],[7331, 38578],[7339, 38576],[7343, 38576],[7344, 38575],[7351, 38573],[7352, 38573],[7356, 38571],[7361, 38570],[7365, 38567],[7372, 38563],[7374, 38562],[7382, 38560],[7390, 38559],[7391, 38559],[7393, 38559],[7395, 38559],[7403, 38560],[7411, 38562],[7412, 38562],[7414, 38563],[7421, 38565],[7429, 38568],[7433, 38569],[7436, 38569],[7444, 38571],[7452, 38573],[7454, 38574],[7457, 38575],[7459, 38576],[7467, 38578],[7469, 38579],[7477, 38581],[7479, 38582],[7483, 38583],[7485, 38584],[7488, 38585],[7491, 38586],[7492, 38587],[7495, 38589],[7498, 38591],[7501, 38593],[7502, 38594],[7503, 38595],[7507, 38597],[7508, 38598],[7509, 38598],[7516, 38602],[7517, 38602],[7521, 38605],[7525, 38608],[7528, 38610],[7530, 38611],[7532, 38612],[7533, 38613],[7534, 38614],[7537, 38616],[7538, 38617],[7540, 38618],[7542, 38619],[7549, 38621],[7551, 38622],[7554, 38623],[7555, 38623],[7557, 38624],[7559, 38625],[7562, 38625],[7570, 38626],[7571, 38626],[7579, 38628],[7582, 38629],[7585, 38630],[7588, 38631],[7592, 38631],[7595, 38631],[7603, 38632],[7608, 38633],[7613, 38634],[7614, 38634],[7622, 38636],[7623, 38637],[7625, 38637],[7625, 38635],[7629, 38628],[7634, 38622],[7640, 38617],[7642, 38616],[7643, 38615],[7650, 38611],[7652, 38611],[7652, 38610],[7656, 38607],[7659, 38605],[7663, 38602],[7670, 38598],[7671, 38597],[7663, 38574],[7661, 38566],[7661, 38565],[7660, 38561],[7659, 38557],[7658, 38554],[7654, 38547],[7653, 38544],[7649, 38537],[7648, 38532],[7646, 38529],[7644, 38521],[7644, 38519],[7643, 38518],[7642, 38516],[7642, 38515],[7641, 38514],[7640, 38512],[7640, 38511],[7639, 38508],[7634, 38503],[7630, 38496],[7630, 38495],[7628, 38492],[7628, 38490],[7627, 38489],[7627, 38488],[7626, 38487],[7626, 38486],[7624, 38482],[7623, 38474],[7623, 38471],[7623, 38470],[7623, 38468],[7623, 38467],[7623, 38466],[7623, 38465],[7623, 38460],[7623, 38455],[7623, 38454],[7622, 38444],[7622, 38440],[7622, 38437],[7622, 38436],[7622, 38429],[7622, 38428],[7621, 38424],[7620, 38416],[7620, 38415],[7618, 38408],[7617, 38400],[7617, 38397],[7617, 38394],[7617, 38392],[7617, 38391],[7617, 38389],[7617, 38388],[7617, 38384],[7617, 38383],[7618, 38375],[7620, 38367],[7624, 38360],[7629, 38354],[7631, 38352],[7637, 38347],[7644, 38343],[7652, 38341],[7660, 38340],[7668, 38341],[7676, 38343],[7683, 38347],[7689, 38352],[7694, 38358],[7697, 38362],[7697, 38363],[7701, 38369],[7702, 38371],[7705, 38375],[7705, 38376],[7706, 38377],[7709, 38381],[7713, 38388],[7714, 38390],[7719, 38397],[7720, 38398],[7725, 38404],[7726, 38406],[7729, 38409],[7734, 38416],[7737, 38423],[7739, 38428],[7741, 38430],[7742, 38431],[7744, 38434],[7745, 38435],[7746, 38436],[7747, 38438],[7748, 38440],[7749, 38442],[7753, 38447],[7755, 38451],[7756, 38452],[7757, 38454],[7758, 38455],[7762, 38462],[7763, 38463],[7764, 38465],[7766, 38468],[7767, 38469],[7770, 38473],[7772, 38475],[7773, 38475],[7777, 38478],[7784, 38483],[7785, 38484],[7786, 38485],[7787, 38486],[7788, 38488],[7789, 38488],[7790, 38489],[7793, 38491],[7793, 38492],[7796, 38493],[7798, 38495],[7800, 38496],[7802, 38498],[7804, 38500],[7808, 38503],[7809, 38504],[7809, 38505],[7810, 38505],[7815, 38511],[7816, 38512],[7818, 38515],[7819, 38516],[7820, 38517],[7821, 38519],[7822, 38521],[7823, 38523],[7823, 38525],[7824, 38526],[7825, 38529],[7826, 38531],[7827, 38535],[7828, 38537],[7829, 38539],[7829, 38541],[7830, 38542],[7832, 38550],[7832, 38552],[7833, 38556],[7834, 38564],[7834, 38567],[7834, 38571],[7835, 38579],[7835, 38581],[7836, 38585],[7837, 38593],[7837, 38596],[7838, 38600],[7839, 38608],[7839, 38611],[7839, 38613],[7839, 38619],[7839, 38624],[7839, 38626],[7839, 38631],[7839, 38633],[7839, 38634],[7839, 38635],[7839, 38636],[7839, 38638],[7839, 38643],[7837, 38651],[7836, 38652],[7836, 38654],[7835, 38656],[7834, 38658],[7833, 38660],[7832, 38661],[7831, 38662],[7831, 38663],[7829, 38666],[7829, 38667],[7829, 38668],[7828, 38672],[7826, 38680],[7825, 38682],[7824, 38685],[7821, 38692],[7821, 38693],[7819, 38697],[7819, 38698],[7818, 38699],[7825, 38702],[7832, 38706],[7837, 38711],[7838, 38712],[7843, 38718],[7844, 38721],[7846, 38724],[7847, 38727],[7849, 38733],[7849, 38740],[7849, 38741],[7849, 38743],[7849, 38744],[7849, 38746],[7849, 38748],[7849, 38749],[7849, 38751],[7849, 38753],[7849, 38754],[7849, 38756],[7849, 38758],[7849, 38761],[7849, 38764],[7849, 38766],[7849, 38771],[7849, 38772],[7849, 38774],[7849, 38777],[7849, 38781],[7849, 38782],[7848, 38790],[7846, 38798],[7844, 38802],[7844, 38803],[7844, 38804],[7844, 38805],[7843, 38813],[7842, 38817],[7842, 38819],[7840, 38827],[7840, 38830],[7840, 38832],[7840, 38833],[7840, 38835],[7839, 38843],[7839, 38848],[7839, 38858],[7839, 38860],[7839, 38863],[7839, 38865],[7839, 38866],[7839, 38868],[7839, 38873],[7837, 38881],[7837, 38883],[7837, 38884],[7837, 38886],[7837, 38888],[7837, 38889],[7837, 38891],[7837, 38892],[7837, 38894],[7836, 38902],[7834, 38910],[7832, 38914],[7832, 38915],[7831, 38916],[7831, 38917],[7830, 38919],[7829, 38920],[7827, 38924],[7824, 38927],[7824, 38928],[7826, 38931],[7828, 38939],[7828, 38941],[7829, 38944],[7830, 38952],[7830, 38953],[7830, 38956],[7831, 38960],[7832, 38966],[7833, 38969],[7834, 38977],[7834, 38980],[7835, 38988],[7835, 38990],[7836, 38992],[7837, 39000],[7837, 39001],[7838, 39005],[7838, 39009],[7839, 39010],[7839, 39012],[7840, 39014],[7841, 39016],[7843, 39024],[7843, 39028],[7844, 39029],[7845, 39031],[7845, 39032],[7846, 39034],[7848, 39035],[7856, 39037],[7863, 39041],[7869, 39046],[7874, 39052],[7878, 39059],[7880, 39067],[7881, 39071],[7881, 39073],[7881, 39075],[7881, 39077],[7881, 39078],[7881, 39081],[7880, 39089],[7880, 39092],[7878, 39100],[7877, 39101],[7877, 39103],[7876, 39105],[7875, 39107],[7871, 39114],[7870, 39116],[7868, 39120],[7866, 39122],[7865, 39124],[7864, 39125],[7861, 39129],[7860, 39131],[7855, 39137],[7854, 39138],[7853, 39139],[7851, 39140],[7850, 39142],[7844, 39147],[7841, 39148],[7841, 39149],[7838, 39151],[7837, 39152],[7836, 39153],[7834, 39154],[7832, 39155],[7830, 39157],[7824, 39162],[7821, 39163],[7816, 39168],[7812, 39170],[7811, 39171],[7810, 39172],[7807, 39174],[7806, 39175],[7805, 39176],[7803, 39177],[7801, 39178],[7800, 39179],[7799, 39180],[7798, 39181],[7793, 39186],[7792, 39187],[7786, 39191],[7785, 39191],[7784, 39193],[7781, 39197],[7779, 39200],[7776, 39204],[7775, 39205],[7774, 39205],[7774, 39206],[7771, 39209],[7770, 39211],[7768, 39215],[7767, 39218],[7764, 39223],[7763, 39225],[7763, 39226],[7762, 39227],[7762, 39228],[7761, 39230],[7760, 39231],[7758, 39235],[7757, 39236],[7757, 39237],[7755, 39241],[7755, 39242],[7754, 39243],[7754, 39244],[7753, 39246],[7752, 39248],[7750, 39256],[7749, 39257],[7749, 39259],[7748, 39261],[7747, 39263],[7746, 39265],[7745, 39266],[7744, 39267],[7743, 39268],[7743, 39269],[7742, 39271],[7741, 39273],[7740, 39274],[7739, 39275],[7738, 39277],[7733, 39283],[7732, 39284],[7727, 39291],[7726, 39292],[7722, 39295],[7722, 39296],[7720, 39299],[7719, 39300],[7719, 39301],[7715, 39307],[7710, 39313],[7708, 39315],[7708, 39316],[7707, 39319],[7707, 39322],[7706, 39326],[7708, 39328],[7712, 39335],[7712, 39336],[7714, 39339],[7715, 39341],[7715, 39342],[7715, 39343],[7716, 39344],[7716, 39345],[7718, 39349],[7719, 39357],[7719, 39360],[7719, 39361],[7719, 39363],[7719, 39365],[7719, 39368],[7717, 39376],[7716, 39377],[7716, 39379],[7715, 39381],[7714, 39383],[7713, 39385],[7712, 39386],[7711, 39387],[7710, 39389],[7707, 39393],[7705, 39396],[7700, 39402],[7698, 39404],[7694, 39410],[7689, 39416],[7685, 39420],[7684, 39420],[7684, 39421],[7683, 39422],[7680, 39425],[7679, 39426],[7678, 39426],[7678, 39427],[7677, 39429],[7676, 39430],[7674, 39434],[7672, 39437],[7671, 39438],[7670, 39440],[7665, 39446],[7659, 39451],[7652, 39455],[7644, 39457],[7636, 39458],[7628, 39457],[7620, 39455],[7613, 39451],[7607, 39446],[7602, 39440],[7598, 39433],[7596, 39425],[7595, 39417],[7595, 39415],[7594, 39414],[7590, 39407],[7588, 39399],[7587, 39391],[7587, 39389],[7587, 39387],[7587, 39386],[7587, 39385],[7584, 39384],[7577, 39383],[7572, 39382],[7566, 39381],[7565, 39381],[7563, 39382],[7562, 39382],[7556, 39384],[7555, 39384],[7552, 39386],[7548, 39387],[7545, 39388],[7542, 39390],[7535, 39393],[7529, 39396],[7521, 39398],[7513, 39399],[7505, 39398],[7497, 39396],[7490, 39392],[7484, 39387],[7479, 39381],[7475, 39374],[7473, 39366],[7472, 39358],[7472, 39356],[7473, 39348],[7475, 39340],[7479, 39333],[7484, 39327],[7490, 39322],[7497, 39318],[7501, 39317],[7507, 39313],[7509, 39312],[7512, 39310],[7513, 39309],[7514, 39308],[7516, 39307],[7518, 39306],[7520, 39305],[7521, 39305],[7522, 39304],[7527, 39300],[7529, 39298],[7530, 39297],[7534, 39292],[7536, 39291],[7537, 39290],[7538, 39287],[7540, 39284],[7545, 39278],[7547, 39276],[7551, 39270],[7555, 39266],[7557, 39264],[7558, 39263],[7559, 39262],[7560, 39261],[7561, 39260],[7565, 39256],[7566, 39255],[7567, 39254],[7568, 39253],[7574, 39248],[7576, 39247],[7577, 39246],[7582, 39242],[7583, 39242],[7584, 39240],[7586, 39239],[7587, 39237],[7591, 39234],[7596, 39230],[7597, 39230],[7600, 39227],[7603, 39225],[7607, 39222],[7611, 39218],[7612, 39217],[7622, 39209],[7623, 39209],[7628, 39204],[7629, 39203],[7630, 39202],[7631, 39201],[7633, 39199],[7636, 39196],[7637, 39195],[7641, 39190],[7643, 39189],[7644, 39187],[7650, 39182],[7652, 39181],[7654, 39178],[7655, 39177],[7656, 39175],[7657, 39173],[7658, 39172],[7659, 39171],[7661, 39168],[7662, 39168],[7663, 39165],[7665, 39163],[7666, 39161],[7668, 39159],[7670, 39157],[7671, 39155],[7672, 39153],[7674, 39150],[7674, 39149],[7675, 39148],[7675, 39147],[7675, 39146],[7678, 39139],[7679, 39138],[7679, 39135],[7680, 39132],[7682, 39125],[7683, 39123],[7684, 39117],[7686, 39113],[7686, 39112],[7687, 39111],[7687, 39110],[7688, 39108],[7688, 39107],[7691, 39101],[7694, 39093],[7694, 39091],[7696, 39083],[7697, 39081],[7697, 39079],[7698, 39077],[7698, 39075],[7700, 39067],[7703, 39062],[7705, 39057],[7708, 39050],[7709, 39048],[7712, 39041],[7712, 39040],[7716, 39028],[7717, 39024],[7717, 39023],[7718, 39017],[7719, 39013],[7719, 39009],[7720, 39005],[7720, 39004],[7720, 38999],[7722, 38991],[7722, 38990],[7723, 38985],[7724, 38981],[7724, 38978],[7724, 38976],[7724, 38973],[7724, 38970],[7724, 38965],[7724, 38963],[7724, 38960],[7724, 38953],[7724, 38952],[7724, 38948],[7724, 38947],[7724, 38945],[7724, 38944],[7723, 38940],[7722, 38933],[7720, 38925],[7719, 38920],[7718, 38916],[7717, 38913],[7716, 38908],[7715, 38905],[7713, 38897],[7713, 38895],[7711, 38893],[7711, 38892],[7709, 38889],[7706, 38885],[7706, 38884],[7705, 38882],[7704, 38881],[7702, 38877],[7701, 38876],[7700, 38874],[7700, 38873],[7699, 38873],[7696, 38872],[7695, 38871],[7694, 38870],[7692, 38869],[7686, 38864],[7684, 38863],[7677, 38858],[7672, 38855],[7671, 38854],[7670, 38853],[7668, 38852],[7667, 38852],[7664, 38850],[7663, 38850],[7661, 38849],[7653, 38847],[7649, 38846],[7648, 38846],[7643, 38846],[7638, 38845],[7632, 38844],[7625, 38842],[7622, 38841],[7609, 38840],[7602, 38840],[7590, 38838],[7583, 38837],[7579, 38835],[7578, 38835],[7570, 38834],[7566, 38832],[7565, 38832],[7564, 38831],[7561, 38831],[7558, 38830],[7557, 38830],[7553, 38830],[7548, 38830],[7541, 38830],[7536, 38830],[7531, 38830],[7528, 38830],[7526, 38830],[7525, 38830],[7521, 38831],[7513, 38832],[7511, 38832],[7510, 38833],[7507, 38834],[7504, 38835],[7503, 38836],[7502, 38836],[7499, 38837],[7497, 38838],[7494, 38840],[7493, 38840],[7490, 38843],[7488, 38845],[7486, 38847],[7482, 38850],[7481, 38851],[7480, 38851],[7480, 38852],[7478, 38854],[7476, 38856],[7475, 38857],[7473, 38859],[7472, 38860],[7469, 38864],[7467, 38865],[7467, 38866],[7466, 38867],[7465, 38869],[7462, 38873],[7460, 38876],[7459, 38878],[7458, 38879],[7457, 38881],[7457, 38882],[7456, 38884],[7455, 38886],[7452, 38893],[7450, 38896],[7449, 38899],[7448, 38901],[7446, 38908],[7444, 38911],[7444, 38912],[7443, 38913],[7443, 38915],[7442, 38919],[7441, 38920],[7441, 38922],[7440, 38924],[7439, 38926],[7438, 38927],[7438, 38928],[7437, 38930],[7437, 38931],[7436, 38933],[7432, 38940],[7432, 38941],[7429, 38945],[7424, 38951],[7423, 38952],[7422, 38953],[7421, 38954],[7420, 38955],[7419, 38956],[7417, 38958],[7416, 38959],[7415, 38959],[7414, 38962],[7409, 38968],[7403, 38973],[7400, 38974],[7395, 38979],[7391, 38981],[7390, 38982],[7388, 38983],[7386, 38984],[7383, 38986],[7379, 38989],[7378, 38989],[7375, 38991],[7372, 38993],[7368, 38996],[7364, 38998],[7363, 38999],[7361, 39000],[7355, 39005],[7354, 39006],[7351, 39008],[7350, 39009],[7344, 39014],[7341, 39016],[7339, 39017],[7338, 39017],[7338, 39018],[7336, 39019],[7335, 39021],[7328, 39026],[7327, 39026],[7327, 39027],[7321, 39032],[7319, 39033],[7318, 39034],[7317, 39035],[7315, 39037],[7314, 39038],[7312, 39040],[7306, 39045],[7303, 39047],[7300, 39050],[7299, 39051],[7297, 39053],[7295, 39055],[7292, 39058],[7289, 39061],[7288, 39062],[7287, 39064],[7286, 39065],[7285, 39066],[7283, 39069],[7282, 39069],[7281, 39072],[7277, 39076],[7277, 39077],[7277, 39078],[7274, 39082],[7274, 39083],[7271, 39087],[7266, 39093],[7265, 39094],[7264, 39095],[7263, 39096],[7257, 39101],[7256, 39102],[7254, 39104],[7248, 39109],[7246, 39112],[7241, 39118],[7234, 39123],[7227, 39128],[7226, 39129],[7224, 39131],[7215, 39139],[7209, 39143],[7208, 39143],[7205, 39146],[7204, 39147],[7199, 39151],[7196, 39155],[7194, 39156],[7194, 39157],[7193, 39158],[7191, 39161],[7190, 39162],[7189, 39163],[7187, 39165],[7185, 39167],[7184, 39169],[7182, 39172],[7182, 39173],[7179, 39177],[7178, 39178],[7177, 39180],[7175, 39182],[7175, 39183],[7171, 39190],[7171, 39191],[7170, 39193],[7175, 39201],[7176, 39204],[7178, 39207],[7179, 39210],[7181, 39216],[7185, 39221],[7186, 39222],[7187, 39224],[7189, 39226],[7190, 39228],[7191, 39229],[7192, 39231],[7194, 39233],[7198, 39240],[7199, 39242],[7200, 39243],[7201, 39244],[7203, 39247],[7204, 39248],[7205, 39249],[7206, 39250],[7212, 39255],[7213, 39257],[7215, 39258],[7220, 39264],[7222, 39267],[7222, 39268],[7223, 39268],[7225, 39270],[7226, 39271],[7228, 39273],[7229, 39274],[7231, 39275],[7232, 39276],[7234, 39277],[7237, 39279],[7238, 39280],[7240, 39281],[7246, 39286],[7251, 39292],[7252, 39294],[7254, 39297],[7256, 39299],[7260, 39306],[7262, 39314],[7263, 39322],[7263, 39323],[7263, 39325],[7262, 39333],[7260, 39341],[7256, 39348],[7256, 39349],[7253, 39353],[7248, 39359],[7246, 39361],[7245, 39362],[7244, 39363],[7243, 39364],[7237, 39369],[7234, 39371],[7233, 39372],[7232, 39372],[7232, 39373],[7231, 39374],[7227, 39377],[7226, 39377],[7225, 39379],[7224, 39380],[7223, 39381],[7220, 39383],[7219, 39384],[7218, 39385],[7217, 39385],[7215, 39387],[7213, 39388],[7212, 39389],[7208, 39392],[7206, 39393],[7206, 39394],[7202, 39401],[7201, 39403],[7200, 39404],[7199, 39406],[7198, 39408],[7197, 39409],[7196, 39411],[7195, 39413],[7194, 39414],[7193, 39417],[7191, 39423],[7191, 39424],[7190, 39428],[7188, 39436],[7186, 39439],[7186, 39440],[7185, 39442],[7184, 39445],[7182, 39449],[7181, 39454],[7181, 39455],[7182, 39456],[7185, 39458],[7186, 39459],[7187, 39459],[7191, 39462],[7194, 39464],[7196, 39465],[7197, 39466],[7198, 39466],[7200, 39466],[7208, 39468],[7211, 39468],[7219, 39470],[7222, 39470],[7226, 39471],[7227, 39471],[7235, 39472],[7241, 39474],[7245, 39474],[7253, 39476],[7256, 39477],[7261, 39479],[7269, 39482],[7276, 39487],[7282, 39492],[7284, 39493],[7290, 39498],[7293, 39501],[7294, 39501],[7295, 39502],[7296, 39502],[7298, 39503],[7300, 39504],[7301, 39505],[7308, 39510],[7309, 39512],[7311, 39513],[7316, 39520],[7317, 39521],[7317, 39522],[7318, 39523],[7319, 39525],[7320, 39527],[7321, 39529],[7321, 39530],[7323, 39533],[7325, 39541],[7326, 39549],[7326, 39550],[7326, 39552],[7325, 39560],[7324, 39564],[7324, 39565],[7324, 39570],[7324, 39574],[7324, 39577],[7324, 39582],[7322, 39590],[7322, 39591],[7322, 39593],[7322, 39595],[7322, 39596],[7322, 39598],[7322, 39600],[7322, 39601],[7322, 39603],[7322, 39605],[7322, 39606],[7322, 39608],[7322, 39611],[7322, 39614],[7321, 39622],[7321, 39623],[7321, 39624],[7320, 39632],[7319, 39636],[7319, 39637],[7319, 39639],[7319, 39641],[7319, 39642],[7319, 39646],[7319, 39647],[7319, 39649],[7319, 39651],[7319, 39656],[7319, 39657],[7319, 39661],[7319, 39662],[7320, 39666],[7321, 39670],[7322, 39670],[7330, 39672],[7331, 39673],[7333, 39673],[7335, 39674],[7336, 39674],[7341, 39675],[7347, 39676],[7354, 39678],[7356, 39678],[7363, 39681],[7365, 39682],[7367, 39683],[7368, 39684],[7372, 39686],[7373, 39686],[7374, 39687],[7377, 39689],[7382, 39692],[7388, 39697],[7393, 39703],[7397, 39710],[7400, 39717],[7401, 39718],[7405, 39725],[7407, 39733],[7408, 39741],[7408, 39743],[7408, 39744],[7408, 39746],[7408, 39748],[7408, 39753],[7408, 39756],[7408, 39758],[7408, 39759],[7408, 39761],[7408, 39766],[7406, 39774],[7405, 39775],[7405, 39777],[7404, 39779],[7403, 39783],[7399, 39790],[7399, 39791],[7398, 39791],[7398, 39792],[7398, 39793],[7397, 39795],[7396, 39798],[7397, 39801],[7398, 39809],[7398, 39810],[7400, 39818],[7400, 39823],[7400, 39826],[7400, 39827],[7400, 39828],[7400, 39832],[7400, 39833],[7400, 39835],[7400, 39836],[7400, 39838],[7400, 39840],[7400, 39841],[7400, 39843],[7400, 39845],[7400, 39846],[7400, 39848],[7400, 39851],[7400, 39855],[7400, 39856],[7400, 39858],[7400, 39863],[7400, 39864],[7400, 39866],[7400, 39869],[7399, 39877],[7397, 39885],[7395, 39888],[7395, 39889],[7395, 39890],[7400, 39889],[7401, 39889],[7403, 39889],[7405, 39889],[7406, 39889],[7408, 39889],[7416, 39888],[7418, 39888],[7419, 39888],[7424, 39888],[7428, 39887],[7436, 39886],[7439, 39886],[7443, 39885],[7451, 39884],[7459, 39883],[7461, 39883],[7463, 39882],[7469, 39881],[7474, 39880],[7482, 39879],[7489, 39878],[7491, 39877],[7498, 39875],[7501, 39874],[7502, 39874],[7505, 39872],[7510, 39871],[7513, 39869],[7514, 39869],[7515, 39866],[7516, 39865],[7516, 39863],[7517, 39861],[7517, 39858],[7518, 39850],[7518, 39849],[7518, 39846],[7518, 39841],[7520, 39833],[7520, 39830],[7520, 39828],[7520, 39825],[7520, 39823],[7520, 39820],[7520, 39818],[7520, 39815],[7520, 39812],[7520, 39810],[7520, 39807],[7518, 39799],[7518, 39794],[7518, 39792],[7518, 39791],[7518, 39790],[7517, 39786],[7517, 39781],[7517, 39779],[7515, 39771],[7515, 39767],[7514, 39765],[7513, 39757],[7513, 39754],[7513, 39753],[7513, 39751],[7512, 39743],[7512, 39741],[7512, 39740],[7511, 39736],[7510, 39728],[7510, 39725],[7503, 39721],[7497, 39716],[7492, 39710],[7488, 39703],[7486, 39695],[7485, 39687],[7485, 39685],[7486, 39677],[7488, 39669],[7492, 39662],[7497, 39656],[7503, 39651],[7510, 39647],[7514, 39646],[7521, 39642],[7522, 39642],[7523, 39641],[7524, 39641],[7527, 39639],[7535, 39637],[7543, 39636],[7544, 39636],[7546, 39636],[7551, 39636],[7553, 39636],[7554, 39636],[7556, 39636],[7558, 39636],[7559, 39636],[7561, 39636],[7569, 39637],[7573, 39638],[7576, 39638],[7577, 39638],[7580, 39638],[7588, 39639],[7595, 39640],[7599, 39641],[7600, 39641],[7604, 39641],[7607, 39641],[7610, 39641],[7613, 39641],[7617, 39641],[7618, 39641],[7622, 39641],[7623, 39641],[7624, 39641],[7625, 39641],[7628, 39640],[7633, 39639],[7634, 39639],[7642, 39636],[7650, 39634],[7653, 39634],[7654, 39634],[7655, 39634],[7658, 39628],[7663, 39622],[7669, 39617],[7676, 39613],[7684, 39611],[7690, 39610],[7691, 39610],[7692, 39610],[7694, 39610],[7696, 39610],[7697, 39610],[7699, 39610],[7704, 39610],[7708, 39611],[7711, 39611],[7712, 39611],[7715, 39611],[7717, 39611],[7719, 39611],[7720, 39611],[7724, 39611],[7726, 39611],[7729, 39608],[7736, 39604],[7738, 39603],[7744, 39601],[7746, 39601],[7750, 39599],[7751, 39598],[7758, 39595],[7764, 39593],[7768, 39591],[7775, 39588],[7776, 39588],[7781, 39586],[7785, 39585],[7787, 39584],[7789, 39583],[7792, 39582],[7795, 39580],[7803, 39578],[7810, 39577],[7814, 39577],[7817, 39576],[7817, 39575],[7818, 39574],[7819, 39573],[7820, 39573],[7820, 39572],[7821, 39572],[7821, 39571],[7823, 39569],[7825, 39568],[7826, 39565],[7827, 39563],[7828, 39562],[7829, 39561],[7830, 39559],[7838, 39549],[7840, 39548],[7841, 39546],[7845, 39542],[7849, 39536],[7857, 39527],[7858, 39526],[7859, 39524],[7860, 39523],[7862, 39519],[7864, 39517],[7867, 39511],[7870, 39508],[7870, 39507],[7871, 39505],[7872, 39504],[7873, 39503],[7874, 39502],[7877, 39496],[7882, 39490],[7883, 39489],[7884, 39488],[7890, 39483],[7892, 39482],[7893, 39481],[7894, 39480],[7895, 39479],[7901, 39474],[7902, 39473],[7904, 39471],[7908, 39467],[7909, 39466],[7909, 39465],[7910, 39463],[7911, 39459],[7912, 39451],[7914, 39447],[7914, 39446],[7914, 39445],[7916, 39439],[7917, 39438],[7917, 39434],[7919, 39426],[7920, 39424],[7921, 39421],[7922, 39418],[7922, 39417],[7923, 39414],[7924, 39408],[7925, 39401],[7926, 39397],[7926, 39392],[7928, 39384],[7929, 39383],[7929, 39381],[7930, 39379],[7931, 39375],[7931, 39374],[7933, 39366],[7933, 39365],[7934, 39360],[7935, 39357],[7937, 39350],[7941, 39343],[7942, 39342],[7943, 39340],[7944, 39339],[7946, 39335],[7947, 39334],[7948, 39332],[7949, 39331],[7949, 39329],[7950, 39327],[7951, 39325],[7952, 39321],[7953, 39319],[7955, 39312],[7958, 39307],[7960, 39300],[7960, 39298],[7961, 39296],[7961, 39295],[7961, 39294],[7961, 39292],[7961, 39290],[7961, 39289],[7961, 39287],[7961, 39286],[7961, 39279],[7961, 39277],[7961, 39275],[7961, 39274],[7961, 39272],[7961, 39267],[7962, 39263],[7962, 39262],[7962, 39261],[7963, 39253],[7964, 39249],[7965, 39241],[7966, 39237],[7966, 39233],[7967, 39229],[7967, 39228],[7968, 39220],[7969, 39215],[7970, 39209],[7971, 39208],[7971, 39204],[7972, 39200],[7972, 39198],[7972, 39197],[7972, 39195],[7972, 39193],[7972, 39192],[7973, 39184],[7975, 39176],[7979, 39169],[7979, 39168],[7982, 39164],[7987, 39158],[7988, 39157],[7989, 39156],[7990, 39155],[7992, 39153],[7994, 39151],[8001, 39146],[8003, 39145],[8004, 39144],[8011, 39139],[8014, 39138],[8016, 39136],[8017, 39135],[8023, 39130],[8025, 39129],[8026, 39128],[8033, 39124],[8041, 39122],[8047, 39121],[8048, 39121],[8053, 39120],[8054, 39120],[8062, 39118],[8114, 39118],[8122, 39120],[8123, 39121],[8125, 39121],[8127, 39122],[8131, 39124],[8133, 39124],[8134, 39125],[8135, 39125],[8137, 39126],[8140, 39128],[8144, 39131],[8145, 39131],[8151, 39129],[8152, 39129],[8154, 39129],[8158, 39127],[8161, 39126],[8165, 39124],[8167, 39123],[8169, 39122],[8171, 39121],[8173, 39121],[8174, 39120],[8178, 39119],[8180, 39118],[8181, 39118],[8185, 39115],[8186, 39115],[8189, 39113],[8190, 39112],[8192, 39111],[8194, 39110],[8196, 39109],[8197, 39109],[8198, 39108],[8201, 39106],[8202, 39105],[8203, 39104],[8205, 39103],[8207, 39102],[8209, 39101],[8211, 39101],[8212, 39100],[8218, 39097],[8220, 39095],[8224, 39093],[8225, 39092],[8232, 39088],[8235, 39087],[8236, 39086],[8237, 39085],[8238, 39084],[8240, 39083],[8242, 39082],[8244, 39081],[8245, 39081],[8250, 39078],[8252, 39077],[8253, 39077],[8255, 39076],[8257, 39076],[8258, 39075],[8266, 39073],[8274, 39073],[8282, 39074],[8286, 39076],[8287, 39076],[8288, 39077],[8289, 39077],[8290, 39077],[8292, 39078],[8295, 39080],[8296, 39080],[8297, 39081],[8299, 39081],[8301, 39082],[8303, 39083],[8305, 39084],[8306, 39085],[8307, 39086],[8309, 39086],[8311, 39087],[8313, 39088],[8314, 39089],[8318, 39088],[8319, 39088],[8327, 39086],[8330, 39086],[8331, 39085],[8332, 39085],[8336, 39083],[8340, 39082],[8342, 39081],[8346, 39080],[8347, 39080],[8351, 39078],[8352, 39078],[8354, 39077],[8355, 39077],[8356, 39076],[8357, 39076],[8361, 39074],[8364, 39074],[8367, 39072],[8369, 39072],[8369, 39071],[8371, 39070],[8373, 39069],[8375, 39068],[8377, 39068],[8378, 39067],[8381, 39066],[8384, 39065],[8385, 39065],[8389, 39063],[8394, 39061],[8395, 39061],[8397, 39060],[8398, 39059],[8400, 39058],[8401, 39058],[8402, 39057],[8403, 39057],[8405, 39056],[8407, 39055],[8408, 39054],[8415, 39050],[8416, 39050],[8421, 39047],[8429, 39045],[8431, 39045],[8438, 39043],[8442, 39041],[8449, 39038],[8451, 39038],[8454, 39037],[8456, 39037],[8457, 39036],[8461, 39035],[8465, 39034],[8469, 39033],[8473, 39033],[8477, 39030],[8485, 39028],[8487, 39027],[8495, 39025],[8500, 39022],[8508, 39020],[8511, 39019],[8512, 39018],[8513, 39018],[8520, 39014],[8521, 39014],[8522, 39013],[8523, 39013],[8527, 39011],[8529, 39011],[8537, 39006],[8539, 39005],[8541, 39004],[8543, 39003],[8545, 39002],[8553, 39000],[8554, 39000],[8558, 38998],[8560, 38997],[8566, 38994],[8568, 38993],[8570, 38993],[8576, 38989],[8578, 38988],[8586, 38986],[8594, 38985],[8602, 38985],[8610, 38987],[8611, 38988],[8613, 38988],[8615, 38989],[8617, 38990],[8619, 38991],[8620, 38992],[8621, 38993],[8624, 38995],[8625, 38996],[8626, 38997],[8631, 39003],[8633, 39007],[8634, 39008],[8634, 39009],[8635, 39010],[8635, 39011],[8637, 39015],[8638, 39023],[8638, 39026],[8638, 39031],[8636, 39039],[8635, 39040],[8635, 39042],[8634, 39044],[8633, 39046],[8632, 39048],[8631, 39049],[8630, 39050],[8628, 39053],[8627, 39054],[8626, 39055],[8620, 39060],[8617, 39062],[8615, 39063],[8612, 39065],[8609, 39067],[8607, 39068],[8606, 39069],[8602, 39072],[8595, 39076],[8594, 39076],[8593, 39077],[8592, 39077],[8591, 39078],[8590, 39079],[8589, 39079],[8582, 39083],[8580, 39084],[8579, 39084],[8575, 39086],[8574, 39086],[8573, 39087],[8572, 39087],[8568, 39089],[8567, 39089],[8565, 39090],[8562, 39090],[8561, 39091],[8559, 39092],[8557, 39092],[8556, 39093],[8552, 39094],[8550, 39095],[8546, 39096],[8544, 39097],[8542, 39098],[8541, 39098],[8535, 39100],[8534, 39100],[8531, 39101],[8529, 39102],[8528, 39102],[8527, 39103],[8525, 39104],[8523, 39105],[8521, 39105],[8520, 39106],[8514, 39108],[8513, 39108],[8511, 39109],[8510, 39109],[8508, 39110],[8507, 39110],[8506, 39111],[8505, 39112],[8502, 39114],[8498, 39116],[8497, 39117],[8495, 39118],[8493, 39119],[8492, 39119],[8491, 39120],[8490, 39120],[8487, 39122],[8481, 39125],[8480, 39125],[8479, 39126],[8478, 39126],[8475, 39129],[8468, 39133],[8464, 39134],[8461, 39136],[8457, 39139],[8452, 39142],[8450, 39144],[8444, 39148],[8442, 39150],[8439, 39152],[8438, 39153],[8435, 39155],[8434, 39156],[8433, 39157],[8432, 39158],[8430, 39160],[8429, 39161],[8424, 39167],[8418, 39172],[8411, 39176],[8410, 39176],[8409, 39177],[8406, 39179],[8405, 39180],[8404, 39181],[8402, 39182],[8400, 39183],[8398, 39184],[8396, 39184],[8395, 39185],[8394, 39185],[8391, 39187],[8389, 39188],[8388, 39188],[8386, 39189],[8378, 39192],[8371, 39194],[8369, 39194],[8365, 39196],[8362, 39196],[8361, 39197],[8360, 39197],[8356, 39199],[8350, 39200],[8345, 39201],[8337, 39202],[8314, 39202],[8306, 39201],[8302, 39200],[8290, 39200],[8286, 39201],[8284, 39201],[8281, 39202],[8273, 39204],[8266, 39205],[8261, 39206],[8260, 39206],[8258, 39207],[8256, 39207],[8255, 39208],[8250, 39209],[8249, 39210],[8247, 39211],[8245, 39212],[8243, 39212],[8242, 39213],[8238, 39214],[8236, 39215],[8235, 39215],[8234, 39216],[8232, 39217],[8231, 39217],[8230, 39218],[8228, 39219],[8224, 39220],[8221, 39221],[8220, 39221],[8219, 39222],[8218, 39223],[8211, 39228],[8210, 39229],[8209, 39229],[8208, 39229],[8204, 39232],[8202, 39234],[8201, 39235],[8201, 39236],[8200, 39238],[8199, 39240],[8198, 39242],[8197, 39243],[8196, 39244],[8194, 39247],[8193, 39248],[8193, 39249],[8189, 39256],[8188, 39257],[8188, 39259],[8186, 39263],[8186, 39264],[8185, 39265],[8185, 39266],[8183, 39274],[8182, 39276],[8181, 39277],[8181, 39278],[8181, 39280],[8180, 39282],[8180, 39283],[8178, 39287],[8178, 39288],[8177, 39289],[8177, 39290],[8176, 39292],[8175, 39294],[8175, 39295],[8174, 39297],[8172, 39301],[8171, 39302],[8171, 39303],[8170, 39304],[8170, 39305],[8169, 39307],[8169, 39308],[8168, 39309],[8166, 39312],[8166, 39313],[8165, 39315],[8164, 39316],[8164, 39317],[8163, 39319],[8161, 39322],[8160, 39324],[8164, 39326],[8170, 39331],[8175, 39337],[8179, 39344],[8181, 39352],[8182, 39360],[8181, 39368],[8179, 39376],[8175, 39383],[8170, 39389],[8169, 39390],[8163, 39395],[8156, 39399],[8148, 39401],[8144, 39402],[8138, 39403],[8130, 39404],[8107, 39404],[8099, 39403],[8091, 39401],[8088, 39399],[8087, 39399],[8084, 39398],[8076, 39396],[8069, 39392],[8067, 39391],[8061, 39387],[8060, 39387],[8056, 39384],[8055, 39383],[8051, 39381],[8047, 39378],[8045, 39376],[8044, 39375],[8043, 39375],[8041, 39379],[8040, 39382],[8038, 39385],[8038, 39386],[8037, 39391],[8036, 39396],[8035, 39402],[8033, 39410],[8032, 39411],[8032, 39413],[8030, 39420],[8028, 39426],[8026, 39433],[8024, 39436],[8024, 39438],[8022, 39446],[8019, 39452],[8019, 39455],[8017, 39463],[8014, 39469],[8013, 39471],[8013, 39472],[8012, 39477],[8010, 39481],[8010, 39482],[8010, 39484],[8009, 39488],[8007, 39496],[8005, 39503],[8005, 39505],[8004, 39508],[8002, 39515],[8000, 39519],[8000, 39520],[7999, 39521],[7999, 39522],[7998, 39524],[7997, 39525],[7997, 39527],[7996, 39529],[7995, 39531],[7994, 39535],[7994, 39536],[7993, 39538],[7988, 39545],[7987, 39547],[7986, 39551],[7985, 39553],[7982, 39558],[7982, 39560],[7982, 39562],[7981, 39566],[7979, 39570],[7979, 39571],[7978, 39572],[7978, 39573],[7976, 39577],[7976, 39578],[7974, 39586],[7972, 39590],[7972, 39591],[7971, 39592],[7971, 39593],[7970, 39595],[7969, 39596],[7967, 39600],[7966, 39602],[7964, 39606],[7962, 39610],[7960, 39614],[7960, 39615],[7959, 39617],[7955, 39624],[7955, 39625],[7954, 39627],[7950, 39634],[7950, 39635],[7947, 39639],[7944, 39642],[7944, 39643],[7943, 39645],[7942, 39645],[7942, 39647],[7937, 39654],[7933, 39659],[7930, 39661],[7928, 39664],[7927, 39664],[7927, 39665],[7924, 39668],[7924, 39669],[7921, 39676],[7916, 39683],[7913, 39690],[7908, 39697],[7907, 39698],[7906, 39700],[7904, 39703],[7904, 39704],[7903, 39706],[7899, 39713],[7898, 39715],[7897, 39717],[7896, 39718],[7895, 39719],[7893, 39723],[7888, 39729],[7886, 39731],[7881, 39737],[7878, 39740],[7874, 39744],[7868, 39749],[7863, 39752],[7857, 39757],[7856, 39758],[7854, 39759],[7853, 39761],[7846, 39766],[7843, 39768],[7842, 39769],[7841, 39770],[7839, 39771],[7837, 39772],[7836, 39773],[7834, 39774],[7832, 39775],[7830, 39776],[7828, 39776],[7827, 39777],[7820, 39781],[7812, 39783],[7806, 39784],[7805, 39784],[7803, 39785],[7800, 39786],[7799, 39787],[7798, 39788],[7795, 39790],[7791, 39791],[7783, 39794],[7782, 39794],[7779, 39796],[7778, 39796],[7777, 39797],[7775, 39798],[7774, 39798],[7773, 39799],[7770, 39801],[7770, 39805],[7770, 39810],[7770, 39815],[7771, 39819],[7772, 39825],[7773, 39833],[7773, 39834],[7773, 39838],[7775, 39846],[7775, 39848],[7776, 39856],[7776, 39859],[7777, 39863],[7778, 39870],[7779, 39876],[7780, 39878],[7781, 39880],[7781, 39881],[7782, 39886],[7783, 39887],[7784, 39888],[7784, 39889],[7785, 39891],[7786, 39892],[7787, 39893],[7788, 39895],[7789, 39897],[7793, 39904],[7793, 39905],[7795, 39908],[7795, 39909],[7796, 39910],[7797, 39912],[7798, 39914],[7798, 39916],[7799, 39917],[7803, 39924],[7805, 39931],[7805, 39932],[7806, 39933],[7807, 39935],[7808, 39937],[7808, 39939],[7809, 39940],[7810, 39942],[7810, 39943],[7811, 39945],[7811, 39947],[7812, 39948],[7813, 39950],[7813, 39952],[7814, 39953],[7816, 39959],[7816, 39960],[7818, 39966],[7818, 39967],[7818, 39968],[7819, 39969],[7820, 39971],[7821, 39973],[7821, 39974],[7823, 39977],[7824, 39979],[7824, 39980],[7824, 39981],[7826, 39984],[7826, 39985],[7827, 39986],[7828, 39987],[7829, 39989],[7830, 39990],[7831, 39992],[7834, 39993],[7840, 39998],[7842, 40001],[7845, 40003],[7850, 40009],[7851, 40011],[7856, 40014],[7860, 40018],[7861, 40019],[7862, 40020],[7863, 40021],[7865, 40023],[7867, 40026],[7873, 40031],[7876, 40034],[7878, 40036],[7879, 40038],[7881, 40039],[7886, 40045],[7890, 40052],[7892, 40060],[7893, 40068],[7893, 40070],[7892, 40078],[7890, 40086],[7886, 40093],[7885, 40094],[7883, 40098],[7878, 40104],[7876, 40106],[7874, 40107],[7873, 40109],[7867, 40114],[7864, 40116],[7863, 40117],[7861, 40119],[7860, 40119],[7860, 40120],[7859, 40122],[7858, 40123],[7857, 40124],[7855, 40127],[7854, 40128],[7853, 40129],[7851, 40130],[7851, 40131],[7848, 40136],[7848, 40137],[7846, 40139],[7846, 40140],[7844, 40143],[7844, 40144],[7840, 40151],[7839, 40153],[7838, 40155],[7837, 40155],[7837, 40157],[7833, 40164],[7832, 40166],[7831, 40167],[7831, 40168],[7827, 40175],[7822, 40181],[7821, 40182],[7820, 40183],[7818, 40184],[7817, 40186],[7813, 40189],[7810, 40193],[7809, 40194],[7808, 40195],[7807, 40196],[7806, 40197],[7805, 40198],[7799, 40203],[7799, 40204],[7798, 40206],[7794, 40213],[7793, 40216],[7792, 40217],[7792, 40219],[7790, 40227],[7787, 40232],[7787, 40233],[7786, 40238],[7785, 40244],[7784, 40249],[7783, 40255],[7782, 40257],[7782, 40259],[7780, 40267],[7779, 40269],[7778, 40272],[7778, 40274],[7776, 40282],[7775, 40284],[7774, 40290],[7772, 40298],[7768, 40304],[7768, 40306],[7767, 40310],[7763, 40317],[7758, 40323],[7752, 40328],[7745, 40332],[7743, 40333],[7735, 40335],[7731, 40336],[7725, 40337],[7717, 40338],[7701, 40338],[7693, 40337],[7685, 40335],[7682, 40333],[7681, 40333],[7674, 40329],[7668, 40324],[7668, 40323],[7667, 40323],[7666, 40322],[7665, 40321],[7660, 40315],[7656, 40308],[7654, 40300],[7653, 40292],[7653, 40290],[7653, 40289],[7653, 40287],[7653, 40286],[7652, 40282],[7652, 40280],[7651, 40277],[7651, 40276],[7649, 40273],[7647, 40265],[7647, 40261],[7646, 40261],[7645, 40259],[7643, 40255],[7642, 40254],[7640, 40251],[7636, 40244],[7635, 40240],[7634, 40239],[7634, 40238],[7630, 40231],[7630, 40229],[7626, 40223],[7625, 40220],[7621, 40215],[7619, 40212],[7618, 40211],[7614, 40208],[7613, 40207],[7613, 40206],[7612, 40206],[7606, 40201],[7603, 40198],[7599, 40194],[7598, 40193],[7593, 40188],[7591, 40186],[7586, 40180],[7585, 40178],[7584, 40177],[7580, 40170],[7580, 40168],[7579, 40167],[7578, 40165],[7577, 40165],[7576, 40165],[7574, 40164],[7569, 40163],[7561, 40161],[7559, 40160],[7556, 40159],[7554, 40159],[7546, 40157],[7545, 40156],[7543, 40156],[7539, 40155],[7535, 40155],[7527, 40154],[7526, 40154],[7520, 40153],[7512, 40151],[7505, 40147],[7504, 40146],[7502, 40146],[7500, 40145],[7496, 40144],[7494, 40143],[7487, 40139],[7485, 40137],[7483, 40136],[7481, 40135],[7480, 40134],[7479, 40133],[7476, 40131],[7475, 40130],[7473, 40129],[7470, 40127],[7468, 40126],[7466, 40124],[7464, 40124],[7457, 40120],[7455, 40119],[7454, 40118],[7452, 40117],[7451, 40116],[7450, 40115],[7447, 40113],[7447, 40112],[7444, 40111],[7440, 40108],[7438, 40106],[7435, 40105],[7434, 40104],[7431, 40102],[7428, 40100],[7427, 40099],[7424, 40097],[7423, 40096],[7421, 40094],[7415, 40090],[7413, 40088],[7411, 40086],[7409, 40083],[7407, 40081],[7404, 40078],[7399, 40072],[7398, 40071],[7396, 40068],[7392, 40065],[7390, 40063],[7388, 40061],[7386, 40058],[7384, 40056],[7381, 40052],[7380, 40052],[7379, 40051],[7378, 40050],[7372, 40045],[7370, 40042],[7367, 40040],[7366, 40039],[7366, 40038],[7365, 40038],[7364, 40037],[7362, 40035],[7361, 40034],[7357, 40030],[7356, 40029],[7355, 40028],[7354, 40027],[7352, 40025],[7351, 40024],[7349, 40022],[7348, 40021],[7347, 40020],[7345, 40017],[7344, 40016],[7343, 40015],[7342, 40013],[7341, 40011],[7339, 40008],[7337, 40006],[7334, 40003],[7333, 40003],[7332, 40002],[7329, 40000],[7326, 39998],[7323, 39996],[7320, 39993],[7317, 39990],[7317, 39989],[7316, 39989],[7311, 39985],[7310, 39983],[7308, 39982],[7302, 39978],[7301, 39977],[7299, 39975],[7297, 39974],[7296, 39973],[7290, 39969],[7286, 39965],[7284, 39963],[7283, 39962],[7282, 39960],[7280, 39959],[7279, 39958],[7275, 39954],[7272, 39951],[7270, 39949],[7268, 39948],[7262, 39943],[7257, 39940],[7251, 39935],[7250, 39934],[7249, 39933],[7247, 39931],[7244, 39928],[7243, 39927],[7242, 39925],[7241, 39924],[7239, 39920],[7239, 39919],[7238, 39918],[7238, 39916],[7237, 39915],[7236, 39912],[7236, 39910],[7235, 39907],[7235, 39904],[7233, 39900],[7231, 39892],[7231, 39888],[7230, 39888],[7230, 39887],[7228, 39879],[7228, 39877],[7227, 39876],[7226, 39873],[7225, 39871],[7223, 39863],[7223, 39861],[7222, 39858],[7222, 39857],[7220, 39854],[7220, 39853],[7219, 39852],[7214, 39846],[7210, 39839],[7209, 39836],[7207, 39833],[7206, 39832],[7205, 39831],[7204, 39829],[7203, 39827],[7201, 39824],[7199, 39822],[7197, 39821],[7191, 39816],[7187, 39812],[7180, 39807],[7178, 39805],[7176, 39803],[7170, 39798],[7165, 39792],[7164, 39791],[7163, 39790],[7162, 39789],[7160, 39788],[7156, 39787],[7153, 39786],[7150, 39785],[7149, 39784],[7147, 39784],[7145, 39783],[7143, 39782],[7141, 39781],[7140, 39780],[7139, 39779],[7136, 39777],[7135, 39776],[7132, 39775],[7131, 39774],[7130, 39774],[7129, 39774],[7127, 39773],[7122, 39770],[7117, 39768],[7116, 39768],[7114, 39767],[7109, 39764],[7109, 39763],[7107, 39763],[7105, 39762],[7104, 39761],[7102, 39761],[7100, 39760],[7098, 39759],[7097, 39758],[7096, 39758],[7089, 39754],[7088, 39753],[7085, 39752],[7081, 39751],[7074, 39747],[7073, 39746],[7069, 39744],[7063, 39739],[7062, 39738],[7061, 39737],[7059, 39736],[7056, 39734],[7055, 39733],[7053, 39732],[7052, 39731],[7048, 39729],[7045, 39727],[7044, 39726],[7038, 39721],[7036, 39719],[7035, 39718],[7031, 39715],[7028, 39713],[7027, 39712],[7025, 39712],[7023, 39711],[7021, 39710],[7019, 39709],[7018, 39708],[7015, 39707],[7008, 39703],[7004, 39699],[7003, 39699],[7001, 39698],[7000, 39697],[6998, 39696],[6997, 39695],[6996, 39694],[6993, 39692],[6992, 39691],[6990, 39690],[6989, 39690],[6988, 39689],[6987, 39689],[6985, 39688],[6984, 39687],[6982, 39687],[6981, 39687],[6979, 39686],[6975, 39685],[6973, 39684],[6972, 39683],[6971, 39683],[6970, 39682],[6968, 39682],[6965, 39681],[6958, 39679],[6951, 39675],[6945, 39670],[6940, 39664],[6936, 39657],[6934, 39649],[6933, 39641],[6933, 39639],[6933, 39637],[6934, 39629],[6936, 39621],[6936, 39620],[6937, 39618],[6941, 39611],[6946, 39605],[6948, 39603],[6949, 39602],[6951, 39600],[6952, 39599],[6953, 39598],[6956, 39595],[6958, 39593],[6961, 39590],[6962, 39589],[6963, 39588],[6970, 39582],[6973, 39580],[6978, 39573],[6980, 39572],[6981, 39570],[6982, 39569],[6984, 39567],[6985, 39566],[6986, 39565],[6987, 39564],[6990, 39561],[6991, 39560],[6994, 39557],[6996, 39555],[6997, 39554],[7003, 39549],[7006, 39547],[7010, 39544],[7012, 39543],[7012, 39541],[7011, 39537],[7010, 39529],[7010, 39527],[7010, 39526],[7010, 39524],[7010, 39522],[7010, 39521],[7010, 39519],[7010, 39517],[7010, 39514],[7010, 39512],[7011, 39504],[7012, 39500],[7012, 39496],[7012, 39488],[7012, 39483],[7013, 39475],[7013, 39471],[7015, 39459],[7017, 39454],[7017, 39453],[7017, 39445],[7017, 39443],[7018, 39435],[7019, 39427],[7021, 39423],[7021, 39422],[7022, 39421],[7022, 39420],[7023, 39416],[7023, 39415],[7023, 39412],[7024, 39404],[7025, 39401],[7026, 39397],[7027, 39391],[7029, 39383],[7029, 39382],[7031, 39376],[7033, 39370],[7034, 39367],[7036, 39364],[7037, 39361],[7038, 39360],[7039, 39355],[7040, 39353],[7040, 39352],[7041, 39352],[7041, 39348],[7042, 39340],[7043, 39336],[7043, 39330],[7043, 39325],[7043, 39323],[7043, 39320],[7043, 39315],[7043, 39310],[7043, 39307],[7043, 39304],[7043, 39299],[7043, 39292],[7043, 39291],[7041, 39287],[7040, 39284],[7039, 39282],[7038, 39281],[7037, 39280],[7036, 39278],[7036, 39277],[7033, 39274],[7029, 39267],[7027, 39260],[7026, 39257],[7025, 39252],[7025, 39251],[7023, 39243],[7023, 39238],[7023, 39236],[7023, 39235],[7023, 39233],[7023, 39231],[7023, 39228],[7023, 39227],[7022, 39219],[7022, 39216],[7022, 39212],[7022, 39211],[7022, 39208],[7022, 39203],[7023, 39199],[7023, 39197],[7023, 39195],[7023, 39192],[7023, 39190],[7023, 39187],[7023, 39182],[7023, 39176],[7023, 39175],[7024, 39167],[7025, 39163],[7025, 39158],[7026, 39151],[7026, 39149],[7026, 39146],[7026, 39141],[7026, 39139],[7026, 39136],[7026, 39134],[7026, 39133],[7026, 39129],[7026, 39126],[7027, 39118],[7027, 39117],[7027, 39116],[7026, 39108],[7026, 39106],[7026, 39105],[7026, 39103],[7026, 39098],[7026, 39096],[7026, 39095],[7026, 39091],[7026, 39088],[7026, 39086],[7025, 39078],[7025, 39073],[7025, 39070],[7025, 39067],[7025, 39064],[7025, 39060],[7025, 39052],[7025, 39046],[7024, 39042],[7023, 39034],[7023, 39032],[7023, 39026],[7023, 39024],[7023, 39022],[7023, 39014],[7023, 39008],[7023, 39004],[7023, 38996],[7023, 38990],[7023, 38988],[7023, 38981],[7023, 38978],[7023, 38971],[7023, 38963],[7023, 38962],[7023, 38957],[7023, 38953],[7023, 38950],[7023, 38947],[7023, 38940],[7023, 38935],[7023, 38925],[7023, 38923],[7023, 38920],[7023, 38915],[7025, 38899],[7025, 38896],[7025, 38894],[7025, 38889],[7025, 38886],[7025, 38881],[7026, 38873],[7026, 38871],[7026, 38869],[7026, 38868],[7026, 38866],[7026, 38865],[7026, 38863],[7026, 38861],[7027, 38853],[7029, 38845],[7030, 38843],[7031, 38840],[7033, 38832],[7036, 38827],[7036, 38826],[7037, 38823],[7039, 38817],[7042, 38809],[7043, 38808],[7043, 38807],[7043, 38804],[7043, 38800],[7043, 38799],[7042, 38795],[7041, 38787],[7041, 38786],[7040, 38785],[7038, 38783],[7033, 38777],[7032, 38776],[7031, 38774],[7027, 38767],[7023, 38760],[7023, 38759],[7022, 38758],[7020, 38754],[7019, 38753],[7018, 38752],[7013, 38745],[7013, 38744],[7010, 38741],[7008, 38737],[7006, 38735],[7002, 38728],[7001, 38725],[6997, 38718],[6996, 38713],[6996, 38712],[6991, 38707],[6987, 38700],[6987, 38699],[6985, 38696],[6984, 38693],[6982, 38691],[6981, 38690],[6976, 38684],[6975, 38682],[6973, 38679],[6971, 38677],[6967, 38670],[6966, 38668],[6966, 38667],[6965, 38665],[6965, 38664],[6964, 38663],[6964, 38662],[6962, 38658],[6962, 38657],[6960, 38654],[6958, 38646],[6958, 38644],[6957, 38641],[6957, 38638],[6956, 38637],[6956, 38636],[6955, 38635],[6955, 38634],[6953, 38630],[6952, 38622],[6952, 38619],[6951, 38613],[6950, 38608],[6949, 38600],[6949, 38596],[6949, 38590],[6949, 38587],[6949, 38585],[6949, 38583],[6949, 38580],[6949, 38578],[6948, 38570],[6948, 38567],[6948, 38565],[6948, 38562],[6948, 38559],[6948, 38555],[6948, 38552],[6948, 38550],[6948, 38549],[6948, 38547],[6948, 38544],[6948, 38543],[6947, 38539],[6946, 38531],[6946, 38530],[6945, 38528],[6944, 38520],[6944, 38517],[6944, 38512],[6944, 38511],[6944, 38508],[6944, 38504],[6944, 38503],[6944, 38501],[6944, 38499],[6944, 38498],[6944, 38496],[6945, 38488],[6947, 38480],[6948, 38476],[6948, 38473],[6948, 38471],[6948, 38468],[6948, 38467],[6948, 38466],[6948, 38465],[6948, 38463],[6948, 38458],[6949, 38454],[6949, 38453],[6949, 38452],[6949, 38450],[6950, 38442],[6951, 38438],[6951, 38436],[6952, 38428],[6952, 38427],[6952, 38425],[6953, 38417],[6955, 38409],[6959, 38402],[6964, 38396],[6970, 38391],[6977, 38387],[6985, 38385]],[[5775, 38307],[5771, 38307],[5762, 38307],[5759, 38307],[5756, 38307],[5754, 38307],[5752, 38307],[5749, 38307],[5748, 38307],[5747, 38307],[5746, 38307],[5745, 38307],[5744, 38307],[5740, 38308],[5737, 38309],[5735, 38310],[5733, 38312],[5732, 38313],[5731, 38314],[5730, 38315],[5726, 38318],[5725, 38319],[5719, 38323],[5717, 38325],[5715, 38326],[5714, 38328],[5710, 38331],[5708, 38332],[5706, 38333],[5704, 38334],[5702, 38335],[5700, 38336],[5699, 38337],[5697, 38338],[5695, 38339],[5693, 38340],[5692, 38341],[5690, 38343],[5686, 38346],[5685, 38347],[5681, 38350],[5679, 38351],[5677, 38353],[5675, 38355],[5673, 38357],[5669, 38360],[5668, 38360],[5667, 38362],[5666, 38363],[5662, 38366],[5659, 38368],[5655, 38371],[5654, 38372],[5653, 38372],[5651, 38375],[5650, 38376],[5647, 38380],[5644, 38382],[5644, 38383],[5643, 38384],[5642, 38388],[5641, 38390],[5641, 38391],[5641, 38392],[5640, 38394],[5640, 38395],[5639, 38397],[5637, 38402],[5637, 38403],[5636, 38405],[5635, 38407],[5635, 38409],[5633, 38414],[5631, 38419],[5629, 38423],[5628, 38425],[5628, 38426],[5628, 38427],[5627, 38429],[5627, 38430],[5630, 38432],[5633, 38436],[5635, 38440],[5636, 38444],[5637, 38449],[5637, 38450],[5637, 38451],[5636, 38456],[5635, 38460],[5634, 38462],[5634, 38463],[5634, 38464],[5633, 38469],[5632, 38473],[5631, 38474],[5631, 38476],[5630, 38480],[5628, 38485],[5627, 38487],[5626, 38489],[5626, 38490],[5625, 38492],[5625, 38493],[5624, 38495],[5623, 38497],[5621, 38502],[5620, 38504],[5618, 38507],[5617, 38508],[5617, 38509],[5615, 38513],[5614, 38515],[5612, 38518],[5609, 38522],[5608, 38523],[5607, 38525],[5604, 38529],[5603, 38530],[5602, 38531],[5601, 38532],[5600, 38533],[5599, 38534],[5598, 38535],[5597, 38535],[5597, 38536],[5596, 38538],[5595, 38540],[5594, 38542],[5593, 38545],[5592, 38547],[5590, 38551],[5588, 38554],[5585, 38558],[5583, 38560],[5582, 38561],[5581, 38562],[5580, 38563],[5579, 38565],[5578, 38566],[5577, 38568],[5574, 38572],[5573, 38573],[5572, 38574],[5568, 38577],[5564, 38579],[5560, 38580],[5555, 38581],[5554, 38581],[5549, 38580],[5548, 38580],[5546, 38579],[5545, 38579],[5544, 38579],[5542, 38578],[5540, 38577],[5538, 38576],[5536, 38575],[5532, 38572],[5531, 38571],[5529, 38570],[5527, 38569],[5526, 38568],[5524, 38567],[5523, 38566],[5519, 38563],[5518, 38562],[5517, 38561],[5514, 38557],[5513, 38555],[5512, 38553],[5511, 38551],[5511, 38549],[5510, 38548],[5509, 38544],[5508, 38540],[5506, 38536],[5505, 38532],[5504, 38527],[5504, 38526],[5504, 38525],[5504, 38524],[5504, 38520],[5505, 38515],[5506, 38510],[5507, 38505],[5507, 38503],[5507, 38502],[5507, 38501],[5507, 38499],[5507, 38498],[5507, 38495],[5508, 38490],[5508, 38488],[5508, 38486],[5508, 38485],[5508, 38484],[5509, 38479],[5509, 38478],[5510, 38473],[5510, 38472],[5511, 38470],[5511, 38469],[5512, 38467],[5512, 38466],[5513, 38464],[5513, 38463],[5514, 38461],[5515, 38459],[5516, 38457],[5517, 38456],[5518, 38455],[5521, 38452],[5523, 38450],[5525, 38449],[5526, 38449],[5527, 38448],[5529, 38448],[5530, 38447],[5535, 38447],[5536, 38446],[5537, 38447],[5539, 38447],[5539, 38446],[5542, 38442],[5543, 38440],[5544, 38438],[5545, 38436],[5547, 38433],[5550, 38429],[5552, 38428],[5553, 38425],[5555, 38422],[5558, 38418],[5560, 38416],[5562, 38414],[5565, 38411],[5567, 38410],[5567, 38409],[5568, 38407],[5571, 38403],[5572, 38402],[5573, 38400],[5576, 38396],[5578, 38394],[5580, 38391],[5581, 38390],[5581, 38389],[5583, 38385],[5585, 38383],[5586, 38380],[5588, 38378],[5588, 38376],[5590, 38371],[5591, 38369],[5592, 38367],[5593, 38365],[5593, 38364],[5594, 38362],[5595, 38360],[5596, 38358],[5597, 38355],[5598, 38352],[5600, 38348],[5601, 38347],[5601, 38346],[5602, 38344],[5603, 38343],[5603, 38341],[5605, 38337],[5608, 38333],[5609, 38331],[5611, 38329],[5611, 38328],[5614, 38324],[5615, 38324],[5615, 38323],[5618, 38319],[5622, 38316],[5626, 38313],[5630, 38310],[5634, 38307],[5637, 38305],[5638, 38305],[5640, 38303],[5642, 38302],[5644, 38301],[5647, 38299],[5649, 38298],[5651, 38297],[5653, 38296],[5656, 38294],[5660, 38292],[5662, 38291],[5664, 38290],[5667, 38287],[5669, 38286],[5670, 38284],[5674, 38281],[5676, 38280],[5678, 38279],[5680, 38278],[5682, 38277],[5683, 38277],[5685, 38275],[5687, 38273],[5691, 38270],[5692, 38270],[5694, 38268],[5696, 38267],[5698, 38266],[5700, 38265],[5704, 38263],[5708, 38261],[5710, 38261],[5711, 38260],[5714, 38259],[5715, 38259],[5716, 38258],[5719, 38256],[5721, 38255],[5723, 38254],[5728, 38252],[5730, 38252],[5734, 38250],[5738, 38249],[5742, 38248],[5747, 38247],[5751, 38245],[5755, 38244],[5759, 38243],[5761, 38243],[5762, 38242],[5766, 38241],[5770, 38240],[5774, 38239],[5777, 38238],[5778, 38238],[5780, 38237],[5784, 38236],[5787, 38235],[5788, 38235],[5790, 38234],[5791, 38234],[5792, 38234],[5794, 38233],[5795, 38233],[5799, 38232],[5802, 38231],[5803, 38231],[5805, 38230],[5807, 38229],[5811, 38228],[5815, 38227],[5818, 38226],[5819, 38226],[5821, 38225],[5825, 38224],[5826, 38224],[5828, 38223],[5832, 38222],[5833, 38222],[5835, 38221],[5836, 38221],[5841, 38220],[5846, 38219],[5858, 38219],[5863, 38220],[5868, 38221],[5872, 38222],[5876, 38224],[5877, 38224],[5878, 38225],[5880, 38226],[5882, 38227],[5883, 38227],[5884, 38227],[5886, 38228],[5887, 38228],[5889, 38229],[5891, 38230],[5893, 38231],[5895, 38232],[5897, 38233],[5901, 38235],[5903, 38236],[5905, 38237],[5907, 38238],[5910, 38240],[5914, 38242],[5917, 38244],[5922, 38246],[5926, 38248],[5927, 38249],[5931, 38251],[5937, 38255],[5939, 38256],[5942, 38258],[5943, 38259],[5945, 38260],[5947, 38261],[5948, 38262],[5950, 38262],[5954, 38264],[5957, 38266],[5960, 38268],[5963, 38270],[5966, 38272],[5969, 38274],[5971, 38275],[5974, 38277],[5975, 38278],[5977, 38279],[5979, 38280],[5981, 38281],[5983, 38282],[5987, 38284],[5989, 38285],[5991, 38286],[5993, 38287],[5994, 38287],[5995, 38287],[5997, 38288],[5998, 38288],[5999, 38288],[6001, 38289],[6002, 38289],[6007, 38289],[6012, 38290],[6013, 38290],[6018, 38291],[6021, 38291],[6026, 38292],[6030, 38293],[6032, 38294],[6034, 38295],[6036, 38296],[6040, 38299],[6041, 38300],[6042, 38301],[6045, 38305],[6046, 38307],[6047, 38308],[6048, 38308],[6050, 38308],[6055, 38309],[6059, 38310],[6063, 38312],[6067, 38315],[6070, 38319],[6071, 38320],[6072, 38322],[6073, 38323],[6074, 38325],[6075, 38327],[6076, 38329],[6077, 38331],[6078, 38333],[6078, 38334],[6079, 38336],[6080, 38338],[6080, 38339],[6081, 38341],[6081, 38342],[6082, 38344],[6082, 38345],[6083, 38347],[6084, 38349],[6084, 38350],[6085, 38352],[6085, 38353],[6086, 38356],[6086, 38357],[6086, 38358],[6087, 38360],[6087, 38361],[6088, 38366],[6088, 38367],[6088, 38368],[6088, 38370],[6088, 38371],[6088, 38373],[6088, 38374],[6088, 38376],[6088, 38378],[6088, 38379],[6088, 38380],[6087, 38385],[6086, 38389],[6084, 38393],[6081, 38397],[6081, 38400],[6081, 38405],[6081, 38406],[6081, 38410],[6081, 38412],[6081, 38413],[6080, 38418],[6079, 38422],[6078, 38424],[6077, 38426],[6077, 38427],[6076, 38429],[6074, 38433],[6071, 38437],[6070, 38439],[6069, 38441],[6068, 38442],[6065, 38446],[6061, 38449],[6060, 38449],[6060, 38450],[6059, 38450],[6059, 38451],[6058, 38452],[6054, 38455],[6050, 38457],[6046, 38458],[6041, 38459],[6039, 38459],[6034, 38458],[6030, 38457],[6029, 38457],[6027, 38456],[6026, 38456],[6025, 38456],[6023, 38455],[6022, 38455],[6018, 38454],[6016, 38453],[6014, 38453],[6009, 38452],[6005, 38451],[6000, 38449],[5999, 38449],[5997, 38448],[5996, 38448],[5994, 38447],[5990, 38445],[5986, 38442],[5984, 38441],[5983, 38440],[5979, 38437],[5976, 38433],[5975, 38431],[5974, 38430],[5973, 38429],[5972, 38428],[5969, 38424],[5968, 38423],[5965, 38419],[5963, 38415],[5962, 38411],[5961, 38406],[5961, 38405],[5960, 38403],[5960, 38402],[5959, 38397],[5959, 38396],[5959, 38395],[5959, 38394],[5959, 38390],[5959, 38389],[5960, 38384],[5960, 38383],[5960, 38382],[5960, 38381],[5960, 38380],[5960, 38378],[5957, 38377],[5955, 38376],[5954, 38376],[5952, 38375],[5948, 38373],[5946, 38372],[5945, 38371],[5943, 38370],[5939, 38368],[5937, 38367],[5936, 38366],[5932, 38363],[5930, 38361],[5929, 38360],[5926, 38356],[5925, 38355],[5924, 38354],[5922, 38352],[5918, 38350],[5914, 38347],[5912, 38345],[5910, 38344],[5908, 38343],[5906, 38342],[5904, 38341],[5900, 38338],[5899, 38338],[5897, 38337],[5896, 38337],[5894, 38336],[5892, 38335],[5890, 38334],[5888, 38333],[5884, 38331],[5880, 38328],[5879, 38327],[5875, 38325],[5873, 38324],[5872, 38323],[5870, 38322],[5866, 38321],[5862, 38319],[5861, 38318],[5860, 38318],[5857, 38317],[5854, 38316],[5852, 38315],[5851, 38315],[5846, 38314],[5842, 38313],[5841, 38313],[5836, 38312],[5832, 38311],[5831, 38311],[5830, 38311],[5829, 38311],[5826, 38311],[5824, 38311],[5822, 38311],[5818, 38311],[5817, 38311],[5816, 38311],[5814, 38311],[5813, 38311],[5812, 38311],[5807, 38310],[5804, 38310],[5799, 38309],[5796, 38309],[5792, 38309],[5787, 38308],[5785, 38308],[5784, 38307],[5781, 38308],[5776, 38307],[5775, 38307]],[[4454, 37786],[4448, 37785],[4441, 37784],[4431, 37776],[4423, 37766],[4422, 37759],[4421, 37753],[4422, 37747],[4423, 37740],[4427, 37735],[4427, 37734],[4429, 37732],[4429, 37731],[4433, 37725],[4436, 37722],[4439, 37719],[4442, 37717],[4444, 37714],[4450, 37710],[4451, 37710],[4453, 37708],[4454, 37708],[4455, 37707],[4458, 37705],[4459, 37705],[4461, 37703],[4463, 37703],[4464, 37702],[4465, 37702],[4467, 37700],[4468, 37700],[4469, 37699],[4471, 37699],[4474, 37696],[4475, 37696],[4479, 37693],[4480, 37692],[4481, 37692],[4481, 37691],[4483, 37690],[4484, 37688],[4489, 37685],[4491, 37683],[4494, 37682],[4498, 37679],[4503, 37675],[4505, 37672],[4515, 37664],[4517, 37663],[4519, 37662],[4523, 37659],[4528, 37653],[4531, 37652],[4532, 37650],[4533, 37649],[4534, 37648],[4537, 37646],[4538, 37645],[4539, 37644],[4541, 37643],[4543, 37640],[4546, 37638],[4548, 37637],[4548, 37636],[4549, 37635],[4553, 37630],[4554, 37629],[4558, 37625],[4560, 37624],[4560, 37623],[4568, 37613],[4570, 37611],[4573, 37606],[4574, 37605],[4576, 37602],[4577, 37601],[4578, 37600],[4580, 37597],[4582, 37596],[4582, 37593],[4584, 37591],[4584, 37590],[4587, 37586],[4587, 37584],[4589, 37582],[4589, 37581],[4591, 37578],[4591, 37577],[4593, 37575],[4594, 37573],[4594, 37572],[4595, 37571],[4595, 37569],[4597, 37567],[4597, 37566],[4600, 37562],[4600, 37561],[4602, 37559],[4602, 37557],[4603, 37556],[4603, 37555],[4604, 37553],[4604, 37552],[4606, 37550],[4606, 37549],[4606, 37548],[4607, 37544],[4608, 37543],[4608, 37541],[4609, 37539],[4610, 37536],[4610, 37535],[4610, 37534],[4610, 37532],[4610, 37528],[4611, 37524],[4612, 37519],[4613, 37518],[4613, 37516],[4613, 37515],[4613, 37513],[4613, 37509],[4613, 37508],[4613, 37507],[4613, 37505],[4613, 37504],[4613, 37500],[4613, 37496],[4613, 37494],[4613, 37492],[4613, 37491],[4613, 37490],[4612, 37487],[4612, 37483],[4612, 37482],[4612, 37481],[4612, 37479],[4611, 37474],[4610, 37470],[4610, 37466],[4609, 37462],[4608, 37460],[4608, 37457],[4607, 37456],[4607, 37455],[4606, 37454],[4606, 37452],[4604, 37450],[4604, 37448],[4602, 37447],[4598, 37441],[4595, 37437],[4591, 37432],[4590, 37429],[4589, 37427],[4587, 37425],[4585, 37423],[4584, 37422],[4583, 37421],[4575, 37411],[4574, 37409],[4571, 37405],[4571, 37403],[4570, 37402],[4570, 37401],[4569, 37400],[4569, 37399],[4567, 37397],[4567, 37395],[4566, 37394],[4566, 37393],[4565, 37392],[4565, 37390],[4563, 37388],[4563, 37385],[4562, 37384],[4562, 37382],[4561, 37381],[4561, 37380],[4559, 37378],[4559, 37377],[4558, 37376],[4558, 37375],[4554, 37370],[4554, 37369],[4553, 37368],[4552, 37364],[4552, 37363],[4552, 37362],[4550, 37360],[4550, 37358],[4549, 37357],[4546, 37353],[4546, 37352],[4545, 37350],[4545, 37349],[4544, 37348],[4544, 37347],[4542, 37345],[4541, 37341],[4540, 37339],[4540, 37337],[4538, 37335],[4538, 37333],[4537, 37332],[4537, 37331],[4536, 37330],[4536, 37329],[4534, 37327],[4534, 37325],[4533, 37324],[4530, 37320],[4530, 37317],[4527, 37314],[4526, 37312],[4526, 37311],[4525, 37310],[4523, 37309],[4517, 37305],[4515, 37303],[4513, 37301],[4512, 37301],[4509, 37299],[4506, 37297],[4505, 37296],[4503, 37296],[4502, 37295],[4500, 37295],[4496, 37292],[4492, 37291],[4490, 37289],[4488, 37289],[4487, 37288],[4485, 37288],[4484, 37287],[4482, 37287],[4478, 37284],[4474, 37283],[4472, 37281],[4471, 37281],[4468, 37279],[4465, 37277],[4464, 37276],[4463, 37276],[4462, 37275],[4461, 37275],[4460, 37274],[4457, 37274],[4452, 37270],[4451, 37270],[4447, 37267],[4446, 37266],[4444, 37266],[4442, 37264],[4441, 37264],[4437, 37263],[4436, 37262],[4435, 37262],[4434, 37261],[4431, 37261],[4428, 37262],[4425, 37262],[4424, 37263],[4421, 37264],[4419, 37264],[4417, 37264],[4415, 37264],[4413, 37266],[4407, 37267],[4405, 37267],[4404, 37268],[4401, 37268],[4399, 37270],[4396, 37270],[4395, 37271],[4393, 37271],[4391, 37272],[4389, 37272],[4387, 37274],[4384, 37274],[4383, 37275],[4381, 37275],[4379, 37276],[4375, 37277],[4374, 37277],[4373, 37277],[4371, 37279],[4369, 37279],[4368, 37280],[4366, 37280],[4364, 37281],[4363, 37281],[4362, 37282],[4360, 37283],[4354, 37285],[4352, 37285],[4349, 37286],[4347, 37286],[4346, 37287],[4341, 37288],[4339, 37288],[4337, 37289],[4335, 37289],[4333, 37290],[4330, 37290],[4329, 37291],[4327, 37291],[4326, 37292],[4321, 37293],[4317, 37294],[4313, 37294],[4312, 37294],[4311, 37295],[4304, 37296],[4303, 37296],[4300, 37297],[4294, 37298],[4289, 37298],[4283, 37299],[4281, 37299],[4274, 37300],[4268, 37301],[4157, 37301],[4151, 37302],[4132, 37302],[4126, 37303],[4090, 37303],[4083, 37304],[4077, 37305],[4074, 37306],[4069, 37306],[4066, 37307],[4062, 37307],[4056, 37308],[4055, 37308],[4054, 37309],[4052, 37311],[4049, 37315],[4047, 37317],[4047, 37318],[4046, 37320],[4045, 37322],[4044, 37324],[4043, 37325],[4043, 37326],[4041, 37328],[4041, 37330],[4037, 37335],[4036, 37336],[4036, 37337],[4035, 37339],[4034, 37341],[4033, 37343],[4029, 37348],[4028, 37351],[4024, 37357],[4022, 37359],[4021, 37360],[4020, 37363],[4016, 37369],[4013, 37371],[4012, 37373],[4009, 37375],[4008, 37377],[4007, 37378],[4006, 37379],[4005, 37380],[4004, 37381],[4002, 37382],[4001, 37384],[4000, 37385],[3999, 37386],[3998, 37386],[3998, 37387],[3997, 37388],[3996, 37389],[3993, 37391],[3992, 37393],[3982, 37401],[3981, 37402],[3980, 37402],[3976, 37408],[3970, 37412],[3969, 37412],[3967, 37414],[3961, 37419],[3955, 37423],[3951, 37429],[3950, 37429],[3950, 37430],[3944, 37435],[3942, 37438],[3938, 37441],[3934, 37447],[3931, 37449],[3931, 37450],[3930, 37451],[3929, 37451],[3929, 37452],[3926, 37454],[3920, 37462],[3915, 37468],[3905, 37476],[3904, 37476],[3902, 37478],[3901, 37478],[3899, 37480],[3896, 37480],[3894, 37482],[3893, 37482],[3891, 37484],[3890, 37484],[3889, 37485],[3887, 37485],[3886, 37486],[3885, 37486],[3883, 37488],[3880, 37488],[3878, 37490],[3875, 37492],[3874, 37492],[3873, 37493],[3872, 37494],[3872, 37495],[3870, 37497],[3870, 37500],[3868, 37502],[3868, 37504],[3867, 37505],[3867, 37507],[3866, 37508],[3866, 37509],[3858, 37519],[3857, 37522],[3855, 37525],[3852, 37529],[3850, 37530],[3849, 37532],[3848, 37533],[3844, 37538],[3841, 37540],[3840, 37541],[3837, 37546],[3833, 37550],[3829, 37554],[3823, 37559],[3818, 37563],[3816, 37566],[3814, 37567],[3813, 37569],[3809, 37572],[3808, 37573],[3806, 37574],[3804, 37577],[3803, 37577],[3803, 37578],[3801, 37579],[3800, 37581],[3796, 37584],[3795, 37584],[3794, 37586],[3791, 37588],[3790, 37590],[3789, 37591],[3786, 37595],[3785, 37596],[3784, 37596],[3784, 37599],[3782, 37601],[3782, 37602],[3781, 37603],[3781, 37606],[3779, 37608],[3779, 37609],[3775, 37615],[3774, 37616],[3768, 37624],[3767, 37625],[3765, 37628],[3763, 37631],[3753, 37639],[3751, 37640],[3749, 37641],[3747, 37642],[3743, 37645],[3742, 37645],[3741, 37646],[3739, 37646],[3738, 37647],[3736, 37647],[3734, 37649],[3729, 37650],[3725, 37651],[3718, 37651],[3714, 37652],[3712, 37653],[3705, 37654],[3699, 37655],[3692, 37655],[3686, 37656],[3677, 37656],[3671, 37655],[3664, 37654],[3659, 37653],[3649, 37645],[3641, 37635],[3640, 37628],[3639, 37622],[3639, 37620],[3639, 37619],[3639, 37618],[3639, 37616],[3640, 37610],[3641, 37603],[3644, 37599],[3645, 37598],[3645, 37597],[3646, 37596],[3646, 37594],[3649, 37590],[3652, 37587],[3652, 37585],[3653, 37584],[3653, 37582],[3656, 37578],[3657, 37577],[3657, 37576],[3658, 37570],[3659, 37569],[3659, 37567],[3659, 37565],[3659, 37561],[3660, 37558],[3660, 37557],[3660, 37554],[3660, 37552],[3660, 37549],[3660, 37548],[3660, 37546],[3660, 37542],[3661, 37538],[3662, 37533],[3662, 37532],[3662, 37531],[3662, 37529],[3662, 37528],[3662, 37527],[3662, 37525],[3662, 37524],[3662, 37523],[3662, 37521],[3662, 37520],[3662, 37519],[3662, 37517],[3662, 37516],[3663, 37510],[3664, 37503],[3665, 37502],[3665, 37500],[3668, 37496],[3672, 37490],[3674, 37488],[3676, 37485],[3677, 37484],[3676, 37483],[3676, 37481],[3675, 37479],[3674, 37472],[3674, 37470],[3674, 37468],[3674, 37467],[3674, 37466],[3674, 37464],[3674, 37462],[3675, 37455],[3676, 37453],[3676, 37451],[3677, 37450],[3677, 37449],[3678, 37447],[3678, 37446],[3680, 37444],[3680, 37443],[3684, 37437],[3694, 37429],[3696, 37428],[3698, 37427],[3702, 37425],[3704, 37424],[3705, 37424],[3706, 37423],[3708, 37422],[3712, 37420],[3717, 37418],[3721, 37417],[3722, 37417],[3725, 37416],[3726, 37415],[3729, 37413],[3731, 37412],[3733, 37412],[3735, 37411],[3738, 37409],[3740, 37407],[3743, 37407],[3746, 37405],[3747, 37405],[3748, 37404],[3750, 37404],[3752, 37403],[3759, 37402],[3762, 37401],[3765, 37401],[3767, 37400],[3774, 37398],[3780, 37397],[3784, 37397],[3790, 37396],[3792, 37396],[3793, 37396],[3795, 37395],[3801, 37394],[3802, 37394],[3803, 37393],[3806, 37391],[3811, 37390],[3812, 37390],[3819, 37389],[3821, 37389],[3824, 37388],[3826, 37388],[3832, 37387],[3834, 37387],[3835, 37387],[3836, 37386],[3838, 37386],[3840, 37385],[3841, 37385],[3842, 37383],[3842, 37381],[3844, 37379],[3845, 37376],[3846, 37375],[3846, 37372],[3847, 37371],[3847, 37368],[3849, 37366],[3849, 37365],[3849, 37364],[3850, 37360],[3851, 37355],[3852, 37354],[3853, 37347],[3854, 37345],[3854, 37343],[3855, 37342],[3855, 37339],[3857, 37337],[3857, 37336],[3858, 37335],[3858, 37334],[3859, 37333],[3859, 37331],[3861, 37329],[3861, 37327],[3863, 37325],[3863, 37324],[3865, 37321],[3866, 37319],[3867, 37317],[3868, 37316],[3868, 37314],[3870, 37312],[3870, 37311],[3870, 37310],[3871, 37306],[3873, 37304],[3873, 37303],[3874, 37301],[3875, 37299],[3879, 37294],[3880, 37293],[3880, 37290],[3882, 37288],[3882, 37287],[3886, 37281],[3891, 37277],[3892, 37276],[3893, 37275],[3896, 37272],[3898, 37270],[3902, 37267],[3902, 37266],[3912, 37258],[3913, 37257],[3916, 37255],[3918, 37253],[3924, 37249],[3925, 37249],[3926, 37247],[3929, 37245],[3933, 37239],[3942, 37231],[3944, 37230],[3944, 37229],[3948, 37223],[3951, 37220],[3953, 37217],[3952, 37215],[3949, 37211],[3949, 37209],[3948, 37208],[3947, 37201],[3946, 37195],[3946, 37194],[3947, 37188],[3948, 37181],[3956, 37171],[3966, 37163],[3973, 37162],[3979, 37161],[3980, 37161],[3986, 37162],[3993, 37163],[3994, 37164],[3996, 37164],[4000, 37167],[4002, 37168],[4005, 37169],[4007, 37168],[4013, 37167],[4014, 37167],[4016, 37165],[4018, 37165],[4020, 37163],[4022, 37163],[4024, 37161],[4029, 37160],[4033, 37159],[4037, 37159],[4038, 37159],[4039, 37159],[4040, 37159],[4041, 37159],[4042, 37159],[4045, 37159],[4051, 37160],[4058, 37161],[4064, 37162],[4067, 37162],[4069, 37163],[4071, 37163],[4076, 37164],[4082, 37165],[4083, 37166],[4084, 37166],[4088, 37166],[4091, 37167],[4092, 37167],[4096, 37167],[4102, 37168],[4109, 37169],[4110, 37170],[4112, 37170],[4116, 37170],[4120, 37171],[4125, 37172],[4126, 37173],[4130, 37174],[4132, 37175],[4133, 37175],[4135, 37176],[4137, 37176],[4144, 37177],[4145, 37178],[4146, 37178],[4148, 37179],[4152, 37180],[4157, 37181],[4158, 37182],[4161, 37182],[4163, 37184],[4165, 37184],[4166, 37185],[4168, 37185],[4175, 37186],[4176, 37187],[4177, 37187],[4180, 37187],[4182, 37187],[4184, 37187],[4188, 37187],[4191, 37188],[4193, 37188],[4193, 37187],[4196, 37183],[4197, 37182],[4197, 37179],[4200, 37175],[4201, 37173],[4202, 37171],[4203, 37166],[4205, 37164],[4205, 37163],[4207, 37161],[4207, 37160],[4211, 37154],[4215, 37151],[4218, 37147],[4219, 37146],[4220, 37145],[4224, 37143],[4226, 37142],[4229, 37141],[4231, 37140],[4232, 37140],[4233, 37139],[4237, 37136],[4243, 37135],[4245, 37135],[4248, 37134],[4254, 37133],[4255, 37133],[4257, 37133],[4258, 37132],[4261, 37132],[4262, 37131],[4267, 37130],[4274, 37129],[4275, 37129],[4277, 37128],[4278, 37128],[4279, 37127],[4282, 37127],[4283, 37126],[4286, 37126],[4288, 37124],[4293, 37123],[4295, 37123],[4297, 37122],[4299, 37121],[4302, 37120],[4304, 37119],[4306, 37118],[4308, 37117],[4313, 37114],[4319, 37110],[4320, 37110],[4322, 37108],[4323, 37108],[4326, 37106],[4327, 37106],[4329, 37104],[4331, 37104],[4333, 37102],[4334, 37102],[4335, 37101],[4336, 37101],[4338, 37099],[4340, 37099],[4341, 37098],[4346, 37097],[4350, 37096],[4354, 37096],[4355, 37096],[4356, 37096],[4357, 37096],[4358, 37096],[4359, 37096],[4361, 37096],[4367, 37097],[4374, 37098],[4378, 37101],[4388, 37109],[4390, 37112],[4392, 37112],[4395, 37114],[4399, 37115],[4404, 37116],[4409, 37117],[4416, 37118],[4417, 37118],[4420, 37119],[4421, 37119],[4426, 37120],[4427, 37121],[4428, 37121],[4434, 37122],[4436, 37122],[4438, 37123],[4441, 37123],[4442, 37124],[4445, 37124],[4447, 37126],[4448, 37126],[4449, 37127],[4450, 37127],[4451, 37128],[4452, 37128],[4454, 37130],[4455, 37130],[4461, 37134],[4462, 37135],[4466, 37138],[4467, 37139],[4469, 37139],[4471, 37140],[4476, 37143],[4482, 37147],[4483, 37147],[4486, 37149],[4487, 37150],[4488, 37151],[4489, 37151],[4492, 37153],[4493, 37153],[4496, 37156],[4498, 37156],[4501, 37159],[4502, 37159],[4505, 37160],[4507, 37161],[4509, 37162],[4511, 37164],[4512, 37164],[4514, 37165],[4515, 37165],[4517, 37167],[4518, 37167],[4524, 37171],[4525, 37173],[4526, 37173],[4528, 37174],[4538, 37182],[4539, 37183],[4540, 37184],[4541, 37185],[4544, 37185],[4550, 37190],[4553, 37191],[4555, 37192],[4556, 37192],[4558, 37193],[4559, 37194],[4561, 37196],[4563, 37196],[4567, 37199],[4569, 37200],[4571, 37201],[4572, 37201],[4573, 37202],[4574, 37202],[4576, 37204],[4577, 37204],[4578, 37205],[4581, 37205],[4583, 37207],[4587, 37208],[4588, 37209],[4589, 37209],[4590, 37210],[4592, 37210],[4594, 37212],[4595, 37212],[4601, 37216],[4604, 37220],[4606, 37221],[4607, 37222],[4608, 37223],[4609, 37225],[4612, 37227],[4616, 37233],[4620, 37238],[4621, 37240],[4623, 37241],[4624, 37242],[4625, 37243],[4627, 37245],[4627, 37246],[4628, 37246],[4631, 37248],[4635, 37253],[4636, 37254],[4637, 37255],[4637, 37256],[4643, 37260],[4647, 37266],[4648, 37266],[4648, 37267],[4649, 37267],[4649, 37268],[4650, 37268],[4651, 37269],[4652, 37270],[4653, 37271],[4654, 37272],[4655, 37274],[4658, 37276],[4659, 37277],[4661, 37280],[4662, 37281],[4663, 37282],[4664, 37283],[4666, 37287],[4667, 37289],[4668, 37290],[4671, 37292],[4675, 37295],[4676, 37297],[4678, 37298],[4678, 37299],[4679, 37299],[4680, 37301],[4682, 37302],[4682, 37303],[4683, 37303],[4686, 37307],[4688, 37309],[4689, 37309],[4693, 37312],[4698, 37314],[4702, 37316],[4703, 37316],[4704, 37317],[4705, 37317],[4707, 37319],[4708, 37320],[4711, 37320],[4713, 37322],[4714, 37322],[4716, 37323],[4718, 37323],[4719, 37324],[4722, 37324],[4723, 37325],[4724, 37325],[4730, 37327],[4732, 37328],[4733, 37329],[4734, 37329],[4736, 37329],[4742, 37331],[4744, 37332],[4745, 37332],[4747, 37333],[4749, 37333],[4750, 37334],[4751, 37334],[4758, 37334],[4761, 37335],[4764, 37335],[4770, 37336],[4783, 37336],[4789, 37335],[4801, 37335],[4806, 37334],[4808, 37334],[4811, 37333],[4817, 37332],[4819, 37332],[4822, 37331],[4823, 37331],[4827, 37329],[4828, 37329],[4830, 37327],[4831, 37327],[4836, 37320],[4837, 37319],[4838, 37318],[4841, 37316],[4846, 37312],[4849, 37312],[4850, 37311],[4852, 37311],[4854, 37309],[4859, 37308],[4862, 37308],[4863, 37307],[4864, 37307],[4866, 37306],[4872, 37304],[4874, 37304],[4877, 37303],[4881, 37301],[4887, 37299],[4889, 37299],[4891, 37297],[4894, 37297],[4895, 37296],[4897, 37296],[4899, 37295],[4906, 37294],[4907, 37294],[4914, 37293],[4916, 37293],[4919, 37293],[4923, 37290],[4924, 37290],[4925, 37289],[4932, 37280],[4934, 37277],[4936, 37276],[4937, 37274],[4940, 37272],[4941, 37272],[4942, 37270],[4947, 37267],[4949, 37265],[4951, 37264],[4953, 37262],[4955, 37260],[4957, 37258],[4958, 37257],[4960, 37255],[4965, 37252],[4967, 37251],[4970, 37251],[4971, 37250],[4972, 37250],[4973, 37249],[4975, 37249],[4977, 37248],[4978, 37248],[4979, 37247],[4981, 37247],[4983, 37246],[4990, 37245],[4991, 37241],[4992, 37236],[4994, 37234],[4994, 37233],[4998, 37227],[5008, 37219],[5010, 37218],[5012, 37217],[5014, 37214],[5020, 37211],[5026, 37209],[5033, 37207],[5038, 37206],[5041, 37205],[5042, 37205],[5045, 37204],[5051, 37203],[5083, 37203],[5084, 37202],[5087, 37202],[5089, 37200],[5090, 37200],[5095, 37196],[5099, 37195],[5101, 37194],[5106, 37193],[5110, 37192],[5118, 37191],[5152, 37191],[5158, 37192],[5163, 37192],[5170, 37193],[5172, 37194],[5174, 37194],[5175, 37195],[5176, 37195],[5177, 37196],[5180, 37196],[5181, 37197],[5184, 37197],[5185, 37198],[5187, 37198],[5189, 37200],[5191, 37200],[5192, 37201],[5195, 37201],[5196, 37202],[5198, 37202],[5201, 37205],[5203, 37205],[5204, 37206],[5207, 37206],[5209, 37208],[5210, 37208],[5211, 37209],[5213, 37209],[5214, 37210],[5215, 37210],[5217, 37211],[5218, 37211],[5223, 37212],[5224, 37213],[5226, 37213],[5227, 37214],[5230, 37214],[5233, 37217],[5234, 37217],[5235, 37217],[5236, 37218],[5238, 37218],[5241, 37220],[5242, 37221],[5243, 37221],[5244, 37222],[5246, 37222],[5249, 37225],[5250, 37225],[5251, 37225],[5253, 37227],[5255, 37227],[5256, 37228],[5257, 37228],[5259, 37229],[5261, 37230],[5265, 37234],[5268, 37234],[5275, 37235],[5279, 37238],[5285, 37239],[5286, 37240],[5288, 37240],[5294, 37241],[5296, 37241],[5302, 37242],[5309, 37243],[5310, 37244],[5311, 37244],[5318, 37245],[5319, 37245],[5325, 37246],[5332, 37247],[5333, 37248],[5334, 37248],[5336, 37248],[5342, 37249],[5349, 37250],[5350, 37251],[5351, 37251],[5361, 37259],[5369, 37269],[5370, 37276],[5371, 37282],[5370, 37288],[5369, 37295],[5361, 37305],[5351, 37313],[5350, 37313],[5349, 37314],[5342, 37315],[5336, 37316],[5250, 37316],[5247, 37315],[5233, 37315],[5227, 37314],[5216, 37314],[5210, 37313],[5202, 37313],[5196, 37312],[5189, 37311],[5176, 37311],[5170, 37310],[5143, 37310],[5137, 37311],[5130, 37312],[5126, 37313],[5125, 37313],[5118, 37314],[5107, 37314],[5100, 37315],[5094, 37315],[5088, 37316],[5006, 37316],[5003, 37317],[5002, 37317],[5001, 37318],[5000, 37318],[4999, 37319],[4997, 37320],[4992, 37324],[4991, 37325],[4989, 37327],[4988, 37328],[4988, 37329],[4991, 37339],[4992, 37342],[4993, 37343],[4994, 37350],[4995, 37356],[4996, 37364],[4996, 37368],[4996, 37370],[4996, 37371],[4996, 37376],[4996, 37380],[4996, 37384],[4996, 37389],[4996, 37391],[4996, 37393],[4996, 37394],[4997, 37395],[5008, 37414],[5008, 37415],[5009, 37416],[5010, 37418],[5011, 37419],[5013, 37421],[5017, 37426],[5018, 37428],[5021, 37428],[5022, 37429],[5031, 37429],[5034, 37430],[5047, 37430],[5053, 37431],[5063, 37431],[5069, 37432],[5072, 37433],[5074, 37433],[5082, 37433],[5090, 37434],[5095, 37434],[5102, 37435],[5104, 37436],[5106, 37436],[5107, 37437],[5108, 37437],[5115, 37438],[5129, 37438],[5135, 37439],[5197, 37439],[5203, 37440],[5210, 37441],[5213, 37443],[5223, 37443],[5226, 37442],[5244, 37442],[5247, 37441],[5255, 37441],[5260, 37440],[5264, 37439],[5326, 37439],[5329, 37438],[5336, 37438],[5342, 37437],[5347, 37435],[5350, 37433],[5356, 37432],[5359, 37432],[5361, 37430],[5364, 37430],[5366, 37428],[5369, 37428],[5370, 37427],[5372, 37427],[5374, 37426],[5377, 37426],[5379, 37424],[5382, 37421],[5384, 37420],[5384, 37418],[5385, 37417],[5385, 37416],[5386, 37414],[5391, 37408],[5391, 37407],[5392, 37405],[5392, 37403],[5393, 37402],[5393, 37400],[5394, 37399],[5394, 37398],[5395, 37396],[5395, 37395],[5395, 37392],[5395, 37390],[5395, 37389],[5395, 37388],[5395, 37384],[5396, 37381],[5396, 37380],[5396, 37379],[5396, 37378],[5396, 37377],[5396, 37376],[5396, 37372],[5397, 37368],[5398, 37363],[5400, 37361],[5400, 37359],[5401, 37358],[5401, 37355],[5402, 37354],[5402, 37352],[5404, 37350],[5404, 37348],[5405, 37346],[5405, 37344],[5406, 37343],[5406, 37342],[5407, 37340],[5407, 37339],[5407, 37338],[5407, 37336],[5407, 37335],[5407, 37334],[5407, 37332],[5407, 37331],[5407, 37330],[5407, 37328],[5407, 37326],[5407, 37324],[5406, 37323],[5405, 37318],[5404, 37314],[5404, 37310],[5404, 37308],[5404, 37307],[5404, 37305],[5404, 37303],[5404, 37302],[5404, 37301],[5404, 37299],[5404, 37298],[5405, 37292],[5406, 37285],[5414, 37275],[5424, 37267],[5427, 37267],[5428, 37266],[5430, 37266],[5432, 37264],[5437, 37263],[5441, 37262],[5457, 37262],[5463, 37263],[5470, 37264],[5471, 37265],[5472, 37265],[5479, 37266],[5484, 37270],[5486, 37270],[5487, 37270],[5489, 37268],[5491, 37268],[5492, 37267],[5493, 37267],[5494, 37266],[5499, 37260],[5500, 37260],[5500, 37259],[5502, 37257],[5504, 37255],[5506, 37253],[5508, 37251],[5518, 37243],[5525, 37242],[5531, 37241],[5537, 37242],[5544, 37243],[5546, 37245],[5550, 37244],[5558, 37244],[5565, 37245],[5567, 37246],[5569, 37246],[5570, 37246],[5571, 37247],[5572, 37247],[5578, 37248],[5585, 37249],[5595, 37257],[5596, 37258],[5597, 37259],[5605, 37269],[5606, 37274],[5607, 37281],[5608, 37287],[5608, 37289],[5608, 37290],[5609, 37297],[5610, 37303],[5610, 37305],[5610, 37306],[5610, 37307],[5610, 37309],[5610, 37310],[5610, 37311],[5610, 37313],[5610, 37314],[5610, 37315],[5610, 37317],[5610, 37318],[5610, 37319],[5610, 37320],[5610, 37322],[5610, 37323],[5609, 37329],[5609, 37330],[5609, 37331],[5608, 37337],[5608, 37338],[5608, 37339],[5607, 37345],[5607, 37346],[5607, 37347],[5607, 37348],[5607, 37351],[5607, 37352],[5607, 37354],[5607, 37355],[5607, 37356],[5607, 37360],[5606, 37364],[5605, 37369],[5604, 37370],[5603, 37372],[5603, 37374],[5603, 37376],[5602, 37378],[5602, 37380],[5601, 37385],[5599, 37387],[5599, 37388],[5597, 37391],[5597, 37392],[5589, 37402],[5585, 37405],[5583, 37408],[5582, 37409],[5582, 37410],[5580, 37413],[5579, 37414],[5582, 37418],[5584, 37420],[5586, 37423],[5587, 37424],[5591, 37430],[5594, 37434],[5594, 37436],[5595, 37437],[5595, 37438],[5597, 37440],[5598, 37446],[5598, 37447],[5599, 37448],[5599, 37450],[5600, 37452],[5601, 37459],[5601, 37461],[5601, 37463],[5601, 37464],[5601, 37465],[5601, 37466],[5601, 37467],[5601, 37468],[5601, 37470],[5601, 37471],[5601, 37472],[5601, 37474],[5601, 37475],[5601, 37476],[5601, 37478],[5600, 37484],[5599, 37491],[5598, 37492],[5598, 37493],[5597, 37499],[5594, 37503],[5591, 37507],[5587, 37513],[5584, 37516],[5581, 37519],[5578, 37521],[5575, 37523],[5573, 37526],[5570, 37528],[5567, 37533],[5565, 37535],[5564, 37535],[5564, 37536],[5560, 37541],[5558, 37543],[5558, 37544],[5554, 37550],[5551, 37552],[5550, 37554],[5549, 37555],[5548, 37556],[5548, 37557],[5546, 37559],[5546, 37560],[5545, 37561],[5545, 37562],[5544, 37563],[5544, 37565],[5541, 37568],[5541, 37571],[5539, 37573],[5538, 37577],[5537, 37578],[5537, 37579],[5536, 37580],[5536, 37582],[5534, 37584],[5534, 37586],[5532, 37588],[5532, 37591],[5531, 37592],[5531, 37594],[5527, 37599],[5527, 37600],[5526, 37602],[5525, 37603],[5524, 37605],[5523, 37607],[5523, 37608],[5520, 37612],[5516, 37617],[5516, 37619],[5512, 37624],[5512, 37625],[5511, 37626],[5511, 37629],[5509, 37631],[5509, 37633],[5508, 37634],[5508, 37636],[5505, 37639],[5505, 37641],[5504, 37642],[5504, 37643],[5503, 37645],[5501, 37647],[5501, 37648],[5495, 37655],[5495, 37656],[5491, 37661],[5487, 37666],[5485, 37669],[5484, 37670],[5483, 37670],[5483, 37671],[5480, 37673],[5480, 37674],[5477, 37678],[5472, 37682],[5471, 37683],[5470, 37684],[5468, 37686],[5466, 37688],[5460, 37693],[5458, 37694],[5457, 37696],[5454, 37698],[5444, 37706],[5442, 37706],[5441, 37707],[5440, 37707],[5439, 37708],[5434, 37709],[5432, 37710],[5427, 37711],[5423, 37712],[5414, 37712],[5414, 37713],[5414, 37714],[5414, 37716],[5414, 37717],[5413, 37723],[5412, 37730],[5410, 37732],[5410, 37733],[5408, 37735],[5408, 37738],[5406, 37740],[5406, 37741],[5404, 37744],[5403, 37746],[5402, 37748],[5402, 37750],[5401, 37751],[5401, 37752],[5400, 37754],[5399, 37756],[5400, 37757],[5401, 37764],[5402, 37770],[5402, 37771],[5402, 37772],[5402, 37774],[5402, 37775],[5402, 37778],[5402, 37779],[5402, 37780],[5401, 37786],[5400, 37793],[5399, 37798],[5398, 37805],[5397, 37806],[5397, 37809],[5399, 37809],[5404, 37808],[5405, 37808],[5422, 37805],[5428, 37805],[5433, 37804],[5435, 37804],[5436, 37803],[5443, 37802],[5449, 37801],[5454, 37801],[5460, 37800],[5467, 37799],[5485, 37799],[5491, 37800],[5498, 37801],[5508, 37809],[5516, 37819],[5517, 37826],[5518, 37832],[5518, 37833],[5518, 37834],[5518, 37836],[5517, 37842],[5516, 37849],[5515, 37854],[5513, 37856],[5513, 37857],[5511, 37859],[5511, 37861],[5503, 37871],[5500, 37873],[5500, 37874],[5502, 37876],[5503, 37878],[5504, 37880],[5505, 37881],[5506, 37882],[5508, 37885],[5509, 37886],[5513, 37892],[5513, 37893],[5515, 37895],[5515, 37896],[5517, 37899],[5519, 37901],[5519, 37902],[5520, 37903],[5520, 37905],[5524, 37910],[5524, 37913],[5525, 37914],[5526, 37921],[5527, 37922],[5528, 37927],[5529, 37931],[5529, 37935],[5529, 37936],[5529, 37937],[5529, 37940],[5529, 37941],[5529, 37943],[5529, 37944],[5529, 37945],[5529, 37947],[5529, 37948],[5529, 37949],[5529, 37951],[5529, 37952],[5529, 37953],[5529, 37955],[5529, 37956],[5529, 37957],[5529, 37959],[5529, 37960],[5529, 37961],[5529, 37963],[5529, 37964],[5529, 37965],[5529, 37967],[5529, 37968],[5529, 37969],[5529, 37971],[5529, 37972],[5529, 37973],[5529, 37976],[5529, 37977],[5529, 37978],[5529, 37980],[5529, 37982],[5529, 37984],[5529, 37985],[5529, 37988],[5529, 37989],[5529, 37990],[5529, 37992],[5529, 37994],[5529, 37996],[5529, 37997],[5529, 38000],[5529, 38001],[5529, 38002],[5529, 38004],[5529, 38005],[5529, 38006],[5529, 38009],[5529, 38010],[5529, 38012],[5529, 38014],[5529, 38015],[5529, 38017],[5529, 38018],[5529, 38019],[5529, 38021],[5528, 38027],[5527, 38034],[5525, 38036],[5525, 38039],[5524, 38040],[5524, 38042],[5521, 38046],[5520, 38047],[5520, 38048],[5519, 38050],[5518, 38051],[5517, 38054],[5515, 38057],[5514, 38059],[5510, 38064],[5508, 38067],[5507, 38068],[5505, 38071],[5504, 38072],[5499, 38078],[5498, 38078],[5498, 38079],[5497, 38080],[5496, 38081],[5495, 38081],[5491, 38087],[5490, 38088],[5486, 38093],[5476, 38101],[5474, 38101],[5472, 38103],[5470, 38103],[5468, 38105],[5466, 38105],[5465, 38106],[5462, 38106],[5461, 38107],[5459, 38107],[5457, 38109],[5455, 38109],[5454, 38110],[5449, 38111],[5446, 38113],[5445, 38113],[5444, 38114],[5442, 38114],[5441, 38115],[5438, 38115],[5437, 38116],[5435, 38116],[5433, 38118],[5427, 38119],[5426, 38119],[5425, 38120],[5424, 38120],[5423, 38121],[5421, 38122],[5420, 38122],[5419, 38123],[5417, 38123],[5415, 38124],[5413, 38124],[5411, 38126],[5406, 38127],[5399, 38128],[5393, 38129],[5391, 38129],[5390, 38130],[5388, 38130],[5386, 38131],[5379, 38132],[5375, 38133],[5374, 38133],[5369, 38134],[5362, 38135],[5356, 38136],[5353, 38136],[5346, 38137],[5343, 38138],[5342, 38138],[5337, 38139],[5333, 38140],[5326, 38140],[5324, 38140],[5322, 38142],[5321, 38142],[5320, 38143],[5318, 38143],[5317, 38144],[5316, 38144],[5314, 38146],[5313, 38146],[5310, 38150],[5309, 38151],[5309, 38153],[5307, 38155],[5307, 38156],[5305, 38159],[5303, 38162],[5301, 38164],[5301, 38166],[5299, 38168],[5299, 38169],[5295, 38175],[5292, 38178],[5289, 38181],[5286, 38183],[5284, 38186],[5278, 38190],[5275, 38191],[5273, 38193],[5272, 38194],[5269, 38196],[5266, 38198],[5265, 38198],[5263, 38200],[5260, 38200],[5259, 38201],[5256, 38201],[5255, 38202],[5253, 38202],[5251, 38204],[5246, 38205],[5242, 38206],[5240, 38206],[5233, 38207],[5225, 38207],[5224, 38208],[5222, 38208],[5221, 38209],[5220, 38209],[5219, 38209],[5219, 38210],[5218, 38211],[5215, 38213],[5214, 38213],[5207, 38219],[5205, 38220],[5204, 38220],[5204, 38221],[5202, 38223],[5196, 38227],[5195, 38227],[5193, 38229],[5192, 38229],[5191, 38230],[5188, 38232],[5186, 38233],[5184, 38234],[5183, 38234],[5182, 38235],[5181, 38235],[5180, 38236],[5179, 38236],[5177, 38238],[5176, 38238],[5172, 38240],[5171, 38240],[5170, 38241],[5168, 38241],[5166, 38242],[5161, 38243],[5157, 38244],[5151, 38244],[5144, 38243],[5143, 38243],[5139, 38242],[5129, 38234],[5129, 38233],[5128, 38233],[5127, 38232],[5121, 38224],[5120, 38217],[5120, 38216],[5119, 38216],[5109, 38208],[5101, 38198],[5100, 38193],[5100, 38192],[5099, 38185],[5099, 38183],[5099, 38179],[5100, 38175],[5101, 38170],[5103, 38168],[5103, 38167],[5107, 38161],[5108, 38160],[5111, 38156],[5112, 38155],[5115, 38151],[5117, 38150],[5118, 38148],[5123, 38145],[5125, 38143],[5126, 38142],[5130, 38139],[5131, 38138],[5134, 38136],[5144, 38128],[5146, 38128],[5147, 38127],[5148, 38127],[5150, 38125],[5155, 38121],[5160, 38117],[5163, 38115],[5166, 38113],[5170, 38112],[5176, 38107],[5179, 38107],[5180, 38105],[5181, 38105],[5181, 38104],[5183, 38103],[5184, 38101],[5188, 38098],[5189, 38097],[5195, 38093],[5196, 38093],[5198, 38091],[5199, 38090],[5201, 38088],[5207, 38084],[5208, 38083],[5208, 38082],[5209, 38080],[5210, 38079],[5210, 38078],[5211, 38076],[5211, 38074],[5212, 38073],[5212, 38070],[5213, 38069],[5213, 38067],[5213, 38062],[5214, 38055],[5214, 38051],[5214, 38050],[5214, 38049],[5214, 38047],[5214, 38046],[5214, 38045],[5214, 38043],[5214, 38042],[5214, 38041],[5214, 38039],[5214, 38037],[5214, 38035],[5214, 38034],[5214, 38033],[5214, 38030],[5214, 38029],[5214, 38028],[5213, 38022],[5213, 38021],[5213, 38019],[5213, 38018],[5213, 38017],[5213, 38015],[5213, 38014],[5213, 38013],[5213, 38012],[5213, 38008],[5213, 38005],[5213, 38001],[5213, 38000],[5213, 37998],[5212, 37995],[5212, 37994],[5211, 37989],[5210, 37985],[5210, 37981],[5210, 37980],[5210, 37979],[5210, 37978],[5210, 37977],[5210, 37976],[5209, 37973],[5209, 37972],[5209, 37969],[5208, 37968],[5207, 37963],[5207, 37962],[5206, 37959],[5206, 37958],[5205, 37953],[5205, 37952],[5204, 37947],[5203, 37945],[5202, 37940],[5202, 37939],[5201, 37936],[5201, 37933],[5201, 37932],[5200, 37931],[5199, 37924],[5199, 37921],[5198, 37920],[5197, 37915],[5197, 37913],[5196, 37912],[5196, 37911],[5195, 37910],[5194, 37904],[5194, 37902],[5193, 37900],[5193, 37898],[5191, 37892],[5191, 37891],[5190, 37888],[5189, 37883],[5189, 37882],[5188, 37877],[5188, 37875],[5187, 37874],[5186, 37869],[5186, 37867],[5185, 37865],[5184, 37860],[5183, 37858],[5183, 37856],[5182, 37855],[5182, 37853],[5181, 37851],[5180, 37849],[5180, 37848],[5179, 37847],[5179, 37845],[5178, 37843],[5178, 37841],[5177, 37840],[5176, 37839],[5174, 37836],[5174, 37834],[5173, 37832],[5172, 37829],[5171, 37828],[5171, 37827],[5168, 37824],[5167, 37822],[5166, 37820],[5166, 37819],[5165, 37818],[5165, 37816],[5164, 37814],[5163, 37807],[5163, 37805],[5163, 37804],[5163, 37801],[5164, 37798],[5164, 37794],[5163, 37793],[5162, 37792],[5158, 37787],[5158, 37786],[5156, 37785],[5155, 37784],[5153, 37783],[5151, 37782],[5146, 37781],[5139, 37779],[5137, 37778],[5136, 37778],[5130, 37776],[5128, 37775],[5126, 37773],[5124, 37773],[5123, 37772],[5119, 37771],[5117, 37770],[5115, 37769],[5113, 37769],[5112, 37768],[5109, 37768],[5108, 37767],[5106, 37767],[5100, 37766],[5094, 37766],[5090, 37765],[5085, 37764],[5084, 37763],[5083, 37763],[5077, 37762],[5022, 37762],[5016, 37763],[5010, 37763],[5004, 37764],[4976, 37764],[4970, 37763],[4947, 37763],[4941, 37762],[4936, 37762],[4929, 37761],[4927, 37760],[4925, 37760],[4922, 37759],[4918, 37759],[4915, 37758],[4913, 37758],[4907, 37757],[4900, 37756],[4898, 37754],[4895, 37754],[4894, 37753],[4892, 37753],[4891, 37752],[4889, 37752],[4888, 37751],[4887, 37751],[4883, 37748],[4881, 37747],[4880, 37747],[4879, 37746],[4877, 37745],[4875, 37745],[4874, 37744],[4873, 37744],[4869, 37742],[4866, 37740],[4864, 37740],[4858, 37738],[4855, 37737],[4852, 37736],[4851, 37736],[4847, 37735],[4845, 37734],[4844, 37733],[4843, 37733],[4842, 37732],[4840, 37732],[4839, 37731],[4836, 37731],[4834, 37729],[4833, 37729],[4831, 37728],[4826, 37727],[4824, 37725],[4822, 37725],[4820, 37724],[4815, 37723],[4814, 37722],[4813, 37722],[4807, 37722],[4803, 37721],[4798, 37720],[4797, 37719],[4795, 37719],[4793, 37717],[4792, 37717],[4791, 37716],[4790, 37716],[4788, 37714],[4785, 37714],[4781, 37711],[4780, 37710],[4778, 37710],[4777, 37709],[4774, 37708],[4773, 37708],[4768, 37707],[4767, 37706],[4765, 37706],[4763, 37704],[4762, 37704],[4761, 37703],[4760, 37703],[4759, 37702],[4757, 37702],[4756, 37701],[4751, 37704],[4750, 37705],[4747, 37706],[4740, 37708],[4734, 37709],[4732, 37709],[4725, 37710],[4700, 37710],[4688, 37709],[4684, 37709],[4677, 37708],[4675, 37708],[4671, 37707],[4668, 37706],[4665, 37706],[4653, 37704],[4651, 37704],[4650, 37704],[4646, 37705],[4644, 37706],[4637, 37707],[4636, 37707],[4635, 37708],[4630, 37709],[4626, 37710],[4625, 37711],[4622, 37712],[4620, 37712],[4619, 37712],[4617, 37714],[4614, 37714],[4613, 37715],[4609, 37716],[4608, 37716],[4607, 37716],[4603, 37717],[4600, 37719],[4597, 37720],[4592, 37721],[4590, 37721],[4588, 37723],[4586, 37724],[4585, 37724],[4584, 37725],[4583, 37725],[4581, 37727],[4577, 37728],[4574, 37729],[4572, 37730],[4569, 37731],[4566, 37733],[4565, 37733],[4563, 37735],[4561, 37735],[4554, 37739],[4551, 37741],[4550, 37741],[4548, 37743],[4545, 37743],[4544, 37744],[4539, 37746],[4537, 37747],[4536, 37747],[4535, 37748],[4533, 37748],[4531, 37749],[4527, 37750],[4523, 37751],[4521, 37752],[4520, 37752],[4517, 37753],[4511, 37756],[4510, 37756],[4508, 37757],[4496, 37763],[4493, 37764],[4488, 37766],[4488, 37767],[4485, 37771],[4479, 37775],[4479, 37776],[4469, 37784],[4462, 37785],[4456, 37786],[4454, 37786]],[[7655, 34363],[7653, 34354],[7652, 34345],[7652, 34343],[7652, 34341],[7653, 34332],[7655, 34323],[7659, 34315],[7665, 34308],[7666, 34307],[7667, 34306],[7668, 34306],[7668, 34305],[7675, 34299],[7679, 34297],[7683, 34295],[7687, 34293],[7691, 34292],[7693, 34291],[7702, 34289],[7705, 34288],[7708, 34287],[7714, 34286],[7718, 34284],[7721, 34283],[7724, 34282],[7742, 34282],[7745, 34283],[7746, 34284],[7748, 34284],[7750, 34285],[7753, 34286],[7755, 34287],[7758, 34289],[7760, 34291],[7763, 34292],[7769, 34298],[7770, 34300],[7771, 34302],[7772, 34303],[7774, 34306],[7775, 34308],[7777, 34313],[7778, 34316],[7779, 34319],[7779, 34325],[7779, 34332],[7780, 34333],[7781, 34333],[7784, 34335],[7786, 34335],[7790, 34337],[7792, 34338],[7797, 34339],[7802, 34342],[7804, 34342],[7805, 34343],[7807, 34343],[7809, 34344],[7810, 34344],[7813, 34345],[7818, 34347],[7819, 34348],[7820, 34348],[7821, 34349],[7823, 34349],[7824, 34349],[7827, 34350],[7831, 34352],[7835, 34354],[7836, 34355],[7837, 34355],[7841, 34356],[7843, 34357],[7845, 34357],[7854, 34361],[7859, 34363],[7861, 34364],[7864, 34365],[7865, 34365],[7872, 34367],[7877, 34369],[7882, 34371],[7891, 34372],[7894, 34373],[7897, 34374],[7900, 34376],[7904, 34376],[7907, 34377],[7910, 34378],[7918, 34382],[7919, 34382],[7921, 34382],[7928, 34384],[7931, 34385],[7935, 34387],[7940, 34388],[7941, 34388],[7944, 34389],[7948, 34391],[7952, 34393],[7955, 34394],[7958, 34395],[7964, 34398],[7966, 34399],[7972, 34402],[7975, 34404],[7978, 34406],[7985, 34412],[7991, 34419],[7992, 34420],[7994, 34423],[7998, 34431],[8000, 34440],[8001, 34449],[8001, 34451],[8001, 34452],[8001, 34454],[8001, 34456],[8001, 34458],[8001, 34460],[8001, 34462],[8001, 34464],[8000, 34473],[7998, 34482],[7994, 34490],[7988, 34497],[7981, 34503],[7979, 34504],[7973, 34507],[7971, 34508],[7962, 34510],[7953, 34511],[7935, 34511],[7926, 34510],[7924, 34509],[7920, 34509],[7911, 34507],[7908, 34506],[7901, 34504],[7900, 34503],[7898, 34503],[7891, 34499],[7889, 34499],[7881, 34495],[7880, 34495],[7878, 34494],[7874, 34492],[7870, 34490],[7866, 34488],[7865, 34487],[7863, 34486],[7860, 34484],[7853, 34480],[7852, 34479],[7849, 34477],[7847, 34477],[7839, 34473],[7837, 34472],[7836, 34472],[7833, 34471],[7830, 34470],[7828, 34469],[7823, 34468],[7820, 34467],[7817, 34466],[7809, 34462],[7808, 34461],[7804, 34460],[7798, 34457],[7796, 34456],[7790, 34453],[7787, 34452],[7784, 34451],[7776, 34447],[7775, 34446],[7774, 34445],[7772, 34445],[7764, 34441],[7763, 34441],[7761, 34440],[7753, 34436],[7746, 34430],[7742, 34428],[7740, 34427],[7738, 34425],[7737, 34425],[7729, 34421],[7726, 34418],[7724, 34418],[7721, 34416],[7719, 34416],[7714, 34413],[7712, 34413],[7711, 34412],[7709, 34412],[7701, 34408],[7697, 34404],[7696, 34404],[7692, 34400],[7691, 34400],[7690, 34399],[7686, 34397],[7685, 34396],[7683, 34395],[7680, 34393],[7677, 34391],[7675, 34389],[7673, 34388],[7670, 34385],[7666, 34381],[7664, 34379],[7659, 34371],[7655, 34363]],[[6111, 37415],[6112, 37413],[6113, 37411],[6113, 37409],[6114, 37406],[6116, 37403],[6118, 37400],[6120, 37397],[6121, 37396],[6122, 37394],[6123, 37392],[6125, 37391],[6125, 37390],[6128, 37388],[6129, 37387],[6130, 37386],[6131, 37386],[6132, 37385],[6135, 37384],[6136, 37384],[6137, 37383],[6138, 37383],[6139, 37382],[6142, 37381],[6143, 37381],[6144, 37380],[6147, 37379],[6149, 37379],[6152, 37379],[6153, 37378],[6156, 37377],[6158, 37377],[6160, 37377],[6161, 37377],[6164, 37376],[6166, 37375],[6168, 37374],[6170, 37373],[6172, 37372],[6174, 37371],[6176, 37370],[6178, 37369],[6179, 37369],[6180, 37368],[6182, 37367],[6184, 37366],[6187, 37364],[6190, 37363],[6191, 37363],[6194, 37363],[6196, 37363],[6197, 37363],[6198, 37363],[6201, 37364],[6202, 37365],[6203, 37365],[6204, 37366],[6205, 37367],[6208, 37369],[6209, 37371],[6211, 37372],[6213, 37375],[6214, 37376],[6215, 37377],[6216, 37378],[6217, 37378],[6218, 37380],[6220, 37381],[6221, 37383],[6222, 37386],[6224, 37388],[6226, 37391],[6227, 37392],[6230, 37394],[6231, 37396],[6232, 37398],[6234, 37401],[6234, 37402],[6235, 37403],[6236, 37404],[6237, 37405],[6238, 37406],[6239, 37408],[6240, 37409],[6241, 37410],[6241, 37411],[6242, 37411],[6242, 37412],[6243, 37413],[6243, 37414],[6245, 37415],[6246, 37416],[6247, 37417],[6248, 37418],[6249, 37419],[6250, 37420],[6251, 37420],[6252, 37421],[6253, 37421],[6254, 37422],[6257, 37424],[6258, 37425],[6259, 37426],[6260, 37427],[6261, 37427],[6264, 37429],[6265, 37430],[6266, 37431],[6269, 37433],[6271, 37435],[6272, 37435],[6274, 37438],[6275, 37439],[6276, 37440],[6277, 37441],[6279, 37444],[6280, 37446],[6283, 37448],[6284, 37450],[6284, 37451],[6286, 37452],[6287, 37454],[6288, 37455],[6290, 37457],[6291, 37459],[6292, 37461],[6292, 37462],[6293, 37463],[6294, 37464],[6296, 37467],[6297, 37468],[6298, 37470],[6299, 37471],[6299, 37472],[6301, 37473],[6302, 37475],[6303, 37477],[6303, 37478],[6304, 37479],[6305, 37481],[6306, 37483],[6306, 37484],[6307, 37485],[6308, 37486],[6309, 37487],[6310, 37488],[6312, 37490],[6314, 37493],[6316, 37494],[6319, 37496],[6323, 37500],[6325, 37503],[6326, 37506],[6326, 37512],[6325, 37515],[6324, 37516],[6325, 37518],[6327, 37528],[6327, 37529],[6327, 37530],[6327, 37531],[6327, 37532],[6327, 37533],[6327, 37534],[6327, 37535],[6327, 37537],[6329, 37537],[6331, 37537],[6333, 37538],[6334, 37538],[6335, 37539],[6336, 37539],[6350, 37539],[6355, 37538],[6360, 37538],[6365, 37537],[6370, 37537],[6375, 37536],[6376, 37536],[6383, 37536],[6386, 37535],[6391, 37534],[6392, 37534],[6393, 37534],[6394, 37533],[6395, 37533],[6397, 37532],[6399, 37532],[6404, 37531],[6410, 37531],[6420, 37533],[6425, 37536],[6429, 37539],[6432, 37543],[6435, 37548],[6437, 37558],[6437, 37559],[6437, 37560],[6435, 37570],[6435, 37571],[6434, 37574],[6433, 37576],[6430, 37581],[6427, 37585],[6424, 37589],[6423, 37590],[6419, 37593],[6418, 37594],[6417, 37595],[6416, 37596],[6412, 37599],[6407, 37602],[6406, 37602],[6404, 37603],[6403, 37604],[6401, 37605],[6400, 37605],[6399, 37606],[6397, 37607],[6396, 37607],[6395, 37608],[6394, 37608],[6392, 37609],[6390, 37610],[6387, 37611],[6386, 37611],[6385, 37611],[6382, 37613],[6381, 37613],[6380, 37614],[6375, 37617],[6373, 37618],[6371, 37618],[6370, 37619],[6369, 37619],[6367, 37620],[6366, 37620],[6364, 37621],[6359, 37624],[6354, 37625],[6353, 37625],[6349, 37627],[6347, 37628],[6345, 37629],[6344, 37629],[6343, 37629],[6341, 37630],[6339, 37631],[6334, 37632],[6330, 37634],[6325, 37636],[6324, 37636],[6323, 37636],[6321, 37637],[6308, 37641],[6304, 37642],[6299, 37643],[6294, 37644],[6292, 37645],[6287, 37647],[6285, 37647],[6280, 37648],[6278, 37649],[6277, 37650],[6274, 37652],[6269, 37655],[6265, 37656],[6263, 37657],[6260, 37658],[6259, 37658],[6258, 37658],[6256, 37659],[6254, 37659],[6252, 37659],[6251, 37660],[6241, 37662],[6238, 37663],[6236, 37663],[6229, 37665],[6228, 37666],[6224, 37669],[6222, 37670],[6221, 37670],[6220, 37671],[6219, 37671],[6217, 37672],[6215, 37672],[6214, 37672],[6213, 37673],[6212, 37673],[6210, 37674],[6208, 37674],[6206, 37674],[6202, 37676],[6197, 37677],[6195, 37678],[6194, 37678],[6193, 37679],[6192, 37679],[6190, 37680],[6188, 37680],[6186, 37681],[6185, 37682],[6184, 37682],[6179, 37684],[6177, 37685],[6172, 37687],[6170, 37687],[6165, 37689],[6160, 37691],[6157, 37692],[6156, 37692],[6152, 37693],[6148, 37694],[6147, 37694],[6145, 37695],[6141, 37696],[6139, 37697],[6134, 37699],[6132, 37699],[6131, 37699],[6130, 37700],[6125, 37703],[6122, 37704],[6121, 37704],[6117, 37705],[6115, 37705],[6111, 37707],[6107, 37708],[6106, 37708],[6104, 37709],[6101, 37710],[6100, 37710],[6098, 37710],[6097, 37711],[6092, 37712],[6087, 37714],[6085, 37714],[6084, 37715],[6081, 37716],[6080, 37716],[6079, 37716],[6077, 37717],[6075, 37717],[6074, 37717],[6072, 37718],[6065, 37720],[6062, 37721],[6058, 37722],[6056, 37723],[6048, 37725],[6047, 37725],[6043, 37726],[6038, 37727],[6037, 37727],[6033, 37728],[6029, 37729],[6024, 37730],[6020, 37731],[6019, 37731],[6015, 37732],[6010, 37733],[6009, 37733],[6005, 37733],[6000, 37734],[5989, 37734],[5984, 37735],[5982, 37735],[5977, 37736],[5969, 37738],[5968, 37738],[5958, 37740],[5955, 37740],[5950, 37741],[5944, 37741],[5939, 37742],[5909, 37742],[5908, 37742],[5903, 37741],[5862, 37741],[5859, 37740],[5857, 37741],[5855, 37741],[5843, 37743],[5831, 37745],[5825, 37746],[5815, 37748],[5811, 37748],[5804, 37750],[5802, 37750],[5797, 37751],[5794, 37751],[5792, 37752],[5784, 37754],[5780, 37756],[5776, 37757],[5775, 37757],[5774, 37758],[5772, 37759],[5768, 37761],[5766, 37762],[5761, 37765],[5760, 37765],[5755, 37768],[5754, 37768],[5751, 37770],[5750, 37770],[5749, 37771],[5744, 37774],[5743, 37774],[5738, 37777],[5736, 37777],[5734, 37778],[5733, 37779],[5731, 37780],[5729, 37781],[5728, 37781],[5727, 37782],[5726, 37782],[5724, 37783],[5721, 37784],[5711, 37786],[5698, 37786],[5697, 37786],[5692, 37785],[5682, 37783],[5680, 37782],[5679, 37782],[5669, 37780],[5667, 37779],[5665, 37778],[5661, 37775],[5661, 37774],[5660, 37774],[5659, 37773],[5658, 37772],[5657, 37771],[5656, 37770],[5653, 37766],[5652, 37764],[5651, 37763],[5648, 37758],[5646, 37748],[5646, 37747],[5645, 37742],[5645, 37741],[5645, 37740],[5645, 37739],[5645, 37738],[5645, 37737],[5646, 37732],[5646, 37731],[5646, 37730],[5646, 37728],[5646, 37726],[5646, 37725],[5646, 37724],[5646, 37722],[5646, 37721],[5646, 37720],[5646, 37719],[5646, 37718],[5646, 37717],[5646, 37716],[5646, 37715],[5646, 37714],[5648, 37704],[5649, 37700],[5650, 37699],[5650, 37698],[5651, 37697],[5651, 37696],[5652, 37695],[5652, 37693],[5653, 37692],[5653, 37691],[5654, 37690],[5654, 37689],[5657, 37684],[5660, 37680],[5664, 37677],[5669, 37674],[5672, 37674],[5672, 37673],[5674, 37673],[5679, 37672],[5684, 37673],[5686, 37673],[5687, 37674],[5689, 37674],[5694, 37677],[5698, 37680],[5701, 37684],[5702, 37685],[5704, 37684],[5708, 37684],[5709, 37684],[5710, 37683],[5712, 37682],[5713, 37681],[5715, 37680],[5716, 37679],[5718, 37677],[5720, 37675],[5724, 37672],[5726, 37671],[5727, 37670],[5729, 37669],[5734, 37666],[5735, 37666],[5738, 37664],[5739, 37664],[5740, 37663],[5743, 37663],[5745, 37661],[5751, 37660],[5752, 37659],[5757, 37658],[5758, 37658],[5759, 37657],[5760, 37657],[5762, 37656],[5764, 37656],[5767, 37655],[5768, 37655],[5769, 37655],[5770, 37655],[5774, 37654],[5779, 37653],[5780, 37653],[5783, 37651],[5785, 37651],[5786, 37650],[5788, 37650],[5792, 37649],[5793, 37649],[5795, 37648],[5796, 37648],[5798, 37647],[5800, 37647],[5802, 37646],[5803, 37646],[5812, 37644],[5817, 37642],[5824, 37641],[5824, 37640],[5825, 37640],[5830, 37638],[5834, 37637],[5838, 37635],[5842, 37633],[5847, 37631],[5848, 37631],[5850, 37630],[5851, 37630],[5852, 37629],[5853, 37629],[5855, 37628],[5857, 37627],[5858, 37627],[5859, 37626],[5860, 37626],[5861, 37625],[5863, 37625],[5864, 37624],[5868, 37623],[5869, 37623],[5871, 37621],[5876, 37618],[5877, 37618],[5878, 37617],[5881, 37616],[5883, 37615],[5887, 37612],[5889, 37611],[5890, 37610],[5892, 37609],[5893, 37608],[5895, 37606],[5899, 37603],[5904, 37600],[5909, 37597],[5910, 37597],[5911, 37596],[5914, 37594],[5919, 37591],[5923, 37590],[5925, 37589],[5935, 37587],[5937, 37587],[5940, 37587],[5943, 37587],[5946, 37587],[5950, 37587],[5953, 37587],[5955, 37587],[5957, 37587],[5958, 37587],[5968, 37589],[5973, 37592],[5977, 37595],[5980, 37599],[5982, 37602],[5983, 37602],[5984, 37602],[5986, 37602],[5987, 37602],[5991, 37602],[5993, 37602],[5997, 37601],[6001, 37600],[6011, 37598],[6015, 37598],[6017, 37598],[6022, 37597],[6023, 37597],[6024, 37597],[6029, 37596],[6030, 37596],[6035, 37595],[6036, 37595],[6040, 37595],[6041, 37595],[6042, 37595],[6043, 37595],[6048, 37594],[6050, 37594],[6055, 37593],[6057, 37593],[6062, 37592],[6065, 37592],[6070, 37591],[6071, 37591],[6076, 37590],[6077, 37590],[6082, 37589],[6083, 37589],[6084, 37589],[6087, 37589],[6089, 37589],[6091, 37589],[6093, 37589],[6094, 37589],[6099, 37588],[6100, 37588],[6101, 37588],[6104, 37588],[6106, 37588],[6107, 37588],[6108, 37588],[6109, 37588],[6110, 37588],[6112, 37588],[6115, 37588],[6116, 37588],[6121, 37587],[6122, 37587],[6123, 37587],[6124, 37587],[6125, 37587],[6126, 37587],[6128, 37587],[6130, 37587],[6132, 37587],[6134, 37587],[6139, 37586],[6140, 37586],[6142, 37586],[6144, 37586],[6148, 37585],[6153, 37582],[6154, 37582],[6155, 37581],[6157, 37581],[6158, 37580],[6162, 37579],[6163, 37579],[6165, 37577],[6166, 37576],[6169, 37573],[6172, 37570],[6173, 37570],[6173, 37569],[6177, 37566],[6178, 37565],[6180, 37563],[6183, 37559],[6184, 37558],[6186, 37556],[6190, 37552],[6192, 37550],[6194, 37548],[6196, 37546],[6198, 37544],[6200, 37541],[6203, 37537],[6205, 37535],[6208, 37531],[6209, 37530],[6210, 37529],[6211, 37528],[6212, 37527],[6215, 37523],[6219, 37520],[6221, 37519],[6222, 37518],[6227, 37515],[6230, 37515],[6232, 37513],[6236, 37512],[6237, 37512],[6238, 37511],[6239, 37511],[6240, 37510],[6242, 37510],[6246, 37507],[6250, 37506],[6251, 37505],[6254, 37501],[6255, 37501],[6255, 37500],[6258, 37498],[6256, 37497],[6255, 37496],[6252, 37494],[6250, 37493],[6248, 37492],[6246, 37489],[6245, 37488],[6244, 37487],[6244, 37486],[6243, 37485],[6242, 37482],[6241, 37481],[6238, 37479],[6235, 37477],[6234, 37476],[6233, 37475],[6232, 37475],[6229, 37473],[6228, 37472],[6226, 37470],[6225, 37469],[6224, 37468],[6222, 37466],[6219, 37464],[6216, 37463],[6215, 37463],[6213, 37462],[6211, 37462],[6208, 37461],[6207, 37460],[6206, 37460],[6203, 37459],[6201, 37458],[6200, 37458],[6199, 37458],[6198, 37458],[6195, 37457],[6194, 37457],[6193, 37457],[6192, 37457],[6191, 37457],[6190, 37457],[6189, 37457],[6188, 37457],[6186, 37457],[6183, 37457],[6180, 37456],[6179, 37456],[6176, 37455],[6175, 37455],[6173, 37455],[6171, 37455],[6170, 37455],[6169, 37455],[6167, 37455],[6165, 37455],[6164, 37455],[6162, 37455],[6160, 37455],[6157, 37454],[6156, 37454],[6155, 37454],[6154, 37454],[6153, 37454],[6152, 37454],[6151, 37454],[6150, 37454],[6149, 37454],[6148, 37454],[6147, 37454],[6146, 37454],[6143, 37455],[6141, 37455],[6138, 37455],[6137, 37455],[6136, 37455],[6135, 37455],[6134, 37455],[6131, 37455],[6130, 37455],[6128, 37455],[6123, 37454],[6120, 37453],[6119, 37453],[6116, 37452],[6113, 37450],[6109, 37446],[6107, 37443],[6106, 37440],[6106, 37439],[6106, 37438],[6106, 37437],[6106, 37436],[6106, 37434],[6106, 37433],[6106, 37432],[6106, 37431],[6106, 37430],[6107, 37427],[6108, 37426],[6108, 37425],[6109, 37422],[6110, 37421],[6110, 37420],[6110, 37418],[6111, 37415]],[[4704, 38326],[4705, 38326],[4709, 38327],[4720, 38327],[4720, 38326],[4719, 38320],[4720, 38314],[4721, 38309],[4727, 38299],[4728, 38298],[4738, 38292],[4743, 38291],[4749, 38290],[4753, 38290],[4759, 38289],[4774, 38289],[4779, 38288],[4781, 38288],[4780, 38286],[4779, 38284],[4778, 38282],[4776, 38280],[4772, 38279],[4771, 38279],[4768, 38278],[4766, 38277],[4765, 38277],[4759, 38275],[4758, 38274],[4757, 38274],[4752, 38273],[4747, 38272],[4746, 38272],[4740, 38271],[4737, 38271],[4732, 38270],[4731, 38269],[4730, 38269],[4728, 38268],[4724, 38267],[4718, 38266],[4713, 38265],[4707, 38263],[4702, 38262],[4699, 38260],[4694, 38259],[4691, 38258],[4688, 38257],[4685, 38256],[4684, 38255],[4683, 38255],[4681, 38254],[4680, 38254],[4677, 38253],[4676, 38252],[4675, 38252],[4674, 38252],[4671, 38251],[4666, 38248],[4665, 38248],[4664, 38247],[4663, 38246],[4659, 38245],[4656, 38243],[4650, 38241],[4645, 38239],[4640, 38236],[4638, 38235],[4637, 38234],[4635, 38233],[4633, 38232],[4628, 38229],[4627, 38228],[4625, 38227],[4624, 38226],[4623, 38226],[4619, 38224],[4615, 38223],[4613, 38222],[4612, 38222],[4611, 38221],[4610, 38221],[4608, 38220],[4607, 38220],[4604, 38219],[4601, 38217],[4600, 38217],[4595, 38216],[4592, 38215],[4591, 38214],[4590, 38214],[4585, 38213],[4575, 38207],[4570, 38205],[4565, 38202],[4564, 38201],[4563, 38201],[4560, 38200],[4559, 38199],[4558, 38199],[4553, 38197],[4552, 38196],[4551, 38196],[4547, 38194],[4546, 38194],[4543, 38192],[4541, 38192],[4539, 38191],[4537, 38190],[4535, 38189],[4528, 38185],[4526, 38184],[4521, 38181],[4520, 38180],[4518, 38179],[4517, 38179],[4512, 38177],[4510, 38176],[4505, 38173],[4503, 38172],[4502, 38172],[4499, 38171],[4498, 38170],[4497, 38170],[4496, 38169],[4495, 38169],[4494, 38168],[4492, 38168],[4486, 38164],[4485, 38164],[4484, 38163],[4483, 38163],[4482, 38162],[4481, 38162],[4471, 38156],[4469, 38153],[4468, 38152],[4467, 38151],[4462, 38142],[4461, 38142],[4458, 38141],[4457, 38140],[4456, 38140],[4455, 38139],[4454, 38139],[4452, 38138],[4447, 38135],[4446, 38134],[4443, 38131],[4442, 38130],[4439, 38128],[4439, 38127],[4438, 38127],[4437, 38126],[4435, 38123],[4433, 38120],[4432, 38119],[4426, 38109],[4425, 38107],[4425, 38105],[4424, 38104],[4424, 38102],[4423, 38101],[4423, 38100],[4419, 38094],[4418, 38092],[4417, 38087],[4417, 38086],[4416, 38084],[4416, 38083],[4415, 38081],[4411, 38079],[4410, 38078],[4410, 38077],[4409, 38077],[4408, 38075],[4406, 38075],[4396, 38069],[4395, 38068],[4392, 38066],[4387, 38063],[4384, 38061],[4382, 38059],[4381, 38058],[4380, 38057],[4379, 38056],[4378, 38055],[4377, 38054],[4376, 38052],[4374, 38051],[4373, 38049],[4372, 38048],[4371, 38047],[4369, 38043],[4367, 38042],[4366, 38041],[4365, 38040],[4364, 38038],[4363, 38037],[4361, 38034],[4360, 38033],[4359, 38032],[4358, 38030],[4357, 38029],[4356, 38027],[4355, 38026],[4353, 38024],[4346, 38019],[4341, 38016],[4338, 38014],[4337, 38013],[4334, 38008],[4331, 38003],[4330, 38001],[4330, 38000],[4329, 37999],[4328, 37998],[4327, 37997],[4326, 37996],[4324, 37994],[4323, 37992],[4322, 37991],[4321, 37990],[4320, 37989],[4319, 37987],[4315, 37985],[4314, 37983],[4313, 37982],[4313, 37981],[4312, 37981],[4310, 37980],[4305, 37977],[4304, 37976],[4303, 37975],[4302, 37974],[4300, 37974],[4299, 37973],[4298, 37973],[4293, 37970],[4292, 37970],[4289, 37969],[4288, 37968],[4286, 37968],[4285, 37967],[4283, 37967],[4282, 37966],[4281, 37966],[4271, 37960],[4270, 37958],[4268, 37957],[4262, 37947],[4261, 37942],[4260, 37936],[4261, 37932],[4245, 37932],[4239, 37933],[4232, 37933],[4226, 37932],[4221, 37931],[4217, 37930],[4216, 37930],[4211, 37929],[4210, 37929],[4204, 37928],[4192, 37928],[4190, 37927],[4188, 37927],[4186, 37926],[4183, 37924],[4181, 37924],[4180, 37923],[4176, 37920],[4173, 37916],[4172, 37915],[4172, 37913],[4170, 37910],[4169, 37908],[4169, 37906],[4168, 37904],[4168, 37899],[4168, 37894],[4169, 37892],[4169, 37890],[4170, 37888],[4172, 37885],[4172, 37883],[4173, 37882],[4176, 37878],[4180, 37875],[4181, 37874],[4183, 37874],[4186, 37872],[4188, 37871],[4190, 37871],[4192, 37870],[4212, 37870],[4218, 37871],[4221, 37871],[4226, 37872],[4232, 37873],[4237, 37874],[4319, 37874],[4325, 37875],[4331, 37876],[4336, 37877],[4337, 37877],[4340, 37878],[4342, 37878],[4347, 37879],[4348, 37879],[4353, 37880],[4355, 37881],[4360, 37884],[4362, 37885],[4372, 37891],[4375, 37893],[4376, 37893],[4378, 37894],[4379, 37894],[4382, 37895],[4383, 37896],[4385, 37896],[4390, 37899],[4395, 37902],[4400, 37905],[4401, 37906],[4402, 37907],[4404, 37908],[4410, 37918],[4410, 37919],[4411, 37920],[4411, 37922],[4413, 37924],[4416, 37929],[4419, 37931],[4421, 37934],[4424, 37939],[4424, 37940],[4429, 37945],[4430, 37946],[4432, 37949],[4433, 37950],[4435, 37952],[4438, 37952],[4444, 37953],[4449, 37954],[4459, 37960],[4465, 37970],[4466, 37973],[4468, 37977],[4468, 37978],[4469, 37979],[4470, 37982],[4471, 37987],[4471, 37991],[4471, 37992],[4472, 37998],[4472, 38001],[4472, 38004],[4472, 38006],[4472, 38007],[4472, 38009],[4472, 38011],[4472, 38012],[4472, 38013],[4472, 38015],[4472, 38017],[4471, 38023],[4470, 38029],[4470, 38032],[4469, 38037],[4468, 38039],[4468, 38040],[4467, 38046],[4468, 38048],[4468, 38049],[4469, 38050],[4469, 38052],[4471, 38054],[4474, 38059],[4477, 38064],[4479, 38067],[4482, 38072],[4483, 38073],[4485, 38076],[4489, 38081],[4491, 38084],[4493, 38086],[4495, 38089],[4497, 38092],[4502, 38093],[4504, 38093],[4510, 38094],[4516, 38095],[4522, 38096],[4524, 38097],[4525, 38097],[4526, 38098],[4527, 38098],[4528, 38099],[4531, 38099],[4533, 38099],[4539, 38100],[4545, 38101],[4546, 38101],[4550, 38102],[4552, 38103],[4553, 38103],[4554, 38104],[4557, 38104],[4562, 38105],[4563, 38106],[4565, 38106],[4570, 38107],[4572, 38107],[4577, 38108],[4580, 38109],[4586, 38110],[4588, 38111],[4589, 38111],[4590, 38112],[4591, 38112],[4592, 38113],[4594, 38113],[4597, 38114],[4598, 38115],[4600, 38115],[4602, 38116],[4603, 38116],[4604, 38116],[4607, 38117],[4608, 38118],[4610, 38118],[4616, 38122],[4617, 38122],[4618, 38122],[4621, 38123],[4623, 38124],[4625, 38125],[4626, 38125],[4627, 38126],[4628, 38126],[4630, 38127],[4632, 38128],[4633, 38129],[4634, 38129],[4636, 38130],[4638, 38131],[4642, 38133],[4644, 38134],[4649, 38136],[4654, 38138],[4659, 38141],[4661, 38142],[4667, 38144],[4669, 38145],[4671, 38146],[4675, 38148],[4677, 38149],[4683, 38151],[4689, 38153],[4691, 38154],[4693, 38155],[4697, 38157],[4704, 38160],[4705, 38161],[4706, 38161],[4710, 38163],[4713, 38165],[4714, 38165],[4717, 38166],[4720, 38167],[4722, 38168],[4723, 38169],[4725, 38169],[4727, 38170],[4732, 38173],[4733, 38173],[4734, 38173],[4737, 38174],[4739, 38175],[4740, 38175],[4741, 38176],[4742, 38176],[4744, 38177],[4747, 38179],[4750, 38180],[4751, 38180],[4754, 38181],[4756, 38182],[4759, 38182],[4762, 38183],[4766, 38184],[4768, 38185],[4769, 38185],[4773, 38186],[4775, 38187],[4776, 38187],[4777, 38188],[4778, 38188],[4779, 38189],[4782, 38189],[4784, 38190],[4785, 38190],[4786, 38191],[4787, 38191],[4788, 38191],[4791, 38192],[4795, 38195],[4798, 38195],[4800, 38196],[4801, 38196],[4802, 38196],[4807, 38197],[4810, 38198],[4811, 38198],[4814, 38199],[4817, 38201],[4818, 38201],[4823, 38202],[4826, 38203],[4829, 38204],[4834, 38205],[4839, 38208],[4841, 38209],[4842, 38209],[4843, 38209],[4846, 38210],[4848, 38211],[4849, 38211],[4854, 38212],[4856, 38213],[4859, 38215],[4860, 38215],[4862, 38216],[4863, 38216],[4864, 38217],[4865, 38217],[4868, 38218],[4870, 38219],[4875, 38220],[4877, 38221],[4881, 38222],[4883, 38223],[4884, 38223],[4888, 38225],[4890, 38225],[4891, 38226],[4894, 38226],[4899, 38227],[4904, 38230],[4905, 38230],[4908, 38231],[4911, 38232],[4916, 38233],[4920, 38235],[4922, 38235],[4924, 38236],[4930, 38237],[4935, 38238],[4936, 38238],[4939, 38239],[4942, 38241],[4943, 38241],[4953, 38247],[4959, 38257],[4960, 38262],[4961, 38268],[4961, 38269],[4960, 38275],[4959, 38280],[4953, 38290],[4943, 38296],[4942, 38296],[4939, 38298],[4937, 38299],[4932, 38300],[4931, 38300],[4928, 38301],[4923, 38302],[4919, 38302],[4912, 38303],[4911, 38303],[4905, 38304],[4900, 38305],[4896, 38305],[4893, 38306],[4893, 38307],[4887, 38317],[4887, 38318],[4886, 38320],[4883, 38325],[4882, 38327],[4876, 38337],[4875, 38338],[4874, 38339],[4873, 38340],[4870, 38342],[4869, 38343],[4868, 38344],[4863, 38347],[4862, 38348],[4860, 38350],[4859, 38351],[4858, 38352],[4856, 38354],[4855, 38354],[4853, 38355],[4852, 38357],[4851, 38358],[4849, 38360],[4848, 38360],[4846, 38361],[4845, 38363],[4844, 38363],[4844, 38364],[4839, 38367],[4834, 38370],[4833, 38371],[4832, 38372],[4827, 38375],[4823, 38377],[4822, 38379],[4812, 38385],[4810, 38386],[4808, 38387],[4805, 38388],[4800, 38389],[4795, 38392],[4793, 38393],[4788, 38394],[4787, 38394],[4785, 38394],[4784, 38395],[4783, 38395],[4781, 38396],[4775, 38397],[4772, 38397],[4771, 38397],[4769, 38398],[4766, 38399],[4765, 38399],[4764, 38399],[4762, 38400],[4756, 38401],[4755, 38401],[4750, 38402],[4731, 38402],[4725, 38403],[4697, 38403],[4692, 38402],[4687, 38402],[4681, 38401],[4670, 38401],[4664, 38400],[4661, 38399],[4657, 38400],[4651, 38401],[4648, 38401],[4642, 38400],[4637, 38399],[4627, 38393],[4621, 38383],[4620, 38378],[4619, 38372],[4619, 38370],[4619, 38366],[4620, 38361],[4621, 38360],[4621, 38359],[4627, 38349],[4630, 38348],[4630, 38347],[4631, 38346],[4634, 38344],[4636, 38342],[4639, 38341],[4639, 38340],[4640, 38339],[4643, 38337],[4645, 38335],[4655, 38329],[4656, 38329],[4657, 38328],[4662, 38327],[4665, 38327],[4666, 38326],[4672, 38325],[4699, 38325],[4704, 38326]],[[4530, 36133],[4528, 36130],[4525, 36127],[4523, 36124],[4523, 36123],[4522, 36122],[4522, 36120],[4520, 36118],[4519, 36117],[4517, 36114],[4517, 36112],[4515, 36110],[4513, 36107],[4512, 36103],[4512, 36102],[4512, 36101],[4511, 36100],[4510, 36098],[4510, 36097],[4509, 36093],[4509, 36091],[4508, 36090],[4508, 36089],[4507, 36085],[4507, 36082],[4507, 36081],[4506, 36077],[4506, 36076],[4506, 36074],[4506, 36072],[4506, 36071],[4506, 36068],[4506, 36066],[4506, 36065],[4506, 36064],[4506, 36063],[4506, 36062],[4506, 36061],[4506, 36060],[4506, 36059],[4506, 36058],[4506, 36057],[4506, 36055],[4506, 36054],[4506, 36053],[4506, 36052],[4506, 36051],[4507, 36050],[4507, 36048],[4507, 36047],[4508, 36043],[4509, 36042],[4509, 36041],[4511, 36038],[4513, 36036],[4513, 36035],[4515, 36032],[4516, 36030],[4518, 36029],[4518, 36028],[4520, 36025],[4518, 36023],[4518, 36022],[4517, 36019],[4517, 36018],[4517, 36010],[4517, 36009],[4518, 36006],[4518, 36005],[4520, 36003],[4520, 36002],[4525, 35997],[4526, 35997],[4528, 35995],[4529, 35995],[4532, 35994],[4552, 35994],[4560, 35996],[4561, 35997],[4566, 35997],[4570, 35998],[4572, 35999],[4575, 36000],[4577, 36000],[4584, 36002],[4586, 36002],[4587, 36003],[4589, 36003],[4590, 36004],[4593, 36002],[4597, 36001],[4607, 36001],[4608, 36001],[4610, 36000],[4613, 35998],[4616, 35996],[4619, 35994],[4621, 35993],[4623, 35991],[4626, 35989],[4627, 35989],[4628, 35988],[4630, 35986],[4633, 35984],[4636, 35983],[4638, 35982],[4639, 35982],[4640, 35981],[4641, 35981],[4642, 35980],[4644, 35979],[4645, 35979],[4648, 35978],[4650, 35977],[4653, 35976],[4655, 35975],[4659, 35974],[4660, 35974],[4661, 35973],[4663, 35973],[4665, 35971],[4670, 35969],[4672, 35969],[4674, 35967],[4676, 35967],[4677, 35966],[4678, 35966],[4680, 35965],[4681, 35964],[4684, 35962],[4686, 35961],[4687, 35961],[4688, 35961],[4689, 35960],[4690, 35960],[4691, 35959],[4694, 35957],[4696, 35956],[4697, 35956],[4699, 35955],[4700, 35955],[4701, 35955],[4702, 35954],[4706, 35953],[4710, 35952],[4715, 35952],[4719, 35951],[4721, 35951],[4723, 35951],[4724, 35950],[4728, 35949],[4729, 35949],[4731, 35948],[4732, 35948],[4736, 35947],[4737, 35947],[4741, 35946],[4745, 35945],[4746, 35945],[4747, 35944],[4751, 35943],[4755, 35943],[4759, 35942],[4760, 35942],[4761, 35941],[4763, 35941],[4765, 35939],[4767, 35939],[4768, 35938],[4772, 35938],[4773, 35938],[4774, 35937],[4775, 35937],[4776, 35936],[4778, 35936],[4779, 35935],[4782, 35935],[4783, 35934],[4787, 35933],[4797, 35933],[4798, 35932],[4802, 35931],[4804, 35931],[4808, 35930],[4809, 35930],[4813, 35929],[4823, 35929],[4827, 35928],[4831, 35927],[4833, 35927],[4837, 35926],[4841, 35926],[4845, 35925],[4857, 35925],[4859, 35925],[4860, 35924],[4948, 35924],[4952, 35925],[4953, 35925],[4957, 35926],[4960, 35928],[4961, 35929],[4964, 35931],[4965, 35932],[4970, 35937],[4971, 35938],[4973, 35941],[4973, 35942],[4974, 35943],[4974, 35944],[4975, 35945],[4976, 35949],[4976, 35950],[4976, 35951],[4976, 35952],[4976, 35953],[4976, 35954],[4976, 35955],[4976, 35957],[4977, 35958],[4978, 35962],[4978, 35963],[4978, 35964],[4978, 35970],[4978, 35971],[4978, 35972],[4977, 35976],[4976, 35977],[4976, 35978],[4974, 35981],[4973, 35982],[4973, 35983],[4972, 35984],[4972, 35985],[4971, 35986],[4969, 35988],[4969, 35989],[4967, 35992],[4963, 35996],[4961, 35998],[4958, 36000],[4955, 36002],[4952, 36004],[4950, 36005],[4949, 36005],[4947, 36006],[4944, 36008],[4943, 36008],[4942, 36009],[4940, 36010],[4939, 36010],[4938, 36010],[4935, 36012],[4933, 36013],[4932, 36013],[4930, 36014],[4929, 36014],[4928, 36015],[4925, 36017],[4923, 36018],[4922, 36018],[4921, 36018],[4920, 36019],[4919, 36020],[4918, 36020],[4917, 36021],[4915, 36022],[4914, 36022],[4910, 36023],[4908, 36024],[4907, 36024],[4903, 36025],[4902, 36025],[4901, 36026],[4900, 36026],[4899, 36027],[4895, 36028],[4893, 36029],[4891, 36030],[4890, 36030],[4893, 36034],[4895, 36037],[4895, 36038],[4896, 36039],[4897, 36043],[4897, 36044],[4897, 36045],[4897, 36046],[4897, 36048],[4897, 36050],[4897, 36051],[4897, 36052],[4897, 36053],[4897, 36054],[4897, 36056],[4897, 36057],[4897, 36058],[4896, 36062],[4895, 36066],[4894, 36070],[4892, 36073],[4892, 36074],[4892, 36075],[4892, 36076],[4891, 36078],[4890, 36079],[4890, 36080],[4888, 36082],[4888, 36084],[4888, 36085],[4888, 36086],[4887, 36088],[4886, 36089],[4886, 36090],[4885, 36091],[4884, 36096],[4883, 36097],[4883, 36098],[4883, 36099],[4881, 36107],[4880, 36108],[4879, 36111],[4879, 36112],[4879, 36113],[4879, 36114],[4878, 36118],[4877, 36119],[4877, 36120],[4877, 36121],[4877, 36122],[4876, 36126],[4876, 36127],[4876, 36128],[4876, 36130],[4876, 36131],[4876, 36132],[4875, 36136],[4873, 36139],[4871, 36142],[4865, 36148],[4862, 36150],[4858, 36151],[4851, 36151],[4849, 36152],[4848, 36152],[4845, 36152],[4840, 36153],[4837, 36153],[4835, 36154],[4834, 36154],[4830, 36155],[4828, 36156],[4827, 36156],[4825, 36157],[4823, 36157],[4821, 36159],[4817, 36160],[4811, 36160],[4809, 36161],[4808, 36161],[4806, 36162],[4803, 36163],[4801, 36165],[4800, 36166],[4799, 36166],[4798, 36167],[4797, 36168],[4797, 36169],[4797, 36170],[4797, 36171],[4797, 36173],[4797, 36174],[4797, 36175],[4797, 36177],[4797, 36178],[4797, 36180],[4797, 36181],[4797, 36182],[4796, 36184],[4796, 36185],[4795, 36187],[4793, 36190],[4793, 36191],[4792, 36193],[4790, 36196],[4785, 36201],[4784, 36202],[4779, 36207],[4776, 36209],[4775, 36209],[4774, 36210],[4771, 36212],[4770, 36212],[4769, 36213],[4765, 36214],[4760, 36214],[4758, 36215],[4757, 36215],[4755, 36215],[4753, 36216],[4752, 36216],[4738, 36216],[4734, 36215],[4726, 36215],[4721, 36214],[4713, 36214],[4712, 36214],[4710, 36213],[4709, 36213],[4707, 36212],[4703, 36211],[4700, 36211],[4696, 36212],[4692, 36213],[4688, 36213],[4688, 36214],[4688, 36215],[4687, 36217],[4686, 36218],[4686, 36219],[4684, 36222],[4684, 36223],[4684, 36224],[4684, 36225],[4683, 36229],[4682, 36230],[4682, 36231],[4681, 36235],[4681, 36236],[4680, 36238],[4680, 36239],[4680, 36240],[4679, 36244],[4677, 36247],[4671, 36253],[4668, 36255],[4664, 36256],[4656, 36256],[4652, 36255],[4649, 36253],[4646, 36250],[4643, 36248],[4642, 36247],[4640, 36245],[4637, 36241],[4636, 36240],[4635, 36240],[4634, 36239],[4633, 36238],[4632, 36237],[4629, 36235],[4628, 36233],[4627, 36232],[4624, 36230],[4623, 36228],[4622, 36227],[4619, 36225],[4618, 36224],[4617, 36223],[4616, 36221],[4615, 36220],[4614, 36219],[4612, 36218],[4611, 36217],[4610, 36217],[4608, 36216],[4605, 36214],[4603, 36214],[4599, 36213],[4598, 36213],[4596, 36212],[4592, 36211],[4590, 36211],[4586, 36210],[4583, 36210],[4579, 36209],[4576, 36207],[4575, 36206],[4574, 36205],[4570, 36201],[4569, 36200],[4568, 36199],[4566, 36196],[4564, 36193],[4563, 36191],[4563, 36190],[4562, 36188],[4562, 36187],[4560, 36184],[4559, 36180],[4558, 36177],[4558, 36175],[4556, 36173],[4554, 36170],[4554, 36169],[4553, 36168],[4552, 36165],[4551, 36164],[4550, 36163],[4550, 36162],[4549, 36161],[4549, 36159],[4547, 36157],[4547, 36156],[4546, 36155],[4546, 36153],[4545, 36152],[4544, 36151],[4542, 36149],[4540, 36146],[4540, 36145],[4539, 36144],[4538, 36141],[4537, 36139],[4535, 36138],[4534, 36137],[4533, 36136],[4532, 36134],[4530, 36133]]],[[[1519, 40381],[1519, 40380],[1517, 40378],[1514, 40373],[1512, 40367],[1510, 40364],[1509, 40362],[1509, 40361],[1505, 40348],[1505, 40338],[1505, 40335],[1505, 40332],[1505, 40327],[1505, 40324],[1505, 40320],[1472, 40320],[1472, 40384],[1521, 40384],[1520, 40382],[1519, 40381]]],[[[1560, 40257],[1573, 40256],[1536, 40256],[1536, 40267],[1547, 40261],[1560, 40257]]],[[[1606, 40256],[1616, 40254],[1621, 40253],[1632, 40250],[1637, 40249],[1641, 40248],[1678, 40243],[1691, 40239],[1729, 40228],[1734, 40227],[1749, 40223],[1752, 40222],[1754, 40221],[1762, 40218],[1763, 40216],[1771, 40208],[1772, 40207],[1773, 40205],[1773, 40204],[1770, 40198],[1767, 40192],[1764, 40186],[1763, 40183],[1762, 40181],[1758, 40168],[1757, 40155],[1757, 40154],[1757, 40152],[1757, 40149],[1757, 40146],[1757, 40144],[1758, 40131],[1759, 40128],[1728, 40128],[1728, 40192],[1600, 40192],[1600, 40256],[1603, 40256],[1606, 40256]]],[[[1797, 40075],[1799, 40074],[1803, 40070],[1813, 40065],[1815, 40064],[1792, 40064],[1792, 40079],[1795, 40076],[1797, 40075]]],[[[1866, 40036],[1874, 40033],[1879, 40032],[1882, 40031],[1886, 40029],[1888, 40028],[1896, 40021],[1902, 40018],[1904, 40016],[1916, 40010],[1919, 40007],[1924, 40004],[1926, 40002],[1930, 40000],[1933, 39998],[1935, 39996],[1940, 39993],[1942, 39991],[1946, 39989],[1955, 39984],[1959, 39981],[1964, 39978],[1965, 39977],[1966, 39977],[1979, 39970],[1980, 39969],[1982, 39966],[1986, 39960],[1987, 39959],[1988, 39958],[1990, 39955],[1991, 39953],[1994, 39947],[1997, 39944],[1998, 39942],[2002, 39938],[2003, 39936],[2010, 39929],[2010, 39928],[2019, 39918],[2020, 39917],[2022, 39915],[2032, 39906],[2036, 39904],[2043, 39896],[2041, 39895],[2031, 39886],[2022, 39876],[2016, 39864],[2012, 39851],[2011, 39843],[2010, 39840],[2006, 39827],[2006, 39824],[2003, 39815],[2002, 39808],[1984, 39808],[1984, 39936],[1920, 39936],[1920, 40000],[1856, 40000],[1856, 40040],[1861, 40038],[1866, 40036]]],[[[2050, 39429],[2054, 39416],[2060, 39404],[2061, 39403],[2063, 39399],[2065, 39395],[2066, 39394],[2067, 39392],[2071, 39379],[2074, 39374],[2075, 39371],[2076, 39369],[2081, 39359],[2082, 39358],[2087, 39341],[2092, 39329],[2092, 39328],[2093, 39327],[2094, 39325],[2098, 39316],[2099, 39314],[2101, 39308],[2108, 39297],[2109, 39296],[2048, 39296],[2048, 39439],[2050, 39433],[2050, 39429]]],[[[10640, 34104],[10649, 34102],[10651, 34102],[10687, 34083],[10691, 34079],[10696, 34076],[10701, 34072],[10718, 34063],[10733, 34054],[10738, 34052],[10744, 34049],[10750, 34047],[10752, 34046],[10752, 33984],[10688, 33984],[10688, 34048],[10624, 34048],[10624, 34107],[10631, 34105],[10640, 34104]]],[[[13869, 36119],[13868, 36128],[13866, 36134],[13865, 36139],[13865, 36153],[13863, 36162],[13862, 36171],[13869, 36181],[13873, 36185],[13913, 36225],[13918, 36230],[13927, 36237],[13928, 36237],[13947, 36248],[13952, 36251],[13952, 36160],[13888, 36160],[13888, 36096],[13874, 36096],[13872, 36111],[13869, 36119]]],[[[1657, 40428],[1655, 40430],[1652, 40432],[1648, 40434],[1646, 40435],[1641, 40438],[1629, 40444],[1616, 40448],[1664, 40448],[1664, 40423],[1659, 40427],[1657, 40428]]],[[[1563, 40438],[1553, 40429],[1544, 40419],[1538, 40407],[1536, 40401],[1536, 40448],[1588, 40448],[1575, 40444],[1563, 40438]]],[[[8852, 33423],[8857, 33422],[8867, 33410],[8869, 33408],[8832, 33408],[8832, 33435],[8836, 33432],[8852, 33423]]],[[[8249, 33025],[8250, 33026],[8252, 33026],[8255, 33027],[8256, 33027],[8257, 33027],[8259, 33028],[8261, 33029],[8263, 33030],[8264, 33031],[8265, 33031],[8267, 33032],[8274, 33034],[8276, 33035],[8284, 33037],[8288, 33038],[8296, 33041],[8299, 33042],[8300, 33043],[8301, 33043],[8308, 33045],[8312, 33047],[8316, 33047],[8318, 33047],[8319, 33047],[8321, 33048],[8324, 33048],[8325, 33048],[8331, 33049],[8338, 33051],[8339, 33052],[8342, 33052],[8350, 33054],[8352, 33055],[8354, 33055],[8361, 33057],[8363, 33058],[8365, 33059],[8372, 33061],[8374, 33062],[8376, 33063],[8381, 33062],[8385, 33062],[8393, 33063],[8400, 33065],[8407, 33069],[8409, 33071],[8411, 33072],[8416, 33075],[8417, 33075],[8418, 33075],[8420, 33076],[8427, 33080],[8428, 33081],[8430, 33082],[8432, 33084],[8437, 33089],[8442, 33092],[8443, 33092],[8445, 33093],[8450, 33096],[8451, 33096],[8453, 33097],[8460, 33101],[8462, 33103],[8464, 33104],[8465, 33105],[8467, 33106],[8468, 33107],[8470, 33107],[8478, 33108],[8481, 33109],[8482, 33109],[8483, 33109],[8484, 33110],[8486, 33110],[8487, 33110],[8495, 33111],[8498, 33112],[8499, 33112],[8501, 33113],[8504, 33113],[8506, 33113],[8510, 33114],[8517, 33116],[8518, 33116],[8524, 33117],[8531, 33119],[8536, 33122],[8537, 33122],[8544, 33124],[8550, 33128],[8552, 33128],[8559, 33130],[8560, 33131],[8563, 33131],[8570, 33133],[8572, 33134],[8575, 33135],[8576, 33135],[8576, 33102],[8512, 33080],[8512, 33088],[8448, 33088],[8448, 33024],[8245, 33024],[8248, 33025],[8249, 33025]]]]},"properties":{"objectType":"annotation","name":"B15XO_A1 Outer Rim 100 µm","color":[100, 200, 100],"classification":{"name":"Outer Rim","color":[200, 63, 239]}}},{"type":"Feature","id":"cc67db8a-a938-4538-b2d9-d9496d71ff7a","geometry":{"type":"MultiPolygon","coordinates":[[[[11117, 30690],[11122, 30711],[11125, 30726],[11133, 30756],[11138, 30778],[11142, 30805],[11145, 30816],[11154, 30849],[11162, 30899],[11164, 30940],[11171, 30991],[11177, 31013],[11181, 31032],[11190, 31071],[11193, 31090],[11204, 31130],[11219, 31180],[11229, 31205],[11239, 31233],[11245, 31246],[11286, 31314],[11302, 31338],[11345, 31395],[11371, 31421],[11426, 31475],[11448, 31496],[11462, 31512],[11464, 31515],[11482, 31540],[11495, 31568],[11504, 31591],[11524, 31632],[11534, 31646],[11594, 31711],[11611, 31733],[11648, 31786],[11679, 31828],[11695, 31850],[11720, 31879],[11778, 31933],[11790, 31941],[11829, 31959],[11875, 31970],[11892, 31972],[11905, 31974],[11933, 31978],[11975, 31982],[12001, 31981],[12021, 31979],[12043, 31974],[12069, 31965],[12078, 31962],[12110, 31955],[12124, 31953],[12147, 31947],[12174, 31937],[12211, 31919],[12279, 31870],[12293, 31861],[12302, 31853],[12326, 31832],[12370, 31787],[12385, 31773],[12399, 31757],[12413, 31738],[12428, 31710],[12448, 31679],[12480, 31640],[12509, 31597],[12537, 31556],[12551, 31535],[12557, 31527],[12573, 31506],[12603, 31475],[12613, 31466],[12644, 31445],[12685, 31422],[12718, 31407],[12748, 31396],[12789, 31376],[12813, 31365],[12825, 31359],[12864, 31343],[12883, 31337],[12892, 31334],[12920, 31327],[12951, 31323],[12976, 31321],[12992, 31320],[13033, 31323],[13072, 31335],[13108, 31354],[13124, 31364],[13163, 31382],[13209, 31393],[13235, 31396],[13267, 31402],[13298, 31413],[13327, 31429],[13369, 31457],[13396, 31471],[13409, 31477],[13432, 31485],[13462, 31493],[13473, 31495],[13503, 31498],[13536, 31498],[13567, 31496],[13610, 31489],[13647, 31485],[13660, 31483],[13677, 31480],[13706, 31475],[13724, 31471],[13758, 31458],[13813, 31433],[13858, 31419],[13872, 31416],[13902, 31413],[13928, 31412],[13950, 31410],[13975, 31404],[14027, 31393],[14067, 31389],[14107, 31392],[14145, 31404],[14181, 31423],[14212, 31448],[14237, 31480],[14252, 31503],[14268, 31522],[14285, 31547],[14299, 31574],[14307, 31593],[14333, 31642],[14349, 31680],[14356, 31721],[14358, 31743],[14365, 31783],[14369, 31823],[14370, 31833],[14373, 31873],[14374, 31927],[14379, 31954],[14383, 31971],[14386, 31990],[14397, 32028],[14402, 32050],[14405, 32070],[14413, 32103],[14426, 32138],[14431, 32154],[14435, 32169],[14440, 32192],[14444, 32223],[14452, 32254],[14459, 32277],[14472, 32329],[14483, 32354],[14492, 32382],[14498, 32406],[14502, 32426],[14505, 32449],[14509, 32465],[14520, 32495],[14528, 32525],[14531, 32546],[14538, 32572],[14552, 32616],[14552, 32617],[14563, 32649],[14569, 32670],[14576, 32691],[14604, 32747],[14609, 32758],[14634, 32816],[14653, 32866],[14657, 32874],[14662, 32889],[14671, 32919],[14675, 32931],[14679, 32948],[14692, 33006],[14708, 33057],[14734, 33119],[14739, 33130],[14747, 33145],[14756, 33165],[14767, 33192],[14786, 33229],[14809, 33261],[14815, 33267],[14840, 33293],[14854, 33306],[14885, 33331],[14946, 33375],[14979, 33400],[15022, 33427],[15049, 33441],[15076, 33451],[15089, 33456],[15146, 33482],[15164, 33487],[15174, 33491],[15206, 33502],[15231, 33513],[15238, 33517],[15271, 33534],[15302, 33547],[15312, 33551],[15329, 33558],[15360, 33574],[15393, 33588],[15406, 33594],[15439, 33610],[15502, 33635],[15528, 33647],[15614, 33681],[15645, 33695],[15680, 33708],[15721, 33722],[15746, 33728],[15757, 33729],[15790, 33737],[15842, 33754],[15865, 33760],[15886, 33764],[15917, 33773],[15924, 33775],[15955, 33785],[16005, 33793],[16019, 33796],[16079, 33811],[16133, 33824],[16146, 33828],[16160, 33832],[16188, 33838],[16199, 33840],[16260, 33842],[16279, 33844],[16329, 33850],[16358, 33855],[16379, 33860],[16411, 33869],[16424, 33874],[16447, 33882],[16479, 33890],[16503, 33893],[16524, 33897],[16567, 33908],[16571, 33909],[16587, 33914],[16602, 33920],[16650, 33933],[16681, 33938],[16770, 33947],[16804, 33951],[16835, 33952],[16853, 33954],[16908, 33961],[16921, 33963],[16944, 33967],[16980, 33972],[17050, 33983],[17062, 33986],[17085, 33991],[17123, 33995],[17160, 34000],[17196, 34003],[17203, 34003],[17252, 33995],[17295, 33981],[17313, 33971],[17322, 33967],[17336, 33960],[17425, 33916],[17471, 33882],[17499, 33863],[17533, 33835],[17610, 33759],[17636, 33729],[17653, 33704],[17667, 33686],[17693, 33655],[17712, 33627],[17746, 33566],[17755, 33552],[17775, 33523],[17780, 33515],[17818, 33465],[17830, 33445],[17839, 33431],[17869, 33388],[17874, 33378],[17883, 33363],[17920, 33303],[17946, 33259],[17961, 33216],[17966, 33204],[17980, 33172],[17996, 33143],[18019, 33107],[18027, 33095],[18036, 33084],[18050, 33061],[18059, 33047],[18091, 33004],[18108, 32977],[18118, 32959],[18126, 32943],[18133, 32923],[18138, 32903],[18142, 32885],[18144, 32818],[18149, 32780],[18162, 32743],[18181, 32701],[18191, 32659],[18195, 32585],[18200, 32553],[18209, 32521],[18214, 32511],[18220, 32490],[18228, 32451],[18232, 32434],[18235, 32412],[18245, 32373],[18252, 32356],[18262, 32316],[18276, 32279],[18296, 32245],[18323, 32216],[18354, 32193],[18390, 32177],[18428, 32167],[18467, 32166],[18506, 32172],[18543, 32185],[18577, 32206],[18606, 32232],[18617, 32245],[18644, 32272],[18667, 32291],[18697, 32324],[18732, 32372],[18752, 32398],[18765, 32415],[18803, 32476],[18831, 32518],[18851, 32545],[18867, 32568],[18879, 32591],[18886, 32605],[18899, 32631],[18930, 32685],[18935, 32695],[18948, 32721],[18955, 32736],[18960, 32750],[18964, 32760],[18968, 32772],[18981, 32816],[18999, 32858],[19012, 32890],[19048, 32952],[19068, 32981],[19101, 33019],[19155, 33081],[19165, 33091],[19178, 33106],[19201, 33135],[19235, 33169],[19299, 33232],[19331, 33258],[19400, 33302],[19416, 33313],[19431, 33325],[19462, 33344],[19489, 33359],[19582, 33409],[19650, 33443],[19694, 33465],[19710, 33474],[19734, 33489],[19758, 33501],[19801, 33517],[19829, 33530],[19871, 33553],[19949, 33592],[19980, 33603],[20025, 33627],[20058, 33650],[20060, 33651],[20074, 33660],[20080, 33664],[20143, 33704],[20151, 33710],[20169, 33723],[20206, 33742],[20249, 33762],[20259, 33765],[20317, 33782],[20378, 33799],[20396, 33805],[20403, 33807],[20462, 33826],[20481, 33833],[20500, 33841],[20529, 33850],[20550, 33858],[20576, 33871],[20596, 33877],[20646, 33891],[20670, 33894],[20686, 33897],[20725, 33901],[20793, 33900],[20847, 33894],[20892, 33889],[20903, 33887],[20936, 33877],[20988, 33862],[21043, 33841],[21062, 33834],[21119, 33814],[21138, 33806],[21150, 33800],[21180, 33783],[21207, 33765],[21271, 33721],[21289, 33710],[21332, 33685],[21357, 33674],[21391, 33661],[21443, 33631],[21464, 33621],[21507, 33603],[21527, 33594],[21551, 33585],[21598, 33570],[21673, 33543],[21713, 33528],[21801, 33496],[21819, 33489],[21848, 33475],[21881, 33456],[21945, 33415],[21982, 33393],[22033, 33354],[22072, 33315],[22085, 33303],[22115, 33278],[22163, 33225],[22182, 33205],[22203, 33179],[22209, 33171],[22227, 33151],[22237, 33141],[22266, 33105],[22279, 33088],[22272, 33088],[22272, 32960],[22335, 32960],[22336, 32943],[22336, 32896],[22343, 32896],[22334, 32861],[22316, 32822],[22306, 32806],[22288, 32785],[22265, 32752],[22249, 32714],[22247, 32705],[22239, 32661],[22238, 32655],[22236, 32628],[22231, 32594],[22229, 32579],[22227, 32560],[22227, 32527],[22233, 32493],[22237, 32477],[22250, 32427],[22253, 32409],[22258, 32389],[22266, 32362],[22272, 32328],[22276, 32307],[22279, 32295],[22291, 32248],[22301, 32217],[22318, 32180],[22336, 32116],[22346, 32085],[22356, 32042],[22366, 32013],[22371, 32001],[22387, 31954],[22394, 31924],[22398, 31903],[22403, 31885],[22406, 31861],[22409, 31849],[22412, 31833],[22414, 31818],[22416, 31785],[22419, 31762],[22422, 31746],[22425, 31715],[22425, 31572],[22423, 31542],[22416, 31505],[22395, 31415],[22389, 31388],[22386, 31368],[22381, 31349],[22366, 31312],[22356, 31285],[22330, 31238],[22315, 31204],[22306, 31168],[22304, 31131],[22309, 31094],[22321, 31059],[22321, 31058],[22341, 31001],[22349, 30977],[22354, 30955],[22356, 30935],[22357, 30919],[22356, 30912],[22208, 30912],[22208, 30784],[22336, 30784],[22336, 30848],[22354, 30848],[22354, 30842],[22349, 30813],[22344, 30796],[22338, 30781],[22302, 30722],[22292, 30707],[22273, 30682],[22256, 30663],[22229, 30642],[22192, 30617],[22150, 30592],[22080, 30592],[22080, 30542],[22063, 30532],[22060, 30531],[22026, 30528],[21888, 30528],[21888, 30466],[21886, 30465],[21878, 30464],[21842, 30464],[21696, 30464],[21696, 30402],[21694, 30401],[21686, 30400],[21629, 30400],[21504, 30400],[21504, 30357],[21496, 30352],[21494, 30351],[21456, 30339],[21445, 30337],[21438, 30336],[21130, 30336],[21122, 30337],[21120, 30338],[21120, 30400],[20974, 30400],[20938, 30400],[20928, 30401],[20928, 30627],[20980, 30607],[20990, 30600],[20992, 30600],[21067, 30590],[21139, 30565],[21188, 30537],[21416, 30539],[21473, 30569],[21542, 30591],[21615, 30600],[21629, 30601],[21652, 30617],[21736, 30650],[21818, 30663],[21840, 30679],[21918, 30712],[21985, 30724],[22025, 30751],[22078, 30783],[22123, 30816],[22128, 30822],[22132, 30828],[22153, 30863],[22153, 30865],[22153, 30887],[22154, 30927],[22151, 30937],[22129, 31000],[22130, 31001],[22114, 31049],[22104, 31122],[22107, 31196],[22124, 31269],[22155, 31336],[22174, 31371],[22179, 31384],[22190, 31412],[22192, 31424],[22200, 31460],[22220, 31546],[22224, 31567],[22224, 31578],[22224, 31706],[22223, 31720],[22221, 31728],[22216, 31773],[22214, 31798],[22213, 31806],[22208, 31829],[22206, 31847],[22203, 31858],[22198, 31880],[22194, 31897],[22183, 31930],[22180, 31937],[22161, 31994],[22152, 32031],[22143, 32061],[22129, 32111],[22118, 32137],[22097, 32198],[22084, 32245],[22079, 32269],[22074, 32294],[22070, 32316],[22066, 32332],[22056, 32370],[22054, 32383],[22042, 32428],[22038, 32444],[22027, 32510],[22027, 32577],[22029, 32596],[22033, 32626],[22037, 32651],[22038, 32670],[22038, 32674],[22054, 32763],[22057, 32772],[22089, 32847],[22130, 32908],[22108, 32951],[22094, 32998],[22087, 33008],[22081, 33013],[22059, 33038],[22045, 33054],[22031, 33073],[22014, 33091],[21976, 33133],[21957, 33149],[21931, 33172],[21901, 33202],[21869, 33227],[21837, 33246],[21777, 33284],[21754, 33298],[21741, 33304],[21732, 33307],[21645, 33339],[21602, 33356],[21534, 33380],[21491, 33394],[21444, 33412],[21427, 33419],[21388, 33436],[21345, 33456],[21305, 33479],[21283, 33487],[21235, 33510],[21191, 33534],[21156, 33556],[21095, 33599],[21076, 33611],[21059, 33621],[21053, 33624],[21044, 33628],[20996, 33645],[20971, 33653],[20924, 33671],[20881, 33684],[20857, 33691],[20825, 33695],[20781, 33700],[20734, 33700],[20716, 33698],[20649, 33683],[20634, 33676],[20591, 33659],[20571, 33653],[20560, 33648],[20522, 33634],[20468, 33617],[20431, 33605],[20372, 33589],[20335, 33578],[20288, 33558],[20275, 33552],[20268, 33547],[20251, 33535],[20189, 33495],[20183, 33491],[20167, 33482],[20140, 33463],[20050, 33415],[20029, 33408],[19965, 33376],[19927, 33354],[19870, 33328],[19837, 33316],[19832, 33314],[19816, 33304],[19783, 33286],[19740, 33264],[19676, 33231],[19591, 33185],[19541, 33156],[19539, 33154],[19508, 33133],[19448, 33095],[19433, 33082],[19377, 33027],[19351, 33001],[19335, 32981],[19309, 32951],[19302, 32945],[19253, 32887],[19227, 32858],[19218, 32845],[19193, 32802],[19183, 32778],[19170, 32747],[19161, 32715],[19153, 32692],[19149, 32682],[19139, 32655],[19128, 32632],[19115, 32606],[19104, 32585],[19077, 32538],[19068, 32520],[19055, 32494],[19042, 32471],[19012, 32424],[18995, 32402],[18972, 32367],[18934, 32307],[18910, 32273],[18892, 32250],[18859, 32206],[18798, 32140],[18780, 32124],[18762, 32107],[18755, 32098],[18697, 32045],[18630, 32004],[18556, 31977],[18479, 31965],[18400, 31969],[18324, 31987],[18253, 32020],[18189, 32067],[18136, 32124],[18095, 32191],[18068, 32265],[18060, 32296],[18057, 32305],[18037, 32383],[18035, 32398],[18032, 32411],[18026, 32438],[18025, 32442],[18023, 32447],[18004, 32509],[17995, 32575],[17992, 32629],[17991, 32635],[17979, 32661],[17954, 32734],[17944, 32811],[17942, 32862],[17940, 32866],[17939, 32869],[17936, 32874],[17926, 32890],[17898, 32928],[17879, 32956],[17871, 32970],[17868, 32973],[17851, 32997],[17828, 33033],[17796, 33092],[17782, 33124],[17772, 33148],[17763, 33175],[17748, 33200],[17714, 33254],[17670, 33322],[17611, 33407],[17589, 33439],[17572, 33466],[17540, 33522],[17532, 33535],[17515, 33555],[17487, 33591],[17476, 33607],[17464, 33622],[17399, 33685],[17379, 33701],[17353, 33720],[17319, 33744],[17250, 33779],[17248, 33780],[17196, 33801],[17192, 33801],[17181, 33801],[17145, 33796],[17118, 33793],[17108, 33790],[17083, 33785],[17013, 33774],[16975, 33769],[16959, 33766],[16933, 33761],[16879, 33755],[16842, 33752],[16819, 33751],[16790, 33747],[16720, 33740],[16654, 33725],[16653, 33725],[16622, 33715],[16617, 33714],[16573, 33703],[16531, 33695],[16516, 33693],[16506, 33690],[16494, 33686],[16468, 33677],[16435, 33667],[16393, 33658],[16355, 33651],[16304, 33645],[16267, 33642],[16220, 33640],[16212, 33638],[16204, 33636],[16180, 33629],[16126, 33616],[16068, 33602],[16039, 33596],[16001, 33589],[15987, 33585],[15986, 33584],[15924, 33567],[15909, 33564],[15898, 33561],[15852, 33546],[15786, 33531],[15783, 33530],[15776, 33529],[15747, 33518],[15720, 33509],[15689, 33495],[15605, 33461],[15576, 33449],[15522, 33427],[15497, 33415],[15470, 33402],[15443, 33391],[15418, 33379],[15395, 33368],[15376, 33360],[15355, 33352],[15331, 33339],[15325, 33336],[15275, 33314],[15250, 33305],[15157, 33267],[15131, 33257],[15122, 33252],[15093, 33235],[15062, 33211],[15007, 33172],[14986, 33154],[14979, 33148],[14965, 33134],[14958, 33124],[14950, 33108],[14943, 33091],[14924, 33051],[14919, 33040],[14917, 33037],[14896, 32987],[14886, 32955],[14875, 32905],[14867, 32872],[14863, 32860],[14854, 32831],[14844, 32801],[14840, 32792],[14818, 32738],[14794, 32680],[14784, 32658],[14761, 32613],[14761, 32611],[14757, 32598],[14746, 32567],[14731, 32517],[14728, 32503],[14725, 32489],[14709, 32429],[14702, 32409],[14701, 32397],[14693, 32357],[14687, 32334],[14668, 32278],[14663, 32265],[14653, 32227],[14645, 32200],[14641, 32184],[14638, 32162],[14629, 32117],[14625, 32103],[14615, 32070],[14606, 32045],[14602, 32030],[14600, 32017],[14590, 31974],[14582, 31944],[14578, 31926],[14576, 31916],[14575, 31909],[14574, 31867],[14571, 31819],[14569, 31799],[14562, 31750],[14557, 31718],[14556, 31705],[14541, 31625],[14511, 31548],[14489, 31508],[14485, 31497],[14457, 31443],[14422, 31393],[14413, 31383],[14405, 31370],[14354, 31307],[14293, 31256],[14222, 31218],[14145, 31195],[14065, 31188],[13986, 31197],[13933, 31208],[13917, 31211],[13913, 31212],[13895, 31213],[13836, 31219],[13821, 31222],[13731, 31250],[13681, 31272],[13662, 31279],[13646, 31282],[13626, 31285],[13619, 31286],[13588, 31290],[13545, 31296],[13531, 31297],[13513, 31297],[13503, 31296],[13492, 31293],[13483, 31290],[13471, 31284],[13438, 31262],[13359, 31221],[13273, 31199],[13232, 31193],[13230, 31192],[13198, 31174],[13132, 31143],[13061, 31124],[12987, 31120],[12971, 31120],[12921, 31124],[12890, 31129],[12835, 31142],[12825, 31144],[12788, 31158],[12748, 31174],[12724, 31185],[12702, 31196],[12671, 31211],[12652, 31217],[12586, 31247],[12545, 31270],[12484, 31313],[12473, 31322],[12414, 31384],[12398, 31405],[12386, 31421],[12370, 31444],[12343, 31485],[12319, 31521],[12293, 31553],[12252, 31614],[12242, 31631],[12240, 31634],[12227, 31647],[12188, 31686],[12174, 31699],[12162, 31707],[12107, 31747],[12094, 31753],[12089, 31755],[12087, 31755],[12079, 31757],[12017, 31771],[12007, 31775],[11990, 31780],[11987, 31781],[11986, 31781],[11980, 31781],[11957, 31779],[11946, 31777],[11893, 31766],[11883, 31759],[11868, 31744],[11853, 31726],[11841, 31710],[11811, 31669],[11776, 31619],[11733, 31566],[11708, 31541],[11693, 31521],[11688, 31509],[11682, 31495],[11655, 31439],[11620, 31388],[11618, 31386],[11590, 31354],[11566, 31331],[11512, 31278],[11497, 31263],[11465, 31221],[11456, 31207],[11424, 31154],[11415, 31130],[11408, 31114],[11397, 31075],[11389, 31046],[11388, 31039],[11379, 30995],[11364, 30914],[11363, 30893],[11347, 30793],[11339, 30765],[11336, 30746],[11327, 30703],[11321, 30681],[11319, 30674],[11309, 30631],[11304, 30615],[11302, 30607],[11291, 30563],[11282, 30537],[11279, 30518],[11279, 30484],[11280, 30475],[11284, 30458],[11288, 30448],[11298, 30426],[11309, 30397],[11319, 30378],[11342, 30322],[11348, 30304],[11350, 30300],[11366, 30268],[11384, 30233],[11384, 30232],[11398, 30224],[11459, 30179],[11510, 30124],[11550, 30060],[11577, 29990],[11591, 29916],[11591, 29841],[11577, 29767],[11555, 29712],[11541, 29680],[11565, 29631],[11585, 29565],[11593, 29496],[11594, 29444],[11606, 29426],[11640, 29350],[11643, 29335],[11673, 29292],[11706, 29208],[11719, 29128],[11734, 29106],[11768, 29030],[11771, 29015],[11801, 28972],[11834, 28888],[11847, 28808],[11856, 28795],[11879, 28749],[11934, 28763],[12014, 28767],[12093, 28755],[12168, 28728],[12236, 28687],[12295, 28633],[12325, 28599],[12374, 28531],[12399, 28475],[12427, 28482],[12498, 28489],[12526, 28489],[12595, 28483],[12661, 28465],[12724, 28436],[12781, 28397],[12821, 28364],[12883, 28300],[12885, 28299],[12893, 28299],[12964, 28318],[13049, 28321],[13134, 28307],[13165, 28294],[13192, 28288],[13255, 28268],[13313, 28237],[13322, 28231],[13400, 28218],[13484, 28185],[13503, 28171],[13757, 28169],[13840, 28159],[13919, 28132],[13991, 28090],[14053, 28033],[14101, 27965],[14125, 27911],[14174, 27870],[14209, 27828],[14260, 27809],[14282, 27795],[14297, 27841],[14336, 27910],[14336, 27840],[14400, 27840],[14400, 27776],[14464, 27776],[14464, 27680],[14464, 27530],[14463, 27521],[14454, 27520],[14282, 27520],[14273, 27521],[14272, 27523],[14272, 27648],[14094, 27648],[14080, 27649],[14080, 27650],[14080, 27840],[14016, 27840],[14016, 27776],[13954, 27776],[13953, 27777],[13952, 27786],[13952, 27968],[14016, 27968],[14016, 28032],[13888, 28032],[13888, 27968],[13752, 27968],[13450, 27968],[13442, 27969],[13440, 27970],[13440, 28032],[13294, 28032],[13258, 28032],[13250, 28033],[13248, 28034],[13248, 28096],[13125, 28096],[13120, 28097],[13120, 28160],[13056, 28160],[13056, 28224],[12992, 28224],[12992, 28160],[12928, 28160],[12928, 28097],[12918, 28096],[12810, 28096],[12801, 28097],[12800, 28099],[12800, 28160],[12739, 28160],[12737, 28161],[12736, 28163],[12736, 28224],[12676, 28224],[12672, 28227],[12672, 28288],[12526, 28288],[12498, 28288],[12352, 28288],[12352, 28226],[12350, 28225],[12342, 28224],[12298, 28224],[12289, 28225],[12288, 28229],[12288, 28352],[12226, 28352],[12225, 28354],[12224, 28357],[12224, 28480],[12162, 28480],[12160, 28483],[12160, 28544],[12096, 28544],[12096, 28608],[12032, 28608],[12032, 28672],[11968, 28672],[11968, 28608],[11904, 28608],[11904, 28545],[11894, 28544],[11722, 28544],[11713, 28545],[11712, 28554],[11712, 28590],[11712, 28736],[11650, 28736],[11649, 28738],[11648, 28746],[11648, 28782],[11648, 28928],[11586, 28928],[11585, 28930],[11584, 28933],[11584, 29056],[11522, 29056],[11521, 29058],[11520, 29066],[11520, 29102],[11520, 29248],[11458, 29248],[11457, 29250],[11456, 29253],[11456, 29376],[11394, 29376],[11393, 29378],[11392, 29386],[11392, 29486],[11392, 29632],[11330, 29632],[11329, 29634],[11328, 29642],[11328, 29686],[11329, 29694],[11332, 29703],[11340, 29720],[11351, 29745],[11367, 29784],[11370, 29789],[11384, 29824],[11391, 29861],[11391, 29898],[11384, 29935],[11371, 29970],[11351, 30002],[11325, 30030],[11295, 30052],[11269, 30068],[11265, 30071],[11255, 30079],[11245, 30088],[11235, 30098],[11226, 30109],[11220, 30116],[11213, 30126],[11187, 30177],[11167, 30217],[11160, 30234],[11152, 30259],[11140, 30287],[11126, 30314],[11112, 30350],[11104, 30368],[11093, 30394],[11081, 30442],[11078, 30477],[11079, 30534],[11086, 30583],[11100, 30625],[11106, 30647],[11109, 30665],[11117, 30690]]],[[[20643, 30411],[20608, 30411],[20567, 30407],[20527, 30394],[20491, 30374],[20460, 30347],[20436, 30314],[20418, 30277],[20413, 30262],[20405, 30240],[20391, 30201],[20341, 30102],[20326, 30063],[20320, 30022],[20322, 29980],[20333, 29940],[20352, 29902],[20378, 29870],[20437, 29811],[20449, 29800],[20484, 29770],[20514, 29738],[20532, 29709],[20551, 29667],[20566, 29604],[20577, 29564],[20586, 29522],[20590, 29478],[20591, 29467],[20603, 29388],[20611, 29337],[20615, 29297],[20618, 29280],[20622, 29261],[20627, 29239],[20633, 29194],[20639, 29152],[20641, 29137],[20643, 29123],[20650, 29080],[20657, 29040],[20661, 29020],[20665, 28994],[20668, 28976],[20671, 28963],[20676, 28946],[20685, 28916],[20691, 28884],[20696, 28860],[20698, 28845],[20700, 28817],[20699, 28701],[20696, 28676],[20693, 28655],[20692, 28641],[20691, 28607],[20687, 28585],[20676, 28548],[20669, 28525],[20658, 28501],[20636, 28459],[20626, 28445],[20594, 28410],[20581, 28398],[20564, 28387],[20520, 28366],[20480, 28341],[20480, 28352],[20413, 28352],[20362, 28352],[20353, 28353],[20352, 28355],[20352, 28416],[20292, 28416],[20288, 28419],[20288, 28480],[20146, 28480],[20096, 28482],[20096, 28544],[20032, 28544],[20032, 28608],[19830, 28608],[19853, 28626],[19924, 28660],[20000, 28679],[20079, 28684],[20159, 28680],[20244, 28667],[20325, 28637],[20397, 28589],[20437, 28556],[20441, 28552],[20463, 28564],[20468, 28571],[20478, 28590],[20482, 28600],[20485, 28609],[20491, 28628],[20492, 28649],[20494, 28678],[20497, 28701],[20498, 28715],[20499, 28812],[20498, 28825],[20494, 28848],[20490, 28868],[20484, 28886],[20476, 28916],[20473, 28929],[20466, 28965],[20464, 28984],[20460, 29003],[20451, 29047],[20444, 29090],[20441, 29119],[20440, 29127],[20434, 29170],[20430, 29202],[20427, 29211],[20419, 29250],[20416, 29277],[20412, 29311],[20405, 29358],[20393, 29436],[20390, 29458],[20387, 29493],[20382, 29517],[20371, 29557],[20360, 29601],[20355, 29614],[20353, 29616],[20344, 29626],[20320, 29646],[20295, 29669],[20236, 29728],[20184, 29793],[20146, 29867],[20124, 29948],[20119, 30032],[20132, 30114],[20162, 30193],[20207, 30282],[20216, 30308],[20223, 30327],[20229, 30343],[20264, 30417],[20313, 30483],[20375, 30538],[20447, 30578],[20526, 30603],[20608, 30612],[20625, 30612],[20654, 30626],[20736, 30647],[20736, 30528],[20672, 30528],[20672, 30410],[20643, 30411]]],[[[19904, 28155],[19904, 28032],[19965, 28032],[19968, 28028],[19968, 27968],[20029, 27968],[20030, 27968],[20031, 27941],[20031, 27937],[20029, 27936],[20000, 27908],[19978, 27876],[19962, 27840],[19953, 27801],[19949, 27759],[19935, 27678],[19931, 27648],[19927, 27626],[19923, 27604],[19915, 27576],[19899, 27529],[19894, 27520],[19840, 27520],[19840, 27458],[19839, 27457],[19838, 27456],[19776, 27456],[19776, 27370],[19776, 27369],[19765, 27358],[19748, 27343],[19724, 27328],[19712, 27328],[19712, 27320],[19705, 27315],[19673, 27300],[19648, 27292],[19648, 27328],[19588, 27328],[19585, 27330],[19584, 27331],[19584, 27392],[19524, 27392],[19520, 27395],[19520, 27456],[19374, 27456],[19338, 27456],[19328, 27457],[19328, 27520],[19200, 27520],[19200, 27584],[19019, 27584],[19061, 27615],[19136, 27648],[19216, 27666],[19298, 27667],[19342, 27659],[19392, 27656],[19477, 27643],[19557, 27612],[19629, 27565],[19649, 27548],[19652, 27552],[19677, 27577],[19690, 27595],[19723, 27633],[19723, 27634],[19727, 27647],[19729, 27662],[19734, 27684],[19737, 27710],[19750, 27786],[19754, 27825],[19774, 27911],[19786, 27936],[19744, 28000],[19712, 28087],[19684, 28146],[19665, 28222],[19661, 28301],[19668, 28352],[19776, 28352],[19776, 28288],[19840, 28288],[19840, 28160],[19903, 28160],[19904, 28155]]],[[[19069, 27328],[19008, 27328],[19008, 27267],[19007, 27265],[18998, 27264],[18953, 27264],[18752, 27264],[18752, 27063],[18752, 26942],[18751, 26934],[18741, 26926],[18671, 26891],[18653, 26880],[18560, 26880],[18560, 26944],[18436, 26944],[18450, 26965],[18510, 27025],[18551, 27051],[18551, 27073],[18561, 27150],[18585, 27224],[18622, 27291],[18672, 27350],[18733, 27399],[18801, 27435],[18876, 27457],[18913, 27461],[18940, 27506],[18995, 27567],[19008, 27576],[19008, 27520],[19072, 27520],[19072, 27330],[19069, 27328]]],[[[18559, 26654],[18556, 26650],[18549, 26642],[18535, 26631],[18523, 26624],[18496, 26624],[18496, 26606],[18480, 26596],[18467, 26589],[18440, 26576],[18425, 26569],[18412, 26565],[18381, 26560],[18214, 26560],[18193, 26563],[18158, 26579],[18128, 26598],[18112, 26612],[18112, 26624],[18099, 26624],[18072, 26654],[18061, 26669],[18040, 26699],[18029, 26719],[18005, 26755],[17974, 26786],[17949, 26805],[17935, 26814],[17839, 26876],[17834, 26880],[17920, 26880],[17920, 26944],[17856, 26944],[17856, 27008],[17793, 27008],[17792, 27010],[17792, 27072],[17731, 27072],[17729, 27073],[17728, 27075],[17728, 27136],[17668, 27136],[17664, 27139],[17664, 27200],[17541, 27200],[17537, 27201],[17536, 27203],[17536, 27264],[17474, 27264],[17472, 27266],[17472, 27328],[17344, 27328],[17344, 27392],[17216, 27392],[17216, 27456],[17088, 27456],[17088, 27520],[17024, 27520],[17024, 27392],[17088, 27392],[17088, 27328],[17216, 27328],[17216, 27266],[17199, 27265],[17183, 27268],[17143, 27286],[17102, 27307],[17074, 27326],[17054, 27338],[17031, 27350],[16962, 27384],[16960, 27384],[16960, 27392],[16941, 27392],[16936, 27394],[16911, 27402],[16897, 27410],[16896, 27416],[16896, 27417],[16896, 27456],[16960, 27456],[16960, 27520],[16896, 27520],[16896, 27584],[16771, 27584],[16769, 27585],[16768, 27586],[16768, 27648],[16622, 27648],[16530, 27648],[16384, 27648],[16384, 27586],[16382, 27585],[16376, 27584],[16306, 27585],[16292, 27587],[16241, 27587],[16227, 27585],[16009, 27584],[16002, 27585],[16000, 27586],[16000, 27648],[15854, 27648],[15434, 27648],[15426, 27649],[15424, 27650],[15424, 27712],[15301, 27712],[15298, 27713],[15296, 27714],[15296, 27776],[15173, 27776],[15170, 27777],[15168, 27778],[15168, 27840],[15022, 27840],[14794, 27840],[14787, 27841],[14784, 27842],[14784, 27904],[14592, 27904],[14592, 27968],[14386, 27968],[14388, 27970],[14451, 28019],[14521, 28055],[14598, 28075],[14677, 28081],[14756, 28071],[14831, 28045],[14834, 28043],[15027, 28041],[15107, 28032],[15183, 28007],[15252, 27968],[15264, 27960],[15314, 27943],[15381, 27904],[15392, 27896],[15431, 27884],[15489, 27853],[15492, 27852],[15857, 27849],[15937, 27840],[16014, 27815],[16068, 27785],[16214, 27786],[16216, 27786],[16305, 27788],[16317, 27787],[16325, 27792],[16390, 27823],[16459, 27842],[16530, 27849],[16622, 27849],[16693, 27842],[16762, 27823],[16827, 27792],[16883, 27752],[16938, 27717],[16991, 27669],[17035, 27612],[17064, 27557],[17120, 27530],[17144, 27517],[17178, 27498],[17199, 27485],[17203, 27486],[17280, 27507],[17360, 27512],[17440, 27500],[17516, 27474],[17584, 27432],[17606, 27416],[17644, 27379],[17696, 27360],[17774, 27309],[17816, 27274],[17875, 27212],[17876, 27211],[17949, 27135],[17960, 27120],[17997, 27056],[18017, 27000],[18043, 26983],[18071, 26964],[18096, 26945],[18159, 26884],[18207, 26812],[18212, 26804],[18225, 26785],[18227, 26781],[18242, 26765],[18247, 26761],[18361, 26761],[18365, 26762],[18373, 26815],[18403, 26894],[18432, 26938],[18432, 26816],[18496, 26816],[18496, 26752],[18560, 26752],[18560, 26711],[18560, 26664],[18559, 26654]]],[[[18353, 28630],[18339, 28672],[18559, 28672],[18560, 28671],[18560, 28608],[18621, 28608],[18623, 28607],[18624, 28598],[18624, 28539],[18624, 28352],[18749, 28352],[18752, 28351],[18752, 28224],[18688, 28224],[18688, 28161],[18670, 28167],[18647, 28179],[18584, 28218],[18529, 28268],[18484, 28327],[18451, 28393],[18430, 28465],[18425, 28518],[18401, 28547],[18392, 28561],[18353, 28630]]],[[[18434, 29073],[18495, 29124],[18565, 29161],[18641, 29185],[18720, 29193],[18734, 29193],[18805, 29186],[18874, 29167],[18939, 29136],[18951, 29127],[19016, 29118],[19085, 29096],[19149, 29061],[19205, 29015],[19217, 29004],[19266, 28946],[19304, 28880],[19310, 28860],[19340, 28836],[19389, 28775],[19426, 28707],[19437, 28672],[19264, 28672],[19264, 28736],[19138, 28736],[19137, 28737],[19136, 28741],[19136, 28864],[19073, 28864],[19072, 28865],[19072, 28928],[18926, 28928],[18890, 28928],[18882, 28929],[18880, 28930],[18880, 28992],[18734, 28992],[18720, 28992],[18375, 28992],[18384, 29011],[18434, 29073]]],[[[19392, 28352],[19401, 28352],[19392, 28334],[19392, 28352]]],[[[19284, 28223],[19217, 28185],[19143, 28161],[19066, 28151],[18980, 28149],[18911, 28131],[18829, 28126],[18816, 28128],[18816, 28224],[18880, 28224],[18880, 28288],[18944, 28288],[18944, 28351],[18954, 28352],[19055, 28352],[19072, 28352],[19072, 28288],[19355, 28288],[19344, 28273],[19284, 28223]]]]},"properties":{"objectType":"annotation","name":"B15XO_B1 Inner Rim 100 µm","color":[200, 100, 100],"classification":{"name":"Inner Rim","color":[5, 170, 172]}}}]