{"type":"FeatureCollection","features":[{"type":"Feature","id":"640cabdc-ff80-4f18-9e22-bfa36440011a","geometry":{"type":"MultiPolygon","coordinates":[[[[576, 25088],[576, 25152],[640, 25152],[640, 25664],[704, 25664],[704, 25600],[768, 25600],[768, 25728],[704, 25728],[704, 25792],[640, 25792],[640, 25920],[768, 25920],[768, 26176],[832, 26176],[832, 26240],[960, 26240],[960, 26304],[1024, 26304],[1024, 26432],[1152, 26432],[1152, 26496],[1344, 26496],[1344, 26432],[1536, 26432],[1536, 26368],[1792, 26368],[1792, 26304],[2048, 26304],[2048, 26240],[2176, 26240],[2176, 25984],[2240, 25984],[2240, 25920],[2176, 25920],[2176, 25408],[2240, 25408],[2240, 25088],[2176, 25088],[2176, 24896],[2240, 24896],[2240, 24832],[2368, 24832],[2368, 24704],[2432, 24704],[2432, 24640],[2496, 24640],[2496, 24576],[2432, 24576],[2432, 24512],[2496, 24512],[2496, 24448],[2560, 24448],[2560, 24384],[2624, 24384],[2624, 24192],[2688, 24192],[2688, 24128],[2752, 24128],[2752, 24448],[2816, 24448],[2816, 24640],[2880, 24640],[2880, 24704],[3008, 24704],[3008, 24640],[3072, 24640],[3072, 24512],[3136, 24512],[3136, 24576],[3200, 24576],[3200, 24768],[3328, 24768],[3328, 24832],[3456, 24832],[3456, 24896],[3584, 24896],[3584, 24960],[3712, 24960],[3712, 25024],[3904, 25024],[3904, 25088],[4096, 25088],[4096, 25152],[4480, 25152],[4480, 25088],[5184, 25088],[5184, 25152],[5248, 25152],[5248, 25088],[5312, 25088],[5312, 25216],[5376, 25216],[5376, 25280],[5440, 25280],[5440, 25408],[5504, 25408],[5504, 25472],[5568, 25472],[5568, 25536],[5632, 25536],[5632, 25600],[5696, 25600],[5696, 25792],[5760, 25792],[5760, 25856],[5952, 25856],[5952, 25920],[6144, 25920],[6144, 25984],[6272, 25984],[6272, 26048],[6336, 26048],[6336, 26112],[6400, 26112],[6400, 26176],[6464, 26176],[6464, 26240],[6528, 26240],[6528, 26304],[6656, 26304],[6656, 26368],[6720, 26368],[6720, 26432],[6848, 26432],[6848, 26496],[6976, 26496],[6976, 26560],[7232, 26560],[7232, 26624],[7360, 26624],[7360, 26688],[7552, 26688],[7552, 26752],[8192, 26752],[8192, 26816],[8256, 26816],[8256, 26944],[8320, 26944],[8320, 26880],[8448, 26880],[8448, 26816],[8640, 26816],[8640, 26752],[9088, 26752],[9088, 26816],[9152, 26816],[9152, 26752],[9536, 26752],[9536, 26688],[9600, 26688],[9600, 26624],[9728, 26624],[9728, 26566],[9711, 26567],[9677, 26585],[9639, 26597],[9600, 26601],[9568, 26601],[9552, 26599],[9536, 26601],[9440, 26601],[9401, 26597],[9363, 26585],[9329, 26567],[9298, 26542],[9273, 26511],[9270, 26506],[9265, 26503],[9234, 26478],[9209, 26447],[9191, 26413],[9186, 26398],[9171, 26393],[9157, 26386],[9134, 26414],[9116, 26428],[9102, 26446],[9071, 26471],[9037, 26489],[8999, 26501],[8960, 26505],[8896, 26505],[8857, 26501],[8819, 26489],[8785, 26471],[8761, 26469],[8723, 26457],[8689, 26439],[8680, 26432],[8659, 26425],[8625, 26407],[8594, 26382],[8590, 26377],[8588, 26377],[8557, 26393],[8519, 26405],[8480, 26409],[8416, 26409],[8377, 26405],[8339, 26393],[8305, 26375],[8274, 26350],[8260, 26332],[8242, 26318],[8223, 26295],[8146, 26295],[8141, 26297],[8120, 26304],[8111, 26311],[8077, 26329],[8039, 26341],[8000, 26345],[7936, 26345],[7897, 26341],[7859, 26329],[7825, 26311],[7794, 26286],[7775, 26263],[7773, 26263],[7714, 26259],[7690, 26259],[7674, 26258],[7642, 26255],[7619, 26253],[7598, 26251],[7575, 26248],[7550, 26243],[7535, 26240],[7512, 26235],[7476, 26228],[7454, 26222],[7442, 26220],[7422, 26215],[7402, 26208],[7383, 26201],[7372, 26197],[7344, 26185],[7322, 26176],[7311, 26172],[7293, 26163],[7273, 26153],[7257, 26145],[7236, 26132],[7226, 26124],[7224, 26123],[7198, 26109],[7155, 26084],[7144, 26078],[7126, 26067],[7112, 26057],[7072, 26028],[7064, 26024],[7054, 26018],[7045, 26013],[7031, 26004],[7023, 25998],[6992, 25976],[6958, 25952],[6947, 25944],[6943, 25941],[6878, 25891],[6865, 25880],[6853, 25869],[6801, 25817],[6790, 25804],[6785, 25799],[6779, 25795],[6753, 25781],[6725, 25768],[6706, 25760],[6692, 25755],[6684, 25751],[6653, 25738],[6636, 25735],[6612, 25730],[6600, 25727],[6599, 25727],[6576, 25725],[6546, 25720],[6540, 25719],[6496, 25713],[6477, 25711],[6456, 25708],[6387, 25695],[6361, 25691],[6359, 25690],[6329, 25685],[6320, 25682],[6317, 25682],[6308, 25680],[6289, 25674],[6274, 25669],[6247, 25658],[6236, 25653],[6234, 25652],[6211, 25642],[6205, 25639],[6183, 25629],[6174, 25624],[6152, 25612],[6128, 25597],[6109, 25583],[6104, 25579],[6085, 25564],[6080, 25559],[6074, 25554],[6064, 25546],[6059, 25541],[6053, 25537],[6046, 25532],[6035, 25525],[6016, 25510],[6007, 25503],[5983, 25483],[5982, 25482],[5977, 25477],[5958, 25461],[5939, 25445],[5921, 25427],[5907, 25412],[5888, 25393],[5877, 25381],[5862, 25362],[5853, 25349],[5843, 25334],[5842, 25333],[5811, 25313],[5792, 25302],[5782, 25296],[5765, 25284],[5745, 25274],[5736, 25269],[5716, 25259],[5676, 25238],[5642, 25222],[5638, 25220],[5627, 25215],[5607, 25205],[5597, 25200],[5574, 25187],[5565, 25182],[5549, 25173],[5522, 25155],[5511, 25146],[5503, 25139],[5461, 25108],[5460, 25107],[5438, 25091],[5426, 25081],[5425, 25081],[5415, 25075],[5406, 25070],[5403, 25068],[5387, 25060],[5366, 25047],[5343, 25030],[5330, 25022],[5315, 25012],[5284, 24987],[5261, 24964],[5251, 24953],[5245, 24946],[5242, 24943],[5224, 24928],[5213, 24916],[5207, 24911],[5188, 24895],[5175, 24884],[5174, 24883],[5169, 24878],[5162, 24871],[5143, 24855],[5130, 24844],[5120, 24837],[5101, 24823],[5094, 24817],[5069, 24804],[5047, 24792],[5014, 24769],[4995, 24753],[4971, 24729],[4955, 24710],[4932, 24678],[4912, 24642],[4899, 24646],[4897, 24647],[4889, 24651],[4878, 24656],[4876, 24657],[4874, 24658],[4845, 24670],[4821, 24678],[4811, 24681],[4790, 24689],[4771, 24694],[4740, 24700],[4720, 24702],[4700, 24703],[4627, 24703],[4600, 24701],[4584, 24699],[4578, 24699],[4548, 24696],[4528, 24693],[4516, 24691],[4479, 24683],[4456, 24678],[4442, 24673],[4433, 24670],[4419, 24667],[4406, 24662],[4398, 24659],[4378, 24650],[4368, 24645],[4363, 24643],[4350, 24637],[4346, 24636],[4343, 24634],[4316, 24622],[4298, 24613],[4280, 24603],[4252, 24585],[4241, 24576],[4226, 24563],[4205, 24542],[4192, 24527],[4180, 24512],[4176, 24506],[4169, 24500],[4158, 24490],[4149, 24484],[4132, 24471],[4120, 24464],[4115, 24461],[4114, 24460],[4098, 24451],[4094, 24449],[4093, 24449],[4089, 24446],[4073, 24438],[4052, 24425],[4044, 24419],[4033, 24411],[4020, 24401],[4008, 24391],[4006, 24390],[3978, 24368],[3956, 24347],[3929, 24320],[3915, 24305],[3902, 24289],[3883, 24259],[3873, 24241],[3861, 24218],[3857, 24211],[3852, 24200],[3837, 24166],[3829, 24142],[3825, 24130],[3820, 24111],[3814, 24080],[3812, 24060],[3811, 24040],[3811, 23970],[3812, 23950],[3814, 23930],[3820, 23899],[3825, 23880],[3834, 23854],[3837, 23845],[3839, 23841],[3847, 23822],[3847, 23821],[3861, 23793],[3871, 23775],[3879, 23761],[3895, 23737],[3907, 23721],[3917, 23708],[3920, 23704],[3928, 23693],[3938, 23680],[3959, 23657],[3965, 23651],[3976, 23635],[3982, 23626],[3985, 23622],[3991, 23611],[3998, 23600],[4019, 23572],[4039, 23550],[4052, 23536],[4066, 23521],[4077, 23506],[4101, 23482],[4108, 23476],[4123, 23463],[4130, 23458],[4155, 23432],[4175, 23415],[4201, 23395],[4208, 23390],[4226, 23376],[4237, 23369],[4254, 23358],[4270, 23348],[4284, 23341],[4286, 23340],[4295, 23335],[4322, 23320],[4338, 23312],[4345, 23308],[4357, 23303],[4366, 23299],[4375, 23295],[4384, 23290],[4399, 23283],[4424, 23273],[4438, 23269],[4468, 23259],[4472, 23258],[4474, 23257],[4482, 23253],[4493, 23248],[4521, 23236],[4546, 23226],[4560, 23221],[4578, 23213],[4590, 23208],[4606, 23202],[4618, 23198],[4640, 23192],[4662, 23187],[4676, 23184],[4701, 23179],[4716, 23178],[4753, 23177],[4763, 23179],[4785, 23161],[4819, 23143],[4840, 23136],[4849, 23129],[4883, 23111],[4921, 23099],[4960, 23095],[5056, 23095],[5095, 23099],[5133, 23111],[5167, 23129],[5198, 23154],[5212, 23172],[5230, 23186],[5255, 23217],[5273, 23251],[5285, 23289],[5289, 23328],[5289, 23365],[5293, 23367],[5324, 23383],[5364, 23383],[5395, 23367],[5433, 23355],[5457, 23353],[5491, 23335],[5529, 23323],[5568, 23319],[5696, 23319],[5723, 23322],[5723, 23321],[5735, 23283],[5753, 23249],[5778, 23218],[5809, 23193],[5843, 23175],[5847, 23173],[5847, 23084],[5831, 23053],[5819, 23015],[5815, 22976],[5815, 22912],[5819, 22873],[5831, 22835],[5849, 22801],[5856, 22792],[5863, 22771],[5881, 22737],[5906, 22706],[5937, 22681],[5971, 22663],[5992, 22656],[6001, 22649],[6006, 22646],[6009, 22641],[6034, 22610],[6052, 22596],[6066, 22578],[6073, 22572],[6075, 22553],[6087, 22515],[6105, 22481],[6126, 22455],[6122, 22455],[6120, 22458],[6111, 22458],[6089, 22458],[6087, 22461],[6083, 22461],[6081, 22463.12],[6081, 22467],[6072, 22476],[6068.83, 22476],[6066, 22479],[6062, 22479],[6060, 22482],[6056, 22482],[6054, 22484],[6054, 22494],[6051, 22496],[6051, 22503],[6048, 22505],[6048, 22512],[6045, 22514],[6045, 22518],[6041, 22518],[6039, 22521],[6035, 22521],[6033, 22524],[6030, 22524],[6030, 22518],[6027.27, 22514.73],[6024, 22512],[6021, 22512],[6020, 22510],[6018, 22512],[6006, 22512],[5993, 22512],[5991, 22515],[5988, 22515],[5987, 22515],[5987, 22518],[5984, 22520],[5984, 22524],[5978, 22524],[5975, 22521],[5975, 22517],[5967, 22509],[5963, 22509],[5957, 22503],[5957, 22484],[5954, 22482],[5954, 22478],[5951, 22476],[5951, 22470],[5954, 22468],[5954, 22464],[5957, 22462],[5957, 22458],[5960, 22456],[5960, 22449],[5963, 22447],[5963, 22443],[5966, 22441],[5966, 22437],[5969, 22435],[5969, 22428],[5972, 22425],[5975, 22425],[5975, 22429],[5976, 22429.67],[5976, 22416],[5979, 22416],[5981, 22419],[5988, 22419],[5991, 22419],[5994, 22422],[5994, 22425],[5994, 22426],[5997, 22428],[5997, 22432],[5999, 22434],[6003, 22434],[6005, 22437],[6007, 22437],[6009, 22434],[6013, 22434],[6015, 22431],[6018, 22431],[6019, 22431],[6036, 22414],[6036, 22413],[6036, 22406],[6034, 22404],[6030, 22404],[6028, 22401],[6027, 22401],[6026, 22401],[6024, 22404],[6015, 22404],[6013, 22401],[6012, 22401],[6006, 22401],[5997, 22392],[5997, 22389],[5997, 22388],[5994, 22386],[5994, 22374],[5997, 22371.5],[5997, 22371],[6000, 22368],[6000, 22365],[6003, 22365],[6004, 22365],[6006, 22362],[6009, 22362],[6028, 22362],[6030, 22359],[6034, 22359],[6039, 22354],[6039, 22347],[6039, 22344],[6042, 22341.5],[6042, 22341],[6042, 22338],[6045, 22335],[6054, 22326],[6057, 22323],[6060, 22323],[6061, 22323],[6063, 22320],[6066, 22320],[6078, 22320],[6084, 22320],[6087, 22323],[6087, 22326],[6087, 22330],[6090, 22332],[6090, 22344],[6087, 22346],[6087, 22353],[6084, 22355],[6084, 22359],[6084, 22366],[6086, 22368],[6090, 22368],[6092, 22371],[6096, 22371],[6097, 22371],[6099, 22368],[6102.83, 22368],[6105, 22365.71],[6105, 22362],[6108, 22360],[6108, 22356],[6112, 22356],[6117, 22350],[6121, 22350],[6123, 22347],[6127, 22347],[6129, 22344],[6133, 22344],[6147, 22330],[6147, 22325],[6145, 22323],[6141, 22323],[6139, 22320],[6135, 22320],[6133, 22317],[6132, 22317],[6129, 22317],[6127, 22314],[6126, 22314],[6123, 22314],[6120, 22311],[6120, 22308],[6120, 22307],[6117, 22305],[6117, 22302],[6117, 22301],[6114, 22299],[6114, 22296],[6114, 22290],[6114, 22286],[6111, 22284],[6111, 22278],[6114, 22278],[6117, 22276],[6117, 22269],[6126, 22260],[6136, 22260],[6138, 22257],[6142, 22257],[6144, 22254],[6148, 22254],[6153, 22249],[6153, 22245],[6156, 22242],[6156, 22236],[6159, 22236],[6161, 22239],[6165, 22239],[6170, 22245],[6174, 22245],[6174, 22251],[6170, 22251],[6168, 22254],[6165, 22254],[6161, 22254],[6159, 22257],[6155, 22257],[6153, 22260],[6150, 22260],[6149, 22260],[6147, 22263],[6144, 22263],[6143, 22263],[6141, 22266],[6138, 22266],[6137, 22266],[6132, 22272],[6128, 22272],[6123, 22277],[6123, 22288],[6134, 22299],[6138, 22299],[6140, 22302],[6154, 22302],[6156, 22299],[6160, 22299],[6162, 22296],[6166, 22296],[6177, 22285],[6177, 22281],[6177, 22278],[6183, 22273],[6183, 22272],[6183, 22269],[6189, 22263],[6195, 22263],[6198, 22266],[6198, 22270],[6201, 22272],[6201, 22275],[6200.59, 22275.28],[6209.82, 22284],[6213, 22284],[6216, 22287],[6216, 22291],[6219, 22293],[6219, 22296],[6215, 22296],[6213, 22299],[6210, 22299],[6209, 22299],[6207, 22302],[6203, 22302],[6195, 22310],[6195, 22311],[6195, 22314],[6192, 22316],[6192, 22324],[6200, 22332],[6201, 22332],[6204, 22332],[6206, 22335],[6213, 22335],[6219, 22335],[6222, 22335],[6224, 22337],[6233, 22321],[6258, 22290],[6276, 22276],[6290, 22258],[6308, 22244],[6322, 22226],[6353, 22201],[6387, 22183],[6408, 22176],[6417, 22169],[6434, 22160],[6430, 22160],[6428, 22163],[6416, 22163],[6414, 22160],[6410, 22160],[6407, 22157],[6401, 22151],[6398, 22148],[6398, 22145],[6398, 22141],[6395, 22139],[6395, 22127],[6398, 22125],[6398, 22118],[6401, 22116],[6401, 22112],[6401, 22109],[6404, 22106.5],[6404, 22106],[6407, 22103],[6407, 22100],[6413, 22094],[6417, 22094],[6419, 22091],[6458, 22091],[6458, 22094],[6427, 22094],[6425, 22097],[6421, 22097],[6419, 22100],[6415, 22100],[6410, 22105],[6410, 22109],[6407, 22111],[6407, 22115],[6404, 22117],[6404, 22121],[6401, 22123],[6401, 22137],[6403, 22139],[6407, 22139],[6407, 22136],[6407, 22118],[6410, 22118],[6410, 22128],[6413, 22131],[6413, 22118],[6416, 22116],[6416, 22112],[6419, 22112],[6419, 22115],[6428, 22106],[6435, 22106],[6437, 22103],[6449, 22103],[6451, 22106],[6461, 22106],[6463, 22109],[6467, 22109],[6470, 22112],[6470, 22115],[6466, 22115],[6466, 22118],[6463, 22121],[6463, 22124],[6457, 22130],[6451, 22130],[6451, 22133],[6446, 22133],[6446, 22139],[6443, 22139],[6443, 22142],[6437, 22142],[6440, 22145],[6440, 22148],[6443, 22148],[6443, 22151],[6440, 22151],[6440, 22154],[6445, 22154],[6451, 22151],[6472, 22144],[6481, 22137],[6515, 22119],[6536, 22112],[6545, 22105],[6571, 22091],[6585, 22065],[6610, 22034],[6641, 22009],[6675, 21991],[6713, 21979],[6737, 21977],[6771, 21959],[6809, 21947],[6848, 21943],[7188, 21943],[7219, 21927],[7257, 21915],[7296, 21911],[7360, 21911],[7399, 21915],[7437, 21927],[7468, 21943],[7488, 21943],[7527, 21947],[7565, 21959],[7599, 21977],[7608, 21984],[7629, 21991],[7663, 22009],[7687, 22011],[7725, 22023],[7759, 22041],[7768, 22048],[7789, 22055],[7823, 22073],[7854, 22098],[7868, 22116],[7886, 22130],[7911, 22161],[7914, 22166],[7916, 22167],[7936, 22167],[7975, 22171],[8013, 22183],[8044, 22199],[8096, 22199],[8112, 22201],[8128, 22199],[8160, 22199],[8199, 22203],[8237, 22215],[8271, 22233],[8302, 22258],[8306, 22263],[8320, 22263],[8359, 22267],[8397, 22279],[8428, 22295],[8512, 22295],[8551, 22299],[8589, 22311],[8620, 22327],[8660, 22327],[8691, 22311],[8729, 22299],[8768, 22295],[8800, 22295],[8839, 22299],[8877, 22311],[8882, 22313],[8892, 22309],[8903, 22305],[8919, 22299],[8925, 22297],[8938, 22291],[8950, 22286],[8969, 22279],[8978, 22276],[8983, 22274],[8995, 22270],[8999, 22268],[9006, 22265],[9015, 22261],[9020, 22259],[9043, 22247],[9081, 22235],[9120, 22231],[9184, 22231],[9223, 22235],[9261, 22247],[9295, 22265],[9304, 22272],[9327, 22280],[9361, 22298],[9369, 22305],[9389, 22311],[9423, 22329],[9454, 22354],[9458, 22359],[9472, 22359],[9511, 22363],[9548, 22374],[9560, 22381],[9585, 22361],[9619, 22343],[9657, 22331],[9696, 22327],[9728, 22327],[9767, 22331],[9805, 22343],[9839, 22361],[9870, 22386],[9895, 22417],[9913, 22451],[9920, 22472],[9927, 22481],[9945, 22515],[9952, 22536],[9959, 22545],[9977, 22579],[9989, 22617],[9991, 22636],[9998, 22642],[10023, 22673],[10041, 22707],[10053, 22745],[10057, 22784],[10057, 22848],[10053, 22887],[10041, 22925],[10035, 22936],[10044, 22948],[10062, 22962],[10076, 22980],[10094, 22994],[10102, 23004],[10105, 23003],[10144, 22999],[10176, 22999],[10215, 23003],[10253, 23015],[10287, 23033],[10296, 23040],[10317, 23047],[10351, 23065],[10382, 23090],[10396, 23108],[10414, 23122],[10428, 23140],[10446, 23154],[10471, 23185],[10489, 23219],[10496, 23240],[10503, 23249],[10521, 23283],[10528, 23304],[10535, 23313],[10553, 23347],[10560, 23368],[10567, 23377],[10585, 23411],[10590, 23426],[10605, 23431],[10608, 23432],[10611, 23431],[10649, 23419],[10688, 23415],[10784, 23415],[10823, 23419],[10861, 23431],[10895, 23449],[10926, 23474],[10940, 23492],[10969, 23483],[11008, 23479],[11072, 23479],[11111, 23483],[11149, 23495],[11183, 23513],[11214, 23538],[11228, 23556],[11246, 23570],[11260, 23588],[11278, 23602],[11303, 23633],[11321, 23667],[11333, 23705],[11337, 23744],[11337, 23840],[11333, 23879],[11321, 23917],[11303, 23951],[11278, 23982],[11260, 23996],[11246, 24014],[11228, 24028],[11214, 24046],[11209, 24050],[11209, 24055],[11360, 24055],[11377, 24057],[11411, 24039],[11449, 24027],[11488, 24023],[11520, 24023],[11559, 24027],[11597, 24039],[11631, 24057],[11662, 24082],[11676, 24100],[11694, 24114],[11719, 24145],[11737, 24179],[11749, 24217],[11753, 24256],[11753, 24384],[11749, 24423],[11737, 24461],[11721, 24492],[11721, 24512],[11717, 24551],[11705, 24589],[11687, 24623],[11662, 24654],[11657, 24658],[11657, 24768],[11654, 24800],[11657, 24832],[11657, 24896],[11653, 24935],[11641, 24973],[11623, 25007],[11598, 25038],[11567, 25063],[11533, 25081],[11495, 25093],[11456, 25097],[11424, 25097],[11411, 25095],[11406, 25102],[11375, 25127],[11341, 25145],[11322, 25151],[11310, 25166],[11292, 25180],[11278, 25198],[11271, 25204],[11269, 25223],[11257, 25261],[11239, 25295],[11214, 25326],[11199, 25338],[11193, 25357],[11175, 25391],[11171, 25396],[11173, 25401],[11177, 25440],[11177, 25472],[11173, 25511],[11161, 25549],[11143, 25583],[11118, 25614],[11100, 25628],[11086, 25646],[11055, 25671],[11021, 25689],[10983, 25701],[10953, 25704],[10953, 25728],[10949, 25767],[10937, 25805],[10919, 25839],[10894, 25870],[10876, 25884],[10862, 25902],[10831, 25927],[10797, 25945],[10759, 25957],[10720, 25961],[10697, 25961],[10697, 26016],[10693, 26055],[10681, 26093],[10663, 26127],[10638, 26158],[10623, 26170],[10617, 26189],[10599, 26223],[10574, 26254],[10556, 26268],[10542, 26286],[10524, 26300],[10510, 26318],[10479, 26343],[10445, 26361],[10407, 26373],[10383, 26375],[10349, 26393],[10328, 26400],[10319, 26407],[10285, 26425],[10264, 26432],[10255, 26439],[10221, 26457],[10200, 26464],[10191, 26471],[10157, 26489],[10135, 26496],[10304, 26496],[10304, 26432],[10624, 26432],[10624, 26368],[10688, 26368],[10688, 26304],[10816, 26304],[10816, 26240],[10880, 26240],[10880, 26176],[10944, 26176],[10944, 26112],[11008, 26112],[11008, 26048],[11072, 26048],[11072, 25984],[11136, 25984],[11136, 25920],[11264, 25920],[11264, 25856],[11328, 25856],[11328, 25792],[11456, 25792],[11456, 25728],[11584, 25728],[11584, 25664],[11648, 25664],[11648, 25600],[11776, 25600],[11776, 25536],[11904, 25536],[11904, 25472],[12032, 25472],[12032, 25408],[12160, 25408],[12160, 25472],[12224, 25472],[12224, 25600],[12352, 25600],[12352, 25664],[12480, 25664],[12480, 25600],[12608, 25600],[12608, 25536],[13056, 25536],[13056, 25600],[13376, 25600],[13376, 25536],[13440, 25536],[13440, 25472],[13504, 25472],[13504, 25408],[13568, 25408],[13568, 25344],[13632, 25344],[13632, 25152],[13696, 25152],[13696, 25088],[13824, 25088],[13824, 25152],[14016, 25152],[14016, 25216],[14336, 25216],[14336, 25280],[14400, 25280],[14400, 25344],[14720, 25344],[14720, 25408],[14848, 25408],[14848, 25344],[14912, 25344],[14912, 25280],[14976, 25280],[14976, 25344],[15104, 25344],[15104, 25408],[15232, 25408],[15232, 25472],[15296, 25472],[15296, 25536],[15360, 25536],[15360, 25600],[15488, 25600],[15488, 25664],[15552, 25664],[15552, 25728],[15616, 25728],[15616, 25792],[15744, 25792],[15744, 25856],[15872, 25856],[15872, 25920],[16000, 25920],[16000, 25984],[16064, 25984],[16064, 26048],[16128, 26048],[16128, 26112],[16192, 26112],[16192, 26176],[16256, 26176],[16256, 26304],[16320, 26304],[16320, 26368],[16384, 26368],[16384, 26432],[16448, 26432],[16448, 26624],[16512, 26624],[16512, 26688],[16640, 26688],[16640, 26752],[16704, 26752],[16704, 26816],[17024, 26816],[17024, 26880],[17088, 26880],[17088, 26944],[17280, 26944],[17280, 27008],[17408, 27008],[17408, 27072],[17536, 27072],[17536, 27136],[17600, 27136],[17600, 27200],[17664, 27200],[17664, 27264],[17792, 27264],[17792, 27328],[17920, 27328],[17920, 27392],[18048, 27392],[18048, 27456],[18176, 27456],[18176, 27520],[18368, 27520],[18368, 27584],[18560, 27584],[18560, 27648],[18688, 27648],[18688, 27712],[18880, 27712],[18880, 27776],[18816, 27776],[18816, 27840],[18880, 27840],[18880, 27904],[19072, 27904],[19072, 27840],[19328, 27840],[19328, 27904],[19520, 27904],[19520, 27968],[19712, 27968],[19712, 28032],[20096, 28032],[20096, 28096],[20224, 28096],[20224, 28160],[20736, 28160],[20736, 28224],[21120, 28224],[21120, 28288],[21568, 28288],[21568, 28352],[22144, 28352],[22144, 28288],[22208, 28288],[22208, 28352],[22336, 28352],[22336, 28288],[22464, 28288],[22464, 28416],[22528, 28416],[22528, 28288],[22592, 28288],[22592, 28352],[22656, 28352],[22656, 28416],[22720, 28416],[22720, 28480],[23040, 28480],[23040, 28544],[23104, 28544],[23104, 28608],[23808, 28608],[23808, 28672],[23872, 28672],[23872, 28608],[24064, 28608],[24064, 28672],[24128, 28672],[24128, 28736],[24256, 28736],[24256, 28672],[24448, 28672],[24448, 28736],[24640, 28736],[24640, 28672],[24768, 28672],[24768, 28608],[24832, 28608],[24832, 28352],[24768, 28352],[24768, 28288],[24704, 28288],[24704, 28160],[24768, 28160],[24768, 28032],[24640, 28032],[24640, 27840],[24704, 27840],[24704, 27904],[25024, 27904],[25024, 27968],[25216, 27968],[25216, 28032],[25280, 28032],[25280, 28096],[25344, 28096],[25344, 28224],[25536, 28224],[25536, 28288],[25600, 28288],[25600, 28352],[25728, 28352],[25728, 28416],[25984, 28416],[25984, 28288],[26048, 28288],[26048, 28096],[25984, 28096],[25984, 27968],[25856, 27968],[25856, 27840],[25792, 27840],[25792, 27776],[25472, 27776],[25472, 27712],[25408, 27712],[25408, 27648],[25216, 27648],[25216, 27584],[25088, 27584],[25088, 27520],[24832, 27520],[24832, 27456],[24576, 27456],[24576, 27392],[24448, 27392],[24448, 27328],[24128, 27328],[24128, 27264],[23808, 27264],[23808, 27200],[23424, 27200],[23424, 27136],[23232, 27136],[23232, 27072],[23040, 27072],[23040, 27008],[22784, 27008],[22784, 26944],[22400, 26944],[22400, 26880],[22080, 26880],[22080, 26816],[21696, 26816],[21696, 26880],[21568, 26880],[21568, 26816],[21440, 26816],[21440, 26880],[21312, 26880],[21312, 26816],[20928, 26816],[20928, 26752],[20800, 26752],[20800, 26688],[20608, 26688],[20608, 26624],[20416, 26624],[20416, 26560],[20096, 26560],[20096, 26496],[19648, 26496],[19648, 26432],[19264, 26432],[19264, 26368],[19072, 26368],[19072, 26304],[18944, 26304],[18944, 26240],[18752, 26240],[18752, 26176],[18688, 26176],[18688, 26112],[18560, 26112],[18560, 26048],[18368, 26048],[18368, 25984],[18240, 25984],[18240, 25920],[18176, 25920],[18176, 25856],[17920, 25856],[17920, 25792],[17856, 25792],[17856, 25728],[17728, 25728],[17728, 25664],[17600, 25664],[17600, 25600],[17664, 25600],[17664, 25536],[17792, 25536],[17792, 25472],[17856, 25472],[17856, 25408],[17920, 25408],[17920, 25152],[17984, 25152],[17984, 25216],[18048, 25216],[18048, 25280],[18112, 25280],[18112, 25344],[18176, 25344],[18176, 25408],[18304, 25408],[18304, 25472],[18560, 25472],[18560, 25536],[18752, 25536],[18752, 25600],[19264, 25600],[19264, 25664],[19520, 25664],[19520, 25728],[19648, 25728],[19648, 25664],[20352, 25664],[20352, 25536],[20288, 25536],[20288, 25472],[20160, 25472],[20160, 25408],[19968, 25408],[19968, 25344],[19776, 25344],[19776, 25280],[19712, 25280],[19712, 25216],[19584, 25216],[19584, 25152],[19392, 25152],[19392, 25088],[19200, 25088],[19200, 25024],[19072, 25024],[19072, 24960],[18880, 24960],[18880, 24896],[18752, 24896],[18752, 24832],[18624, 24832],[18624, 24768],[18560, 24768],[18560, 24704],[18432, 24704],[18432, 24640],[18304, 24640],[18304, 24576],[18112, 24576],[18112, 24768],[18048, 24768],[18048, 24832],[17984, 24832],[17984, 24960],[17920, 24960],[17920, 25088],[17856, 25088],[17856, 25024],[17792, 25024],[17792, 24960],[17728, 24960],[17728, 24896],[17664, 24896],[17664, 24832],[17536, 24832],[17536, 24768],[17408, 24768],[17408, 24704],[17216, 24704],[17216, 24640],[16704, 24640],[16704, 24576],[16576, 24576],[16576, 24512],[16512, 24512],[16512, 24448],[16448, 24448],[16448, 24384],[16384, 24384],[16384, 24320],[16192, 24320],[16192, 24256],[16128, 24256],[16128, 24192],[16000, 24192],[16000, 24128],[15872, 24128],[15872, 24064],[15808, 24064],[15808, 24000],[15680, 24000],[15680, 23936],[15552, 23936],[15552, 23872],[15296, 23872],[15296, 23808],[15040, 23808],[15040, 23744],[14720, 23744],[14720, 23680],[14656, 23680],[14656, 23616],[14592, 23616],[14592, 23552],[14528, 23552],[14528, 23488],[14464, 23488],[14464, 23424],[14400, 23424],[14400, 23360],[14336, 23360],[14336, 23296],[14272, 23296],[14272, 23232],[14016, 23232],[14016, 23168],[13888, 23168],[13888, 23104],[13760, 23104],[13760, 23040],[13696, 23040],[13696, 22976],[13568, 22976],[13568, 22912],[13504, 22912],[13504, 22848],[13440, 22848],[13440, 22784],[13312, 22784],[13312, 22720],[13120, 22720],[13120, 22656],[13056, 22656],[13056, 22592],[12992, 22592],[12992, 22528],[12864, 22528],[12864, 22464],[12736, 22464],[12736, 22400],[12544, 22400],[12544, 22336],[12480, 22336],[12480, 22272],[12160, 22272],[12160, 22208],[12096, 22208],[12096, 22272],[11968, 22272],[11968, 22208],[12032, 22208],[12032, 22144],[11968, 22144],[11968, 22080],[11840, 22080],[11840, 22016],[11648, 22016],[11648, 21952],[11520, 21952],[11520, 21888],[11392, 21888],[11392, 21824],[11328, 21824],[11328, 21760],[11200, 21760],[11200, 21696],[11136, 21696],[11136, 21632],[11072, 21632],[11072, 21568],[11008, 21568],[11008, 21504],[10944, 21504],[10944, 21440],[10880, 21440],[10880, 21312],[10752, 21312],[10752, 21248],[10688, 21248],[10688, 21120],[10624, 21120],[10624, 20992],[10560, 20992],[10560, 20928],[10496, 20928],[10496, 20864],[10432, 20864],[10432, 20800],[10304, 20800],[10304, 20736],[10112, 20736],[10112, 20672],[10048, 20672],[10048, 20608],[9984, 20608],[9984, 20544],[9920, 20544],[9920, 20480],[9536, 20480],[9536, 20416],[9216, 20416],[9216, 20352],[9152, 20352],[9152, 20288],[8896, 20288],[8896, 20224],[8768, 20224],[8768, 20160],[8512, 20160],[8512, 20224],[8384, 20224],[8384, 20096],[8320, 20096],[8320, 20160],[8192, 20160],[8192, 20032],[8128, 20032],[8128, 20096],[8000, 20096],[8000, 20032],[7808, 20032],[7808, 19968],[7360, 19968],[7360, 19904],[6912, 19904],[6912, 19840],[6656, 19840],[6656, 19776],[6528, 19776],[6528, 19712],[6336, 19712],[6336, 19776],[6144, 19776],[6144, 19840],[5888, 19840],[5888, 19904],[5824, 19904],[5824, 19968],[5696, 19968],[5696, 20032],[5248, 20032],[5248, 20096],[5184, 20096],[5184, 20160],[4928, 20160],[4928, 20224],[4800, 20224],[4800, 20288],[4736, 20288],[4736, 20352],[4608, 20352],[4608, 20416],[4480, 20416],[4480, 20480],[4352, 20480],[4352, 20544],[4224, 20544],[4224, 20608],[4096, 20608],[4096, 20672],[3968, 20672],[3968, 20736],[3904, 20736],[3904, 20800],[3712, 20800],[3712, 20864],[3648, 20864],[3648, 20928],[3584, 20928],[3584, 20992],[3456, 20992],[3456, 21056],[3328, 21056],[3328, 21120],[3200, 21120],[3200, 21184],[3072, 21184],[3072, 21248],[2944, 21248],[2944, 21312],[2880, 21312],[2880, 21376],[2752, 21376],[2752, 21440],[2688, 21440],[2688, 21504],[2624, 21504],[2624, 21568],[2560, 21568],[2560, 21696],[2496, 21696],[2496, 21760],[2432, 21760],[2432, 21888],[2304, 21888],[2304, 21952],[1984, 21952],[1984, 22016],[1920, 22016],[1920, 22080],[1856, 22080],[1856, 22208],[1792, 22208],[1792, 22272],[1664, 22272],[1664, 22336],[1600, 22336],[1600, 22400],[1472, 22400],[1472, 22464],[1344, 22464],[1344, 22528],[1280, 22528],[1280, 22592],[1216, 22592],[1216, 22656],[1152, 22656],[1152, 22720],[1088, 22720],[1088, 22784],[1024, 22784],[1024, 22848],[960, 22848],[960, 22976],[896, 22976],[896, 23040],[832, 23040],[832, 23104],[768, 23104],[768, 23232],[704, 23232],[704, 23360],[640, 23360],[640, 23424],[576, 23424],[576, 23680],[512, 23680],[512, 24000],[576, 24000],[576, 24064],[512, 24064],[512, 24448],[448, 24448],[448, 24704],[384, 24704],[384, 24896],[448, 24896],[448, 24960],[512, 24960],[512, 25088],[576, 25088]],[[22493, 27885],[22484, 27885],[22481, 27882],[22481, 27870],[22484, 27867],[22491, 27867],[22493, 27864],[22496, 27864],[22499, 27867],[22499, 27879],[22493, 27885]],[[19587, 27461],[19587, 27442],[19590, 27440],[19590, 27433],[19593, 27431],[19593, 27427],[19596, 27424],[19599, 27424],[19599, 27443],[19607, 27451],[19611, 27451],[19613, 27454],[19615, 27454],[19617, 27451],[19621, 27451],[19623, 27448],[19627, 27448],[19632, 27443],[19632, 27439],[19638, 27434],[19638, 27420],[19635, 27418],[19635, 27414],[19632, 27412],[19632, 27391],[19635, 27388],[19639, 27388],[19641, 27385],[19644, 27385],[19653, 27394],[19653, 27436],[19650, 27438],[19650, 27445],[19644, 27450],[19644, 27454],[19641, 27457],[19637, 27457],[19629, 27465],[19629, 27472],[19626, 27474],[19626, 27478],[19617, 27487],[19613, 27487],[19602, 27498],[19602, 27505],[19599, 27507],[19599, 27517],[19596, 27519],[19596, 27523],[19593, 27525],[19593, 27529],[19587, 27535],[19583, 27535],[19578, 27541],[19574, 27541],[19572, 27544],[19557, 27544],[19555, 27541],[19545, 27541],[19543, 27538],[19536, 27538],[19533, 27535],[19533, 27532],[19536, 27530],[19536, 27523],[19539, 27523],[19541, 27526],[19545, 27526],[19547, 27529],[19551, 27529],[19553, 27532],[19567, 27532],[19569, 27529],[19573, 27529],[19575, 27526],[19579, 27526],[19581, 27524],[19581, 27520],[19584, 27518],[19584, 27507],[19579, 27502],[19575, 27502],[19573, 27499],[19553, 27499],[19551, 27502],[19547, 27502],[19545, 27505],[19542, 27505],[19542, 27501],[19540, 27499],[19536, 27499],[19536, 27493],[19539, 27490],[19543, 27490],[19545, 27487],[19548, 27487],[19550, 27490],[19554, 27490],[19556, 27492],[19557, 27490],[19561, 27490],[19563, 27488],[19563, 27481],[19570, 27481],[19572, 27478],[19576, 27478],[19584, 27470],[19584, 27463],[19587, 27461]],[[19438, 27457],[19435, 27454],[19435, 27451],[19439, 27451],[19453, 27437],[19453, 27433],[19456, 27431],[19456, 27427],[19459, 27425],[19459, 27415],[19462, 27413],[19462, 27406],[19465, 27404],[19465, 27400],[19468, 27398],[19468, 27391],[19471, 27389],[19471, 27385],[19474, 27383],[19474, 27376],[19477, 27374],[19477, 27370],[19486, 27361],[19490, 27361],[19492, 27358],[19499, 27358],[19501, 27355],[19522, 27355],[19524, 27358],[19528, 27358],[19531, 27361],[19531, 27365],[19534, 27367],[19534, 27371],[19540, 27376],[19540, 27380],[19543, 27382],[19543, 27391],[19540, 27391],[19540, 27387],[19537, 27385],[19537, 27381],[19529, 27373],[19525, 27373],[19523, 27370],[19516, 27370],[19514, 27367],[19494, 27367],[19492, 27370],[19488, 27370],[19486, 27372],[19486, 27376],[19483, 27378],[19483, 27382],[19480, 27384],[19480, 27388],[19474, 27393],[19474, 27397],[19471, 27399],[19471, 27403],[19468, 27405],[19468, 27412],[19465, 27414],[19465, 27430],[19462, 27432],[19462, 27439],[19453, 27447],[19453, 27458],[19456, 27460],[19456, 27463],[19453, 27466],[19444, 27466],[19444, 27459],[19442, 27457],[19438, 27457]],[[19520, 27384],[19526, 27384],[19532, 27390],[19532, 27399],[19528, 27399],[19526, 27401],[19526, 27417],[19517, 27426],[19514, 27426],[19514, 27422],[19511, 27420],[19511, 27399],[19514, 27397],[19514, 27393],[19520, 27388],[19520, 27384]],[[19432, 27618],[19432, 27624],[19429, 27626],[19429, 27630],[19419, 27630],[19417, 27633],[19405, 27633],[19403, 27630],[19399, 27630],[19396, 27627],[19396, 27618],[19402, 27612],[19406, 27612],[19408, 27609],[19423, 27609],[19432, 27618]],[[19328, 27388],[19328, 27392],[19331, 27394],[19331, 27412],[19328, 27414],[19328, 27418],[19325, 27420],[19325, 27424],[19319, 27430],[19312, 27430],[19310, 27433],[19259, 27433],[19253, 27427],[19253, 27409],[19256, 27407],[19256, 27403],[19259, 27400],[19263, 27400],[19265, 27398],[19265, 27394],[19274, 27385],[19278, 27385],[19280, 27382],[19322, 27382],[19328, 27388]],[[19175, 27433],[19173, 27436],[19151, 27436],[19149, 27439],[19145, 27439],[19137, 27448],[19131, 27448],[19131, 27441],[19129, 27439],[19125, 27439],[19123, 27436],[19121, 27436],[19119, 27439],[19116, 27439],[19113, 27436],[19113, 27430],[19116, 27427],[19120, 27427],[19122, 27424],[19126, 27424],[19128, 27421],[19132, 27421],[19134, 27418],[19141, 27418],[19143, 27415],[19147, 27415],[19149, 27412],[19156, 27412],[19158, 27409],[19165, 27409],[19167, 27406],[19176, 27406],[19176, 27412],[19173, 27414],[19173, 27425],[19178, 27430],[19182, 27430],[19182, 27433],[19175, 27433]],[[18879, 27530],[18882, 27528],[18882, 27527],[18882, 27524],[18885, 27521],[18897, 27521],[18903, 27527],[18903, 27539],[18900, 27541],[18900, 27542],[18900, 27545],[18897, 27548],[18893, 27548],[18891, 27551],[18885, 27551],[18882, 27548],[18879, 27545],[18879, 27542],[18879, 27533],[18879, 27530]],[[17794, 26850],[17790, 26850],[17785, 26855],[17785, 26862],[17782, 26864],[17782, 26868],[17778, 26868],[17776, 26871],[17772, 26871],[17767, 26876],[17767, 26880],[17731, 26916],[17727, 26916],[17725, 26919],[17721, 26919],[17719, 26922],[17709, 26922],[17707, 26925],[17677, 26925],[17677, 26922],[17677, 26920.33],[17676, 26921],[17676, 26925],[17673, 26927],[17673, 26931],[17670, 26934],[17666, 26934],[17661, 26940],[17660.67, 26940],[17658, 26943],[17654, 26943],[17652, 26946],[17648, 26946],[17646, 26949],[17638, 26949],[17636, 26952],[17632, 26952],[17630, 26955],[17615, 26955],[17613, 26952],[17609, 26952],[17606, 26949],[17604, 26949],[17601, 26946],[17601, 26944],[17597, 26940],[17597, 26938.33],[17594.63, 26936.16],[17594.51, 26936.05],[17592.27, 26934],[17589, 26934],[17589, 26932],[17588, 26931],[17588, 26929.33],[17586, 26928],[17586, 26925],[17598, 26925],[17600, 26922],[17604, 26922],[17612, 26914],[17612, 26913],[17615, 26910],[17615, 26907],[17618, 26904],[17619, 26904],[17619, 26901],[17625, 26896],[17625, 26891],[17622, 26889],[17622, 26888.5],[17619, 26886],[17619, 26882.75],[17616, 26880],[17616, 26877.94],[17615, 26877],[17615, 26875.33],[17613, 26874],[17613, 26871.33],[17609, 26868],[17609, 26866],[17605, 26862],[17603, 26862],[17601, 26859],[17597, 26859],[17595, 26856],[17586, 26856],[17586, 26853],[17607, 26853],[17610, 26856],[17613, 26859],[17619, 26865],[17619, 26866],[17627, 26874],[17627, 26878],[17638, 26889],[17640, 26889],[17642, 26892],[17646, 26892],[17648, 26895],[17655, 26895],[17657, 26898],[17661, 26898],[17664, 26901],[17667, 26904],[17670, 26904],[17670, 26908],[17675.63, 26913],[17677, 26913],[17674, 26910],[17674, 26906],[17671, 26904],[17671, 26903.5],[17668, 26901],[17665, 26901],[17665, 26898],[17665, 26895],[17675, 26895],[17677, 26892],[17681, 26892],[17683, 26889],[17684, 26889],[17692, 26881],[17692, 26877],[17692, 26868],[17692, 26862],[17692, 26856],[17695, 26854],[17695, 26850],[17695, 26844],[17698, 26842],[17698, 26832],[17698, 26826],[17698, 26823],[17698, 26820],[17701, 26818],[17701, 26817],[17701, 26814],[17704, 26811],[17708, 26811],[17710, 26808],[17717, 26808],[17719, 26805],[17734, 26805],[17736, 26808],[17740, 26808],[17742, 26811],[17746, 26811],[17748, 26813],[17749, 26811],[17753, 26811],[17755, 26808],[17759, 26808],[17764, 26803],[17764, 26802],[17764, 26799],[17764, 26787],[17767, 26785],[17767, 26784],[17767, 26781],[17767, 26778],[17773, 26772],[17779, 26772],[17781, 26775],[17785, 26775],[17788, 26778],[17791, 26781],[17794, 26784],[17794, 26787],[17794, 26788],[17797, 26790],[17797, 26793],[17797, 26794],[17800, 26796],[17800, 26800],[17805, 26805],[17809, 26805],[17811, 26808],[17818, 26808],[17820, 26811],[17824, 26811],[17824, 26814],[17824, 26815],[17827, 26817],[17827, 26820],[17824, 26822],[17824, 26823],[17824, 26826],[17821, 26829],[17817, 26829],[17812, 26835],[17808, 26835],[17794, 26850]],[[17328, 26716],[17328, 26720],[17357, 26749],[17361, 26749],[17363, 26752],[17365, 26752],[17367, 26749],[17371, 26749],[17376, 26744],[17376, 26740],[17379, 26737],[17383, 26737],[17385, 26734],[17407, 26734],[17409, 26731],[17413, 26731],[17415, 26728],[17428, 26728],[17430, 26725],[17440, 26725],[17442, 26722],[17452, 26722],[17454, 26719],[17467, 26719],[17469, 26716],[17472, 26716],[17474, 26719],[17484, 26719],[17486, 26722],[17490, 26722],[17502, 26734],[17502, 26741],[17505, 26743],[17505, 26749],[17502, 26751],[17502, 26758],[17499, 26760],[17499, 26764],[17496, 26766],[17496, 26770],[17493, 26772],[17493, 26776],[17490, 26779],[17486, 26779],[17484, 26782],[17481, 26782],[17479, 26779],[17475, 26779],[17461, 26764],[17457, 26764],[17455, 26761],[17444, 26761],[17442, 26764],[17438, 26764],[17418, 26785],[17414, 26785],[17409, 26791],[17399, 26791],[17397, 26794],[17376, 26794],[17374, 26791],[17367, 26791],[17365, 26788],[17354, 26788],[17352, 26791],[17345, 26791],[17343, 26794],[17319, 26794],[17308, 26782],[17304, 26782],[17299, 26776],[17295, 26776],[17286, 26767],[17286, 26752],[17301, 26738],[17301, 26730],[17286, 26716],[17286, 26712],[17280, 26707],[17280, 26692],[17289, 26683],[17304, 26683],[17322, 26701],[17322, 26705],[17325, 26707],[17325, 26714],[17328, 26716]],[[17355, 26688],[17351, 26688],[17349, 26685],[17345, 26685],[17343, 26682],[17339, 26682],[17334, 26676],[17330, 26676],[17330, 26672],[17327, 26670],[17327, 26664],[17330, 26661],[17333, 26661],[17333, 26665],[17336, 26667],[17336, 26671],[17344, 26679],[17348, 26679],[17350, 26682],[17354, 26682],[17356, 26685],[17360, 26685],[17363, 26688],[17363, 26691],[17357, 26691],[17355, 26688]],[[17145, 26446],[17144, 26446],[17141, 26446],[17139, 26443],[17138, 26443],[17135, 26443],[17129, 26443],[17125, 26443],[17123, 26446],[17114, 26446],[17113, 26446],[17111, 26449],[17104, 26449],[17102, 26452],[17098, 26452],[17096, 26454.4],[17096, 26455],[17094.88, 26455.75],[17093, 26458],[17093, 26461],[17090, 26464],[17090, 26467],[17081, 26476],[17078, 26479],[17074.5, 26479],[17072, 26482],[17068, 26482],[17066, 26485],[17063, 26485],[17054, 26485],[17051, 26485],[17048, 26482],[17045, 26479],[17045, 26467],[17045, 26464],[17048, 26461.5],[17048, 26461],[17051, 26458.5],[17051, 26455],[17054, 26452.33],[17054, 26452],[17060, 26447],[17060, 26443],[17063, 26441],[17063, 26437],[17063, 26434],[17066, 26432],[17066, 26431],[17066, 26428],[17069, 26426],[17069, 26425],[17069, 26422],[17072, 26422],[17072, 26425],[17072, 26429],[17074.25, 26431],[17075, 26431],[17078, 26431],[17080, 26434],[17084, 26434],[17086, 26437],[17099, 26437],[17105, 26437],[17108, 26437],[17109, 26437],[17111, 26437],[17114, 26437],[17115, 26437],[17115.67, 26436],[17094, 26436],[17094, 26430],[17091, 26430],[17089, 26427],[17085, 26427],[17082, 26424],[17082, 26418],[17085, 26416],[17085, 26409],[17088, 26407],[17088, 26406],[17088, 26403],[17091, 26401],[17091, 26400],[17091, 26397],[17094, 26394],[17097, 26391],[17100, 26388],[17106, 26388],[17106, 26385],[17118, 26385],[17120, 26388],[17124, 26388],[17132.4, 26397],[17133, 26397],[17134.5, 26399.25],[17135.2, 26400],[17161, 26400],[17163, 26397],[17169, 26397],[17171, 26400],[17178, 26400],[17180, 26403],[17187, 26403],[17189, 26406],[17193, 26406],[17193, 26403],[17203, 26403],[17200, 26400],[17200, 26397],[17200, 26394],[17200, 26391],[17197, 26391],[17197, 26388],[17194, 26388],[17192, 26385],[17170, 26385],[17168, 26382],[17149, 26382],[17149, 26379],[17159, 26379],[17161, 26376],[17165, 26376],[17167, 26374],[17167, 26349],[17176, 26340],[17180, 26340],[17182, 26337],[17191, 26337],[17194, 26340],[17194, 26344],[17197, 26346],[17197, 26358],[17194, 26360],[17194, 26371],[17197, 26373],[17197, 26380],[17199, 26382],[17203, 26382],[17205, 26385],[17209, 26385],[17211, 26388],[17218, 26388],[17220, 26391],[17224, 26391],[17226, 26394],[17230, 26394],[17238, 26403],[17242, 26403],[17244, 26406],[17248, 26406],[17250, 26409],[17263, 26409],[17265, 26412],[17269, 26412],[17275, 26418],[17275, 26427],[17271, 26427],[17269, 26430],[17266, 26430],[17266, 26433],[17257, 26442],[17257, 26445],[17250, 26445],[17248, 26448],[17230, 26448],[17228, 26445],[17224, 26445],[17224, 26442],[17227, 26440],[17227, 26439],[17223, 26439],[17221, 26442],[17211, 26442],[17209, 26445],[17202, 26445],[17200, 26448],[17196, 26448],[17194, 26451],[17190, 26451],[17188, 26454],[17182, 26454],[17182, 26451],[17179, 26451],[17179, 26448],[17163.33, 26448],[17164, 26449],[17165, 26449],[17166, 26449],[17171, 26449],[17174, 26452],[17174, 26455],[17170, 26455],[17168, 26458],[17165, 26458],[17162, 26458],[17156, 26458],[17153.25, 26455],[17153, 26455],[17145, 26446]],[[16893, 26264],[16892.33, 26263],[16890, 26263],[16888.67, 26261],[16887, 26261],[16886.33, 26260],[16881, 26260],[16879, 26257],[16857, 26257],[16848, 26248],[16848, 26232],[16845, 26230],[16845, 26223],[16842, 26221],[16842, 26188],[16842, 26170],[16845, 26168],[16845, 26158],[16848, 26156],[16848, 26149],[16851, 26147],[16851, 26143],[16857, 26137],[16861, 26137],[16863, 26134],[16872, 26134],[16874, 26137],[16881, 26137],[16883, 26140],[16887, 26140],[16889, 26143],[16903, 26143],[16905, 26140],[16914, 26140],[16917, 26143],[16917, 26147],[16920, 26149],[16920, 26156],[16923, 26158],[16923, 26176],[16920, 26178],[16920, 26182],[16917, 26184],[16917, 26188],[16914, 26190],[16914, 26204],[16917, 26206],[16917, 26209],[16917, 26215],[16917, 26222],[16919, 26224],[16923, 26224],[16925, 26227],[16953, 26227],[16955, 26230],[16959, 26230],[16959, 26234],[16959, 26236],[16959, 26237],[16962, 26239],[16962, 26246],[16962, 26254],[16962, 26258],[16965, 26260],[16965, 26270],[16970, 26275],[16974, 26275],[16976, 26278],[16995, 26278],[16995, 26281],[16985, 26281],[16983, 26284],[16976, 26284],[16974, 26287],[16974, 26288],[16970, 26288],[16965, 26293],[16965, 26297],[16962, 26299],[16962, 26309],[16962, 26312],[16962, 26317],[16962, 26318],[16973, 26329],[16977, 26329],[16979, 26332],[16992, 26332],[16998, 26338],[16998, 26348],[17001, 26350],[17001, 26354],[17003, 26356],[17007, 26356],[17009, 26359],[17013, 26359],[17015, 26362],[17029, 26362],[17031, 26359],[17035, 26359],[17037, 26356],[17041, 26356],[17043, 26354],[17043, 26343],[17040, 26341],[17040, 26337],[17037, 26335],[17037, 26326],[17040, 26323],[17049, 26323],[17054, 26329],[17058, 26329],[17060, 26332],[17064, 26332],[17067, 26335],[17067, 26339],[17070, 26341],[17070, 26345],[17073, 26347],[17073, 26351],[17076, 26353],[17076, 26356],[17067, 26365],[17063, 26365],[17061, 26368],[17058, 26368],[17057, 26366],[17055, 26368],[17030, 26368],[17028, 26371],[17024, 26371],[17022, 26373],[17022, 26381],[17030, 26389],[17034, 26389],[17037, 26392],[17037, 26396],[17040, 26398],[17040, 26413],[17034, 26419],[17027, 26419],[17025, 26422],[17010, 26422],[17008, 26419],[17004, 26419],[17002, 26416],[16997, 26416],[16995, 26419],[16991, 26419],[16989, 26421],[16989, 26432],[17001, 26443],[17001, 26446],[16998, 26449],[16994, 26449],[16992, 26452],[16985, 26452],[16983, 26455],[16979, 26455],[16977, 26458],[16971, 26458],[16966, 26452],[16962, 26452],[16960, 26449],[16932, 26449],[16930, 26446],[16926, 26446],[16923, 26443],[16923, 26439],[16920, 26437],[16920, 26428],[16923, 26426],[16923, 26422],[16926, 26420],[16926, 26416],[16929, 26414],[16929, 26409],[16927, 26407],[16923, 26407],[16921, 26404],[16913, 26404],[16911, 26407],[16907, 26407],[16905, 26409],[16905, 26431],[16899, 26437],[16896, 26437],[16896, 26431],[16899, 26429],[16899, 26424],[16896, 26422],[16896, 26415],[16894, 26413],[16890, 26413],[16888, 26410],[16883, 26410],[16881, 26413],[16877, 26413],[16872, 26418],[16872, 26422],[16869, 26424],[16869, 26428],[16866, 26430],[16866, 26440],[16863, 26440],[16860, 26437],[16860, 26422],[16863, 26420],[16863, 26416],[16866, 26414],[16866, 26410],[16869, 26408],[16869, 26404],[16875, 26398],[16885, 26398],[16887, 26395],[16891, 26395],[16896, 26390],[16896, 26385],[16893, 26383],[16893, 26380],[16900, 26380],[16902, 26377],[16905, 26377],[16908, 26380],[16908, 26384],[16916, 26392],[16920, 26392],[16922, 26395],[16939, 26395],[16941, 26392],[16945, 26392],[16947, 26389],[16951, 26389],[16953, 26386],[16957, 26386],[16959, 26383],[16966, 26383],[16968, 26380],[16972, 26380],[16980, 26372],[16980, 26364],[16975, 26359],[16971, 26359],[16969, 26356],[16964, 26356],[16962, 26359],[16955, 26359],[16953, 26362],[16946, 26362],[16944, 26365],[16932, 26365],[16932, 26362],[16936, 26362],[16941, 26356],[16951, 26356],[16953, 26353],[16963, 26353],[16965, 26350],[16969, 26350],[16971, 26347],[16975, 26347],[16977, 26345],[16977, 26340],[16975, 26338],[16971, 26338],[16962, 26329],[16962, 26325],[16959, 26323],[16959, 26317],[16959, 26316],[16956, 26314],[16956, 26304],[16951, 26299],[16947, 26299],[16945, 26296],[16935.67, 26296],[16935, 26297],[16923, 26297],[16921, 26294],[16917, 26294],[16914, 26294],[16911, 26291],[16908, 26288],[16905, 26285],[16905, 26284],[16902, 26281],[16902, 26279],[16902, 26278.5],[16899, 26276],[16899, 26275],[16899, 26273],[16899, 26272],[16893, 26267],[16893, 26264]],[[16753, 26403],[16753, 26410],[16756, 26412],[16756, 26415],[16750, 26421],[16747, 26421],[16745, 26418],[16738, 26418],[16736, 26415],[16729, 26415],[16727, 26412],[16723, 26412],[16717, 26406],[16717, 26397],[16723, 26391],[16741, 26391],[16743, 26394],[16747, 26394],[16750, 26397],[16750, 26401],[16753, 26403]],[[16482, 26109],[16479, 26111],[16479, 26115],[16476, 26117],[16476, 26118],[16476, 26127],[16473, 26129],[16473, 26139],[16470, 26141],[16470, 26145],[16467, 26148],[16463, 26148],[16461, 26151],[16451, 26151],[16449, 26154],[16440, 26154],[16438, 26151],[16434, 26151],[16432, 26148],[16425, 26148],[16416, 26139],[16416, 26135],[16413, 26133],[16413, 26126],[16410, 26124],[16410, 26120],[16408, 26118],[16404, 26118],[16402, 26115],[16395, 26115],[16395, 26109],[16398, 26107],[16398, 26096],[16390, 26088],[16386, 26088],[16386, 26085],[16390, 26085],[16392, 26082],[16395, 26082],[16403, 26091],[16407, 26091],[16409, 26094],[16411, 26094],[16413, 26091],[16417, 26091],[16422, 26085],[16426, 26085],[16434, 26076],[16438, 26076],[16440, 26073],[16444, 26073],[16449, 26067],[16470, 26067],[16472, 26070],[16476, 26070],[16479, 26073],[16479, 26077],[16482, 26079],[16482, 26085],[16482, 26086],[16485, 26088],[16485, 26097],[16482, 26099],[16482, 26100],[16482, 26109]],[[15638, 25318],[15636, 25316],[15632, 25316],[15630, 25313],[15619, 25313],[15617, 25316],[15613, 25316],[15605, 25325],[15604.75, 25325],[15602, 25328],[15598, 25328],[15596, 25331],[15592, 25331],[15587, 25336],[15587, 25340],[15584, 25342],[15584, 25349],[15581, 25351],[15581, 25355],[15581, 25358],[15578, 25361],[15574, 25361],[15572, 25364],[15568, 25364],[15563, 25369],[15563, 25373],[15560, 25375],[15560, 25382],[15557, 25382],[15557, 25366],[15543, 25352],[15539, 25352],[15536, 25349],[15536, 25345],[15533, 25343],[15533, 25337],[15536, 25335],[15536, 25328],[15542, 25323],[15542, 25322],[15542, 25319],[15542, 25316],[15545, 25313.2],[15545, 25313],[15551.43, 25307],[15551, 25307],[15551, 25304],[15557, 25299],[15557, 25298],[15557, 25295],[15560, 25293],[15560, 25292],[15560, 25289],[15563, 25287],[15563, 25277],[15572, 25277],[15584, 25289],[15584, 25293],[15587, 25295],[15587, 25299],[15592, 25304],[15596, 25304],[15598, 25307],[15615, 25307],[15617, 25304],[15638, 25304],[15641, 25307],[15644, 25310],[15644, 25313],[15644, 25314],[15647, 25316],[15647, 25322],[15644, 25322],[15644, 25325],[15644, 25328],[15641, 25330],[15641, 25334],[15638, 25334],[15638, 25322],[15638, 25318]],[[15344, 25097],[15344, 25094],[15344, 25091],[15351, 25091],[15353, 25088],[15354, 25088],[15359, 25083],[15359, 25082],[15362, 25080],[15362, 25079],[15362, 25076],[15365, 25074],[15365, 25070],[15365, 25064],[15368, 25062],[15368, 25055],[15368, 25045],[15365, 25043],[15365, 25040],[15365, 25034],[15365, 25033.33],[15359, 25028],[15356, 25028],[15353, 25025],[15350, 25025],[15350, 25022],[15353, 25019],[15357, 25019],[15359, 25016],[15371, 25016],[15373.5, 25019],[15374, 25019],[15374, 25019.6],[15376, 25022],[15380, 25022],[15380, 25032],[15383, 25034],[15383, 25038],[15386, 25040],[15386, 25044],[15391.19, 25049],[15392, 25049],[15413, 25070],[15413, 25079],[15413, 25091],[15410, 25093],[15410, 25097],[15407, 25100],[15404, 25100],[15398, 25106],[15394, 25106],[15392, 25109],[15388, 25109],[15386, 25112],[15359, 25112],[15356.5, 25109],[15356, 25109],[15354, 25106],[15350, 25106],[15350, 25102],[15347, 25100],[15347, 25099.5],[15344, 25097]],[[14642, 24982],[14639, 24982],[14639, 24976],[14645, 24970],[14649, 24970],[14651, 24967],[14663, 24967],[14665, 24970],[14669, 24970],[14675, 24976],[14675, 24988],[14672, 24988],[14672, 24981],[14667, 24976],[14663, 24976],[14661, 24973],[14656, 24973],[14654, 24976],[14650, 24976],[14648, 24979],[14644, 24979],[14642, 24982]],[[14590, 25042],[14587, 25039],[14587, 25027],[14596, 25018],[14600, 25018],[14602, 25015],[14614, 25015],[14616, 25018],[14620, 25018],[14623, 25021],[14623, 25033],[14614, 25042],[14607, 25042],[14605, 25045],[14596, 25045],[14594, 25042],[14590, 25042]],[[14342, 24888],[14342, 24879],[14345, 24877],[14345, 24873],[14348, 24870],[14352, 24870],[14354, 24867],[14366, 24867],[14368, 24870],[14372, 24870],[14374, 24873],[14378, 24873],[14387, 24882],[14387, 24891],[14384, 24893],[14384, 24897],[14378, 24903],[14374, 24903],[14372, 24906],[14357, 24906],[14355, 24903],[14351, 24903],[14345, 24897],[14345, 24890],[14342, 24888]],[[13588, 24829],[13585, 24832],[13572, 24832],[13570, 24835],[13558, 24835],[13556, 24832],[13552, 24832],[13552, 24829],[13556, 24829],[13567, 24818],[13567, 24807],[13564, 24805],[13564, 24801],[13561, 24799],[13561, 24795],[13558, 24793],[13558, 24780],[13555, 24778],[13555, 24766],[13561, 24760],[13576, 24760],[13578, 24763],[13586, 24763],[13588, 24760],[13592, 24760],[13594, 24757],[13597, 24757],[13597, 24761],[13600, 24763],[13600, 24785],[13603, 24787],[13603, 24791],[13615, 24802],[13615, 24806],[13618, 24808],[13618, 24814],[13615, 24814],[13613, 24811],[13602, 24811],[13600, 24814],[13596, 24814],[13588, 24822],[13588, 24829]],[[13309, 25000],[13306, 25000],[13306, 24994],[13321, 24994],[13333, 25006],[13333, 25021],[13330, 25023],[13330, 25027],[13327, 25030],[13323, 25030],[13321, 25033],[13303, 25033],[13297, 25027],[13297, 25020],[13294, 25018],[13294, 25012],[13297, 25010],[13297, 25003],[13300, 25000],[13303, 25000],[13303, 25006],[13300, 25008],[13300, 25016],[13303, 25018],[13303, 25022],[13305, 25024],[13309, 25024],[13311, 25027],[13313, 25027],[13315, 25024],[13319, 25024],[13324, 25019],[13324, 25005],[13319, 25000],[13315, 25000],[13313, 24997],[13311, 24997],[13309, 25000]],[[13099, 25009],[13099, 25003],[13099, 25002],[13096, 25000],[13096, 24994],[13099, 24994],[13099, 24991],[13102, 24988],[13114, 24988],[13117, 24991],[13117, 24994],[13117, 24995],[13120, 24997],[13120, 25000],[13120, 25004],[13123, 25006],[13123, 25024],[13120, 25026],[13120, 25027],[13120, 25033],[13117, 25036],[13105, 25036],[13105, 25033],[13105, 25032],[13102, 25030],[13102, 25021],[13102, 25011],[13099, 25009]],[[12213, 24274],[12213, 24271],[12216, 24269],[12216, 24261],[12210, 24256],[12210, 24253],[12220, 24253],[12222, 24250],[12226, 24250],[12228, 24248],[12228, 24241],[12228, 24240],[12225, 24238],[12225, 24235],[12225, 24234],[12216, 24226],[12216, 24223],[12216, 24222],[12213, 24220],[12213, 24217],[12216, 24217],[12216, 24211],[12220, 24211],[12225, 24205],[12237, 24205],[12239, 24208],[12244, 24208],[12246, 24205],[12250, 24205],[12252, 24203],[12252, 24198],[12250, 24196],[12246, 24196],[12243, 24193],[12243, 24190],[12247, 24190],[12249, 24187],[12253, 24187],[12255, 24184],[12259, 24184],[12261, 24181],[12265, 24181],[12267, 24179],[12267, 24174],[12264, 24172],[12264, 24169],[12271, 24169],[12273, 24166],[12273.5, 24166],[12276, 24163],[12279, 24163],[12279, 24175],[12279, 24178],[12276, 24180],[12276, 24191],[12279, 24193],[12279, 24197],[12282, 24199],[12282, 24205],[12285, 24208],[12285, 24230],[12290, 24235],[12294, 24235],[12294, 24238],[12294, 24239],[12297, 24241],[12297, 24244],[12297, 24247],[12290, 24247],[12288, 24250],[12284, 24250],[12279, 24256],[12279, 24259],[12269, 24259],[12267, 24262],[12263, 24262],[12261, 24265],[12257, 24265],[12252, 24271],[12248, 24271],[12246, 24274],[12233, 24274],[12231, 24277],[12227, 24277],[12222, 24282],[12222, 24283],[12222, 24287],[12224, 24289],[12228, 24289],[12230, 24292],[12232, 24292],[12234, 24289],[12243, 24289],[12243, 24292],[12243, 24295],[12237, 24301],[12234, 24301],[12231, 24304],[12216, 24304],[12214, 24301],[12210, 24301],[12207, 24298],[12207, 24286],[12210, 24284],[12210, 24283],[12210, 24280],[12210, 24277],[12213, 24275],[12213, 24274]],[[11924, 24146],[11922, 24143],[11918, 24143],[11916, 24140],[11912, 24140],[11906, 24134],[11906, 24130],[11900, 24125],[11900, 24121],[11894, 24116],[11894, 24112],[11888, 24107],[11888, 24101],[11894, 24101],[11896, 24104],[11900, 24104],[11902, 24106],[11903, 24104],[11907, 24104],[11909, 24102],[11909, 24085],[11906, 24083],[11906, 24073],[11903, 24071],[11903, 24068],[11918, 24068],[11920, 24071],[11931, 24071],[11933, 24068],[11937, 24068],[11951, 24053],[11955, 24053],[11957, 24051],[11957, 24032],[11960, 24032],[11962, 24035],[11966, 24035],[11966, 24039],[11969, 24041],[11969, 24050],[11963, 24055],[11963, 24059],[11960, 24062],[11956, 24062],[11948, 24070],[11948, 24084],[11951, 24086],[11951, 24093],[11954, 24095],[11954, 24102],[11957, 24104],[11957, 24125],[11954, 24127],[11954, 24134],[11951, 24136],[11951, 24143],[11945, 24149],[11933, 24149],[11931, 24146],[11924, 24146]],[[8677, 22257],[8677, 22253],[8671, 22248],[8671, 22241],[8668, 22239],[8668, 22236],[8671, 22234],[8671, 22230],[8674, 22227],[8689, 22227],[8698, 22236],[8698, 22240],[8701, 22242],[8701, 22246],[8704, 22248],[8704, 22254],[8695, 22263],[8686, 22263],[8684, 22260],[8680, 22260],[8677, 22257]],[[7679, 26374],[7683, 26374],[7685, 26371],[7692, 26371],[7694, 26368],[7709, 26368],[7711, 26371],[7712, 26371],[7721, 26371],[7723, 26374],[7730, 26374],[7732, 26377],[7739, 26377],[7741, 26380],[7745, 26380],[7747, 26383],[7751, 26383],[7760, 26392],[7760, 26396],[7763, 26398],[7763, 26401],[7760, 26403],[7760, 26410],[7757, 26412],[7757, 26416],[7748, 26425],[7745, 26425],[7742, 26425],[7742, 26422],[7742, 26419],[7727, 26419],[7725, 26422],[7701, 26422],[7699, 26419],[7695, 26419],[7695, 26416],[7698, 26416],[7698, 26413],[7695, 26413],[7692, 26410],[7686, 26410],[7686, 26407],[7686, 26406],[7683, 26404],[7683, 26401],[7686, 26399],[7686, 26398],[7686, 26395],[7689, 26392],[7695, 26392],[7695, 26389],[7712, 26389],[7710, 26386],[7694, 26386],[7694, 26383],[7690, 26383],[7688, 26386],[7684, 26386],[7673, 26397],[7673, 26398],[7673, 26408],[7682, 26416],[7682, 26419],[7667, 26419],[7665, 26416],[7655, 26416],[7655, 26413],[7658, 26411],[7658, 26403],[7656, 26401],[7652, 26401],[7650, 26398],[7645, 26398],[7643, 26401],[7639, 26401],[7634, 26406],[7634, 26410],[7631, 26410],[7631, 26401],[7640, 26392],[7634, 26392],[7634, 26385],[7622, 26374],[7622, 26370],[7619, 26368],[7619, 26353],[7622, 26351],[7622, 26347],[7628, 26341],[7637, 26341],[7637, 26345],[7640, 26347],[7640, 26351],[7643, 26353],[7643, 26357],[7646, 26359],[7646, 26381],[7651, 26386],[7655, 26386],[7657, 26389],[7659, 26389],[7661, 26386],[7665, 26386],[7673, 26377],[7677, 26377],[7679, 26374]],[[7306, 26286],[7306, 26274],[7309, 26271],[7312, 26271],[7312, 26274],[7315, 26271],[7324, 26271],[7324.67, 26272],[7327, 26272],[7329, 26274],[7330, 26274],[7336, 26280],[7339, 26280],[7339, 26283],[7339, 26284],[7342, 26286],[7342, 26295],[7336, 26301],[7321, 26301],[7319, 26298],[7315, 26298],[7309, 26292],[7309, 26289],[7309, 26288],[7306, 26286]],[[5966, 22632],[5951, 22646],[5951, 22653],[5948, 22655],[5948, 22659],[5948, 22662],[5945, 22664],[5945, 22665],[5945, 22668],[5936, 22677],[5932, 22677],[5930, 22680],[5909, 22680],[5906, 22677],[5903, 22677],[5897, 22671],[5897, 22664],[5894, 22662],[5894, 22658],[5892, 22656],[5888, 22656],[5886, 22653],[5881, 22653],[5879, 22656],[5875, 22656],[5873, 22659],[5869, 22659],[5867, 22662],[5852, 22662],[5850, 22659],[5846, 22659],[5846, 22655],[5840, 22650],[5840, 22646],[5837, 22644],[5837, 22626],[5840, 22624],[5840, 22617],[5843, 22615],[5843, 22611],[5852, 22602],[5856, 22602],[5861, 22596],[5865, 22596],[5870, 22590],[5877, 22590],[5879, 22587],[5883, 22587],[5885, 22584],[5889, 22584],[5891, 22581],[5912, 22581],[5921, 22590],[5921, 22594],[5926, 22599],[5930, 22599],[5932, 22602],[5934, 22602],[5936, 22599],[5963, 22599],[5969, 22605],[5969, 22609],[5972, 22611],[5972, 22617],[5969, 22619],[5969, 22626],[5966, 22628],[5966, 22632]],[[5670, 23056],[5670, 23050],[5667, 23052],[5667, 23059],[5664, 23059],[5664, 23047],[5667, 23044],[5670, 23044],[5670, 23047],[5673, 23044],[5694, 23044],[5700, 23050],[5700, 23053],[5697, 23056],[5694, 23059],[5687, 23059],[5685, 23062],[5676, 23062],[5674, 23059],[5670, 23059],[5670, 23056]],[[5658, 23041],[5661, 23041],[5661, 23047],[5658, 23049],[5658, 23059],[5658, 23065],[5655, 23065],[5652, 23062],[5652, 23044],[5655, 23044],[5658, 23041]],[[5307, 23297],[5310, 23295],[5310, 23288],[5316, 23282],[5320, 23282],[5322, 23279],[5322, 23277],[5322, 23274],[5319, 23274],[5319, 23271],[5326, 23271],[5328, 23268],[5334, 23268],[5336, 23271],[5343, 23271],[5345, 23274],[5349, 23274],[5349, 23277],[5349, 23278],[5352, 23280],[5352, 23286],[5352, 23289],[5352, 23304],[5346, 23304],[5346, 23301],[5340, 23301],[5340, 23303],[5337, 23303],[5337, 23306],[5334, 23309],[5334, 23312],[5331, 23312],[5331, 23315],[5331, 23318],[5327, 23318],[5325, 23321],[5316, 23321],[5314, 23318],[5310, 23318],[5310, 23314],[5307, 23312],[5307, 23297]],[[1452, 25654],[1452, 25659],[1454, 25661],[1458, 25661],[1460, 25664],[1470, 25664],[1472, 25667],[1476, 25667],[1476.67, 25668],[1479, 25668],[1481, 25670],[1482, 25670],[1482, 25671],[1488, 25677],[1488, 25681],[1493, 25686],[1497, 25686],[1499, 25689],[1507, 25689],[1509, 25686],[1513, 25686],[1518, 25680],[1527, 25680],[1533, 25686],[1533, 25698],[1530, 25700],[1530, 25707],[1521, 25707],[1516, 25701],[1512, 25701],[1510, 25698],[1505, 25698],[1503, 25701],[1499, 25701],[1491, 25709],[1491, 25713],[1488, 25715],[1488, 25729],[1491, 25731],[1491, 25741],[1494, 25743],[1494, 25758],[1491, 25760],[1491, 25765],[1494, 25767],[1494, 25769],[1494, 25771],[1495.2, 25772],[1500, 25772],[1500, 25776],[1500, 25778],[1509, 25778],[1511, 25781],[1514, 25781],[1515, 25780],[1515, 25769],[1512, 25767],[1512, 25763],[1509, 25761],[1509, 25749],[1518, 25740],[1527, 25740],[1527, 25746],[1524, 25748],[1524, 25749],[1524, 25778],[1527, 25778],[1527, 25796],[1524, 25798],[1524, 25800],[1524, 25802],[1524, 25808],[1521, 25810],[1521, 25816],[1525, 25820],[1527, 25820],[1529, 25823],[1531, 25823],[1533, 25820],[1537, 25820],[1539, 25818],[1539, 25808],[1542, 25806],[1542, 25802],[1545, 25799],[1549, 25799],[1551, 25796],[1555, 25796],[1557, 25793],[1561, 25793],[1563, 25790],[1581, 25790],[1587, 25796],[1587, 25799],[1587, 25800],[1590, 25802],[1590, 25805],[1590, 25806],[1590, 25817],[1590, 25818],[1590, 25823],[1587, 25825],[1587, 25826],[1587, 25827],[1587, 25833],[1590, 25835],[1590, 25839],[1596, 25844],[1596, 25847],[1596, 25848],[1599, 25850],[1599, 25851],[1599, 25852],[1605, 25852],[1605, 25858],[1626, 25858],[1629, 25856],[1629, 25852],[1665, 25852],[1665, 25856],[1667, 25858],[1671, 25858],[1674, 25858],[1674, 25862],[1676, 25864],[1680, 25864],[1683, 25867],[1683, 25876],[1680, 25878],[1680, 25885],[1677, 25887],[1677, 25895],[1679, 25897],[1683, 25897],[1685, 25900],[1689, 25900],[1704, 25915],[1704, 25918],[1698, 25923],[1698, 25927],[1695, 25930],[1691, 25930],[1689, 25933],[1686, 25933],[1684, 25930],[1677, 25930],[1675, 25927],[1673, 25927],[1671, 25930],[1667, 25930],[1665, 25932],[1665, 25937],[1667, 25939],[1668, 25939],[1671, 25939],[1673, 25942],[1677, 25942],[1682, 25948],[1686, 25948],[1688, 25951],[1699, 25951],[1701, 25948],[1705, 25948],[1707, 25945],[1711, 25945],[1713, 25942],[1746, 25942],[1749, 25945],[1752, 25945],[1755, 25948],[1755, 25951],[1755, 25952],[1758, 25954],[1758, 25957],[1758, 25970],[1770, 25981],[1770, 25981.2],[1773, 25984],[1773, 25987],[1773, 26017],[1773, 26020],[1773, 26039],[1788, 26053],[1788, 26057],[1794, 26062],[1794, 26065],[1805, 26077],[1809, 26077],[1811, 26080],[1815, 26080],[1817, 26083],[1821, 26083],[1823, 26086],[1836, 26086],[1838, 26088],[1839, 26086],[1842, 26086],[1842, 26090],[1848, 26095],[1848, 26104],[1848, 26119],[1839, 26119],[1837.8, 26117.2],[1836, 26119],[1823, 26119],[1821, 26122],[1817, 26122],[1809, 26130],[1809, 26134],[1806, 26136],[1806, 26141],[1809, 26143],[1809, 26147],[1811, 26149],[1815, 26149],[1817, 26152],[1824, 26152],[1833, 26161],[1833, 26170],[1830, 26172],[1830, 26176],[1827, 26178],[1827, 26182],[1824, 26184],[1824, 26188],[1821, 26190],[1821, 26194],[1818, 26196],[1818, 26200],[1812, 26205],[1812, 26209],[1803, 26217],[1803, 26221],[1788, 26235],[1788, 26239],[1785, 26239],[1782, 26236],[1782, 26232],[1779, 26230],[1779, 26224],[1782, 26222],[1782, 26214],[1777, 26209],[1773, 26209],[1771, 26206],[1764, 26206],[1764, 26202],[1758, 26197],[1758, 26175],[1756, 26173],[1752, 26173],[1751, 26171],[1749, 26173],[1745, 26173],[1743, 26176],[1722, 26176],[1721, 26174],[1719, 26176],[1715, 26176],[1713, 26178],[1713, 26183],[1716, 26185],[1716, 26189],[1719, 26191],[1719, 26209],[1713, 26215],[1695, 26215],[1693, 26212],[1689, 26212],[1684, 26206],[1680, 26206],[1679, 26204],[1677, 26206],[1673, 26206],[1668, 26211],[1668, 26215],[1665, 26217],[1665, 26221],[1662, 26223],[1662, 26227],[1656, 26232],[1656, 26236],[1650, 26241],[1650, 26245],[1647, 26247],[1647, 26258],[1649, 26260],[1653, 26260],[1655, 26263],[1659, 26263],[1661, 26266],[1663, 26266],[1665, 26263],[1669, 26263],[1671, 26261],[1671, 26239],[1674, 26236],[1689, 26236],[1691, 26239],[1695, 26239],[1701, 26245],[1701, 26255],[1704, 26257],[1704, 26261],[1706, 26263],[1710, 26263],[1712, 26266],[1737, 26266],[1739, 26269],[1746, 26269],[1746, 26272],[1749, 26272],[1751, 26275],[1752, 26275],[1755, 26275],[1757, 26278],[1758, 26278],[1764, 26278],[1764, 26281],[1767, 26281],[1767, 26284],[1764, 26287],[1760, 26287],[1755, 26293],[1751, 26293],[1746, 26299],[1742, 26299],[1740, 26302],[1736, 26302],[1734, 26305],[1730, 26305],[1728, 26308],[1725, 26308],[1722.5, 26305],[1716, 26305],[1714, 26302],[1712, 26302],[1710, 26305],[1706, 26305],[1698, 26314],[1692, 26314],[1691, 26314],[1689, 26317],[1683, 26317],[1668, 26317],[1662, 26317],[1660, 26314],[1656, 26314],[1650, 26314],[1648, 26311],[1644, 26311],[1631, 26311],[1629, 26314],[1625, 26314],[1623, 26316],[1623, 26323],[1620, 26326],[1617, 26329],[1590, 26329],[1587, 26326],[1587, 26323],[1584, 26323],[1584, 26314],[1601.38, 26297.59],[1599, 26296],[1599, 26289],[1596, 26287],[1596, 26284],[1599, 26282],[1599, 26268],[1594, 26263],[1590, 26263],[1588, 26260],[1578, 26260],[1576, 26257],[1566, 26257],[1564, 26254],[1556, 26254],[1554, 26257],[1550, 26257],[1548, 26259],[1548, 26267],[1553, 26272],[1557, 26272],[1559, 26275],[1563, 26275],[1572, 26284],[1572, 26293],[1569, 26296],[1563, 26296],[1554, 26305],[1550, 26305],[1548, 26308],[1544, 26308],[1542, 26311],[1539, 26311],[1537.5, 26308.75],[1536, 26311],[1533, 26311],[1531, 26308],[1527, 26308],[1525, 26305],[1521, 26305],[1519, 26302],[1515, 26302],[1515, 26299],[1515, 26298],[1512, 26296],[1512, 26293],[1515, 26293],[1521, 26293],[1523, 26296],[1534, 26296],[1536, 26293],[1540, 26293],[1545, 26288],[1545, 26287],[1545, 26283],[1543, 26281],[1539, 26281],[1537, 26278],[1533, 26278],[1531, 26275],[1517, 26275],[1515, 26278],[1511, 26278],[1509, 26281],[1505, 26281],[1503, 26284],[1491, 26284],[1488, 26281],[1485, 26281],[1485, 26278],[1482, 26275],[1482, 26268],[1477, 26263],[1473, 26263],[1471, 26260],[1470, 26260],[1467, 26260],[1464, 26257],[1463, 26256],[1458, 26256],[1458, 26254],[1449, 26245],[1449, 26242],[1449, 26241],[1443, 26236],[1443, 26233],[1443, 26232],[1439.4, 26229],[1437, 26229],[1437, 26227],[1437, 26225],[1434, 26223],[1434, 26221],[1434, 26219],[1431, 26217],[1431, 26215],[1431, 26214],[1431, 26212],[1431.64, 26211.43],[1431, 26211],[1431, 26208],[1440, 26200],[1440, 26196],[1443, 26194],[1443, 26177],[1440, 26175],[1440, 26171],[1437, 26169],[1437, 26167],[1437, 26166],[1437, 26165],[1431, 26160],[1431, 26158],[1431, 26155],[1431, 26154],[1431, 26153],[1428, 26151],[1428, 26145],[1431, 26143],[1431, 26142],[1431, 26140],[1431, 26139],[1434, 26137],[1434, 26136],[1434, 26133],[1440, 26128],[1440, 26124],[1446, 26119],[1446, 26109],[1449, 26107],[1449, 26103],[1452, 26100],[1456, 26100],[1458, 26097],[1462, 26097],[1470, 26089],[1470, 26075],[1465, 26070],[1461, 26070],[1460, 26068],[1458, 26070],[1454, 26070],[1449, 26075],[1449, 26079],[1446, 26081],[1446, 26091],[1443, 26093],[1443, 26097],[1428.67, 26097],[1428, 26098],[1413, 26098],[1412.33, 26097],[1410, 26097],[1408, 26095],[1407, 26095],[1404, 26092],[1404, 26091],[1404, 26089],[1404, 26080],[1404, 26077],[1404, 26074],[1404, 26073],[1405, 26073],[1407, 26071],[1407, 26061],[1410, 26058],[1414, 26058],[1416, 26056],[1414, 26054],[1410, 26054],[1408, 26051],[1406, 26051],[1404, 26054],[1400, 26054],[1395, 26060],[1392, 26060],[1390, 26057],[1380, 26057],[1380, 26054],[1378, 26051],[1371, 26051],[1371, 26048],[1374.6, 26045],[1371, 26045],[1371, 26042],[1374, 26040],[1374, 26034],[1371, 26034],[1369, 26031],[1365, 26031],[1363, 26028],[1359, 26028],[1354, 26022],[1350, 26022],[1349, 26020],[1347, 26022],[1344, 26022],[1343.33, 26021],[1343, 26021],[1338, 26027],[1338, 26033],[1332, 26033],[1330, 26030],[1326, 26030],[1326, 26024],[1321, 26018],[1317, 26018],[1314.5, 26015],[1311, 26015],[1309, 26012],[1305, 26012],[1303, 26009],[1299, 26009],[1296, 26006],[1296, 26002],[1293, 26000],[1293, 25997],[1293, 25993],[1290, 25991],[1290, 25979],[1293, 25977],[1293, 25973],[1293, 25970],[1296, 25968],[1296, 25967],[1296, 25961],[1299, 25959],[1299, 25954],[1296, 25952],[1296, 25949],[1296, 25948],[1293, 25946],[1293, 25941],[1293, 25940],[1293, 25928],[1293, 25923],[1293, 25916],[1296, 25913],[1305, 25913],[1307, 25916],[1311, 25916],[1313, 25919],[1317, 25919],[1320, 25922],[1323, 25925],[1326, 25928],[1326, 25929],[1326, 25931],[1326, 25932],[1329, 25934],[1329, 25935],[1329, 25940],[1329, 25947],[1332, 25949],[1332, 25950],[1332, 25952.67],[1338, 25958],[1338, 25958.5],[1344, 25964],[1344, 25965],[1344, 25967.33],[1347, 25970],[1347, 25971],[1347, 25974],[1350, 25976],[1350, 25977],[1350, 26003],[1350, 26004],[1355, 26009],[1356, 26009],[1356.83, 26010],[1359, 26010],[1360.33, 26012],[1362, 26012],[1362.67, 26013],[1365, 26013],[1366.4, 26014.4],[1368, 26012],[1372, 26012],[1374, 26010],[1374, 26000],[1374, 25998],[1374, 25997],[1377, 25995],[1377, 25991],[1377, 25989],[1380, 25986.33],[1380, 25985],[1383, 25983],[1383, 25975],[1380, 25973],[1380, 25970.5],[1374, 25965],[1374, 25964],[1374, 25962],[1374, 25961],[1371, 25959],[1371, 25958],[1371, 25955],[1371, 25953],[1371, 25938],[1371, 25937],[1371, 25935],[1371, 25934],[1371, 25931],[1374, 25928],[1383, 25919],[1384, 25919],[1386, 25917],[1388.33, 25917],[1389, 25916],[1389.5, 25916],[1392, 25913],[1396, 25913],[1398, 25910],[1402, 25910],[1404, 25907],[1408, 25907],[1410, 25905],[1410, 25895],[1410, 25893],[1410, 25877],[1410, 25875],[1410, 25874],[1413, 25872],[1413, 25871],[1413, 25869],[1413, 25868],[1416, 25866],[1416, 25865],[1416, 25863],[1416, 25862],[1419, 25859.5],[1419, 25859],[1422, 25856.5],[1422, 25854],[1422, 25853],[1425, 25851],[1425, 25850],[1425, 25846],[1422, 25844],[1422, 25840],[1419, 25838],[1419, 25836],[1419, 25833],[1419, 25832],[1419, 25831],[1416, 25829],[1416, 25818],[1416, 25814],[1416, 25810],[1413, 25808],[1413, 25806],[1413, 25805],[1413, 25804],[1409, 25800],[1407, 25800],[1406.33, 25799],[1404, 25799],[1402.67, 25797],[1386, 25797],[1384, 25794],[1380, 25794],[1379, 25793],[1377, 25793],[1371, 25787],[1371, 25785],[1371, 25784],[1371, 25779],[1371, 25770],[1371, 25767],[1371, 25766],[1371, 25764],[1371, 25763],[1374, 25760.5],[1374, 25760],[1377, 25757],[1377, 25755],[1377, 25754],[1383, 25748],[1387, 25748],[1389, 25745],[1393, 25745],[1395, 25743],[1395, 25735],[1386, 25727],[1386, 25713],[1386, 25709],[1386, 25698],[1386, 25689],[1386, 25682],[1386, 25677],[1386, 25674],[1386, 25673],[1398, 25662],[1398, 25658],[1382.12, 25643],[1380, 25643],[1374, 25637],[1374, 25633],[1371, 25631],[1371, 25622],[1374, 25622],[1374, 25611],[1377, 25611],[1377, 25615],[1380, 25617],[1380, 25621],[1384, 25625],[1386, 25625],[1389, 25628],[1392, 25628],[1395, 25631],[1395, 25635],[1398, 25638],[1401, 25638],[1403, 25641],[1407, 25641],[1409, 25644],[1413, 25644],[1414.33, 25646],[1423.67, 25646],[1425, 25644],[1427.33, 25644],[1428, 25643],[1432, 25643],[1437, 25638],[1437, 25637],[1437, 25632],[1437, 25631],[1440, 25629],[1440, 25619],[1440, 25616],[1440, 25610],[1440, 25599],[1446, 25599],[1446, 25605],[1443, 25607],[1443, 25610],[1449, 25610],[1449, 25616],[1449, 25620],[1452, 25622],[1452, 25625],[1452, 25632],[1455, 25634],[1455, 25652],[1452, 25654]],[[1301, 26139],[1304, 26137],[1304, 26133],[1307, 26130],[1311, 26130],[1313, 26127],[1325, 26127],[1328, 26130],[1328, 26139],[1325, 26141],[1325, 26145],[1319, 26151],[1315, 26151],[1313, 26154],[1307, 26154],[1301, 26148],[1301, 26139]],[[1070, 24030],[1076, 24030],[1076, 24033],[1067, 24041],[1067, 24049],[1070, 24051],[1070, 24055],[1073, 24057],[1073, 24061],[1075, 24063],[1079, 24063],[1081, 24066],[1085, 24066],[1087, 24069],[1089, 24069],[1091, 24066],[1095, 24066],[1103, 24058],[1103, 24054],[1106, 24052],[1106, 24041],[1103, 24039],[1103, 24035],[1098, 24030],[1094, 24030],[1094, 24027],[1103, 24027],[1111, 24036],[1115, 24036],[1117, 24039],[1119, 24039],[1121, 24036],[1125, 24036],[1133, 24027],[1151, 24027],[1154, 24030],[1163, 24039],[1166, 24042],[1166, 24045],[1166, 24046],[1169, 24048],[1169, 24051],[1169, 24054],[1169, 24063],[1169, 24066],[1169, 24069],[1169, 24072],[1166, 24074],[1166, 24075],[1166, 24078],[1163, 24080],[1163, 24084],[1163, 24087],[1160, 24089],[1160, 24093],[1157, 24095],[1157, 24096],[1157, 24108],[1157, 24117],[1154, 24119],[1154, 24120],[1154, 24123],[1151, 24123],[1151, 24126],[1148, 24129],[1142, 24135],[1130, 24135],[1127, 24138],[1114, 24138],[1112, 24141],[1105, 24141],[1103, 24144],[1091, 24144],[1091, 24141],[1098, 24141],[1100, 24138],[1103, 24135],[1107, 24135],[1112, 24130],[1112, 24126],[1115, 24124],[1115, 24119],[1112, 24117],[1112, 24114],[1112, 24110],[1109, 24108],[1109, 24107.5],[1106, 24105],[1106, 24101.25],[1097, 24093],[1097, 24092],[1095, 24090],[1091, 24090],[1089, 24087],[1084, 24087],[1082, 24090],[1078, 24090],[1070, 24098],[1070, 24102],[1067, 24104],[1067, 24111],[1064, 24113],[1064, 24121],[1067, 24123],[1067, 24132],[1064, 24132],[1064, 24128],[1061, 24126],[1061, 24105],[1064, 24103],[1064, 24096],[1070, 24091],[1070, 24087],[1076, 24082],[1076, 24071],[1067, 24063],[1067, 24059],[1061, 24054],[1061, 24050],[1058, 24048],[1058, 24042],[1061, 24040],[1061, 24036],[1065, 24036],[1070, 24030]],[[1113, 23913],[1113, 23910],[1116, 23907],[1137, 23907],[1137, 23910],[1140, 23910],[1143, 23913],[1146, 23916],[1146, 23922],[1143, 23922],[1138, 23916],[1134, 23916],[1132, 23913],[1130, 23913],[1128, 23916],[1124, 23916],[1119, 23921],[1119, 23931],[1119, 23932],[1122, 23934],[1122, 23937],[1122, 23938],[1127, 23943],[1131, 23943],[1133, 23946],[1138, 23946],[1140, 23943],[1140.5, 23943],[1143, 23940],[1146, 23940],[1146, 23937],[1149, 23935],[1149, 23928],[1152, 23928],[1152, 23940],[1149, 23942],[1149, 23946],[1146, 23948],[1146, 23949],[1146, 23952],[1140, 23958],[1122, 23958],[1120, 23955],[1116, 23955],[1116, 23949],[1116, 23948],[1113, 23946],[1113, 23934],[1113, 23928],[1113, 23927],[1110, 23925],[1110, 23916],[1113, 23914],[1113, 23913]],[[1019, 24090],[1016, 24093],[1009, 24093],[1007, 24096],[1004, 24096],[1002, 24093],[998, 24093],[998, 24089],[995, 24087],[995, 24078],[998, 24076],[998, 24072],[1004, 24066],[1019, 24066],[1022, 24069],[1022, 24084],[1019, 24086],[1019, 24090]]],[[[17156, 26446],[17159, 26446],[17160, 26446],[17161.67, 26446],[17161, 26445],[17157, 26445],[17155, 26442],[17151, 26442],[17149, 26439],[17146, 26439],[17147, 26440],[17148, 26440],[17150, 26443],[17153, 26443],[17154, 26443],[17156, 26446]]],[[[17140.5, 26437],[17141, 26437],[17142, 26437],[17143.67, 26437],[17143, 26436],[17139.67, 26436],[17140.5, 26437]]],[[[17126, 26433],[17125.33, 26434],[17129, 26434],[17132, 26434],[17133, 26434],[17134.67, 26434],[17134, 26433],[17126, 26433]]],[[[16914, 26166],[16911, 26164],[16911, 26160],[16900, 26149],[16896, 26149],[16894, 26146],[16881, 26146],[16879, 26143],[16868, 26143],[16866, 26146],[16862, 26146],[16854, 26154],[16854, 26164],[16851, 26166],[16851, 26174],[16851, 26177],[16851, 26181],[16854, 26183],[16854, 26188],[16854, 26190],[16857, 26192],[16857, 26196],[16860, 26198],[16860, 26202],[16866, 26207],[16866, 26211],[16871, 26216],[16875, 26216],[16877, 26219],[16881, 26219],[16881, 26229],[16883.25, 26231],[16884, 26231],[16884, 26227],[16887, 26225],[16887, 26218],[16899, 26207],[16899, 26203],[16905, 26197],[16905.75, 26197],[16908, 26195],[16908, 26191],[16911, 26189],[16911, 26185],[16914, 26183],[16914, 26179],[16917, 26177],[16917, 26172],[16914, 26170],[16914, 26166]]],[[[11279, 24945],[11264, 24957.5],[11264, 24958],[11279, 24945]]],[[[11166.5, 25024],[11165, 25025],[11167, 25024],[11166.5, 25024]]],[[[11145, 25044],[11136, 25053.82],[11136, 25054],[11145, 25044]]],[[[11079, 23894],[11072, 23901.7],[11072, 23902],[11079, 23894]]],[[[11069.91, 23904],[11059, 23916],[11070, 23904],[11069.91, 23904]]],[[[11009, 25275],[11008, 25276.83],[11008, 25277],[11009, 25275]]],[[[10848, 24227.17],[10838, 24208],[10816, 24136.26],[10816, 24136.6],[10837.51, 24208],[10848, 24227.77],[10848, 24227.17]]],[[[10752, 25692],[10751.78, 25696],[10752, 25696],[10752, 25692]]],[[[10446, 26075],[10432, 26108.6],[10432, 26109],[10446, 26075]]],[[[10355, 23406],[10365.8, 23424],[10366, 23424],[10355, 23406]]],[[[10323, 23342],[10333.8, 23360],[10334, 23360],[10323, 23342]]],[[[10304, 25888],[10303.94, 25888],[10296.6, 25938],[10293.31, 25942.15],[10297, 25938],[10308, 25861],[10313.97, 25844.73],[10307.88, 25861.14],[10304, 25887.58],[10304, 25888]]],[[[10070.35, 26080],[10080, 26075.21],[10080, 26075.06],[10070.11, 26080],[10070.35, 26080]]],[[[10134.88, 26048],[10149, 26041],[10176, 26028.66],[10176, 26028.33],[10148.84, 26040.64],[10134.12, 26048],[10134.88, 26048]]],[[[10203.69, 26016],[10219, 26009],[10235.14, 26003.5],[10218.87, 26008.89],[10203.19, 26016],[10203.69, 26016]]],[[[10264, 25994],[10272, 25978.96],[10272, 25978.34],[10263.58, 25993.5],[10263.07, 25994],[10264, 25994]]],[[[10226, 26227],[10208, 26237.8],[10208, 26238],[10226, 26227]]],[[[10162, 26259],[10144, 26269.8],[10144, 26270],[10162, 26259]]],[[[10124, 23203],[10144, 23201.46],[10144, 23201],[10124, 23203]]],[[[9952, 23138.46],[9964, 23150],[9952, 23138],[9952, 23138.46]]],[[[9900, 26505],[9869, 26521],[9831, 26533],[9807, 26535],[9773, 26553],[9751, 26560],[9920, 26560],[9920, 26505],[9900, 26505]]],[[[9880, 23064],[9886.55, 23072],[9887, 23072],[9880, 23064]]],[[[9779, 22638],[9789.64, 22656],[9790, 22656],[9779, 22638]]],[[[9747, 22574],[9757.8, 22592],[9758, 22592],[9747, 22574]]],[[[9568, 26398.86],[9549, 26398],[9568, 26399],[9568, 26398.86]]],[[[9472, 22562.13],[9493, 22570],[9472, 22562],[9472, 22562.13]]],[[[9444, 22559],[9456.5, 22560],[9457, 22560],[9444, 22559]]],[[[9440, 26397.67],[9429, 26383],[9440, 26398],[9440, 26397.67]]],[[[9248, 22466.29],[9265, 22476],[9248, 22466],[9248, 22466.29]]],[[[9248, 26206.79],[9234, 26201],[9248, 26207],[9248, 26206.79]]],[[[9096.33, 22444.89],[9115, 22436],[9096, 22445],[9096.33, 22444.89]]],[[[9087, 22448],[9085, 22449],[9086.57, 22448.43],[9090, 22447],[9087, 22448]]],[[[9030, 22470],[9027, 22471],[9030.39, 22470.48],[9031.67, 22470],[9030, 22470]]],[[[9002, 26259],[8992, 26269.91],[8992, 26270],[9002, 26259]]],[[[8968, 22495],[8953, 22501],[8967.52, 22495.35],[8970, 22494],[8968, 22495]]],[[[8384, 26173.86],[8378, 26167],[8384, 26174],[8384, 26173.86]]],[[[8292, 22463],[8301.67, 22464],[8302, 22464],[8292, 22463]]],[[[8107, 22402],[8128, 22402.39],[8128, 22402],[8107, 22402]]],[[[8080, 26105],[8064, 26110.54],[8064, 26111],[8080, 26105]]],[[[8059.78, 26112],[8054, 26114],[8060, 26112],[8059.78, 26112]]],[[[7936, 26141.83],[7931, 26136],[7936, 26142],[7936, 26141.83]]],[[[7788, 26063],[7785.08, 26062.68],[7728, 26059],[7785, 26063],[7788, 26063]]],[[[7741, 22271],[7741.78, 22272],[7742, 22272],[7741, 22271]]],[[[7665, 26056],[7662.5, 26055.5],[7640, 26053],[7663, 26056],[7665, 26056]]],[[[7672, 26057],[7685, 26058],[7672.14, 26056.57],[7665, 26056],[7672, 26057]]],[[[7649, 26392],[7648, 26390],[7646, 26392],[7649, 26392]]],[[[7651, 26395],[7656, 26395],[7658, 26392],[7649, 26392],[7651, 26395]]],[[[7557, 26039],[7564.83, 26040.38],[7557.27, 26038.75],[7552, 26038],[7557, 26039]]],[[[7495, 26026],[7497, 26026],[7495.37, 26025.52],[7491, 26025],[7495, 26026]]],[[[7387.99, 25986],[7387.6, 25985.8],[7383, 25984],[7387.99, 25986]]],[[[7244, 25904],[7249, 25907],[7244.2, 25903.8],[7242, 25902.5],[7244, 25904]]],[[[7251, 25908],[7253, 25909],[7250.82, 25907.71],[7249, 25907],[7251, 25908]]],[[[7255, 25910],[7254.66, 25909.8],[7253, 25909],[7255, 25910]]],[[[7231, 25896],[7228.4, 25893.55],[7190, 25866],[7228, 25894],[7231, 25896]]],[[[7236, 25899],[7235.64, 25898.74],[7231, 25896],[7236, 25899]]],[[[7140, 25835],[7113.1, 25815.02],[7112.78, 25814.78],[7113, 25815],[7140, 25835]]],[[[6992, 25724],[7001, 25732],[6992.26, 25723.74],[6989, 25721],[6992, 25724]]],[[[7055, 25774],[7063, 25780],[7055.35, 25774],[7001, 25732],[7055, 25774]]],[[[7064, 25781],[7067, 25783],[7064.18, 25780.82],[7063, 25780],[7064, 25781]]],[[[6802, 25582],[6815, 25588],[6801.67, 25581.78],[6775, 25572],[6802, 25582]]],[[[6764, 25567],[6759.34, 25564.74],[6729, 25553],[6759, 25565],[6764, 25567]]],[[[6681.99, 25539.25],[6680.2, 25539],[6680, 25539],[6681.99, 25539.25]]],[[[6640, 22284],[6656, 22274.4],[6656, 22274],[6640, 22284]]],[[[6574, 22317],[6592, 22306.2],[6592, 22306],[6574, 22317]]],[[[6579, 25522],[6575.41, 25520.95],[6570, 25520],[6575, 25521],[6579, 25522]]],[[[6510, 22349],[6528, 22338.2],[6528, 22338],[6510, 22349]]],[[[6397, 22454],[6400, 22440.2],[6400, 22440],[6397, 22454]]],[[[6388, 25492],[6390, 25492],[6387.82, 25491.55],[6381, 25491],[6388, 25492]]],[[[6331, 25476],[6337, 25479],[6331.36, 25475.92],[6329, 25475],[6331, 25476]]],[[[6295, 25460],[6301, 25463],[6295.36, 25459.92],[6293, 25459],[6295, 25460]]],[[[6307, 25465],[6317, 25469],[6306.88, 25464.72],[6301, 25463],[6307, 25465]]],[[[6319, 25470],[6318.52, 25469.7],[6317, 25469],[6319, 25470]]],[[[6272, 25449],[6273, 25449],[6272.42, 25448.71],[6270, 25448],[6272, 25449]]],[[[6264, 22634],[6272, 22598.44],[6272, 22598],[6264, 22634]]],[[[6248, 25436],[6239.47, 25428.82],[6235.64, 25426.06],[6239, 25429],[6248, 25436]]],[[[6199, 22732],[6208, 22722.18],[6208, 22722],[6199, 22732]]],[[[6195, 22407],[6202, 22405],[6202.97, 22395.29],[6186, 22413],[6189, 22410],[6195, 22407]]],[[[6183, 22413],[6182, 22413],[6181.5, 22413.75],[6183, 22413]]],[[[6178.22, 22752],[6179, 22751],[6178, 22752],[6178.22, 22752]]],[[[6162, 22419],[6155, 22419],[6153, 22422],[6149, 22422],[6147, 22424],[6147, 22434],[6144, 22436],[6144, 22439],[6161, 22425],[6178, 22416],[6174, 22416],[6164, 22416],[6162, 22419]]],[[[6107, 25325],[6112, 25329],[6106.75, 25324.5],[6106, 25324],[6107, 25325]]],[[[6119, 25335],[6125, 25341],[6119.22, 25334.88],[6112, 25329],[6119, 25335]]],[[[6132, 25346],[6136, 25349],[6132.2, 25345.8],[6125, 25341],[6132, 25346]]],[[[6108, 22820],[6112, 22817.14],[6112, 22817],[6108, 22820]]],[[[6075, 25297],[6074.13, 25296.02],[6073.45, 25295.31],[6074, 25296],[6075, 25297]]],[[[6076, 25298],[6077, 25299],[6075.6, 25297.55],[6075, 25297],[6076, 25298]]],[[[6025, 25245],[6024.25, 25243.78],[6016, 25233],[6024, 25244],[6025, 25245]]],[[[5964, 22453.17],[5963, 22454],[5963, 22456.67],[5964, 22456],[5964, 22455],[5964, 22453.17]]],[[[5920, 25145],[5949, 25163],[5920.29, 25144.73],[5915, 25142],[5920, 25145]]],[[[5832, 25093],[5833, 25093],[5832.3, 25092.67],[5826, 25090],[5832, 25093]]],[[[5837, 25095],[5833.27, 25093.08],[5833.22, 25093.06],[5833, 25093],[5837, 25095]]],[[[5799.71, 25075.82],[5767, 25059],[5799.99, 25075.99],[5799.71, 25075.82]]],[[[5722, 25038],[5724, 25039],[5722.31, 25038.08],[5717, 25036],[5722, 25038]]],[[[5696, 23521.18],[5703, 23522],[5696, 23521],[5696, 23521.18]]],[[[5697, 25026],[5694.6, 25024.51],[5687.49, 25020.5],[5695, 25025],[5697, 25026]]],[[[5670, 25011],[5676, 25014],[5670.48, 25010.57],[5670, 25010.34],[5670, 25011]]],[[[5683, 25018],[5682.57, 25017.71],[5676, 25014],[5683, 25018]]],[[[5643, 24995],[5647, 24998],[5642.94, 24994.58],[5642, 24994],[5643, 24995]]],[[[5659, 25005],[5663, 25007],[5659.29, 25004.71],[5647, 24998],[5659, 25005]]],[[[5667, 25009],[5669, 25010],[5666.94, 25008.88],[5663, 25007],[5667, 25009]]],[[[5636.77, 24989.39],[5636.09, 24988.82],[5631, 24985],[5636, 24989],[5636.77, 24989.39]]],[[[5506, 24896],[5518, 24903],[5506, 24895.5],[5503, 24894],[5506, 24896]]],[[[5524, 24906],[5524.8, 24906.4],[5523.75, 24905.75],[5518, 24903],[5524, 24906]]],[[[5445, 24857],[5456, 24864],[5444.5, 24856.52],[5441, 24855],[5445, 24857]]],[[[5366, 24786],[5362.06, 24781.59],[5344, 24765],[5362, 24782],[5366, 24786]]],[[[5372, 24791],[5381, 24799],[5372.05, 24790.78],[5366, 24786],[5372, 24791]]],[[[5231, 24670],[5224, 24663.74],[5218, 24659],[5224, 24664],[5231, 24670]]],[[[5234, 24672],[5237, 24674],[5234.38, 24671.93],[5231, 24670],[5234, 24672]]],[[[5243, 24678],[5250, 24683],[5243, 24677.75],[5237, 24674],[5243, 24678]]],[[[5216, 23553.26],[5233, 23562],[5216, 23553],[5216, 23553.26]]],[[[5198, 23544],[5213.56, 23552],[5214, 23552],[5198, 23544]]],[[[5187, 24639],[5185.14, 24638.04],[5185, 24638],[5187, 24639]]],[[[5175, 24633],[5169.06, 24629.76],[5167.24, 24628.82],[5169, 24630],[5175, 24633]]],[[[4850, 24451],[4886, 24443],[4850.12, 24450.76],[4849.2, 24451],[4850, 24451]]],[[[4807, 23330],[4807, 23330.33],[4809, 23332],[4807, 23330]]],[[[4794, 24474],[4799, 24472],[4794.25, 24473.75],[4792, 24475],[4794, 24474]]],[[[4758.86, 24487.04],[4754, 24489],[4759, 24487],[4758.86, 24487.04]]],[[[4769, 24483],[4784, 24479],[4768.96, 24482.96],[4759.13, 24486.93],[4759, 24487],[4769, 24483]]],[[[4749, 23326],[4750, 23325.33],[4750, 23325],[4749, 23326]]],[[[4746, 23335],[4747, 23334.33],[4747, 23334],[4746, 23335]]],[[[4743, 23365],[4744, 23364.33],[4744, 23364],[4743, 23365]]],[[[4722, 23379],[4737, 23377.42],[4737, 23377],[4722, 23379]]],[[[4667, 23393],[4662, 23395],[4666.75, 23393.25],[4669, 23392],[4667, 23393]]],[[[4618, 23413],[4616, 23414],[4617.73, 23413.47],[4619, 23413],[4618, 23413]]],[[[4619.49, 23412.93],[4629, 23410],[4619, 23413],[4619.49, 23412.93]]],[[[4643.68, 23404.13],[4643.71, 23404.11],[4629, 23410],[4643.68, 23404.13]]],[[[4572, 23432],[4576.75, 23430.25],[4596, 23422],[4577, 23430],[4572, 23432]]],[[[4571, 24497],[4569.13, 24496.67],[4558, 24495],[4569, 24497],[4571, 24497]]],[[[4521, 24487],[4519.85, 24486.58],[4508, 24484],[4520, 24487],[4521, 24487]]],[[[4479, 24475],[4492, 24479],[4478.5, 24474.5],[4476, 24474],[4479, 24475]]],[[[4475, 23469],[4469, 23472],[4475.33, 23469.33],[4484, 23465],[4475, 23469]]],[[[4442, 24459],[4456, 24465],[4442.29, 24458.6],[4440, 24458],[4442, 24459]]],[[[4441, 23485],[4445.95, 23483.17],[4455, 23479],[4446, 23483],[4441, 23485]]],[[[4417, 23496],[4415, 23497],[4416.75, 23496.25],[4419, 23495],[4417, 23496]]],[[[4373, 24425],[4377, 24428],[4373.07, 24424.6],[4372, 24424],[4373, 24425]]],[[[4324, 23553],[4323, 23554],[4324.29, 23553.29],[4326, 23552],[4324, 23553]]],[[[4341.24, 23541.24],[4344, 23539],[4341, 23541],[4326, 23552],[4341.24, 23541.24]]],[[[4303, 24350],[4294.43, 24342.57],[4287, 24337],[4294, 24343],[4303, 24350]]],[[[4265, 24321],[4266, 24321],[4265.47, 24320.54],[4260, 24317],[4265, 24321]]],[[[4267, 24322],[4270.23, 24323.61],[4267.29, 24321.71],[4266, 24321],[4267, 24322]]],[[[4235, 24299],[4237, 24300],[4234.68, 24298.55],[4231, 24297],[4235, 24299]]],[[[4208, 24283],[4214, 24286],[4207.89, 24282.64],[4204, 24281],[4208, 24283]]],[[[4188, 24272],[4194, 24275],[4188.33, 24271.67],[4187, 24271],[4188, 24272]]],[[[4172, 24263],[4179, 24267],[4172.2, 24262.6],[4171, 24262],[4172, 24263]]],[[[4162, 23716],[4160, 23719],[4162.45, 23715.73],[4167, 23708],[4162, 23716]]],[[[4155, 24252],[4154.48, 24251.55],[4152, 24250],[4154, 24252],[4155, 24252]]],[[[4156, 24253],[4158, 24254],[4156.29, 24252.71],[4155, 24252],[4156, 24253]]],[[[4140, 24241],[4140.73, 24241],[4140, 24240.53],[4134, 24237],[4140, 24241]]],[[[4122, 24227],[4123, 24227],[4122.46, 24226.54],[4117, 24223],[4122, 24227]]],[[[4124, 24228],[4127, 24230],[4126.75, 24229.75],[4124.11, 24227.61],[4123, 24227],[4124, 24228]]],[[[4081, 23824],[4076, 23831],[4081.25, 23824],[4085, 23818],[4081, 23824]]],[[[4086.29, 23816.29],[4087, 23815],[4086, 23816],[4085, 23818],[4086.29, 23816.29]]],[[[4063.83, 24168.72],[4058, 24162],[4064, 24169],[4063.83, 24168.72]]],[[[4046, 23872],[4047.45, 23870.33],[4059, 23853],[4047, 23870],[4046, 23872]]],[[[4040, 24128],[4039.29, 24125.31],[4038.37, 24123.13],[4039, 24125],[4040, 24128]]],[[[4034, 23897],[4033.47, 23898.6],[4034.07, 23897.31],[4036, 23890],[4034, 23897]]],[[[4019, 23931],[4020.13, 23928.97],[4024, 23918],[4020, 23929],[4019, 23931]]],[[[4026.44, 23913.12],[4027, 23911],[4026, 23913],[4024, 23918],[4026.44, 23913.12]]],[[[4013, 23958],[4013.37, 23956.3],[4014, 23950],[4013, 23956],[4013, 23958]]],[[[1738, 26082],[1740, 26079],[1737, 26079],[1734, 26082],[1738, 26082]]],[[[1732, 26084],[1732, 26091],[1732, 26097],[1732, 26098],[1735, 26100],[1735, 26103],[1735, 26112],[1735, 26116],[1737, 26118],[1741, 26118],[1743, 26121],[1750, 26121],[1750, 26125],[1753, 26127],[1753, 26133],[1747, 26139],[1743, 26139],[1741, 26142],[1737, 26142],[1735, 26145],[1725, 26145],[1723, 26148],[1716, 26148],[1714, 26151],[1707, 26151],[1705, 26154],[1701, 26154],[1699, 26157],[1695, 26157],[1690, 26163],[1686, 26163],[1684, 26166],[1678, 26166],[1678, 26163],[1678, 26153],[1676, 26151],[1672, 26151],[1670, 26148],[1666, 26148],[1664, 26145],[1660, 26145],[1658, 26142],[1641, 26142],[1639, 26145],[1636.83, 26145],[1634, 26148],[1633, 26148],[1631, 26148],[1628, 26151],[1627.33, 26151],[1622, 26157],[1618.67, 26157],[1616, 26160],[1613, 26160],[1612, 26160],[1610, 26162],[1610, 26166],[1607, 26168],[1607, 26172],[1604, 26174],[1604, 26190],[1601, 26190],[1601, 26188],[1599, 26188],[1599, 26187],[1578, 26207],[1578, 26214],[1575, 26216],[1575, 26227],[1578, 26229],[1578, 26233],[1578, 26235],[1578, 26236],[1583, 26241],[1587, 26241],[1589, 26244],[1593, 26244],[1595, 26247],[1600, 26247],[1602, 26244],[1608, 26244],[1609, 26244],[1611, 26241],[1617, 26241],[1618, 26241],[1620, 26238],[1623, 26238],[1624, 26238],[1626, 26236],[1638, 26224],[1638, 26223],[1638, 26220],[1641, 26218],[1641, 26214],[1644, 26212],[1644, 26211],[1644, 26209],[1644, 26208],[1647, 26206],[1647, 26205],[1647, 26203],[1647, 26202],[1650, 26200],[1650, 26199],[1650, 26197],[1650, 26196],[1656, 26190],[1659, 26190],[1662, 26187],[1662.83, 26187],[1677, 26172],[1681, 26172],[1686, 26166],[1690, 26166],[1695, 26160],[1699, 26160],[1701, 26157],[1704, 26157],[1705, 26157],[1707, 26154],[1710, 26154],[1714, 26154],[1716, 26151],[1725, 26151],[1726, 26151],[1728, 26148],[1737, 26148],[1738, 26148],[1740, 26145],[1746, 26145],[1747, 26145],[1749, 26142],[1752, 26142],[1753, 26142],[1755, 26140],[1761, 26134],[1761, 26126],[1751, 26116],[1749, 26116],[1748, 26115],[1746, 26115],[1740, 26109],[1740, 26107],[1740, 26105],[1737, 26103],[1737, 26098],[1737, 26096],[1734, 26094],[1734, 26082],[1732, 26084]],[[1634, 26156],[1641, 26156],[1643, 26153],[1652, 26153],[1654, 26156],[1658, 26156],[1658, 26171],[1655, 26174],[1651, 26174],[1649, 26177],[1631, 26177],[1628, 26174],[1628, 26162],[1634, 26156]]],[[[1723, 25962],[1719, 25962],[1717, 25959],[1707, 25959],[1707, 25957],[1704, 25957],[1692, 25957],[1689, 25957],[1680, 25957],[1677, 25957],[1675, 25954],[1671, 25954],[1668, 25954],[1666, 25951],[1662, 25951],[1656, 25951],[1655, 25951],[1653, 25954],[1650, 25954],[1646, 25954],[1644, 25957],[1635, 25957],[1632, 25957],[1630, 25955],[1629, 25955],[1626, 25952],[1626, 25951],[1626, 25950],[1624, 25948],[1624, 25954],[1629, 25959],[1633, 25959],[1635, 25962],[1637, 25962],[1639, 25959],[1646, 25959],[1648, 25956],[1657, 25956],[1657, 25959],[1653, 25959],[1633, 25979],[1633, 25987],[1636, 25989],[1636, 25993],[1644, 26001],[1648, 26001],[1650, 26004],[1654, 26004],[1656, 26007],[1670, 26007],[1672, 26004],[1676, 26004],[1687, 25993],[1687, 25989],[1690, 25987],[1690, 25979],[1673, 25962],[1669, 25962],[1667, 25959],[1663, 25959],[1663, 25956],[1675, 25956],[1677, 25959],[1681, 25959],[1683, 25962],[1690, 25962],[1693, 25965],[1693, 25969],[1699, 25974],[1699, 25981],[1702, 25983],[1702, 25989],[1699, 25991],[1699, 26004],[1696, 26006],[1696, 26014],[1704, 26022],[1708, 26022],[1710, 26025],[1712, 26025],[1714, 26022],[1718, 26022],[1720, 26019],[1724, 26019],[1729, 26013],[1733, 26013],[1738, 26007],[1753, 26007],[1753, 26017],[1756, 26019],[1756, 26027.33],[1758, 26026],[1758, 26020],[1758, 26012],[1755, 26010],[1755, 26006],[1753, 26004],[1749, 26004],[1747, 26001],[1745, 26001],[1743, 26004],[1739, 26004],[1737, 26007],[1733, 26007],[1728, 26013],[1724, 26013],[1719, 26019],[1704, 26019],[1704, 26015],[1701, 26013],[1701, 26004],[1722, 25984],[1722, 25980],[1725, 25978],[1725, 25974],[1728, 25972],[1728, 25967],[1723, 25962]]],[[[1756, 26063.33],[1758, 26062],[1758, 26056],[1758, 26053],[1758, 26051],[1756, 26049.67],[1756, 26063.33]]],[[[1753, 26033],[1753, 26047],[1755, 26048.33],[1755, 26031.67],[1753, 26033]]],[[[1755, 26064.67],[1753, 26066],[1753, 26070],[1755, 26068],[1755, 26064.67]]],[[[1741, 26079],[1744, 26079],[1746, 26077],[1747, 26076],[1743, 26076],[1741, 26079]]],[[[1711, 26085],[1715, 26085],[1716.33, 26083],[1713, 26083],[1712.33, 26082],[1712, 26082],[1704, 26090],[1704, 26092],[1704, 26097],[1701, 26099],[1701, 26100],[1701, 26101],[1701, 26104],[1701, 26107],[1701, 26107.67],[1702, 26107],[1702, 26103],[1705, 26101],[1705, 26097],[1708, 26095],[1708, 26091],[1711, 26088],[1711, 26085]]],[[[1713, 26065],[1709, 26061],[1708.67, 26061],[1712, 26065],[1713, 26065]]],[[[1703, 26058],[1683, 26058],[1682.33, 26059],[1703.67, 26059],[1703, 26058]]],[[[1668, 26035.67],[1669, 26035],[1669, 26030.33],[1668, 26031],[1668, 26035.67]]],[[[1662, 26019],[1665, 26022],[1665, 26020],[1668, 26020],[1667, 26019],[1663, 26019],[1662, 26017.5],[1662, 26019]]],[[[1665, 26054],[1666, 26055],[1666, 26042.33],[1665, 26043],[1665, 26054]]],[[[1655.67, 26014],[1655, 26013],[1651.33, 26013],[1652, 26014],[1655.67, 26014]]],[[[1646.67, 26011],[1646, 26010],[1645.33, 26010],[1646, 26011],[1646.67, 26011]]],[[[1629, 25997],[1629, 25998],[1629, 25999],[1635, 26005],[1637, 26005],[1629, 25997]]],[[[1602, 25902],[1598, 25902],[1596, 25905],[1592, 25905],[1587, 25910],[1587, 25911],[1587, 25914],[1584, 25916],[1584, 25917],[1584, 25920],[1581, 25922],[1581, 25923],[1581, 25926],[1581, 25932],[1578, 25932],[1578, 25933],[1578, 25934],[1578, 25943],[1578, 25944],[1578, 25945],[1578, 25948],[1578, 25950],[1584, 25955],[1584, 25956],[1601, 25973],[1602, 25973],[1604.5, 25976],[1608, 25976],[1610, 25979],[1614, 25979],[1614, 25980],[1617, 25980],[1623, 25986],[1623, 25989],[1623, 25990],[1627, 25993.33],[1627, 25988],[1624, 25986],[1624, 25973],[1616, 25965],[1612, 25965],[1610, 25962],[1606, 25962],[1606, 25959],[1610, 25959],[1612, 25957],[1612, 25953],[1615, 25951],[1615, 25917],[1618, 25915],[1618, 25911],[1620, 25911],[1620, 25908],[1623, 25906],[1623, 25895],[1621, 25893],[1617, 25893],[1616, 25891],[1614, 25893],[1610, 25893],[1602, 25902]]],[[[1623, 25943.33],[1623, 25943],[1621, 25941.67],[1621, 25942],[1623, 25943.33]]]]},"properties":{"objectType":"annotation","name":"BIYTC-3 Other Tissue","classification":{"name":"Other Tissue","color":[209, 236, 2]},"isLocked":true,"measurements":{"FAP: FAP+ area µm^2":307020.03125,"CNN1: CNN1+ area µm^2":34965.49609375}}},{"type":"Feature","id":"f814695d-a513-4eab-aaa9-000e96563d9d","geometry":{"type":"Polygon","coordinates":[[[4212.88, 23987.85],[4213.26, 24021.9],[4222.23, 24043.28],[4222.83, 24044.48],[4225.01, 24047.94],[4243.98, 24066.5],[4256.79, 24076.63],[4269.3, 24086.54],[4294.41, 24101.18],[4313.56, 24112.09],[4325.78, 24119.47],[4325.84, 24119.38],[4342.4, 24129.58],[4367.29, 24146.21],[4393.01, 24164.81],[4417.03, 24183.63],[4428.36, 24193.22],[4445.08, 24208.19],[4452.29, 24215.02],[4494.59, 24262.09],[4506.99, 24267.71],[4518.68, 24272.63],[4545.29, 24285.13],[4551.97, 24287.23],[4559.8, 24289.63],[4592.32, 24297.02],[4592.91, 24297.12],[4621.56, 24299.09],[4643.56, 24301.14],[4682.97, 24300.72],[4686.4, 24299.6],[4743.06, 24277.53],[4743.11, 24277.66],[4772.09, 24265.46],[4785.28, 24261.06],[4860.05, 24243.85],[4936.72, 24241.18],[5012.51, 24253.15],[5084.63, 24279.33],[5150.45, 24318.75],[5207.57, 24369.98],[5253.89, 24431.15],[5268.83, 24455.38],[5280.03, 24461.25],[5333.73, 24495.05],[5369.85, 24522],[5371.97, 24523.6],[5401.46, 24548.2],[5407.66, 24553.89],[5427.49, 24570.54],[5440.85, 24583.14],[5475.3, 24612.98],[5516.59, 24650.63],[5543.49, 24677.76],[5544.98, 24679.41],[5557.68, 24690.81],[5567.95, 24697.3],[5596.63, 24716.67],[5607.26, 24722.61],[5626.3, 24733.62],[5682.37, 24772.78],[5683.44, 24773.67],[5699.77, 24785.45],[5741.67, 24816.48],[5755.4, 24827.28],[5777.42, 24840.79],[5791.27, 24848.55],[5859.39, 24880.98],[5929.16, 24916.94],[5954.12, 24930.24],[5978.44, 24944.38],[6055.75, 24993.02],[6122.48, 25045.63],[6176.64, 25111.13],[6179.84, 25115.96],[6181.9, 25118.63],[6195.23, 25132.53],[6214.68, 25152.42],[6241.18, 25175.36],[6262.25, 25192.73],[6289.35, 25212.49],[6306.14, 25225.44],[6313, 25231.03],[6333.66, 25247.95],[6350.35, 25261.54],[6358.04, 25266.84],[6376.66, 25276.37],[6397.67, 25285.54],[6410.42, 25291.14],[6455.01, 25299.8],[6599.79, 25321.7],[6632.37, 25327.35],[6642.07, 25328.38],[6678.95, 25334.05],[6732.18, 25344.79],[6805.92, 25367.22],[6834.93, 25379.19],[6873.75, 25394.64],[6904.81, 25408.56],[6932.65, 25422.48],[6966.56, 25440.32],[6985.87, 25451.23],[6991.86, 25454.84],[7040.75, 25489.53],[7083.93, 25531.11],[7091.48, 25539.56],[7130.5, 25577.8],[7183.5, 25619.36],[7224.99, 25648.98],[7254.64, 25670.04],[7259.43, 25673.05],[7268.61, 25678.19],[7307.37, 25702.92],[7346.26, 25731],[7355.5, 25736.45],[7422.97, 25774.58],[7443.72, 25787.16],[7460.27, 25797.88],[7464.59, 25800.15],[7499.02, 25814.6],[7525.85, 25826.06],[7532.45, 25828.29],[7542.1, 25830.55],[7618.28, 25846.9],[7637.97, 25851.01],[7660.99, 25853.57],[7696.63, 25857.02],[7720.02, 25857.4],[7742.77, 25858.41],[7804.74, 25862.94],[7873.81, 25874.1],[7939.88, 25897.09],[7988.82, 25924.42],[8013.57, 25915.78],[8078.78, 25898.99],[8145.88, 25893.34],[8223.05, 25893.34],[8302.68, 25901.32],[8379.14, 25924.94],[8449.4, 25963.27],[8482.19, 25990.84],[8522.69, 25980.7],[8588.07, 25975.34],[8589.82, 25975.34],[8661.26, 25981.75],[8730.41, 26000.78],[8795.08, 26031.81],[8837.64, 26062.6],[8843.95, 26065.43],[8870, 26078.94],[8872.52, 26079.5],[8893.12, 26086],[8927.82, 26056.3],[8998, 26017.28],[9074.55, 25993.01],[9154.4, 25984.46],[9234.35, 25991.99],[9311.2, 26015.28],[9340.34, 26027.41],[9405.94, 26062.15],[9464.01, 26108.39],[9512.58, 26164.53],[9532.1, 26198],[9546.34, 26197.8],[9562.83, 26197.99],[9623.48, 26175.5],[9647.82, 26170.07],[9719.48, 26143.5],[9742.59, 26138.35],[9799.13, 26116.25],[9893, 26103.41],[10028.07, 26101.02],[10148.84, 26040.64],[10218.87, 26008.89],[10262.71, 25994.36],[10263.58, 25993.5],[10289.27, 25947.25],[10296.6, 25938],[10307.88, 25861.14],[10337.12, 25782.37],[10382.12, 25711.42],[10440.91, 25651.39],[10510.92, 25604.92],[10572.39, 25580.63],[10588.32, 25535.55],[10625.7, 25471.11],[10674.34, 25414.69],[10732.57, 25368.23],[10774.6, 25345.95],[10783.29, 25293.26],[10809.61, 25221.9],[10837.39, 25164.13],[10867.81, 25111.49],[10887.52, 25086.9],[10888.96, 25080.01],[10924.19, 25001.34],[10975.42, 24932.01],[11010.9, 24894.19],[11040.64, 24864.94],[11095, 24820.15],[11156.36, 24785.55],[11160.47, 24783.69],[11206.93, 24749.97],[11253.69, 24727.94],[11255.44, 24649.24],[11263, 24580.15],[11282.37, 24513.41],[11309.69, 24457.68],[11204.7, 24456.64],[11126.97, 24448.25],[11052.34, 24424.96],[10983.65, 24387.64],[10923.49, 24337.71],[10874.15, 24277.06],[10837.51, 24208],[10814.96, 24133.15],[10807.34, 24055.34],[10807.34, 24050.18],[10814.04, 23977.15],[10833.92, 23906.56],[10846.63, 23880.74],[10790.6, 23864.12],[10723.52, 23829.48],[10712.07, 23820.5],[10691.42, 23824.89],[10619.6, 23833.49],[10547.42, 23829.06],[10477.19, 23811.74],[10459.09, 23805.5],[10389.78, 23773.96],[10327.68, 23729.9],[10275.02, 23674.9],[10233.69, 23610.95],[10200.64, 23547.16],[10136.64, 23419.16],[10133.65, 23412.58],[10125.55, 23404.48],[10045.35, 23401.34],[9965.52, 23381.43],[9891.43, 23345.66],[9826.19, 23295.52],[9792.54, 23263.46],[9760.54, 23231.46],[9733.93, 23202.1],[9724.76, 23190.9],[9679.26, 23121.99],[9648.83, 23045.24],[9634.75, 22963.88],[9637.62, 22881.37],[9647.59, 22840.76],[9625.06, 22801.62],[9616.59, 22776.66],[9570.56, 22782.07],[9496.94, 22777.14],[9426.75, 22759.14],[9344.79, 22744.3],[9265.37, 22711.31],[9210.84, 22673.32],[9189.21, 22663.48],[9145.23, 22641.5],[9142.57, 22642.63],[9106.97, 22656.22],[9097.38, 22659.48],[9090.01, 22662.81],[9063.92, 22673.5],[9059.91, 22674.98],[9024.83, 22688.35],[8936.39, 22710.95],[8845.14, 22712.98],[8798.44, 22703.24],[8788.94, 22707.36],[8725.31, 22723.3],[8659.93, 22728.66],[8620.07, 22728.66],[8542.77, 22721.14],[8468.37, 22698.88],[8466.35, 22698.05],[8415.49, 22696.46],[8344.61, 22687.88],[8276.37, 22666.88],[8261.36, 22660.75],[8192.54, 22648.23],[8113.26, 22615.24],[8094.15, 22601.93],[8034.74, 22600.55],[7962.2, 22592.22],[7892.37, 22570.88],[7881.07, 22566.26],[7805.71, 22553.18],[7726.52, 22521.07],[7724.3, 22519.88],[7666.45, 22482.13],[7615.92, 22435.02],[7591.67, 22408.15],[7578, 22401.06],[7575.48, 22400.5],[7498.88, 22375.11],[7444.38, 22350.72],[7430.97, 22343.77],[7405.45, 22339.74],[7325.35, 22317.39],[7287.43, 22332.13],[7192.02, 22344.64],[6890.44, 22347.71],[6890.41, 22347.72],[6871.45, 22353.7],[6846.54, 22382.8],[6778.97, 22434.24],[6743.65, 22455.64],[6715.16, 22471.36],[6587.16, 22535.36],[6580.58, 22538.35],[6580.37, 22538.56],[6578.4, 22543.89],[6545.54, 22612.07],[6500.47, 22672.88],[6444.77, 22724.14],[6441.53, 22726.15],[6419.8, 22774.66],[6368.58, 22843.99],[6348.3, 22866.02],[6304.08, 22915.02],[6238.38, 22973.45],[6232.43, 22977.67],[6241.14, 23006.77],[6248.66, 23084.07],[6248.66, 23173.37],[6241.94, 23246.49],[6222.01, 23317.16],[6189.54, 23383.02],[6145.62, 23441.86],[6091.71, 23491.71],[6081.77, 23497.98],[6056.93, 23544.73],[6006.05, 23606.6],[5943.89, 23657.12],[5872.94, 23694.3],[5796.01, 23716.65],[5716.18, 23723.27],[5606.85, 23721.39],[5544.52, 23744.5],[5527.86, 23748.21],[5492.94, 23763.36],[5429.31, 23779.3],[5363.93, 23784.66],[5324.07, 23784.66],[5230.7, 23773.64],[5142.45, 23741.21],[5107.04, 23723.24],[5036.38, 23677.48],[4976.82, 23617.98],[4930.99, 23547.37],[4929.13, 23542.52],[4892.95, 23558.66],[4823.58, 23575.75],[4752.28, 23580.26],[4744.56, 23580.06],[4741.95, 23580.5],[4736.7, 23581.76],[4727.24, 23586.09],[4698.42, 23597.95],[4670.72, 23608.1],[4643.34, 23620.1],[4643.27, 23619.94],[4603.79, 23636.83],[4595.2, 23639.78],[4569.85, 23648.23],[4557.86, 23652.55],[4555.36, 23653.8],[4534.8, 23663.42],[4512.08, 23673.27],[4507.66, 23675.4],[4481.95, 23689.96],[4466.98, 23698.29],[4444.03, 23714.34],[4434.62, 23721.48],[4405.62, 23748.93],[4389.98, 23762.98],[4384.01, 23768.07],[4361.53, 23791.62],[4344.17, 23811.38],[4324.23, 23835.31],[4317.97, 23845.47],[4298.67, 23874.23],[4258.42, 23924.84],[4256.4, 23927.01],[4243.25, 23941.89],[4234.18, 23954.22],[4222.81, 23968.89],[4220.3, 23972.78],[4212.88, 23987.85]]]},"properties":{"objectType":"annotation","name":"BIYTC-3 Inner nodule 100 µm","color":[96, 96, 96],"classification":{"name":"Inner Nodule","color":[54, 35, 56]},"isLocked":true,"measurements":{"FAP: FAP+ area µm^2":30018.111328125,"CNN1: CNN1+ area µm^2":67.55465698242188}}}]}